v -0.389876 0.572776 0.001879
v 0.389946 0.572810 0.001889
v -0.397573 -0.607830 0.006507
v 0.397154 -0.607724 0.006429
v -0.000076 -0.453918 0.713820
v -0.000001 0.402331 0.692728
v -0.000028 -0.395523 -0.691013
v -0.000189 0.421663 -0.702717
v 0.698205 0.001335 -0.438844
v 0.715892 -0.000476 0.441523
v -0.698221 0.001339 -0.438844
v -0.715899 -0.000482 0.441516
v 0.000035 0.667748 -0.016646
v -0.228219 0.523552 0.367027
v -0.221497 0.650646 -0.436508
v -0.619973 0.362253 -0.234349
v -0.640654 0.374140 0.245352
v 0.228246 0.523529 0.367037
v 0.221918 0.650927 -0.436432
v 0.619663 0.361992 -0.234169
v 0.640657 0.374126 0.245357
v 0.000013 -0.725661 0.031254
v -0.254680 -0.690165 0.459146
v -0.230236 -0.564060 -0.372056
v -0.623887 -0.360999 -0.233936
v -0.638578 -0.378956 0.246417
v 0.254681 -0.690279 0.459407
v 0.230068 -0.563767 -0.371779
v 0.623868 -0.361086 -0.233917
v 0.638590 -0.378926 0.246443
v -0.000015 -0.004283 0.818656
v 0.402109 -0.242431 0.652976
v -0.402361 -0.242686 0.653429
v 0.407601 0.246547 0.662342
v -0.407572 0.246523 0.662315
v -0.000047 0.002952 -0.814615
v 0.402559 -0.244165 -0.657128
v -0.402578 -0.244151 -0.657142
v 0.405647 0.241607 -0.661251
v -0.405573 0.241639 -0.661284
v 0.822707 0.000061 0.006172
v -0.822753 0.000066 0.006163
v -0.181852 0.633013 -0.006040
v -0.318931 0.562787 0.166358
v -0.322386 0.605845 -0.187616
v -0.521420 0.508765 -0.105065
v -0.521340 0.493763 0.112752
v 0.181858 0.633065 -0.005969
v 0.318944 0.562798 0.166377
v 0.322126 0.606283 -0.187835
v 0.521503 0.508725 -0.105047
v 0.521350 0.493743 0.112756
v -0.204021 -0.702695 0.004773
v -0.332308 -0.621547 0.195682
v -0.348196 -0.660861 -0.185649
v -0.514156 -0.500469 -0.098457
v -0.530108 -0.521478 0.122888
v 0.204011 -0.702790 0.004760
v 0.332166 -0.621400 0.195762
v 0.348269 -0.661762 -0.185187
v 0.514168 -0.500287 -0.098616
v 0.530081 -0.521450 0.122826
v -0.148888 -0.675672 0.702591
v 0.147810 -0.675789 0.702568
v 0.000085 -0.231114 0.775222
v 0.191689 -0.368765 0.704968
v -0.191397 -0.368203 0.705228
v -0.113463 0.465434 0.560402
v 0.113477 0.465451 0.560440
v 0.000001 0.241299 0.782855
v 0.192753 0.347494 0.702488
v -0.192745 0.347498 0.702489
v -0.111862 -0.465549 -0.559839
v 0.112046 -0.465401 -0.559933
v -0.000002 -0.240904 -0.780451
v 0.192582 -0.344627 -0.702405
v -0.192606 -0.344613 -0.702421
v -0.131816 0.579441 -0.632430
v 0.132290 0.579719 -0.632603
v -0.000034 0.243450 -0.811651
v 0.192283 0.351773 -0.711315
v -0.192406 0.351499 -0.711220
v 0.688070 0.177300 -0.359433
v 0.687462 -0.181317 -0.358707
v 0.582475 -0.115009 -0.559778
v 0.582660 0.115477 -0.560489
v 0.773354 0.000598 -0.235521
v 0.708827 0.183994 0.362011
v 0.707817 -0.186984 0.362695
v 0.592447 -0.118436 0.564049
v 0.592719 0.115818 0.563671
v 0.798658 0.000207 0.245158
v -0.688083 0.177306 -0.359423
v -0.687460 -0.181312 -0.358704
v -0.582486 -0.115002 -0.559773
v -0.582674 0.115454 -0.560488
v -0.773360 0.000605 -0.235527
v -0.708849 0.183992 0.362019
v -0.707813 -0.186995 0.362704
v -0.592424 -0.118446 0.564030
v -0.592725 0.115831 0.563707
v -0.798669 0.000206 0.245143
v -0.094926 0.609827 0.158632
v -0.089918 0.676944 -0.206493
v 0.094961 0.609805 0.158680
v 0.089667 0.676866 -0.205904
v -0.453734 0.468968 0.334249
v 0.000001 0.543423 0.366759
v -0.343039 0.424100 0.541961
v -0.454930 0.527982 -0.357139
v 0.000341 0.712444 -0.443513
v -0.339653 0.455152 -0.554440
v -0.667130 0.381870 0.008130
v -0.532180 0.319241 -0.468262
v -0.757922 0.199889 -0.113019
v -0.546924 0.335913 0.474476
v -0.769203 0.205004 0.126089
v 0.453709 0.468989 0.334223
v 0.343036 0.424094 0.541944
v 0.454884 0.527558 -0.356851
v 0.339400 0.454988 -0.554332
v 0.667168 0.381869 0.008077
v 0.532119 0.319325 -0.468418
v 0.757913 0.199902 -0.113016
v 0.546937 0.335930 0.474482
v 0.769212 0.205017 0.126093
v -0.090314 -0.689047 0.216434
v -0.114630 -0.722311 -0.188538
v 0.090323 -0.689092 0.216519
v 0.114016 -0.722244 -0.188346
v -0.463354 -0.525052 0.357479
v 0.000609 -0.707843 0.466007
v -0.354442 -0.497100 0.581528
v -0.440565 -0.468505 -0.326792
v 0.000182 -0.593235 -0.385074
v -0.338165 -0.413921 -0.542894
v -0.668212 -0.382802 0.008866
v -0.535915 -0.325143 -0.473218
v -0.756991 -0.205219 -0.111758
v -0.543361 -0.337564 0.470694
v -0.768235 -0.208485 0.126372
v 0.463239 -0.525052 0.357521
v 0.353833 -0.496704 0.581188
v 0.440626 -0.468769 -0.326867
v 0.338208 -0.413799 -0.542969
v 0.668240 -0.382847 0.008867
v 0.535908 -0.325067 -0.473195
v 0.756998 -0.205214 -0.111763
v 0.543355 -0.337635 0.470704
v 0.768210 -0.208487 0.126378
v 0.221928 -0.121391 0.781232
v -0.221894 -0.121478 0.781260
v 0.222195 0.123112 0.780305
v -0.222202 0.123102 0.780304
v 0.424963 -0.001424 0.704157
v -0.424952 -0.001417 0.704179
v 0.219854 -0.124011 -0.777412
v -0.219848 -0.124006 -0.777404
v 0.220965 0.129576 -0.786579
v -0.220964 0.129586 -0.786602
v 0.423690 0.002192 -0.702780
v -0.423700 0.002186 -0.702790
v -0.301202 0.601856 -0.000694
v -0.359304 0.571952 0.075310
v -0.362684 0.586025 -0.076453
v -0.454353 0.548740 -0.044939
v -0.451495 0.539782 0.050119
v 0.301288 0.601964 -0.000762
v 0.359283 0.572007 0.075327
v 0.362911 0.586231 -0.076592
v 0.454410 0.548645 -0.045002
v 0.451474 0.539890 0.050204
v -0.314574 -0.653183 0.001167
v -0.372483 -0.616425 0.087971
v -0.371955 -0.631130 -0.076031
v -0.454062 -0.564796 -0.039285
v -0.467081 -0.573102 0.059946
v 0.314790 -0.653318 0.001477
v 0.373069 -0.616412 0.088126
v 0.371753 -0.631587 -0.075899
v 0.454186 -0.564729 -0.039559
v 0.467016 -0.572976 0.059897
v -0.059377 -0.538239 0.699736
v 0.058819 -0.538331 0.699356
v 0.000099 -0.351600 0.733694
v 0.087352 -0.419402 0.715229
v -0.087082 -0.419209 0.714710
v -0.051489 0.432815 0.639441
v 0.051485 0.432825 0.639439
v -0.000004 0.342874 0.738777
v 0.085190 0.384185 0.704445
v -0.085190 0.384181 0.704439
v -0.051473 -0.427523 -0.639633
v 0.051558 -0.427496 -0.639666
v 0.000006 -0.339486 -0.737156
v 0.085368 -0.376898 -0.701558
v -0.085389 -0.376879 -0.701560
v -0.055511 0.490349 -0.672650
v 0.055661 0.490761 -0.672614
v -0.000042 0.341577 -0.746076
v 0.086748 0.393920 -0.712184
v -0.086548 0.393791 -0.712060
v 0.701825 0.079975 -0.408105
v 0.700050 -0.079032 -0.407170
v 0.652861 -0.048764 -0.496881
v 0.654124 0.050917 -0.497944
v 0.736205 0.000866 -0.353886
v 0.720432 0.081298 0.409943
v 0.717606 -0.083187 0.409785
v 0.665954 -0.052565 0.499988
v 0.667507 0.050425 0.500269
v 0.759539 -0.000251 0.357634
v -0.701829 0.079971 -0.408107
v -0.700032 -0.079019 -0.407154
v -0.652860 -0.048767 -0.496879
v -0.654125 0.050926 -0.497944
v -0.736178 0.000861 -0.353872
v -0.720421 0.081286 0.409942
v -0.717589 -0.083190 0.409777
v -0.665954 -0.052567 0.499996
v -0.667509 0.050417 0.500273
v -0.759578 -0.000221 0.357647
v -0.057141 0.665192 -0.012122
v 0.057154 0.665168 -0.012115
v -0.031023 0.651346 0.046004
v -0.020733 0.682469 -0.079145
v 0.031041 0.651342 0.046010
v 0.020857 0.682584 -0.079291
v -0.275503 0.545596 0.264350
v -0.173705 0.495877 0.467133
v -0.161569 0.566707 0.265287
v -0.344189 0.499867 0.358275
v -0.112654 0.538286 0.367514
v -0.290579 0.476749 0.460491
v -0.280411 0.634288 -0.315025
v -0.189044 0.637373 -0.539893
v -0.156489 0.687199 -0.347980
v -0.378211 0.626409 -0.426226
v -0.159746 0.809759 -0.465758
v -0.296705 0.567310 -0.504925
v -0.573373 0.443676 -0.168902
v -0.662248 0.273059 -0.301055
v -0.534108 0.435523 -0.291096
v -0.653571 0.377026 -0.111301
v -0.580456 0.344953 -0.356212
v -0.696897 0.288146 -0.174981
v -0.585866 0.439629 0.179773
v -0.682191 0.287236 0.306230
v -0.554064 0.429486 0.295843
v -0.663304 0.381630 0.126194
v -0.600228 0.359275 0.361825
v -0.711847 0.297014 0.186756
v 0.275498 0.545596 0.264349
v 0.173698 0.495891 0.467127
v 0.161546 0.566664 0.265260
v 0.112673 0.538296 0.367511
v 0.344202 0.499857 0.358297
v 0.290583 0.476747 0.460493
v 0.280667 0.634132 -0.315114
v 0.190154 0.637341 -0.540337
v 0.156674 0.687596 -0.348077
v 0.159582 0.809622 -0.465776
v 0.378314 0.627103 -0.425690
v 0.296560 0.567060 -0.505129
v 0.573111 0.443954 -0.168871
v 0.662337 0.273094 -0.301045
v 0.534330 0.435272 -0.291287
v 0.653527 0.376960 -0.111236
v 0.580841 0.344934 -0.356632
v 0.696936 0.288137 -0.174940
v 0.585888 0.439679 0.179758
v 0.682192 0.287244 0.306233
v 0.554062 0.429482 0.295839
v 0.663314 0.381626 0.126187
v 0.600235 0.359265 0.361823
v 0.711855 0.297037 0.186760
v -0.087197 -0.717357 0.014779
v 0.087351 -0.717524 0.014531
v -0.027047 -0.717346 0.106127
v -0.053487 -0.713353 -0.063067
v 0.026977 -0.717303 0.106093
v 0.053271 -0.713087 -0.062983
v -0.283142 -0.626850 0.322016
v -0.235063 -0.782256 0.624184
v -0.161332 -0.665154 0.344466
v -0.353140 -0.589546 0.410279
v -0.129833 -0.739138 0.474637
v -0.323762 -0.623464 0.543882
v -0.295678 -0.632643 -0.287141
v -0.171321 -0.510416 -0.466395
v -0.179356 -0.666909 -0.296110
v -0.337176 -0.520301 -0.353894
v -0.116370 -0.584177 -0.378973
v -0.283897 -0.481013 -0.456652
v -0.572849 -0.431522 -0.164824
v -0.662045 -0.279306 -0.300124
v -0.538082 -0.416269 -0.286941
v -0.656526 -0.376442 -0.110294
v -0.585373 -0.346421 -0.359244
v -0.697520 -0.293592 -0.173866
v -0.586045 -0.455670 0.184931
v -0.681112 -0.288916 0.306095
v -0.556449 -0.453736 0.303379
v -0.663016 -0.385054 0.127377
v -0.598000 -0.364460 0.362004
v -0.711279 -0.299342 0.186929
v 0.283308 -0.627010 0.322167
v 0.235280 -0.782212 0.623366
v 0.161680 -0.665605 0.344301
v 0.130462 -0.739660 0.474059
v 0.352746 -0.589231 0.410353
v 0.323773 -0.623246 0.543391
v 0.295022 -0.633050 -0.286867
v 0.171389 -0.510390 -0.466441
v 0.178759 -0.667314 -0.296341
v 0.116419 -0.584010 -0.378521
v 0.336857 -0.520165 -0.353709
v 0.283763 -0.481271 -0.456425
v 0.572859 -0.431681 -0.164747
v 0.662073 -0.279336 -0.300167
v 0.537980 -0.416215 -0.286953
v 0.656577 -0.376382 -0.110307
v 0.585358 -0.346446 -0.359219
v 0.697571 -0.293588 -0.173894
v 0.585993 -0.455677 0.184934
v 0.681134 -0.288911 0.306105
v 0.556423 -0.453843 0.303385
v 0.663014 -0.385050 0.127356
v 0.597981 -0.364462 0.362055
v 0.711290 -0.299337 0.186915
v 0.000001 -0.119956 0.813514
v 0.000011 0.121219 0.812000
v 0.112546 -0.063334 0.807988
v -0.112542 -0.063342 0.807923
v 0.112601 0.058584 0.806860
v -0.112620 0.058601 0.806865
v 0.295973 -0.306300 0.681787
v 0.505386 -0.182415 0.618658
v 0.376851 -0.366381 0.610814
v 0.476815 -0.295910 0.567915
v 0.319132 -0.181381 0.727133
v 0.422718 -0.124562 0.694711
v -0.295815 -0.305995 0.681280
v -0.505425 -0.182424 0.618761
v -0.376232 -0.366371 0.610677
v -0.476766 -0.296166 0.567834
v -0.319143 -0.181364 0.727239
v -0.422763 -0.124534 0.694688
v 0.303375 0.301886 0.689470
v 0.505049 0.183984 0.620525
v 0.381490 0.350210 0.609516
v 0.482082 0.296302 0.574354
v 0.320725 0.187049 0.731322
v 0.421219 0.125478 0.694285
v -0.303396 0.301922 0.689501
v -0.505077 0.183999 0.620557
v -0.381479 0.350208 0.609510
v -0.482074 0.296301 0.574355
v -0.320731 0.187053 0.731330
v -0.421218 0.125475 0.694294
v 0.000002 -0.121922 -0.808267
v 0.000028 0.126933 -0.813493
v 0.112717 -0.060014 -0.808026
v -0.112711 -0.060018 -0.808029
v 0.111637 0.065510 -0.805692
v -0.111467 0.065378 -0.805996
v 0.299797 -0.297741 -0.685949
v 0.497556 -0.182592 -0.614876
v 0.377322 -0.342748 -0.608654
v 0.474623 -0.290767 -0.572210
v 0.318146 -0.187073 -0.727715
v 0.418370 -0.125087 -0.690626
v -0.299807 -0.297743 -0.685955
v -0.497540 -0.182586 -0.614870
v -0.377315 -0.342778 -0.608624
v -0.474597 -0.290765 -0.572199
v -0.318165 -0.187102 -0.727748
v -0.418368 -0.125082 -0.690615
v 0.300818 0.297865 -0.691766
v 0.497689 0.180727 -0.615450
v 0.374167 0.344794 -0.605489
v 0.474523 0.283902 -0.569672
v 0.321733 0.191645 -0.741853
v 0.417283 0.127430 -0.691836
v -0.300337 0.298124 -0.691614
v -0.497708 0.180714 -0.615429
v -0.373618 0.345042 -0.605327
v -0.474530 0.284056 -0.569625
v -0.321731 0.191650 -0.741875
v -0.417287 0.127400 -0.691839
v 0.806131 0.000204 -0.112134
v 0.817752 0.000292 0.125009
v 0.803529 0.101649 -0.052637
v 0.808246 0.103583 0.065594
v 0.800515 -0.104037 -0.052050
v 0.805263 -0.105568 0.065939
v -0.806176 0.000203 -0.112159
v -0.817665 0.000296 0.124980
v -0.803567 0.101656 -0.052639
v -0.808256 0.103589 0.065592
v -0.800513 -0.104038 -0.052049
v -0.805228 -0.105576 0.065948
v -0.249242 0.602234 0.080331
v -0.249307 0.622607 -0.093222
v -0.130471 0.630706 0.071161
v -0.124501 0.656752 -0.093343
v -0.426761 0.531122 0.148285
v -0.204577 0.589733 0.168332
v -0.389152 0.517801 0.251937
v -0.431713 0.560095 -0.152048
v -0.203563 0.646425 -0.206395
v -0.397643 0.585241 -0.282874
v -0.532557 0.502491 0.004697
v -0.488474 0.512915 -0.226242
v -0.596663 0.447136 -0.050930
v -0.494045 0.483224 0.223098
v -0.601915 0.446348 0.064357
v 0.249274 0.602306 0.080314
v 0.249376 0.622415 -0.093627
v 0.130500 0.630663 0.071158
v 0.124617 0.656840 -0.093487
v 0.426790 0.531074 0.148295
v 0.204595 0.589682 0.168330
v 0.389142 0.517807 0.251922
v 0.431617 0.560109 -0.152267
v 0.203741 0.646268 -0.206413
v 0.397632 0.584841 -0.283156
v 0.532612 0.502544 0.004672
v 0.488434 0.512968 -0.226338
v 0.596670 0.447101 -0.050864
v 0.494132 0.483298 0.223126
v 0.601923 0.446309 0.064380
v -0.259434 -0.653476 0.100112
v -0.299017 -0.752817 -0.091628
v -0.133867 -0.688525 0.105125
v -0.162432 -0.760901 -0.087487
v -0.454454 -0.586889 0.167381
v -0.209468 -0.655596 0.213402
v -0.406391 -0.585510 0.283877
v -0.423227 -0.562944 -0.143053
v -0.244138 -0.781048 -0.224237
v -0.385328 -0.551654 -0.250721
v -0.534540 -0.510771 0.011611
v -0.479817 -0.487785 -0.212069
v -0.599710 -0.444792 -0.046938
v -0.505095 -0.526624 0.238160
v -0.601980 -0.453191 0.068543
v 0.259780 -0.653926 0.099887
v 0.298605 -0.752331 -0.091358
v 0.134234 -0.688278 0.104968
v 0.162010 -0.760132 -0.087533
v 0.454262 -0.586974 0.167268
v 0.208986 -0.655848 0.213264
v 0.406346 -0.585392 0.284166
v 0.423613 -0.563059 -0.142969
v 0.242614 -0.781833 -0.223766
v 0.385158 -0.551649 -0.250448
v 0.534637 -0.510906 0.011539
v 0.479793 -0.487070 -0.211985
v 0.599699 -0.444839 -0.046995
v 0.505279 -0.526672 0.238157
v 0.601969 -0.453196 0.068526
v -0.000272 -0.634402 0.661654
v -0.179078 -0.512398 0.698547
v -0.070491 -0.711997 0.590337
v -0.288262 -0.618576 0.675434
v 0.178412 -0.512732 0.698476
v 0.070983 -0.712295 0.589915
v 0.288677 -0.619268 0.675641
v 0.099402 -0.294786 0.743434
v -0.099385 -0.294464 0.742847
v 0.109832 -0.174044 0.794029
v -0.109755 -0.174226 0.794172
v 0.282456 -0.445477 0.661955
v 0.207055 -0.238924 0.740442
v -0.282530 -0.445143 0.661916
v -0.207106 -0.239537 0.740125
v -0.000001 0.470705 0.560603
v -0.160536 0.418800 0.640380
v -0.057567 0.505995 0.468277
v -0.229140 0.449895 0.556218
v 0.160516 0.418784 0.640333
v 0.057555 0.505987 0.468248
v 0.229172 0.449943 0.556254
v 0.102058 0.297078 0.753682
v -0.102041 0.297049 0.753633
v 0.110557 0.183446 0.791584
v -0.110534 0.183438 0.791553
v 0.274335 0.392070 0.631709
v 0.212924 0.244415 0.751056
v -0.274330 0.392071 0.631699
v -0.212911 0.244405 0.751034
v 0.000018 -0.472525 -0.560453
v -0.159464 -0.411579 -0.640587
v -0.057223 -0.525108 -0.471229
v -0.226125 -0.444250 -0.556736
v 0.159461 -0.411507 -0.640584
v 0.057254 -0.524891 -0.471001
v 0.226204 -0.444217 -0.556848
v 0.101830 -0.294323 -0.750345
v -0.101828 -0.294332 -0.750341
v 0.110116 -0.183883 -0.789840
v -0.110118 -0.183883 -0.789822
v 0.269827 -0.381229 -0.629830
v 0.210975 -0.243700 -0.747550
v -0.269809 -0.381216 -0.629841
v -0.210975 -0.243708 -0.747545
v 0.000390 0.592802 -0.632124
v -0.168999 0.461058 -0.669081
v -0.070305 0.667602 -0.550221
v -0.246128 0.523278 -0.603780
v 0.169127 0.461232 -0.669123
v 0.070355 0.667974 -0.551036
v 0.246690 0.523507 -0.604210
v 0.103968 0.297141 -0.770071
v -0.104167 0.297228 -0.770161
v 0.113227 0.190378 -0.814295
v -0.113204 0.190380 -0.814336
v 0.271722 0.405860 -0.640215
v 0.221611 0.251603 -0.782454
v -0.272687 0.405832 -0.639987
v -0.221837 0.251681 -0.782772
v 0.640094 0.153579 -0.466846
v 0.740351 0.092173 -0.296970
v 0.620227 0.253487 -0.421008
v 0.724988 0.190073 -0.237334
v 0.639879 -0.155421 -0.466128
v 0.737779 -0.092856 -0.296117
v 0.618780 -0.260759 -0.419711
v 0.724017 -0.194949 -0.236285
v 0.591851 0.001345 -0.574897
v 0.563212 -0.228002 -0.523981
v 0.509899 -0.060412 -0.638125
v 0.564092 0.222660 -0.524567
v 0.509729 0.063059 -0.638687
v 0.777648 0.098190 -0.174059
v 0.774662 -0.099958 -0.173364
v 0.656810 0.157693 0.469258
v 0.765115 0.095172 0.302781
v 0.634602 0.265569 0.421135
v 0.747984 0.198513 0.245658
v 0.655858 -0.160361 0.469687
v 0.761862 -0.097032 0.303413
v 0.632749 -0.266103 0.419439
v 0.746985 -0.201705 0.246571
v 0.599978 -0.001548 0.579213
v 0.575054 -0.231396 0.525382
v 0.516367 -0.063729 0.644439
v 0.575827 0.232250 0.527858
v 0.516403 0.060999 0.644629
v 0.795294 0.101762 0.185119
v 0.792542 -0.103400 0.185955
v -0.640126 0.153544 -0.466842
v -0.740376 0.092159 -0.296982
v -0.620171 0.253518 -0.420994
v -0.725004 0.190073 -0.237323
v -0.639873 -0.155417 -0.466129
v -0.737782 -0.092832 -0.296139
v -0.618803 -0.260754 -0.419723
v -0.724009 -0.194923 -0.236289
v -0.591857 0.001351 -0.574909
v -0.563228 -0.227998 -0.523997
v -0.509910 -0.060418 -0.638146
v -0.564029 0.222721 -0.524569
v -0.509728 0.063057 -0.638696
v -0.777638 0.098155 -0.174073
v -0.774645 -0.099954 -0.173372
v -0.656775 0.157681 0.469245
v -0.765114 0.095162 0.302782
v -0.634597 0.265557 0.421130
v -0.747992 0.198509 0.245652
v -0.655829 -0.160376 0.469674
v -0.761858 -0.097028 0.303403
v -0.632733 -0.266065 0.419431
v -0.746933 -0.201678 0.246574
v -0.599983 -0.001541 0.579218
v -0.575135 -0.231371 0.525400
v -0.516369 -0.063736 0.644435
v -0.575823 0.232237 0.527858
v -0.516414 0.060993 0.644660
v -0.795323 0.101773 0.185122
v -0.792515 -0.103385 0.185942
v 0.000013 0.617715 0.150263
v -0.052568 0.579068 0.261297
v 0.000117 0.690784 -0.198427
v -0.056314 0.711221 -0.334255
v 0.052574 0.579033 0.261268
v 0.056041 0.711036 -0.334385
v -0.402940 0.449223 0.441926
v -0.506696 0.412469 0.408928
v -0.449277 0.387012 0.514550
v -0.402816 0.503502 -0.462696
v -0.489598 0.419606 -0.407593
v -0.436078 0.386981 -0.510888
v -0.719847 0.297934 -0.052095
v -0.725205 0.301417 0.067356
v -0.773593 0.204679 0.007167
v 0.402901 0.449205 0.441876
v 0.506689 0.412474 0.408914
v 0.449271 0.386992 0.514536
v 0.402019 0.503030 -0.462744
v 0.490175 0.419552 -0.407709
v 0.436143 0.387034 -0.510426
v 0.719890 0.297933 -0.052146
v 0.725214 0.301417 0.067347
v 0.773512 0.204661 0.007168
v -0.000102 -0.708448 0.211848
v -0.052408 -0.697124 0.342663
v -0.000015 -0.676497 -0.166269
v -0.060155 -0.646876 -0.282377
v 0.052913 -0.696943 0.342949
v 0.059520 -0.646764 -0.282487
v -0.407923 -0.514436 0.472342
v -0.509092 -0.440090 0.417158
v -0.445929 -0.409932 0.520631
v -0.392942 -0.442519 -0.437577
v -0.497768 -0.398707 -0.408359
v -0.441682 -0.374032 -0.514699
v -0.720555 -0.301779 -0.051720
v -0.725845 -0.304295 0.067211
v -0.772975 -0.209217 0.007639
v 0.407523 -0.514063 0.472408
v 0.509081 -0.440108 0.417008
v 0.446530 -0.410005 0.520963
v 0.393139 -0.442191 -0.437860
v 0.497808 -0.398756 -0.408399
v 0.441674 -0.374028 -0.514689
v 0.720552 -0.301785 -0.051730
v 0.725880 -0.304298 0.067207
v 0.772969 -0.209210 0.007648
v 0.223279 -0.002736 0.787247
v 0.327629 -0.063831 0.751441
v -0.223278 -0.002700 0.787272
v -0.327583 -0.063814 0.751478
v 0.326988 0.061380 0.751022
v -0.327001 0.061371 0.751012
v 0.220557 0.002572 -0.784695
v 0.325089 -0.061661 -0.747324
v -0.220570 0.002576 -0.784673
v -0.325090 -0.061657 -0.747323
v 0.323344 0.066142 -0.746093
v -0.323345 0.066160 -0.746070
v -0.352255 0.586293 0.001046
v -0.377909 0.574281 0.034848
v -0.379239 0.579457 -0.031749
v -0.419258 0.562732 -0.018370
v -0.418340 0.558959 0.023074
v 0.352287 0.586367 0.001036
v 0.377859 0.574333 0.034892
v 0.379360 0.579295 -0.031790
v 0.419282 0.562572 -0.018463
v 0.418272 0.559076 0.023078
v -0.361301 -0.628563 0.004442
v -0.387196 -0.612198 0.042028
v -0.384725 -0.616899 -0.029941
v -0.423533 -0.590554 -0.013882
v -0.427503 -0.591273 0.030125
v 0.361337 -0.628129 0.004269
v 0.386749 -0.612115 0.042013
v 0.384929 -0.616781 -0.029739
v 0.423489 -0.590534 -0.013557
v 0.427429 -0.591322 0.030285
v -0.024758 -0.490629 0.707550
v 0.024865 -0.490733 0.707507
v -0.000434 -0.408503 0.721529
v 0.038872 -0.439306 0.715331
v -0.039127 -0.439510 0.715070
v -0.022886 0.417171 0.671470
v 0.022884 0.417162 0.671441
v -0.000004 0.379692 0.715107
v 0.037386 0.395632 0.699442
v -0.037389 0.395633 0.699445
v -0.022963 -0.410609 -0.670447
v 0.022940 -0.410576 -0.670444
v -0.000005 -0.374337 -0.713728
v 0.037470 -0.388615 -0.697335
v -0.037515 -0.388602 -0.697345
v -0.024059 0.451764 -0.689348
v 0.024025 0.451581 -0.689434
v -0.000178 0.385472 -0.721020
v 0.038415 0.410012 -0.708101
v -0.038156 0.409856 -0.707721
v 0.703318 0.035847 -0.427459
v 0.702448 -0.033455 -0.427007
v 0.681086 -0.020155 -0.466284
v 0.681684 0.022923 -0.466697
v 0.718014 0.001241 -0.403841
v 0.721341 0.035643 0.429506
v 0.719660 -0.036791 0.429365
v 0.696479 -0.023135 0.469082
v 0.697372 0.021837 0.469138
v 0.736514 -0.000335 0.405590
v -0.703335 0.035863 -0.427471
v -0.702442 -0.033452 -0.426994
v -0.681099 -0.020159 -0.466277
v -0.681729 0.022935 -0.466717
v -0.718027 0.001257 -0.403843
v -0.721350 0.035636 0.429513
v -0.719650 -0.036782 0.429356
v -0.696487 -0.023140 0.469078
v -0.697376 0.021832 0.469135
v -0.736531 -0.000334 0.405584
v -0.027383 0.667459 -0.015537
v 0.027412 0.667476 -0.015548
v -0.014447 0.660187 0.013523
v -0.012269 0.675470 -0.047797
v 0.014438 0.660201 0.013506
v 0.012398 0.675489 -0.047840
v -0.252477 0.535137 0.315335
v -0.201869 0.510153 0.417677
v -0.195013 0.545584 0.316800
v -0.286152 0.512315 0.363606
v -0.170016 0.531771 0.367607
v -0.260456 0.500638 0.415299
v -0.254150 0.645615 -0.378217
v -0.207436 0.658374 -0.494084
v -0.197260 0.686636 -0.395762
v -0.295381 0.626695 -0.423905
v -0.215167 0.789041 -0.475095
v -0.265169 0.615646 -0.473820
v -0.596917 0.404486 -0.201399
v -0.642850 0.318573 -0.267907
v -0.577972 0.398102 -0.262788
v -0.638190 0.370074 -0.172615
v -0.600487 0.353927 -0.295895
v -0.660330 0.326530 -0.205053
v -0.614585 0.408848 0.213061
v -0.663296 0.333744 0.276370
v -0.599839 0.404955 0.272121
v -0.653382 0.377674 0.185598
v -0.623757 0.369393 0.304484
v -0.678080 0.338063 0.216589
v 0.252488 0.535160 0.315332
v 0.201866 0.510151 0.417669
v 0.195020 0.545530 0.316759
v 0.170028 0.531757 0.367580
v 0.286159 0.512299 0.363620
v 0.260460 0.500667 0.415309
v 0.254202 0.645759 -0.377543
v 0.207677 0.658246 -0.494053
v 0.197580 0.686598 -0.395730
v 0.214867 0.789249 -0.475000
v 0.295472 0.626542 -0.423916
v 0.265655 0.615392 -0.474234
v 0.596522 0.404228 -0.201422
v 0.642845 0.318664 -0.268023
v 0.577582 0.398128 -0.262586
v 0.637705 0.369796 -0.172550
v 0.601168 0.354537 -0.295871
v 0.660452 0.326727 -0.205166
v 0.614600 0.408843 0.213054
v 0.663290 0.333741 0.276365
v 0.599845 0.404933 0.272135
v 0.653361 0.377620 0.185590
v 0.623751 0.369415 0.304475
v 0.678052 0.338047 0.216585
v -0.040471 -0.720742 0.023523
v 0.040201 -0.720774 0.023278
v -0.015542 -0.722257 0.066343
v -0.022879 -0.720141 -0.008747
v 0.015463 -0.722248 0.066447
v 0.022829 -0.720081 -0.008501
v -0.259580 -0.636664 0.395376
v -0.267172 -0.772646 0.533869
v -0.203935 -0.674700 0.408582
v -0.297606 -0.626297 0.440693
v -0.202609 -0.760181 0.467441
v -0.296379 -0.671267 0.507788
v -0.261048 -0.595772 -0.326580
v -0.200677 -0.535311 -0.418980
v -0.205173 -0.613887 -0.333450
v -0.284525 -0.543440 -0.364180
v -0.174118 -0.577269 -0.376596
v -0.256213 -0.520104 -0.413206
v -0.599680 -0.396831 -0.199351
v -0.645000 -0.322704 -0.267949
v -0.581855 -0.389207 -0.261393
v -0.641187 -0.368754 -0.171493
v -0.605439 -0.353661 -0.296957
v -0.662768 -0.330053 -0.204571
v -0.613652 -0.419301 0.215945
v -0.661153 -0.335252 0.276409
v -0.598579 -0.416722 0.275278
v -0.652367 -0.382455 0.186896
v -0.622067 -0.374387 0.305419
v -0.676291 -0.340039 0.216922
v 0.259852 -0.636740 0.395441
v 0.267017 -0.772602 0.533661
v 0.204513 -0.674936 0.408860
v 0.203213 -0.760449 0.467790
v 0.297791 -0.626441 0.440912
v 0.296639 -0.671317 0.507765
v 0.260612 -0.595893 -0.326592
v 0.200706 -0.535633 -0.418769
v 0.204945 -0.614450 -0.333681
v 0.173835 -0.576997 -0.376233
v 0.284239 -0.543728 -0.364112
v 0.256436 -0.519844 -0.413152
v 0.599652 -0.396903 -0.199407
v 0.645006 -0.322657 -0.267948
v 0.581916 -0.389279 -0.261500
v 0.641166 -0.368797 -0.171489
v 0.605409 -0.353758 -0.296916
v 0.662814 -0.330028 -0.204580
v 0.613549 -0.419271 0.215981
v 0.661168 -0.335258 0.276450
v 0.598605 -0.416740 0.275370
v 0.652387 -0.382447 0.186890
v 0.622084 -0.374355 0.305446
v 0.676251 -0.340011 0.216909
v -0.000008 -0.064072 0.818009
v -0.000008 0.058089 0.816871
v 0.056367 -0.033934 0.814887
v -0.056389 -0.033902 0.814855
v 0.056392 0.027096 0.814261
v -0.056415 0.027113 0.814304
v 0.349059 -0.274163 0.667960
v 0.454746 -0.212130 0.637611
v 0.388381 -0.303771 0.630255
v 0.441348 -0.270787 0.612099
v 0.362474 -0.212563 0.692364
v 0.416303 -0.183182 0.678871
v -0.348973 -0.274177 0.668031
v -0.454979 -0.212110 0.637730
v -0.388605 -0.303565 0.630267
v -0.440241 -0.270802 0.611970
v -0.362176 -0.212596 0.692251
v -0.416286 -0.183158 0.678825
v 0.356693 0.275744 0.678404
v 0.457189 0.215964 0.643071
v 0.395675 0.301017 0.637488
v 0.446110 0.272532 0.620160
v 0.366014 0.218090 0.699810
v 0.416088 0.187408 0.681372
v -0.356661 0.275713 0.678380
v -0.457191 0.215965 0.643078
v -0.395651 0.301001 0.637472
v -0.446105 0.272540 0.620190
v -0.366007 0.218090 0.699798
v -0.416087 0.187405 0.681369
v 0.000004 -0.059635 -0.813431
v -0.000047 0.065386 -0.813381
v 0.056450 -0.028374 -0.813086
v -0.056505 -0.028341 -0.813054
v 0.056032 0.034140 -0.810764
v -0.055809 0.034000 -0.810922
v 0.352296 -0.272204 -0.673475
v 0.451461 -0.214780 -0.638185
v 0.391267 -0.296940 -0.634510
v 0.440786 -0.270335 -0.617215
v 0.362295 -0.216834 -0.695005
v 0.412062 -0.186803 -0.676935
v -0.352314 -0.272188 -0.673490
v -0.451471 -0.214773 -0.638198
v -0.391266 -0.296944 -0.634498
v -0.440799 -0.270314 -0.617234
v -0.362297 -0.216838 -0.695001
v -0.412064 -0.186812 -0.676932
v 0.352702 0.269447 -0.676585
v 0.453172 0.212319 -0.640548
v 0.391886 0.292816 -0.634095
v 0.443502 0.264362 -0.617996
v 0.364716 0.216894 -0.702399
v 0.412492 0.186479 -0.679746
v -0.352657 0.269605 -0.676643
v -0.453158 0.212334 -0.640531
v -0.391629 0.292967 -0.634209
v -0.443385 0.264426 -0.618143
v -0.364675 0.216936 -0.702418
v -0.412478 0.186497 -0.679739
v 0.817758 0.000120 -0.052432
v 0.821507 0.000120 0.065232
v 0.818568 0.051271 -0.023191
v 0.819063 0.051866 0.035691
v 0.816465 -0.052048 -0.022840
v 0.816703 -0.052518 0.035979
v -0.817741 0.000123 -0.052423
v -0.821462 0.000129 0.065235
v -0.818588 0.051278 -0.023200
v -0.819076 0.051872 0.035688
v -0.816460 -0.052039 -0.022856
v -0.816701 -0.052523 0.035980
v -0.243577 0.617876 -0.002896
v -0.116026 0.650253 -0.008142
v -0.215364 0.618374 0.037064
v -0.214627 0.628780 -0.048627
v -0.153457 0.633680 0.032873
v -0.150486 0.645919 -0.048532
v -0.339553 0.568360 0.119621
v -0.297807 0.555303 0.214911
v -0.283726 0.583015 0.123220
v -0.373816 0.547053 0.159336
v -0.261965 0.577173 0.169232
v -0.354430 0.540932 0.209402
v -0.343190 0.595492 -0.129320
v -0.301889 0.619137 -0.250514
v -0.285623 0.615118 -0.140360
v -0.378601 0.583811 -0.172434
v -0.263854 0.626611 -0.198946
v -0.359515 0.596162 -0.235247
v -0.490881 0.532256 -0.074154
v -0.549139 0.479420 -0.136596
v -0.480675 0.536623 -0.129464
v -0.530305 0.505918 -0.049548
v -0.509060 0.511531 -0.163505
v -0.559132 0.477847 -0.078893
v -0.486666 0.518015 0.080517
v -0.554709 0.467690 0.146065
v -0.475028 0.512899 0.132340
v -0.529354 0.498520 0.058726
v -0.508991 0.488514 0.167431
v -0.563614 0.471877 0.089774
v 0.243648 0.617878 -0.002895
v 0.116071 0.650390 -0.008209
v 0.215333 0.618498 0.037025
v 0.214610 0.628843 -0.048602
v 0.153426 0.633707 0.032905
v 0.150355 0.645926 -0.048544
v 0.339535 0.568327 0.119652
v 0.297834 0.555315 0.214899
v 0.283715 0.583181 0.123270
v 0.373842 0.547083 0.159367
v 0.261969 0.577210 0.169239
v 0.354473 0.540938 0.209435
v 0.343055 0.595377 -0.129067
v 0.302029 0.619576 -0.250605
v 0.285573 0.615176 -0.140362
v 0.378223 0.583940 -0.172364
v 0.263819 0.626992 -0.198729
v 0.359353 0.596479 -0.235847
v 0.491069 0.532070 -0.074108
v 0.549177 0.479540 -0.136666
v 0.480712 0.536809 -0.129343
v 0.530331 0.505943 -0.049612
v 0.509165 0.511899 -0.163545
v 0.559220 0.477876 -0.078894
v 0.486717 0.517982 0.080550
v 0.554678 0.467724 0.146070
v 0.475039 0.512825 0.132342
v 0.529365 0.498474 0.058754
v 0.509009 0.488559 0.167441
v 0.563591 0.471863 0.089796
v -0.262860 -0.682252 0.002390
v -0.141015 -0.710846 0.007223
v -0.227635 -0.672954 0.049915
v -0.246564 -0.726231 -0.041939
v -0.163941 -0.689027 0.052406
v -0.184480 -0.736749 -0.039406
v -0.354320 -0.619754 0.139756
v -0.307915 -0.623001 0.256301
v -0.294827 -0.637313 0.148606
v -0.393922 -0.604320 0.182968
v -0.270624 -0.638645 0.206174
v -0.371067 -0.605600 0.241144
v -0.360353 -0.648539 -0.128075
v -0.330817 -0.659635 -0.244077
v -0.326665 -0.712654 -0.144883
v -0.382467 -0.605416 -0.163615
v -0.322527 -0.736309 -0.214300
v -0.365488 -0.604773 -0.218282
v -0.484351 -0.533723 -0.068095
v -0.543616 -0.466027 -0.131044
v -0.468600 -0.530048 -0.121877
v -0.528275 -0.505986 -0.043068
v -0.497456 -0.494497 -0.154987
v -0.559753 -0.472412 -0.073404
v -0.498410 -0.548219 0.091085
v -0.558741 -0.490211 0.154001
v -0.493526 -0.555885 0.146815
v -0.533278 -0.515721 0.066557
v -0.519933 -0.524944 0.179950
v -0.566592 -0.487502 0.096609
v 0.262403 -0.682342 0.002521
v 0.140993 -0.710504 0.007335
v 0.227359 -0.672956 0.050143
v 0.246466 -0.725847 -0.041624
v 0.163779 -0.689005 0.052244
v 0.184296 -0.736513 -0.039477
v 0.354275 -0.619443 0.139980
v 0.308409 -0.623244 0.255937
v 0.295306 -0.637018 0.148582
v 0.393638 -0.604077 0.182901
v 0.270877 -0.638840 0.206282
v 0.370877 -0.605589 0.241342
v 0.360636 -0.649084 -0.127796
v 0.330632 -0.660541 -0.243329
v 0.328116 -0.714410 -0.144881
v 0.382197 -0.605259 -0.163615
v 0.322221 -0.736799 -0.213281
v 0.365274 -0.604830 -0.218007
v 0.484641 -0.533933 -0.068168
v 0.543506 -0.465847 -0.131149
v 0.468617 -0.529725 -0.122051
v 0.528119 -0.505756 -0.043114
v 0.497643 -0.494380 -0.154798
v 0.559651 -0.472397 -0.073345
v 0.498585 -0.548647 0.091289
v 0.558703 -0.490283 0.154012
v 0.493399 -0.555742 0.146692
v 0.533402 -0.515693 0.066496
v 0.519915 -0.524948 0.179787
v 0.566662 -0.487535 0.096612
v -0.099976 -0.595626 0.694314
v -0.195111 -0.749533 0.679303
v -0.071657 -0.644935 0.671242
v -0.168079 -0.591032 0.699473
v -0.109985 -0.706361 0.651606
v -0.224527 -0.661598 0.698326
v 0.099673 -0.595407 0.693920
v 0.193710 -0.750546 0.678913
v 0.071428 -0.645082 0.670779
v 0.167095 -0.591125 0.699203
v 0.109810 -0.706631 0.650487
v 0.223462 -0.662127 0.698369
v 0.000066 -0.291138 0.751506
v 0.000029 -0.173560 0.805786
v 0.050976 -0.261201 0.760256
v -0.050807 -0.260736 0.760087
v 0.053721 -0.201465 0.786784
v -0.053700 -0.201450 0.786831
v 0.138963 -0.395332 0.710886
v 0.243411 -0.338342 0.694092
v 0.185230 -0.438434 0.698364
v 0.145753 -0.330617 0.724405
v 0.237434 -0.407843 0.685546
v 0.198689 -0.302547 0.719827
v -0.139059 -0.395645 0.711833
v -0.243428 -0.337946 0.693803
v -0.185316 -0.438056 0.698722
v -0.145810 -0.329569 0.723754
v -0.237441 -0.407158 0.684798
v -0.199004 -0.302276 0.719296
v -0.082248 0.449233 0.602114
v -0.144082 0.480936 0.514958
v -0.056475 0.469387 0.560674
v -0.138670 0.443755 0.602427
v -0.086239 0.486249 0.515979
v -0.171431 0.459316 0.559936
v 0.082247 0.449233 0.602108
v 0.144086 0.480945 0.514965
v 0.056474 0.469369 0.560663
v 0.138686 0.443784 0.602474
v 0.086242 0.486242 0.515979
v 0.171429 0.459350 0.559933
v 0.000004 0.294715 0.760840
v -0.000010 0.183122 0.800955
v 0.052325 0.269066 0.770031
v -0.052318 0.269056 0.770015
v 0.054562 0.212953 0.790336
v -0.054570 0.212970 0.790367
v 0.137724 0.367302 0.705074
v 0.248403 0.325434 0.697166
v 0.178339 0.386997 0.673028
v 0.148653 0.323060 0.730822
v 0.234901 0.370857 0.669311
v 0.204013 0.298939 0.728152
v -0.137720 0.367280 0.705051
v -0.248407 0.325433 0.697188
v -0.178338 0.387002 0.673034
v -0.148639 0.323035 0.730808
v -0.234893 0.370853 0.669307
v -0.204015 0.298946 0.728164
v -0.081685 -0.445734 -0.602697
v -0.142056 -0.486456 -0.514127
v -0.055684 -0.470851 -0.560274
v -0.136986 -0.438129 -0.601480
v -0.085252 -0.494265 -0.515593
v -0.168525 -0.456430 -0.558405
v 0.081770 -0.445763 -0.602706
v 0.141885 -0.487088 -0.513875
v 0.055912 -0.470845 -0.560501
v 0.136923 -0.438110 -0.601591
v 0.084965 -0.494464 -0.515229
v 0.168664 -0.456449 -0.558402
v -0.000002 -0.293713 -0.759611
v -0.000000 -0.182967 -0.797074
v 0.052190 -0.267501 -0.767006
v -0.052191 -0.267505 -0.767002
v 0.054393 -0.212414 -0.786745
v -0.054395 -0.212420 -0.786756
v 0.138042 -0.362388 -0.703568
v 0.246636 -0.322481 -0.696147
v 0.178050 -0.381783 -0.673963
v 0.148489 -0.319843 -0.728303
v 0.232635 -0.364200 -0.668816
v 0.203110 -0.297496 -0.726173
v -0.138058 -0.362365 -0.703587
v -0.246638 -0.322473 -0.696146
v -0.178031 -0.381777 -0.673968
v -0.148495 -0.319829 -0.728319
v -0.232640 -0.364209 -0.668830
v -0.203115 -0.297485 -0.726182
v -0.092376 0.534813 -0.654825
v -0.165621 0.612705 -0.594120
v -0.066338 0.590844 -0.633786
v -0.154480 0.521397 -0.654551
v -0.103778 0.632132 -0.600939
v -0.193513 0.557305 -0.625249
v 0.093018 0.535056 -0.655282
v 0.166611 0.612797 -0.595115
v 0.067009 0.590761 -0.633858
v 0.154553 0.521484 -0.654965
v 0.103870 0.632083 -0.600621
v 0.194115 0.557792 -0.625825
v -0.000022 0.293648 -0.776646
v 0.000004 0.187262 -0.815716
v 0.054007 0.269883 -0.791746
v -0.053888 0.269722 -0.791816
v 0.056660 0.217723 -0.816759
v -0.056668 0.217750 -0.816764
v 0.138588 0.374301 -0.713986
v 0.246584 0.325719 -0.703562
v 0.180672 0.404858 -0.686977
v 0.149750 0.324239 -0.743064
v 0.232973 0.378989 -0.676914
v 0.206635 0.300463 -0.743274
v -0.138775 0.374406 -0.713719
v -0.246830 0.325925 -0.704004
v -0.180454 0.404632 -0.686605
v -0.149779 0.324942 -0.743216
v -0.233307 0.378930 -0.677074
v -0.206202 0.300797 -0.742931
v 0.696641 0.128131 -0.385075
v 0.677047 0.226147 -0.331658
v 0.665201 0.166976 -0.414999
v 0.716347 0.135522 -0.327985
v 0.655790 0.216875 -0.390809
v 0.707107 0.184395 -0.299363
v 0.695422 -0.129439 -0.384412
v 0.676344 -0.232041 -0.330546
v 0.664838 -0.170052 -0.414321
v 0.714652 -0.137753 -0.327205
v 0.655228 -0.222620 -0.389789
v 0.706185 -0.188885 -0.298468
v 0.619384 -0.080878 -0.528382
v 0.541259 -0.149120 -0.588470
v 0.611908 -0.136798 -0.514005
v 0.588776 -0.056565 -0.570357
v 0.574048 -0.172906 -0.544322
v 0.548052 -0.089091 -0.600572
v 0.620386 0.082270 -0.529534
v 0.541025 0.148374 -0.588712
v 0.612026 0.135872 -0.514518
v 0.589244 0.058698 -0.571062
v 0.574014 0.170593 -0.544681
v 0.548001 0.090648 -0.601136
v 0.754322 0.000655 -0.296494
v 0.791908 0.000470 -0.173403
v 0.760247 0.047326 -0.266437
v 0.758389 -0.046795 -0.265936
v 0.779387 0.048761 -0.204792
v 0.777400 -0.048606 -0.204378
v 0.716060 0.131468 0.387031
v 0.698204 0.237199 0.335140
v 0.684152 0.172521 0.417107
v 0.739801 0.140370 0.332214
v 0.673954 0.226080 0.392050
v 0.730276 0.192457 0.304658
v 0.714017 -0.134123 0.387525
v 0.696768 -0.239176 0.335169
v 0.683122 -0.175351 0.417577
v 0.737663 -0.143153 0.333086
v 0.672489 -0.227822 0.391647
v 0.729423 -0.195664 0.305534
v 0.631001 -0.084953 0.532363
v 0.550626 -0.151301 0.593469
v 0.625537 -0.141277 0.518430
v 0.597111 -0.060110 0.574483
v 0.585762 -0.175906 0.547991
v 0.556168 -0.092353 0.606394
v 0.632429 0.082231 0.532525
v 0.549804 0.149928 0.592960
v 0.625991 0.138636 0.517813
v 0.598142 0.057101 0.574904
v 0.585878 0.174715 0.548375
v 0.556453 0.089744 0.606523
v 0.779479 -0.000158 0.302821
v 0.808896 0.000254 0.185312
v 0.786308 0.048585 0.273998
v 0.784068 -0.049255 0.274579
v 0.801364 0.050548 0.215091
v 0.799188 -0.050807 0.215679
v -0.696663 0.128100 -0.385087
v -0.677029 0.226171 -0.331651
v -0.665225 0.166959 -0.415004
v -0.716354 0.135512 -0.328003
v -0.655776 0.216881 -0.390792
v -0.707113 0.184403 -0.299333
v -0.695420 -0.129438 -0.384421
v -0.676350 -0.232030 -0.330556
v -0.664831 -0.170047 -0.414318
v -0.714633 -0.137742 -0.327186
v -0.655230 -0.222618 -0.389798
v -0.706208 -0.188897 -0.298478
v -0.619386 -0.080871 -0.528385
v -0.541268 -0.149124 -0.588477
v -0.611898 -0.136795 -0.514000
v -0.588764 -0.056554 -0.570344
v -0.574049 -0.172912 -0.544333
v -0.548038 -0.089085 -0.600554
v -0.620397 0.082261 -0.529540
v -0.541037 0.148357 -0.588701
v -0.612059 0.135842 -0.514512
v -0.589247 0.058693 -0.571076
v -0.574036 0.170572 -0.544663
v -0.547999 0.090637 -0.601136
v -0.754225 0.000671 -0.296447
v -0.791927 0.000485 -0.173392
v -0.760262 0.047324 -0.266440
v -0.758446 -0.046789 -0.265940
v -0.779372 0.048750 -0.204762
v -0.777364 -0.048604 -0.204381
v -0.716061 0.131457 0.387034
v -0.698193 0.237188 0.335137
v -0.684132 0.172506 0.417107
v -0.739800 0.140360 0.332214
v -0.673955 0.226076 0.392055
v -0.730275 0.192455 0.304655
v -0.714002 -0.134129 0.387528
v -0.696771 -0.239194 0.335168
v -0.683109 -0.175363 0.417582
v -0.737664 -0.143164 0.333093
v -0.672473 -0.227841 0.391615
v -0.729407 -0.195666 0.305531
v -0.630990 -0.084977 0.532391
v -0.550631 -0.151238 0.593464
v -0.625517 -0.141297 0.518433
v -0.597106 -0.060127 0.574485
v -0.585809 -0.175869 0.548029
v -0.556174 -0.092369 0.606387
v -0.632418 0.082222 0.532521
v -0.549830 0.149946 0.593002
v -0.626000 0.138633 0.517828
v -0.598135 0.057101 0.574904
v -0.585844 0.174704 0.548361
v -0.556437 0.089743 0.606498
v -0.779437 -0.000184 0.302824
v -0.809000 0.000242 0.185342
v -0.786310 0.048579 0.273992
v -0.784054 -0.049262 0.274564
v -0.801381 0.050553 0.215093
v -0.799214 -0.050794 0.215664
v -0.061802 0.631305 0.102467
v -0.128204 0.588109 0.212750
v -0.112805 0.621588 0.112644
v -0.148328 0.601021 0.164588
v -0.045898 0.615246 0.153217
v -0.075364 0.594961 0.209103
v -0.052671 0.678538 -0.137895
v -0.123461 0.677640 -0.275050
v -0.105926 0.666564 -0.146038
v -0.144809 0.663132 -0.209143
v -0.041912 0.687149 -0.200952
v -0.073295 0.691447 -0.271534
v 0.061800 0.631287 0.102420
v 0.128174 0.588284 0.212758
v 0.112841 0.621530 0.112671
v 0.148231 0.601118 0.164578
v 0.045878 0.615291 0.153171
v 0.075350 0.594894 0.209140
v 0.052457 0.678757 -0.137561
v 0.123784 0.677804 -0.275384
v 0.106018 0.666512 -0.146046
v 0.144825 0.663277 -0.208565
v 0.042076 0.687101 -0.201204
v 0.073201 0.691472 -0.271421
v -0.399602 0.485062 0.347849
v -0.505567 0.450934 0.316942
v -0.422804 0.494077 0.294009
v -0.475977 0.477154 0.279199
v -0.429094 0.459497 0.388496
v -0.481587 0.442030 0.372384
v -0.056106 0.542443 0.367162
v 0.056112 0.542422 0.367170
v -0.028529 0.524802 0.418086
v 0.028512 0.524827 0.418107
v -0.027252 0.561496 0.314241
v 0.027272 0.561458 0.314226
v -0.318528 0.451979 0.503036
v -0.363921 0.390837 0.577380
v -0.286716 0.438326 0.550525
v -0.309841 0.409351 0.588689
v -0.374453 0.437709 0.493307
v -0.396957 0.406623 0.529615
v -0.440299 0.608439 -0.409526
v -0.491839 0.476981 -0.321581
v -0.433308 0.567382 -0.326423
v -0.470917 0.518671 -0.290809
v -0.433744 0.523974 -0.415237
v -0.469866 0.472799 -0.380390
v -0.074852 0.722398 -0.444025
v 0.074740 0.722140 -0.443797
v -0.036369 0.695526 -0.497616
v 0.036453 0.695300 -0.497785
v -0.032922 0.720242 -0.389944
v 0.033138 0.720545 -0.389956
v -0.320254 0.512276 -0.530632
v -0.356820 0.399061 -0.578529
v -0.292277 0.488622 -0.577086
v -0.306922 0.431168 -0.598877
v -0.370408 0.478689 -0.508473
v -0.388181 0.421278 -0.532681
v -0.662295 0.379961 -0.051456
v -0.668270 0.383301 0.067196
v -0.632937 0.415597 -0.021839
v -0.636269 0.416599 0.037010
v -0.695427 0.342547 -0.021715
v -0.698133 0.344341 0.037833
v -0.559973 0.333238 -0.415286
v -0.503470 0.302703 -0.519425
v -0.580118 0.287056 -0.447913
v -0.551161 0.271571 -0.499500
v -0.511290 0.368840 -0.437349
v -0.484108 0.352601 -0.489445
v -0.729427 0.246035 -0.143867
v -0.782455 0.151364 -0.082639
v -0.743052 0.195591 -0.174801
v -0.770123 0.148861 -0.143502
v -0.741055 0.250166 -0.082554
v -0.767754 0.202636 -0.052544
v -0.574509 0.348305 0.418781
v -0.516130 0.318317 0.526269
v -0.591621 0.301810 0.448497
v -0.562509 0.286173 0.502570
v -0.528404 0.377873 0.443101
v -0.499664 0.364535 0.496749
v -0.742366 0.252504 0.156502
v -0.791618 0.154946 0.095716
v -0.760609 0.202467 0.185954
v -0.783991 0.153441 0.155503
v -0.749986 0.255154 0.096804
v -0.773051 0.205425 0.066530
v 0.399581 0.485070 0.347829
v 0.505548 0.450924 0.316931
v 0.422824 0.494074 0.294014
v 0.475979 0.477166 0.279181
v 0.429107 0.459522 0.388508
v 0.481617 0.442062 0.372411
v 0.318526 0.451984 0.503023
v 0.363941 0.390866 0.577395
v 0.286714 0.438283 0.550505
v 0.309867 0.409370 0.588703
v 0.374466 0.437694 0.493306
v 0.396972 0.406626 0.529623
v 0.439877 0.608248 -0.409298
v 0.491503 0.476689 -0.321527
v 0.433660 0.567519 -0.326519
v 0.470436 0.518562 -0.291253
v 0.433502 0.524338 -0.414990
v 0.470188 0.472659 -0.380612
v 0.320362 0.512348 -0.530972
v 0.356380 0.399005 -0.578925
v 0.292689 0.488911 -0.577648
v 0.307574 0.431143 -0.599437
v 0.370310 0.478698 -0.508657
v 0.388037 0.421163 -0.531946
v 0.662347 0.379921 -0.051391
v 0.668241 0.383304 0.067171
v 0.632942 0.415501 -0.021768
v 0.636279 0.416566 0.036988
v 0.695470 0.342547 -0.021779
v 0.698128 0.344341 0.037809
v 0.559999 0.333434 -0.415182
v 0.503250 0.302746 -0.519486
v 0.580291 0.286952 -0.447843
v 0.551262 0.271511 -0.499406
v 0.511327 0.368613 -0.437499
v 0.483985 0.352541 -0.489338
v 0.729436 0.246019 -0.143919
v 0.782445 0.151391 -0.082637
v 0.743056 0.195594 -0.174841
v 0.770110 0.148878 -0.143496
v 0.741071 0.250165 -0.082583
v 0.767762 0.202665 -0.052536
v 0.574542 0.348336 0.418795
v 0.516129 0.318291 0.526272
v 0.591630 0.301801 0.448500
v 0.562517 0.286169 0.502576
v 0.528428 0.377915 0.443107
v 0.499673 0.364533 0.496744
v 0.742373 0.252517 0.156505
v 0.791620 0.154950 0.095717
v 0.760622 0.202478 0.185952
v 0.783990 0.153445 0.155507
v 0.749999 0.255175 0.096809
v 0.773077 0.205441 0.066539
v -0.048043 -0.706645 0.152764
v -0.126008 -0.675185 0.279147
v -0.109209 -0.689027 0.158253
v -0.148420 -0.672727 0.217148
v -0.040595 -0.701855 0.214620
v -0.072526 -0.690695 0.278965
v -0.085878 -0.716143 -0.122581
v -0.148149 -0.707708 -0.249390
v -0.134667 -0.764598 -0.139887
v -0.167915 -0.777976 -0.214286
v -0.061753 -0.686380 -0.171503
v -0.090121 -0.679294 -0.233618
v 0.047614 -0.706691 0.152606
v 0.125807 -0.674992 0.279447
v 0.108943 -0.688883 0.158506
v 0.148434 -0.672856 0.216950
v 0.041062 -0.701595 0.214821
v 0.072474 -0.690149 0.278669
v 0.085348 -0.715866 -0.122647
v 0.147215 -0.707179 -0.248628
v 0.134127 -0.763295 -0.139379
v 0.166586 -0.777078 -0.213655
v 0.061782 -0.686165 -0.171576
v 0.090061 -0.678986 -0.233486
v -0.408936 -0.556214 0.383099
v -0.511508 -0.489795 0.330569
v -0.437227 -0.559094 0.322974
v -0.486393 -0.526761 0.297903
v -0.434520 -0.518487 0.414743
v -0.485916 -0.483922 0.387769
v -0.063691 -0.717234 0.469103
v 0.064212 -0.717750 0.469633
v -0.034311 -0.700781 0.523549
v 0.035471 -0.701110 0.523827
v -0.029023 -0.705646 0.405497
v 0.029392 -0.706122 0.405619
v -0.341292 -0.562324 0.565840
v -0.365053 -0.431339 0.595248
v -0.317522 -0.551980 0.622396
v -0.322520 -0.476426 0.627913
v -0.381825 -0.508704 0.528698
v -0.398324 -0.450404 0.548470
v -0.389248 -0.494368 -0.341538
v -0.491369 -0.442642 -0.309119
v -0.411658 -0.508019 -0.287189
v -0.461004 -0.478950 -0.269681
v -0.418829 -0.455798 -0.383524
v -0.471530 -0.432453 -0.368885
v -0.058518 -0.588617 -0.381059
v 0.058625 -0.588435 -0.381115
v -0.028889 -0.557871 -0.427300
v 0.029089 -0.557750 -0.427444
v -0.029583 -0.619048 -0.332522
v 0.029372 -0.618903 -0.332793
v -0.311528 -0.446254 -0.500314
v -0.359861 -0.380856 -0.578498
v -0.282642 -0.430183 -0.551143
v -0.305329 -0.398125 -0.588185
v -0.366783 -0.428017 -0.491729
v -0.391211 -0.395223 -0.530790
v -0.664406 -0.380070 -0.050465
v -0.668538 -0.385171 0.068125
v -0.634869 -0.415159 -0.019535
v -0.636357 -0.418564 0.039139
v -0.696500 -0.344431 -0.021586
v -0.698454 -0.345829 0.037909
v -0.562860 -0.338152 -0.418983
v -0.505952 -0.308431 -0.523733
v -0.579215 -0.295662 -0.448196
v -0.550540 -0.279080 -0.500029
v -0.518658 -0.364331 -0.442916
v -0.489916 -0.350751 -0.495320
v -0.729307 -0.252014 -0.142600
v -0.780230 -0.155283 -0.081739
v -0.741975 -0.200837 -0.173630
v -0.767747 -0.152634 -0.142528
v -0.740958 -0.255303 -0.081621
v -0.767195 -0.207581 -0.051600
v -0.572114 -0.352640 0.417432
v -0.511473 -0.318740 0.521131
v -0.588866 -0.301715 0.445407
v -0.560332 -0.285130 0.498439
v -0.525917 -0.389182 0.443559
v -0.495809 -0.373857 0.495530
v -0.741791 -0.255414 0.156698
v -0.789541 -0.158212 0.096044
v -0.759617 -0.205697 0.186596
v -0.782101 -0.156264 0.156181
v -0.749897 -0.258551 0.096691
v -0.772600 -0.209502 0.066713
v 0.408890 -0.556283 0.383339
v 0.511523 -0.489909 0.330384
v 0.437026 -0.558963 0.323160
v 0.486379 -0.526803 0.297891
v 0.434651 -0.519022 0.414845
v 0.485930 -0.483763 0.387872
v 0.340596 -0.562106 0.565593
v 0.365362 -0.430857 0.595526
v 0.316868 -0.551877 0.622440
v 0.322456 -0.476286 0.627790
v 0.381821 -0.508183 0.528667
v 0.397960 -0.450018 0.548584
v 0.389015 -0.494575 -0.341436
v 0.491379 -0.442509 -0.309168
v 0.411784 -0.508097 -0.286942
v 0.461059 -0.479111 -0.269554
v 0.418438 -0.455981 -0.383336
v 0.471664 -0.432237 -0.369005
v 0.311501 -0.446121 -0.500456
v 0.359867 -0.380925 -0.578469
v 0.282667 -0.429992 -0.551184
v 0.305364 -0.398097 -0.588217
v 0.366895 -0.428076 -0.491889
v 0.391233 -0.395160 -0.530820
v 0.664388 -0.380010 -0.050468
v 0.668522 -0.385202 0.068139
v 0.634847 -0.415185 -0.019556
v 0.636342 -0.418598 0.039121
v 0.696492 -0.344473 -0.021579
v 0.698423 -0.345847 0.037912
v 0.562882 -0.338107 -0.419000
v 0.505974 -0.308443 -0.523750
v 0.579190 -0.295623 -0.448172
v 0.550531 -0.279061 -0.500013
v 0.518641 -0.364324 -0.442950
v 0.489915 -0.350763 -0.495326
v 0.729325 -0.252023 -0.142596
v 0.780273 -0.155285 -0.081740
v 0.741962 -0.200836 -0.173630
v 0.767750 -0.152633 -0.142518
v 0.740964 -0.255282 -0.081626
v 0.767223 -0.207583 -0.051601
v 0.572029 -0.352725 0.417424
v 0.511544 -0.318670 0.521161
v 0.588873 -0.301784 0.445436
v 0.560262 -0.285082 0.498469
v 0.525901 -0.389260 0.443492
v 0.495588 -0.373749 0.495475
v 0.741732 -0.255376 0.156682
v 0.789538 -0.158222 0.096047
v 0.759577 -0.205679 0.186592
v 0.782084 -0.156274 0.156191
v 0.749918 -0.258558 0.096703
v 0.772601 -0.209510 0.066724
v 0.167896 -0.092218 0.796626
v 0.272923 -0.150833 0.758735
v 0.165822 -0.148176 0.788570
v 0.216246 -0.177886 0.764673
v 0.223237 -0.063570 0.786619
v 0.276218 -0.093495 0.769497
v -0.167880 -0.092294 0.796628
v -0.272888 -0.150902 0.758745
v -0.165750 -0.148321 0.788669
v -0.216133 -0.177844 0.764819
v -0.223238 -0.063546 0.786651
v -0.276209 -0.093505 0.769500
v 0.168071 0.090603 0.795316
v 0.273504 0.155500 0.759822
v 0.166622 0.153377 0.787636
v 0.219151 0.185379 0.769250
v 0.223038 0.059870 0.785311
v 0.275777 0.092340 0.768479
v -0.168085 0.090602 0.795306
v -0.273511 0.155511 0.759822
v -0.166620 0.153370 0.787642
v -0.219146 0.185391 0.769259
v -0.223044 0.059875 0.785296
v -0.275795 0.092327 0.768470
v 0.424811 -0.064095 0.702257
v 0.424129 0.062334 0.702181
v 0.471829 -0.032930 0.675820
v 0.471715 0.030241 0.676014
v 0.376914 -0.032954 0.729131
v 0.376525 0.030141 0.729025
v -0.424792 -0.064039 0.702247
v -0.424148 0.062323 0.702186
v -0.471802 -0.032931 0.675810
v -0.471694 0.030228 0.675960
v -0.376878 -0.032925 0.729172
v -0.376539 0.030143 0.729052
v 0.167337 -0.091985 -0.795764
v 0.270358 -0.155915 -0.755081
v 0.165564 -0.154354 -0.786686
v 0.216635 -0.185425 -0.765383
v 0.221137 -0.060985 -0.783913
v 0.273173 -0.093228 -0.764471
v -0.167340 -0.091981 -0.795762
v -0.270376 -0.155926 -0.755130
v -0.165564 -0.154351 -0.786683
v -0.216626 -0.185427 -0.765365
v -0.221137 -0.060987 -0.783909
v -0.273171 -0.093220 -0.764471
v 0.166760 0.097526 -0.797490
v 0.272806 0.161004 -0.767415
v 0.168371 0.161050 -0.804654
v 0.225494 0.194383 -0.799477
v 0.220086 0.066300 -0.784851
v 0.271993 0.097642 -0.766228
v -0.166664 0.097573 -0.797330
v -0.272816 0.160998 -0.767439
v -0.168347 0.161103 -0.804671
v -0.225514 0.194390 -0.799531
v -0.220048 0.066239 -0.784885
v -0.271984 0.097643 -0.766238
v 0.422520 -0.061757 -0.699542
v 0.421533 0.065657 -0.699838
v 0.468214 -0.029688 -0.672106
v 0.467994 0.033291 -0.672515
v 0.375981 -0.029672 -0.727677
v 0.375183 0.034505 -0.727486
v -0.422526 -0.061754 -0.699549
v -0.421529 0.065657 -0.699842
v -0.468220 -0.029690 -0.672119
v -0.467997 0.033290 -0.672522
v -0.375985 -0.029677 -0.727678
v -0.375177 0.034504 -0.727492
v -0.329443 0.589290 0.038872
v -0.329836 0.595343 -0.040041
v -0.274450 0.604582 0.039484
v -0.274376 0.612004 -0.045283
v -0.407931 0.556528 0.065787
v -0.306269 0.587547 0.079779
v -0.392191 0.552508 0.111409
v -0.411739 0.568092 -0.062958
v -0.307856 0.604720 -0.087336
v -0.397991 0.574087 -0.113471
v -0.456425 0.543979 0.003002
v -0.446494 0.553878 -0.095771
v -0.494963 0.527223 -0.021942
v -0.441022 0.535833 0.098336
v -0.493860 0.522962 0.029375
v 0.329426 0.589341 0.038927
v 0.329788 0.595399 -0.039957
v 0.274512 0.604650 0.039464
v 0.274395 0.612002 -0.045243
v 0.407900 0.556601 0.065890
v 0.306287 0.587555 0.079776
v 0.392198 0.552494 0.111447
v 0.411625 0.568011 -0.063015
v 0.307637 0.604443 -0.087572
v 0.398021 0.574396 -0.113637
v 0.456408 0.544071 0.002940
v 0.446536 0.553939 -0.095809
v 0.495131 0.527284 -0.021969
v 0.441079 0.535800 0.098410
v 0.493829 0.523018 0.029435
v -0.339964 -0.632993 0.046485
v -0.343736 -0.649328 -0.039039
v -0.286638 -0.653695 0.048422
v -0.299981 -0.690846 -0.042813
v -0.422751 -0.596421 0.076698
v -0.318274 -0.635576 0.094930
v -0.411680 -0.601433 0.127908
v -0.411932 -0.594728 -0.059915
v -0.334021 -0.680990 -0.087028
v -0.398206 -0.601022 -0.110311
v -0.464121 -0.567194 0.010033
v -0.440036 -0.564588 -0.090614
v -0.497698 -0.537995 -0.014894
v -0.464486 -0.581534 0.112530
v -0.500781 -0.542625 0.037482
v 0.340110 -0.632796 0.046101
v 0.343551 -0.649257 -0.038723
v 0.286770 -0.653768 0.048495
v 0.299794 -0.690606 -0.042715
v 0.422607 -0.596479 0.076698
v 0.318007 -0.635353 0.094961
v 0.412496 -0.601963 0.127955
v 0.412121 -0.594870 -0.059975
v 0.334033 -0.680939 -0.087005
v 0.398266 -0.601235 -0.109999
v 0.463997 -0.567129 0.010058
v 0.440586 -0.564607 -0.090103
v 0.497530 -0.537852 -0.014972
v 0.464296 -0.581503 0.112444
v 0.500665 -0.542447 0.037394
v 0.000026 -0.540491 0.698383
v -0.077004 -0.480058 0.707591
v -0.032943 -0.590752 0.685456
v -0.118968 -0.530167 0.701075
v 0.076244 -0.480078 0.707728
v 0.032629 -0.590842 0.685173
v 0.118637 -0.530565 0.701466
v 0.044898 -0.383128 0.725412
v -0.044540 -0.383147 0.725045
v 0.048129 -0.323158 0.739705
v -0.048034 -0.321962 0.739923
v 0.131194 -0.462662 0.705369
v 0.093879 -0.357690 0.726179
v -0.131016 -0.462568 0.705559
v -0.093969 -0.357342 0.726256
v -0.000004 0.434933 0.639181
v -0.071068 0.411606 0.674041
v -0.027228 0.452211 0.601894
v -0.104944 0.427583 0.640765
v 0.071067 0.411601 0.674042
v 0.027219 0.452206 0.601924
v 0.104939 0.427581 0.640764
v 0.044628 0.363944 0.724690
v -0.044639 0.363957 0.724699
v 0.049126 0.319934 0.747506
v -0.049124 0.319921 0.747501
v 0.123421 0.401613 0.675290
v 0.094996 0.345763 0.730589
v -0.123425 0.401638 0.675310
v -0.095006 0.345776 0.730587
v 0.000083 -0.429474 -0.638135
v -0.071178 -0.404582 -0.672676
v -0.027060 -0.449277 -0.601199
v -0.104397 -0.420985 -0.639999
v 0.071175 -0.404576 -0.672702
v 0.026986 -0.449285 -0.601198
v 0.104401 -0.420956 -0.640081
v 0.044690 -0.358408 -0.722258
v -0.044689 -0.358405 -0.722264
v 0.049167 -0.317239 -0.745482
v -0.049160 -0.317239 -0.745476
v 0.123454 -0.394895 -0.674521
v 0.095109 -0.340511 -0.727249
v -0.123452 -0.394897 -0.674504
v -0.095113 -0.340504 -0.727253
v -0.000032 0.494481 -0.672019
v -0.073884 0.441953 -0.690984
v -0.030555 0.541320 -0.654230
v -0.111921 0.478987 -0.672069
v 0.074330 0.441931 -0.691207
v 0.031002 0.541491 -0.654631
v 0.112252 0.479614 -0.672386
v 0.045238 0.365692 -0.730517
v -0.045252 0.365928 -0.730771
v 0.049793 0.319024 -0.758749
v -0.050013 0.318896 -0.758778
v 0.127031 0.426176 -0.691200
v 0.095814 0.345724 -0.738149
v -0.127000 0.425794 -0.690768
v -0.095861 0.345609 -0.738274
v 0.678967 0.068154 -0.454956
v 0.723699 0.041833 -0.381065
v 0.672854 0.116829 -0.436559
v 0.722308 0.087531 -0.355366
v 0.677506 -0.066525 -0.453932
v 0.722334 -0.040136 -0.380469
v 0.671823 -0.117173 -0.435720
v 0.720151 -0.087408 -0.354494
v 0.656479 0.001396 -0.502914
v 0.646634 -0.101095 -0.483413
v 0.625526 -0.025828 -0.538022
v 0.647760 0.101701 -0.484539
v 0.626118 0.028403 -0.538555
v 0.741753 0.045280 -0.326020
v 0.740110 -0.044253 -0.325508
v 0.695825 0.068826 0.457350
v 0.744165 0.042081 0.383199
v 0.691185 0.119508 0.439067
v 0.744529 0.089584 0.358492
v 0.693629 -0.070797 0.457199
v 0.742188 -0.043158 0.383223
v 0.689518 -0.122224 0.439516
v 0.741593 -0.091539 0.358860
v 0.669160 -0.000908 0.505602
v 0.661438 -0.105739 0.487262
v 0.635421 -0.029119 0.541146
v 0.662882 0.103127 0.487002
v 0.636387 0.026535 0.541466
v 0.766338 0.045985 0.330669
v 0.764005 -0.046963 0.330962
v -0.678995 0.068158 -0.454972
v -0.723686 0.041842 -0.381060
v -0.672878 0.116810 -0.436568
v -0.722301 0.087507 -0.355361
v -0.677491 -0.066527 -0.453917
v -0.722332 -0.040123 -0.380465
v -0.671831 -0.117169 -0.435725
v -0.720157 -0.087413 -0.354497
v -0.656447 0.001405 -0.502889
v -0.646667 -0.101099 -0.483437
v -0.625543 -0.025822 -0.538053
v -0.647775 0.101683 -0.484534
v -0.626105 0.028404 -0.538555
v -0.741711 0.045272 -0.325991
v -0.740096 -0.044252 -0.325499
v -0.695810 0.068812 0.457347
v -0.744164 0.042072 0.383200
v -0.691180 0.119501 0.439073
v -0.744536 0.089570 0.358498
v -0.693604 -0.070794 0.457202
v -0.742201 -0.043163 0.383220
v -0.689489 -0.122225 0.439538
v -0.741605 -0.091543 0.358854
v -0.669167 -0.000898 0.505595
v -0.661417 -0.105748 0.487280
v -0.635432 -0.029113 0.541147
v -0.662875 0.103117 0.487002
v -0.636390 0.026540 0.541471
v -0.766344 0.045972 0.330678
v -0.764006 -0.046959 0.330946
v -0.042959 0.660434 0.015585
v -0.038640 0.674184 -0.045124
v -0.088383 0.651047 0.025190
v -0.083042 0.663309 -0.044535
v 0.042942 0.660457 0.015603
v 0.038697 0.674273 -0.045173
v 0.088400 0.651033 0.025200
v 0.083061 0.663442 -0.044602
v 0.000002 0.653206 0.038560
v -0.074159 0.643853 0.059644
v -0.019395 0.635434 0.095085
v 0.000111 0.683819 -0.083105
v -0.060005 0.672567 -0.082347
v -0.012867 0.687262 -0.128107
v 0.074176 0.643866 0.059653
v 0.019415 0.635420 0.095081
v 0.060114 0.672542 -0.082593
v 0.013001 0.687024 -0.128269
v -0.218349 0.557958 0.266277
v -0.310233 0.522937 0.311639
v -0.240305 0.567955 0.216629
v -0.333155 0.532779 0.260311
v -0.143348 0.517173 0.418115
v -0.232690 0.487822 0.465616
v -0.115330 0.502110 0.467966
v -0.202669 0.473844 0.513618
v -0.138026 0.553108 0.316177
v -0.183444 0.579568 0.215868
v -0.106352 0.573866 0.263343
v -0.318500 0.488901 0.410226
v -0.367814 0.509670 0.305316
v -0.375117 0.475339 0.401661
v -0.085743 0.522684 0.418606
v -0.082154 0.558835 0.315131
v -0.260539 0.463555 0.509007
v -0.348191 0.464322 0.453577
v -0.218331 0.658932 -0.328527
v -0.323953 0.627511 -0.368253
v -0.241497 0.640887 -0.262014
v -0.342958 0.612684 -0.302383
v -0.169606 0.710841 -0.504183
v -0.240837 0.600781 -0.522790
v -0.135127 0.661404 -0.548960
v -0.217240 0.579738 -0.573373
v -0.173667 0.814239 -0.415026
v -0.181205 0.662257 -0.271426
v -0.107544 0.704108 -0.347887
v -0.330643 0.591020 -0.460538
v -0.392579 0.615835 -0.360814
v -0.394419 0.571942 -0.448584
v -0.109391 0.708108 -0.500693
v -0.100905 0.746750 -0.399458
v -0.269594 0.545219 -0.552407
v -0.352704 0.537498 -0.486221
v -0.554487 0.439909 -0.229994
v -0.614666 0.410938 -0.140090
v -0.531595 0.478223 -0.197693
v -0.588957 0.447177 -0.108927
v -0.624252 0.309848 -0.330321
v -0.679788 0.280582 -0.237822
v -0.642870 0.264439 -0.362777
v -0.694999 0.232922 -0.269386
v -0.556922 0.390499 -0.323166
v -0.511908 0.476972 -0.259466
v -0.513073 0.429316 -0.350914
v -0.676977 0.334401 -0.142971
v -0.626954 0.414661 -0.080741
v -0.689090 0.340099 -0.081822
v -0.603945 0.299505 -0.391122
v -0.535629 0.380930 -0.382029
v -0.712665 0.239564 -0.206530
v -0.711475 0.294931 -0.112752
v -0.572580 0.435568 0.238308
v -0.625846 0.412281 0.153838
v -0.542117 0.463163 0.203113
v -0.595912 0.443266 0.121723
v -0.643375 0.326190 0.335046
v -0.698747 0.292673 0.246599
v -0.659735 0.277444 0.364205
v -0.717028 0.244242 0.276124
v -0.579067 0.397602 0.329746
v -0.525368 0.457476 0.260087
v -0.531726 0.421777 0.352715
v -0.688975 0.341704 0.156713
v -0.634267 0.415813 0.095326
v -0.696925 0.345323 0.097194
v -0.618737 0.314976 0.392404
v -0.554363 0.387760 0.386594
v -0.732366 0.249434 0.216416
v -0.720806 0.300244 0.126956
v 0.218317 0.557975 0.266272
v 0.310240 0.522943 0.311641
v 0.240343 0.567928 0.216639
v 0.333155 0.532773 0.260310
v 0.143352 0.517175 0.418100
v 0.232686 0.487823 0.465621
v 0.115332 0.502126 0.467967
v 0.202677 0.473841 0.513626
v 0.138039 0.553123 0.316184
v 0.183415 0.579549 0.215855
v 0.106340 0.573850 0.263374
v 0.085741 0.522690 0.418610
v 0.082160 0.558815 0.315101
v 0.318491 0.488892 0.410209
v 0.367783 0.509666 0.305281
v 0.375144 0.475338 0.401689
v 0.260529 0.463543 0.508988
v 0.348191 0.464325 0.453563
v 0.218331 0.658911 -0.328478
v 0.323419 0.627911 -0.368114
v 0.241339 0.641343 -0.262175
v 0.343421 0.612494 -0.303708
v 0.169729 0.710476 -0.504478
v 0.241522 0.600651 -0.523520
v 0.135136 0.661491 -0.548744
v 0.219188 0.580110 -0.575191
v 0.173717 0.814132 -0.415291
v 0.181341 0.662198 -0.271302
v 0.107630 0.704169 -0.347958
v 0.109618 0.707943 -0.500639
v 0.101121 0.746823 -0.399402
v 0.330249 0.590965 -0.460838
v 0.391714 0.614017 -0.360109
v 0.393892 0.571890 -0.447809
v 0.269566 0.545542 -0.552850
v 0.352450 0.537090 -0.485819
v 0.554344 0.439807 -0.230134
v 0.614505 0.410957 -0.140171
v 0.531078 0.477704 -0.197448
v 0.588965 0.447162 -0.108902
v 0.624075 0.309822 -0.330310
v 0.679820 0.280592 -0.237835
v 0.642932 0.264417 -0.362768
v 0.695033 0.232906 -0.269352
v 0.557374 0.390590 -0.323457
v 0.511749 0.476926 -0.259349
v 0.512960 0.429330 -0.350873
v 0.677223 0.334596 -0.142909
v 0.626930 0.414553 -0.080594
v 0.689220 0.340135 -0.081810
v 0.603906 0.299446 -0.391001
v 0.535458 0.381086 -0.381917
v 0.712683 0.239519 -0.206505
v 0.711534 0.294894 -0.112798
v 0.572561 0.435540 0.238285
v 0.625830 0.412295 0.153814
v 0.542130 0.463185 0.203104
v 0.595885 0.443313 0.121707
v 0.643360 0.326195 0.335035
v 0.698750 0.292680 0.246603
v 0.659732 0.277452 0.364202
v 0.717023 0.244245 0.276125
v 0.579084 0.397603 0.329766
v 0.525379 0.457485 0.260076
v 0.531726 0.421792 0.352712
v 0.689007 0.341720 0.156727
v 0.634253 0.415855 0.095313
v 0.696948 0.345332 0.097195
v 0.618742 0.314972 0.392397
v 0.554357 0.387752 0.386581
v 0.732371 0.249435 0.216420
v 0.720812 0.300243 0.126966
v -0.045546 -0.717102 0.060653
v -0.072047 -0.722154 -0.023626
v -0.099341 -0.703560 0.055265
v -0.124913 -0.729921 -0.034572
v 0.045458 -0.716998 0.060786
v 0.072493 -0.722351 -0.024212
v 0.099252 -0.703622 0.055365
v 0.125162 -0.729907 -0.034553
v -0.000063 -0.719295 0.109100
v -0.065080 -0.706721 0.102767
v -0.015560 -0.713918 0.156155
v 0.000010 -0.707800 -0.056083
v -0.105316 -0.733780 -0.078256
v -0.030010 -0.694129 -0.109508
v 0.064939 -0.706724 0.102580
v 0.015232 -0.714117 0.156068
v 0.105650 -0.733904 -0.078273
v 0.030105 -0.694136 -0.109575
v -0.221380 -0.644974 0.337428
v -0.319258 -0.611233 0.369464
v -0.245962 -0.640817 0.268543
v -0.344581 -0.606320 0.303692
v -0.177531 -0.809018 0.548843
v -0.302685 -0.712176 0.591669
v -0.139389 -0.783621 0.626691
v -0.274286 -0.708350 0.663087
v -0.145686 -0.697883 0.412071
v -0.185389 -0.658792 0.276687
v -0.104452 -0.682557 0.344371
v -0.331880 -0.601606 0.477290
v -0.378271 -0.584702 0.345783
v -0.382746 -0.556874 0.443908
v -0.102394 -0.743867 0.539040
v -0.087530 -0.706475 0.408335
v -0.310120 -0.630633 0.612244
v -0.361526 -0.561492 0.506151
v -0.240631 -0.661762 -0.297792
v -0.311915 -0.567075 -0.315372
v -0.286311 -0.718695 -0.269347
v -0.341748 -0.591798 -0.269371
v -0.144029 -0.546654 -0.422671
v -0.227919 -0.497460 -0.462487
v -0.114521 -0.519411 -0.469085
v -0.198846 -0.476222 -0.511190
v -0.147636 -0.619759 -0.334338
v -0.216807 -0.741332 -0.273247
v -0.119254 -0.656150 -0.288058
v -0.310995 -0.500986 -0.405317
v -0.361807 -0.536880 -0.302366
v -0.364892 -0.478962 -0.395295
v -0.086720 -0.553553 -0.425509
v -0.088542 -0.619089 -0.332992
v -0.255622 -0.462096 -0.507184
v -0.338655 -0.462777 -0.448181
v -0.555598 -0.424104 -0.225412
v -0.616579 -0.404460 -0.138195
v -0.526794 -0.459185 -0.189543
v -0.589592 -0.438705 -0.105253
v -0.625464 -0.315189 -0.330681
v -0.680223 -0.286234 -0.236943
v -0.641890 -0.271394 -0.361628
v -0.694544 -0.238772 -0.268305
v -0.563100 -0.381669 -0.323735
v -0.509136 -0.451424 -0.248890
v -0.519720 -0.408030 -0.348917
v -0.679469 -0.338119 -0.142170
v -0.629512 -0.411120 -0.078405
v -0.690403 -0.342294 -0.081396
v -0.603874 -0.306959 -0.391412
v -0.542992 -0.374032 -0.385482
v -0.712384 -0.245370 -0.205330
v -0.711875 -0.299516 -0.111994
v -0.572057 -0.454774 0.243893
v -0.625891 -0.421027 0.156695
v -0.545601 -0.490742 0.212030
v -0.597419 -0.456011 0.126557
v -0.640708 -0.327235 0.334399
v -0.697463 -0.294513 0.246830
v -0.657690 -0.278360 0.363322
v -0.715820 -0.246591 0.276525
v -0.579331 -0.411714 0.333480
v -0.529854 -0.491174 0.271107
v -0.534832 -0.448606 0.361056
v -0.687937 -0.343638 0.157063
v -0.634516 -0.421460 0.097878
v -0.696860 -0.346869 0.097309
v -0.616210 -0.316008 0.390837
v -0.554353 -0.402073 0.389484
v -0.731436 -0.251988 0.216846
v -0.720534 -0.302578 0.126883
v 0.221138 -0.644990 0.337283
v 0.319557 -0.611238 0.369744
v 0.246343 -0.641132 0.268591
v 0.344745 -0.606379 0.303244
v 0.178154 -0.809545 0.548792
v 0.302729 -0.712744 0.591730
v 0.139237 -0.783573 0.625788
v 0.273538 -0.709623 0.662837
v 0.146271 -0.698273 0.412587
v 0.184906 -0.658304 0.276664
v 0.105272 -0.683058 0.344402
v 0.102860 -0.743980 0.538937
v 0.087729 -0.706551 0.408609
v 0.332091 -0.602056 0.477680
v 0.378434 -0.585173 0.345690
v 0.383041 -0.556864 0.444010
v 0.308340 -0.630097 0.610906
v 0.361351 -0.561145 0.505053
v 0.240453 -0.662240 -0.297574
v 0.311682 -0.566913 -0.314997
v 0.285630 -0.720768 -0.269212
v 0.341501 -0.592329 -0.269133
v 0.143733 -0.546733 -0.422346
v 0.228249 -0.497124 -0.462777
v 0.114467 -0.519151 -0.469055
v 0.198859 -0.476120 -0.511287
v 0.146805 -0.619763 -0.334192
v 0.214522 -0.741182 -0.273142
v 0.118573 -0.656506 -0.287723
v 0.086744 -0.553803 -0.425216
v 0.088164 -0.619174 -0.333191
v 0.310734 -0.501050 -0.405143
v 0.361754 -0.537250 -0.302212
v 0.364753 -0.479132 -0.395180
v 0.255615 -0.462192 -0.507183
v 0.338653 -0.462717 -0.448009
v 0.555599 -0.424109 -0.225374
v 0.616623 -0.404553 -0.138226
v 0.526843 -0.458985 -0.189645
v 0.589568 -0.438783 -0.105266
v 0.625462 -0.315146 -0.330695
v 0.680167 -0.286188 -0.236954
v 0.641880 -0.271387 -0.361628
v 0.694528 -0.238788 -0.268289
v 0.563114 -0.381749 -0.323805
v 0.509243 -0.451672 -0.248955
v 0.519657 -0.407988 -0.348933
v 0.679524 -0.338090 -0.142193
v 0.629474 -0.411158 -0.078434
v 0.690356 -0.342256 -0.081390
v 0.603873 -0.306929 -0.391432
v 0.542971 -0.374136 -0.385455
v 0.712376 -0.245366 -0.205330
v 0.711857 -0.299508 -0.111992
v 0.572128 -0.454843 0.243873
v 0.625921 -0.421055 0.156744
v 0.545591 -0.490827 0.212028
v 0.597420 -0.456022 0.126648
v 0.640702 -0.327207 0.334402
v 0.697470 -0.294518 0.246822
v 0.657715 -0.278354 0.363348
v 0.715908 -0.246619 0.276525
v 0.579247 -0.411684 0.333440
v 0.529899 -0.490760 0.271021
v 0.534757 -0.448725 0.360926
v 0.687934 -0.343634 0.157042
v 0.634524 -0.421494 0.097882
v 0.696853 -0.346882 0.097281
v 0.616204 -0.316023 0.390796
v 0.554249 -0.402136 0.389463
v 0.731456 -0.251984 0.216830
v 0.720535 -0.302571 0.126874
v 0.056152 -0.092136 0.813071
v -0.056163 -0.092166 0.812989
v 0.055535 -0.147063 0.806691
v -0.055497 -0.147166 0.806702
v 0.056282 0.089662 0.811399
v -0.056284 0.089661 0.811396
v 0.055792 0.152332 0.803712
v -0.055785 0.152330 0.803739
v 0.112709 -0.003417 0.808593
v 0.111692 -0.119911 0.803483
v 0.168521 -0.033568 0.799481
v -0.112719 -0.003395 0.808538
v -0.111685 -0.120076 0.803480
v -0.168513 -0.033578 0.799452
v 0.112083 0.121463 0.801784
v 0.168469 0.027837 0.798727
v -0.112081 0.121457 0.801780
v -0.168498 0.027845 0.798761
v 0.337586 -0.337822 0.648324
v 0.307052 -0.242853 0.702980
v 0.287309 -0.373386 0.666914
v 0.252446 -0.272839 0.711987
v 0.491753 -0.239165 0.593899
v 0.466064 -0.154411 0.659515
v 0.540820 -0.207949 0.572833
v 0.512853 -0.124348 0.635698
v 0.425849 -0.329997 0.588562
v 0.328411 -0.404862 0.635088
v 0.412707 -0.390452 0.568293
v 0.526999 -0.263630 0.547370
v 0.461918 -0.353767 0.543874
v 0.373060 -0.153053 0.714336
v 0.263001 -0.210366 0.734689
v 0.326109 -0.123138 0.744645
v 0.470182 -0.094657 0.670848
v 0.376318 -0.094166 0.725138
v -0.337286 -0.338285 0.648424
v -0.307291 -0.243012 0.702789
v -0.287052 -0.373208 0.666745
v -0.252633 -0.272999 0.712368
v -0.491897 -0.239126 0.594068
v -0.466103 -0.154369 0.659536
v -0.540910 -0.208061 0.572847
v -0.512882 -0.124305 0.635687
v -0.426175 -0.330198 0.588906
v -0.328627 -0.405135 0.634771
v -0.412053 -0.390450 0.567654
v -0.526950 -0.263572 0.547458
v -0.461466 -0.353289 0.543474
v -0.373136 -0.153097 0.714291
v -0.263078 -0.210500 0.735045
v -0.326109 -0.123195 0.744683
v -0.470209 -0.094631 0.670868
v -0.376297 -0.094148 0.725120
v 0.344354 0.328314 0.652419
v 0.313567 0.246645 0.712812
v 0.290736 0.351512 0.662782
v 0.259576 0.273743 0.722490
v 0.494892 0.242097 0.599665
v 0.464878 0.155792 0.659973
v 0.541574 0.209449 0.575669
v 0.512027 0.123138 0.635346
v 0.432378 0.324183 0.593053
v 0.329074 0.373357 0.622719
v 0.416165 0.369233 0.562898
v 0.530096 0.265894 0.552827
v 0.467164 0.345600 0.546167
v 0.371826 0.156853 0.715109
v 0.268003 0.216508 0.743936
v 0.324933 0.124883 0.744028
v 0.469366 0.093431 0.670594
v 0.375067 0.093832 0.724692
v -0.344356 0.328333 0.652437
v -0.313594 0.246664 0.712844
v -0.290735 0.351520 0.662781
v -0.259581 0.273749 0.722533
v -0.494886 0.242087 0.599674
v -0.464871 0.155783 0.659953
v -0.541575 0.209464 0.575715
v -0.512022 0.123135 0.635341
v -0.432369 0.324167 0.593040
v -0.329088 0.373381 0.622750
v -0.416167 0.369245 0.562901
v -0.530068 0.265876 0.552812
v -0.467174 0.345626 0.546176
v -0.371832 0.156856 0.715115
v -0.267998 0.216512 0.743924
v -0.324958 0.124884 0.744031
v -0.469366 0.093407 0.670584
v -0.375080 0.093817 0.724669
v 0.056375 -0.090911 -0.809652
v -0.056370 -0.090905 -0.809623
v 0.055730 -0.152830 -0.801111
v -0.055730 -0.152825 -0.801088
v 0.056034 0.096712 -0.811879
v -0.056031 0.096728 -0.811797
v 0.056304 0.157842 -0.813782
v -0.056317 0.157868 -0.813745
v 0.112247 0.002873 -0.809285
v 0.112020 -0.122724 -0.801760
v 0.167528 -0.028859 -0.799910
v -0.112336 0.002908 -0.809225
v -0.112021 -0.122727 -0.801817
v -0.167540 -0.028857 -0.799892
v 0.111927 0.128136 -0.808634
v 0.166341 0.034340 -0.797514
v -0.112138 0.128258 -0.808500
v -0.166372 0.034343 -0.797494
v 0.339819 -0.321325 -0.648755
v 0.310251 -0.245067 -0.708749
v 0.286697 -0.343742 -0.660159
v 0.257087 -0.272000 -0.719301
v 0.487307 -0.239493 -0.595539
v 0.459471 -0.154803 -0.654345
v 0.532015 -0.207139 -0.571339
v 0.504953 -0.122154 -0.628934
v 0.427331 -0.318814 -0.592543
v 0.324354 -0.363093 -0.620594
v 0.410931 -0.359793 -0.563884
v 0.520191 -0.260803 -0.549542
v 0.459394 -0.335339 -0.545201
v 0.369541 -0.156868 -0.711750
v 0.265143 -0.216077 -0.739755
v 0.322740 -0.125202 -0.740248
v 0.464935 -0.092621 -0.665483
v 0.374171 -0.093921 -0.722700
v -0.339825 -0.321332 -0.648736
v -0.310257 -0.245059 -0.708752
v -0.286727 -0.343757 -0.660174
v -0.257091 -0.271994 -0.719303
v -0.487310 -0.239472 -0.595547
v -0.459461 -0.154815 -0.654347
v -0.532015 -0.207124 -0.571346
v -0.504940 -0.122156 -0.628923
v -0.427297 -0.318835 -0.592520
v -0.324358 -0.363051 -0.620600
v -0.410943 -0.359733 -0.563894
v -0.520189 -0.260796 -0.549542
v -0.459371 -0.335303 -0.545171
v -0.369523 -0.156870 -0.711722
v -0.265141 -0.216089 -0.739741
v -0.322753 -0.125206 -0.740286
v -0.464938 -0.092624 -0.665501
v -0.374172 -0.093916 -0.722700
v 0.338218 0.321896 -0.649086
v 0.313091 0.245345 -0.719264
v 0.285955 0.351027 -0.663912
v 0.260761 0.273742 -0.734139
v 0.489252 0.234649 -0.596522
v 0.459159 0.155289 -0.655660
v 0.532925 0.203645 -0.572194
v 0.504465 0.123110 -0.629397
v 0.425084 0.313965 -0.587927
v 0.322631 0.375440 -0.622953
v 0.406288 0.366412 -0.558747
v 0.521443 0.254144 -0.549286
v 0.455225 0.334685 -0.539330
v 0.369895 0.160116 -0.717473
v 0.272528 0.221349 -0.763566
v 0.322284 0.129375 -0.744429
v 0.464227 0.095141 -0.666186
v 0.372534 0.097908 -0.723212
v -0.339100 0.321543 -0.649672
v -0.313224 0.245368 -0.719454
v -0.286476 0.350902 -0.664222
v -0.260370 0.274160 -0.734199
v -0.489154 0.234654 -0.596541
v -0.459177 0.155271 -0.655661
v -0.532934 0.203656 -0.572177
v -0.504479 0.123103 -0.629413
v -0.424835 0.314184 -0.587565
v -0.322901 0.375505 -0.622627
v -0.406372 0.366347 -0.558750
v -0.521370 0.254241 -0.549408
v -0.455133 0.334206 -0.539278
v -0.369885 0.160078 -0.717462
v -0.272618 0.221326 -0.763648
v -0.322311 0.129429 -0.744518
v -0.464229 0.095129 -0.666189
v -0.372518 0.097888 -0.723198
v 0.808874 0.050562 -0.082372
v 0.806942 -0.051218 -0.081957
v 0.796407 0.049828 -0.142916
v 0.794589 -0.050034 -0.142386
v 0.817457 0.052274 0.095012
v 0.815280 -0.052504 0.095284
v 0.810122 0.051745 0.155084
v 0.807976 -0.051920 0.155471
v 0.809461 0.102723 0.006452
v 0.792492 0.100269 -0.112721
v 0.791706 0.153251 -0.022765
v 0.803954 0.103437 0.125190
v 0.793082 0.154410 0.036420
v 0.806305 -0.105152 0.006867
v 0.789516 -0.102364 -0.111988
v 0.789662 -0.157254 -0.022156
v 0.801093 -0.105092 0.125740
v 0.791067 -0.157980 0.036776
v -0.808902 0.050560 -0.082370
v -0.806934 -0.051213 -0.081962
v -0.796451 0.049828 -0.142919
v -0.794586 -0.050033 -0.142381
v -0.817464 0.052281 0.095017
v -0.815282 -0.052509 0.095284
v -0.810134 0.051726 0.155070
v -0.807982 -0.051930 0.155480
v -0.809473 0.102733 0.006444
v -0.792464 0.100255 -0.112713
v -0.791706 0.153241 -0.022765
v -0.803938 0.103429 0.125183
v -0.793083 0.154409 0.036410
v -0.806333 -0.105166 0.006853
v -0.789522 -0.102359 -0.111986
v -0.789671 -0.157260 -0.022158
v -0.801119 -0.105093 0.125740
v -0.791071 -0.157980 0.036772
v -0.190024 0.616760 0.077622
v -0.226099 0.597960 0.123344
v -0.187922 0.640176 -0.096069
v -0.225988 0.633553 -0.147406
v -0.168096 0.611028 0.119607
v -0.165348 0.651186 -0.149737
v -0.409235 0.525088 0.199673
v -0.461052 0.507823 0.185659
v -0.443736 0.501744 0.239901
v -0.412801 0.569004 -0.214873
v -0.462678 0.540503 -0.190137
v -0.444535 0.548997 -0.255462
v -0.565941 0.476869 -0.022321
v -0.568263 0.475451 0.033899
v -0.601473 0.447157 0.006739
v 0.190065 0.616759 0.077549
v 0.226107 0.597873 0.123339
v 0.188222 0.639959 -0.096511
v 0.226077 0.633821 -0.146957
v 0.168045 0.611033 0.119658
v 0.165033 0.651097 -0.149542
v 0.409219 0.525099 0.199651
v 0.461007 0.507809 0.185636
v 0.443726 0.501744 0.239873
v 0.412988 0.569242 -0.214823
v 0.462766 0.540401 -0.190064
v 0.444412 0.549385 -0.255863
v 0.565955 0.476882 -0.022334
v 0.568322 0.475377 0.033938
v 0.601484 0.447099 0.006762
v -0.197508 -0.670883 0.102980
v -0.234076 -0.654536 0.154738
v -0.227640 -0.788495 -0.085719
v -0.278788 -0.784576 -0.156881
v -0.171857 -0.671686 0.158679
v -0.199288 -0.800599 -0.150966
v -0.432951 -0.587283 0.224475
v -0.481471 -0.560393 0.204063
v -0.461872 -0.560820 0.262951
v -0.404977 -0.558388 -0.196976
v -0.450997 -0.524959 -0.176828
v -0.431988 -0.518145 -0.232332
v -0.567374 -0.478078 -0.016774
v -0.567731 -0.482425 0.039554
v -0.601992 -0.448972 0.010701
v 0.198275 -0.671560 0.103203
v 0.233784 -0.654570 0.154952
v 0.227520 -0.788376 -0.085521
v 0.278807 -0.784860 -0.156511
v 0.171210 -0.671040 0.158272
v 0.197950 -0.801005 -0.149886
v 0.432780 -0.587293 0.224458
v 0.481383 -0.560433 0.203958
v 0.461802 -0.560793 0.262909
v 0.404727 -0.558149 -0.196803
v 0.451161 -0.524644 -0.176642
v 0.432004 -0.517725 -0.232207
v 0.567262 -0.478050 -0.016839
v 0.567809 -0.482414 0.039515
v 0.601958 -0.448972 0.010649
v -0.036808 -0.666939 0.628033
v 0.037083 -0.667327 0.628257
v -0.235303 -0.568683 0.698118
v -0.234233 -0.482811 0.686151
v 0.000388 -0.670630 0.573334
v -0.285525 -0.526130 0.670143
v 0.234460 -0.568792 0.698285
v 0.234338 -0.483125 0.686080
v 0.285660 -0.526555 0.670699
v 0.104506 -0.232408 0.766038
v 0.152559 -0.266858 0.743577
v -0.104367 -0.232582 0.766062
v -0.152353 -0.266910 0.743199
v 0.159624 -0.205713 0.766804
v -0.159654 -0.205633 0.767137
v -0.028662 0.488337 0.515482
v 0.028664 0.488358 0.515493
v -0.196119 0.435448 0.600850
v -0.217252 0.406365 0.636866
v -0.000005 0.506550 0.467511
v -0.253335 0.423574 0.595828
v 0.196104 0.435415 0.600813
v 0.217252 0.406373 0.636870
v 0.253328 0.423598 0.595815
v 0.107279 0.242600 0.775028
v 0.157027 0.271321 0.754196
v -0.107295 0.242611 0.775024
v -0.157012 0.271318 0.754199
v 0.163190 0.214339 0.774181
v -0.163182 0.214350 0.774179
v -0.028304 -0.497868 -0.516219
v 0.028365 -0.497782 -0.516308
v -0.193511 -0.427459 -0.600303
v -0.214877 -0.397913 -0.637036
v -0.000078 -0.526738 -0.472233
v -0.249958 -0.413949 -0.595962
v 0.193521 -0.427385 -0.600484
v 0.214891 -0.397899 -0.637046
v 0.249928 -0.413872 -0.596020
v 0.106765 -0.241670 -0.772057
v 0.156063 -0.269548 -0.750696
v -0.106763 -0.241676 -0.772055
v -0.156062 -0.269550 -0.750692
v 0.161893 -0.214175 -0.771378
v -0.161892 -0.214180 -0.771375
v -0.034981 0.639786 -0.602712
v 0.035545 0.639640 -0.603078
v -0.213566 0.498316 -0.646850
v -0.222050 0.435723 -0.657482
v 0.000316 0.667810 -0.550489
v -0.259077 0.463681 -0.620678
v 0.213064 0.498112 -0.646322
v 0.221278 0.435605 -0.656901
v 0.259158 0.463568 -0.620884
v 0.111856 0.247571 -0.805056
v 0.161812 0.276575 -0.779784
v -0.111819 0.247551 -0.805024
v -0.161654 0.276186 -0.779783
v 0.172048 0.225041 -0.815998
v -0.172048 0.225052 -0.815849
v 0.631213 0.204667 -0.445769
v 0.603187 0.188520 -0.496063
v 0.734305 0.140701 -0.267420
v 0.758802 0.095442 -0.235986
v 0.593670 0.239531 -0.474694
v 0.752660 0.145062 -0.205521
v 0.630691 -0.209533 -0.444681
v 0.602991 -0.192408 -0.495578
v 0.732288 -0.143522 -0.266518
v 0.755975 -0.096768 -0.235247
v 0.592456 -0.246328 -0.473691
v 0.750514 -0.148424 -0.204638
v 0.552266 -0.028651 -0.607528
v 0.552484 0.031382 -0.608039
v 0.511926 0.001585 -0.641941
v 0.647643 0.212591 0.447200
v 0.617933 0.195363 0.499145
v 0.758804 0.146467 0.274416
v 0.783893 0.099228 0.244687
v 0.606480 0.250552 0.475833
v 0.774808 0.150949 0.215317
v 0.646608 -0.214225 0.446657
v 0.617330 -0.196783 0.498660
v 0.756790 -0.149289 0.275502
v 0.780918 -0.101053 0.245722
v 0.604427 -0.249903 0.473071
v 0.772835 -0.153772 0.216420
v 0.559807 -0.032113 0.613710
v 0.560280 0.028758 0.614126
v 0.517651 -0.001632 0.647274
v -0.631238 0.204632 -0.445743
v -0.603216 0.188498 -0.496027
v -0.734338 0.140705 -0.267407
v -0.758820 0.095462 -0.236018
v -0.593620 0.239568 -0.474662
v -0.752696 0.145070 -0.205525
v -0.630700 -0.209526 -0.444681
v -0.602993 -0.192407 -0.495586
v -0.732291 -0.143512 -0.266516
v -0.756008 -0.096784 -0.235277
v -0.592485 -0.246314 -0.473705
v -0.750512 -0.148423 -0.204608
v -0.552240 -0.028640 -0.607501
v -0.552489 0.031382 -0.608048
v -0.511940 0.001584 -0.641954
v -0.647644 0.212583 0.447209
v -0.617921 0.195352 0.499147
v -0.758801 0.146461 0.274420
v -0.783891 0.099221 0.244681
v -0.606457 0.250550 0.475820
v -0.774805 0.150942 0.215314
v -0.646644 -0.214254 0.446650
v -0.617358 -0.196747 0.498659
v -0.756804 -0.149289 0.275501
v -0.780926 -0.101039 0.245698
v -0.604446 -0.249855 0.473077
v -0.772846 -0.153760 0.216401
v -0.559813 -0.032114 0.613710
v -0.560287 0.028755 0.614129
v -0.517704 -0.001636 0.647343
v -0.024759 0.598616 0.206274
v 0.024779 0.598574 0.206242
v 0.000020 0.580507 0.260362
v -0.024423 0.697552 -0.266691
v 0.024275 0.697819 -0.266511
v -0.000090 0.709449 -0.329854
v -0.456255 0.432599 0.427455
v -0.427936 0.420721 0.479790
v -0.479759 0.401868 0.463613
v -0.446020 0.460977 -0.434825
v -0.417394 0.442736 -0.485043
v -0.464435 0.405009 -0.460742
v -0.724961 0.300451 0.007797
v -0.748946 0.253138 -0.022382
v -0.751105 0.254496 0.037229
v 0.456287 0.432612 0.427482
v 0.427942 0.420708 0.479788
v 0.479772 0.401869 0.463604
v 0.445961 0.461249 -0.435020
v 0.417886 0.442634 -0.484918
v 0.464704 0.404859 -0.460775
v 0.724991 0.300471 0.007778
v 0.748960 0.253153 -0.022390
v 0.751051 0.254470 0.037231
v -0.023628 -0.699923 0.277521
v 0.023807 -0.699650 0.278209
v 0.000284 -0.700954 0.342150
v -0.030546 -0.664337 -0.226292
v 0.030689 -0.664327 -0.226353
v 0.000144 -0.643163 -0.280458
v -0.457890 -0.475087 0.443516
v -0.428305 -0.464306 0.496905
v -0.478428 -0.426722 0.470215
v -0.447230 -0.420859 -0.425472
v -0.420128 -0.408433 -0.479288
v -0.470629 -0.387061 -0.462682
v -0.725410 -0.303433 0.007844
v -0.748854 -0.257465 -0.021874
v -0.751255 -0.258278 0.037361
v 0.457681 -0.475100 0.443516
v 0.428469 -0.464442 0.497314
v 0.478322 -0.426809 0.470098
v 0.447397 -0.420721 -0.425609
v 0.420208 -0.408319 -0.479336
v 0.470699 -0.387034 -0.462714
v 0.725364 -0.303442 0.007855
v 0.748870 -0.257451 -0.021864
v 0.751258 -0.258263 0.037379
v 0.276842 -0.033560 0.772849
v 0.276735 0.028822 0.772607
v 0.327525 -0.001947 0.752688
v -0.276820 -0.033556 0.772860
v -0.276728 0.028800 0.772611
v -0.327501 -0.001935 0.752679
v 0.274016 -0.029452 -0.768755
v 0.272712 0.034405 -0.766965
v 0.325460 0.002473 -0.749624
v -0.274024 -0.029455 -0.768751
v -0.272714 0.034402 -0.766964
v -0.325461 0.002468 -0.749624
f 1 647 644
f 1 644 643
f 1 643 645
f 1 645 646
f 1 646 647
f 2 649 652
f 6 672 670
f 12 702 699
f 11 696 695
f 8 679 681
f 4 662 659
f 4 659 658
f 4 658 660
f 4 660 661
f 4 661 662
f 5 666 665
f 3 654 657
f 7 673 677
f 9 685 686
f 10 692 688
f 12 701 698
f 6 669 668
f 2 650 648
f 8 682 678
f 11 697 693
f 6 671 669
f 12 700 701
f 11 694 697
f 8 680 682
f 2 651 650
f 10 690 689
f 5 663 664
f 3 655 653
f 7 676 674
f 9 687 684
f 10 691 690
f 5 667 663
f 3 656 655
f 7 675 676
f 9 683 687
f 6 668 672
f 2 648 649
f 8 678 679
f 11 693 696
f 12 698 702
f 10 688 691
f 5 665 667
f 3 657 656
f 7 677 675
f 9 686 683
f 5 664 666
f 3 653 654
f 7 674 673
f 9 684 685
f 10 689 692
f 6 670 671
f 12 699 700
f 11 695 694
f 8 681 680
f 2 652 651
f 35 837 838
f 18 735 736
f 19 742 741
f 40 868 867
f 42 880 879
f 34 832 831
f 33 827 828
f 25 778 780
f 36 844 846
f 20 749 747
f 32 819 820
f 23 765 767
f 24 773 771
f 37 850 849
f 41 876 875
f 34 833 834
f 33 826 825
f 25 779 777
f 36 845 843
f 20 748 750
f 17 729 727
f 14 711 709
f 13 706 703
f 15 718 715
f 16 724 721
f 18 737 733
f 35 839 835
f 42 882 878
f 40 870 866
f 19 744 740
f 30 807 805
f 27 789 787
f 22 762 758
f 28 797 793
f 29 802 799
f 32 821 817
f 23 766 763
f 24 774 770
f 37 852 848
f 41 874 872
f 35 838 836
f 18 736 734
f 19 741 739
f 40 867 865
f 42 879 877
f 34 831 829
f 33 828 824
f 25 780 776
f 36 846 842
f 20 747 745
f 32 820 818
f 23 767 764
f 24 771 769
f 37 849 847
f 41 875 871
f 34 834 830
f 33 825 823
f 25 777 775
f 36 843 841
f 20 750 746
f 14 714 710
f 13 707 704
f 15 719 716
f 16 725 722
f 17 732 728
f 21 755 752
f 31 814 811
f 26 784 781
f 38 857 853
f 39 862 860
f 27 792 788
f 22 759 757
f 28 796 794
f 29 803 800
f 30 810 806
f 31 815 812
f 26 785 782
f 38 856 854
f 39 863 859
f 21 754 751
f 14 712 714
f 13 705 707
f 15 717 719
f 16 723 725
f 17 730 732
f 21 753 755
f 31 816 814
f 26 786 784
f 38 858 857
f 39 861 862
f 27 791 792
f 22 761 759
f 28 795 796
f 29 801 803
f 30 808 810
f 31 813 815
f 26 783 785
f 38 855 856
f 39 864 863
f 21 756 754
f 14 709 712
f 13 703 705
f 15 715 717
f 16 721 723
f 17 727 730
f 21 751 753
f 31 812 816
f 26 782 786
f 38 854 858
f 39 859 861
f 27 787 791
f 22 758 761
f 28 793 795
f 29 799 801
f 30 805 808
f 31 811 813
f 26 781 783
f 38 853 855
f 39 860 864
f 21 752 756
f 17 728 731
f 14 710 713
f 13 704 708
f 15 716 720
f 16 722 726
f 18 734 738
f 35 836 840
f 42 877 881
f 40 865 869
f 19 739 743
f 30 806 809
f 27 788 790
f 22 757 760
f 28 794 798
f 29 800 804
f 32 818 822
f 23 764 768
f 24 769 772
f 37 847 851
f 41 871 873
f 35 835 837
f 18 733 735
f 19 740 742
f 40 866 868
f 42 878 880
f 34 830 832
f 33 823 827
f 25 775 778
f 36 841 844
f 20 746 749
f 32 817 819
f 23 763 765
f 24 770 773
f 37 848 850
f 41 872 876
f 34 829 833
f 33 824 826
f 25 776 779
f 36 842 845
f 20 745 748
f 17 731 729
f 14 713 711
f 13 708 706
f 15 720 718
f 16 726 724
f 18 738 737
f 35 840 839
f 42 881 882
f 40 869 870
f 19 743 744
f 30 809 807
f 27 790 789
f 22 760 762
f 28 798 797
f 29 804 802
f 32 822 821
f 23 768 766
f 24 772 774
f 37 851 852
f 41 873 874
f 107 1269 1270
f 103 1245 1246
f 104 1252 1251
f 110 1288 1287
f 113 1306 1305
f 118 1336 1335
f 154 1551 1552
f 141 1473 1474
f 162 1599 1600
f 121 1354 1353
f 142 1479 1480
f 129 1401 1402
f 130 1408 1407
f 144 1492 1491
f 146 1504 1503
f 151 1533 1534
f 131 1414 1413
f 136 1444 1443
f 161 1594 1593
f 126 1383 1384
f 116 1323 1324
f 108 1275 1276
f 106 1263 1264
f 112 1299 1300
f 115 1317 1318
f 119 1341 1342
f 156 1564 1563
f 139 1462 1461
f 160 1588 1587
f 120 1347 1348
f 149 1521 1522
f 132 1420 1419
f 128 1395 1396
f 145 1497 1498
f 148 1515 1516
f 155 1557 1558
f 133 1425 1426
f 134 1431 1432
f 157 1570 1569
f 124 1372 1371
f 109 1282 1281
f 105 1258 1257
f 111 1294 1293
f 114 1312 1311
f 117 1330 1329
f 125 1378 1377
f 152 1540 1539
f 137 1449 1450
f 158 1575 1576
f 123 1365 1366
f 143 1486 1485
f 127 1390 1389
f 135 1437 1438
f 147 1510 1509
f 150 1528 1527
f 153 1546 1545
f 140 1468 1467
f 138 1455 1456
f 159 1581 1582
f 122 1359 1360
f 107 1272 1271
f 103 1248 1247
f 104 1253 1254
f 110 1289 1290
f 113 1307 1308
f 118 1337 1338
f 154 1554 1553
f 141 1476 1475
f 162 1602 1601
f 121 1355 1356
f 142 1482 1481
f 129 1404 1403
f 130 1409 1410
f 144 1493 1494
f 146 1505 1506
f 151 1536 1535
f 131 1415 1416
f 136 1445 1446
f 161 1595 1596
f 126 1386 1385
f 47 909 907
f 44 891 889
f 43 886 883
f 45 898 895
f 46 904 901
f 49 922 919
f 72 1060 1057
f 102 1240 1237
f 96 1204 1201
f 79 1102 1099
f 62 999 997
f 59 981 979
f 58 976 973
f 60 988 985
f 61 994 991
f 66 1024 1021
f 54 952 949
f 73 1066 1063
f 85 1138 1135
f 92 1179 1177
f 101 1233 1231
f 69 1041 1039
f 50 927 925
f 82 1119 1117
f 97 1209 1207
f 71 1053 1051
f 100 1228 1225
f 94 1192 1189
f 80 1108 1105
f 51 933 931
f 90 1167 1165
f 63 1005 1003
f 55 957 955
f 76 1083 1081
f 87 1150 1147
f 91 1174 1171
f 67 1029 1027
f 56 963 961
f 75 1077 1075
f 83 1126 1123
f 68 1036 1033
f 48 915 913
f 78 1095 1093
f 93 1185 1183
f 98 1216 1213
f 88 1155 1153
f 65 1018 1015
f 57 970 967
f 77 1090 1087
f 86 1143 1141
f 64 1012 1009
f 53 945 943
f 74 1071 1069
f 84 1131 1129
f 89 1162 1159
f 70 1047 1045
f 99 1221 1219
f 95 1197 1195
f 81 1114 1111
f 52 940 937
f 109 1284 1280
f 105 1260 1256
f 111 1296 1292
f 114 1314 1310
f 117 1332 1328
f 125 1380 1376
f 152 1542 1538
f 137 1451 1447
f 158 1577 1573
f 123 1367 1363
f 143 1488 1484
f 127 1392 1388
f 135 1439 1435
f 147 1512 1508
f 150 1530 1526
f 153 1548 1544
f 140 1470 1466
f 138 1457 1453
f 159 1583 1579
f 122 1361 1357
f 107 1270 1268
f 103 1246 1244
f 104 1251 1249
f 110 1287 1285
f 113 1305 1303
f 118 1335 1333
f 154 1552 1550
f 141 1474 1472
f 162 1600 1598
f 121 1353 1351
f 142 1480 1478
f 129 1402 1400
f 130 1407 1405
f 144 1491 1489
f 146 1503 1501
f 151 1534 1532
f 131 1413 1411
f 136 1443 1441
f 161 1593 1591
f 126 1384 1382
f 116 1324 1322
f 108 1276 1274
f 106 1264 1262
f 112 1300 1298
f 115 1318 1316
f 119 1342 1340
f 156 1563 1561
f 139 1461 1459
f 160 1587 1585
f 120 1348 1346
f 149 1522 1520
f 132 1419 1417
f 128 1396 1394
f 145 1498 1496
f 148 1516 1514
f 155 1558 1556
f 133 1426 1424
f 134 1432 1430
f 157 1569 1567
f 124 1371 1369
f 109 1281 1279
f 105 1257 1255
f 111 1293 1291
f 114 1311 1309
f 117 1329 1327
f 125 1377 1375
f 152 1539 1537
f 137 1450 1448
f 158 1576 1574
f 123 1366 1364
f 143 1485 1483
f 127 1389 1387
f 135 1438 1436
f 147 1509 1507
f 150 1527 1525
f 153 1545 1543
f 140 1467 1465
f 138 1456 1454
f 159 1582 1580
f 122 1360 1358
f 107 1271 1267
f 103 1247 1243
f 104 1254 1250
f 110 1290 1286
f 113 1308 1304
f 118 1338 1334
f 154 1553 1549
f 141 1475 1471
f 162 1601 1597
f 121 1356 1352
f 142 1481 1477
f 129 1403 1399
f 130 1410 1406
f 144 1494 1490
f 146 1506 1502
f 151 1535 1531
f 131 1416 1412
f 136 1446 1442
f 161 1596 1592
f 126 1385 1381
f 44 894 890
f 43 887 884
f 45 899 896
f 46 905 902
f 47 912 908
f 52 941 938
f 70 1050 1046
f 99 1224 1220
f 95 1200 1196
f 81 1115 1112
f 59 984 980
f 58 977 974
f 60 989 986
f 61 995 992
f 62 1002 998
f 65 1019 1016
f 57 971 968
f 77 1091 1088
f 86 1146 1142
f 88 1158 1154
f 98 1217 1214
f 68 1037 1034
f 48 918 914
f 78 1098 1094
f 93 1188 1184
f 69 1044 1040
f 101 1236 1232
f 97 1212 1208
f 82 1122 1118
f 50 930 926
f 89 1163 1160
f 64 1013 1010
f 53 948 944
f 74 1074 1070
f 84 1134 1130
f 90 1170 1166
f 63 1008 1004
f 55 960 956
f 76 1086 1082
f 87 1151 1148
f 72 1061 1058
f 49 923 920
f 79 1103 1100
f 96 1205 1202
f 102 1241 1238
f 91 1175 1172
f 67 1032 1028
f 56 966 962
f 75 1080 1076
f 83 1127 1124
f 66 1025 1022
f 54 953 950
f 73 1067 1064
f 85 1139 1136
f 92 1182 1178
f 71 1056 1052
f 100 1229 1226
f 94 1193 1190
f 80 1109 1106
f 51 936 932
f 116 1325 1321
f 108 1277 1273
f 106 1265 1261
f 112 1301 1297
f 115 1319 1315
f 119 1343 1339
f 156 1566 1562
f 139 1464 1460
f 160 1590 1586
f 120 1349 1345
f 149 1523 1519
f 132 1422 1418
f 128 1397 1393
f 145 1499 1495
f 148 1517 1513
f 155 1559 1555
f 133 1427 1423
f 134 1433 1429
f 157 1572 1568
f 124 1374 1370
f 44 892 894
f 43 885 887
f 45 897 899
f 46 903 905
f 47 910 912
f 52 939 941
f 70 1048 1050
f 99 1222 1224
f 95 1198 1200
f 81 1113 1115
f 59 982 984
f 58 975 977
f 60 987 989
f 61 993 995
f 62 1000 1002
f 65 1017 1019
f 57 969 971
f 77 1089 1091
f 86 1144 1146
f 88 1156 1158
f 98 1215 1217
f 68 1035 1037
f 48 916 918
f 78 1096 1098
f 93 1186 1188
f 69 1042 1044
f 101 1234 1236
f 97 1210 1212
f 82 1120 1122
f 50 928 930
f 89 1161 1163
f 64 1011 1013
f 53 946 948
f 74 1072 1074
f 84 1132 1134
f 90 1168 1170
f 63 1006 1008
f 55 958 960
f 76 1084 1086
f 87 1149 1151
f 72 1059 1061
f 49 921 923
f 79 1101 1103
f 96 1203 1205
f 102 1239 1241
f 91 1173 1175
f 67 1030 1032
f 56 964 966
f 75 1078 1080
f 83 1125 1127
f 66 1023 1025
f 54 951 953
f 73 1065 1067
f 85 1137 1139
f 92 1180 1182
f 71 1054 1056
f 100 1227 1229
f 94 1191 1193
f 80 1107 1109
f 51 934 936
f 116 1326 1325
f 108 1278 1277
f 106 1266 1265
f 112 1302 1301
f 115 1320 1319
f 119 1344 1343
f 156 1565 1566
f 139 1463 1464
f 160 1589 1590
f 120 1350 1349
f 149 1524 1523
f 132 1421 1422
f 128 1398 1397
f 145 1500 1499
f 148 1518 1517
f 155 1560 1559
f 133 1428 1427
f 134 1434 1433
f 157 1571 1572
f 124 1373 1374
f 44 889 892
f 43 883 885
f 45 895 897
f 46 901 903
f 47 907 910
f 52 937 939
f 70 1045 1048
f 99 1219 1222
f 95 1195 1198
f 81 1111 1113
f 59 979 982
f 58 973 975
f 60 985 987
f 61 991 993
f 62 997 1000
f 65 1015 1017
f 57 967 969
f 77 1087 1089
f 86 1141 1144
f 88 1153 1156
f 98 1213 1215
f 68 1033 1035
f 48 913 916
f 78 1093 1096
f 93 1183 1186
f 69 1039 1042
f 101 1231 1234
f 97 1207 1210
f 82 1117 1120
f 50 925 928
f 89 1159 1161
f 64 1009 1011
f 53 943 946
f 74 1069 1072
f 84 1129 1132
f 90 1165 1168
f 63 1003 1006
f 55 955 958
f 76 1081 1084
f 87 1147 1149
f 72 1057 1059
f 49 919 921
f 79 1099 1101
f 96 1201 1203
f 102 1237 1239
f 91 1171 1173
f 67 1027 1030
f 56 961 964
f 75 1075 1078
f 83 1123 1125
f 66 1021 1023
f 54 949 951
f 73 1063 1065
f 85 1135 1137
f 92 1177 1180
f 71 1051 1054
f 100 1225 1227
f 94 1189 1191
f 80 1105 1107
f 51 931 934
f 116 1322 1326
f 108 1274 1278
f 106 1262 1266
f 112 1298 1302
f 115 1316 1320
f 119 1340 1344
f 156 1561 1565
f 139 1459 1463
f 160 1585 1589
f 120 1346 1350
f 149 1520 1524
f 132 1417 1421
f 128 1394 1398
f 145 1496 1500
f 148 1514 1518
f 155 1556 1560
f 133 1424 1428
f 134 1430 1434
f 157 1567 1571
f 124 1369 1373
f 47 908 911
f 44 890 893
f 43 884 888
f 45 896 900
f 46 902 906
f 49 920 924
f 72 1058 1062
f 102 1238 1242
f 96 1202 1206
f 79 1100 1104
f 62 998 1001
f 59 980 983
f 58 974 978
f 60 986 990
f 61 992 996
f 66 1022 1026
f 54 950 954
f 73 1064 1068
f 85 1136 1140
f 92 1178 1181
f 101 1232 1235
f 69 1040 1043
f 50 926 929
f 82 1118 1121
f 97 1208 1211
f 71 1052 1055
f 100 1226 1230
f 94 1190 1194
f 80 1106 1110
f 51 932 935
f 90 1166 1169
f 63 1004 1007
f 55 956 959
f 76 1082 1085
f 87 1148 1152
f 91 1172 1176
f 67 1028 1031
f 56 962 965
f 75 1076 1079
f 83 1124 1128
f 68 1034 1038
f 48 914 917
f 78 1094 1097
f 93 1184 1187
f 98 1214 1218
f 88 1154 1157
f 65 1016 1020
f 57 968 972
f 77 1088 1092
f 86 1142 1145
f 64 1010 1014
f 53 944 947
f 74 1070 1073
f 84 1130 1133
f 89 1160 1164
f 70 1046 1049
f 99 1220 1223
f 95 1196 1199
f 81 1112 1116
f 52 938 942
f 109 1279 1283
f 105 1255 1259
f 111 1291 1295
f 114 1309 1313
f 117 1327 1331
f 125 1375 1379
f 152 1537 1541
f 137 1448 1452
f 158 1574 1578
f 123 1364 1368
f 143 1483 1487
f 127 1387 1391
f 135 1436 1440
f 147 1507 1511
f 150 1525 1529
f 153 1543 1547
f 140 1465 1469
f 138 1454 1458
f 159 1580 1584
f 122 1358 1362
f 107 1267 1269
f 103 1243 1245
f 104 1250 1252
f 110 1286 1288
f 113 1304 1306
f 118 1334 1336
f 154 1549 1551
f 141 1471 1473
f 162 1597 1599
f 121 1352 1354
f 142 1477 1479
f 129 1399 1401
f 130 1406 1408
f 144 1490 1492
f 146 1502 1504
f 151 1531 1533
f 131 1412 1414
f 136 1442 1444
f 161 1592 1594
f 126 1381 1383
f 116 1321 1323
f 108 1273 1275
f 106 1261 1263
f 112 1297 1299
f 115 1315 1317
f 119 1339 1341
f 156 1562 1564
f 139 1460 1462
f 160 1586 1588
f 120 1345 1347
f 149 1519 1521
f 132 1418 1420
f 128 1393 1395
f 145 1495 1497
f 148 1513 1515
f 155 1555 1557
f 133 1423 1425
f 134 1429 1431
f 157 1568 1570
f 124 1370 1372
f 109 1280 1282
f 105 1256 1258
f 111 1292 1294
f 114 1310 1312
f 117 1328 1330
f 125 1376 1378
f 152 1538 1540
f 137 1447 1449
f 158 1573 1575
f 123 1363 1365
f 143 1484 1486
f 127 1388 1390
f 135 1435 1437
f 147 1508 1510
f 150 1526 1528
f 153 1544 1546
f 140 1466 1468
f 138 1453 1455
f 159 1579 1581
f 122 1357 1359
f 107 1268 1272
f 103 1244 1248
f 104 1249 1253
f 110 1285 1289
f 113 1303 1307
f 118 1333 1337
f 154 1550 1554
f 141 1472 1476
f 162 1598 1602
f 121 1351 1355
f 142 1478 1482
f 129 1400 1404
f 130 1405 1409
f 144 1489 1493
f 146 1501 1505
f 151 1532 1536
f 131 1411 1415
f 136 1441 1445
f 161 1591 1595
f 126 1382 1386
f 47 911 909
f 44 893 891
f 43 888 886
f 45 900 898
f 46 906 904
f 49 924 922
f 72 1062 1060
f 102 1242 1240
f 96 1206 1204
f 79 1104 1102
f 62 1001 999
f 59 983 981
f 58 978 976
f 60 990 988
f 61 996 994
f 66 1026 1024
f 54 954 952
f 73 1068 1066
f 85 1140 1138
f 92 1181 1179
f 101 1235 1233
f 69 1043 1041
f 50 929 927
f 82 1121 1119
f 97 1211 1209
f 71 1055 1053
f 100 1230 1228
f 94 1194 1192
f 80 1110 1108
f 51 935 933
f 90 1169 1167
f 63 1007 1005
f 55 959 957
f 76 1085 1083
f 87 1152 1150
f 91 1176 1174
f 67 1031 1029
f 56 965 963
f 75 1079 1077
f 83 1128 1126
f 68 1038 1036
f 48 917 915
f 78 1097 1095
f 93 1187 1185
f 98 1218 1216
f 88 1157 1155
f 65 1020 1018
f 57 972 970
f 77 1092 1090
f 86 1145 1143
f 64 1014 1012
f 53 947 945
f 74 1073 1071
f 84 1133 1131
f 89 1164 1162
f 70 1049 1047
f 99 1223 1221
f 95 1199 1197
f 81 1116 1114
f 52 942 940
f 109 1283 1284
f 105 1259 1260
f 111 1295 1296
f 114 1313 1314
f 117 1331 1332
f 125 1379 1380
f 152 1541 1542
f 137 1452 1451
f 158 1578 1577
f 123 1368 1367
f 143 1487 1488
f 127 1391 1392
f 135 1440 1439
f 147 1511 1512
f 150 1529 1530
f 153 1547 1548
f 140 1469 1470
f 138 1458 1457
f 159 1584 1583
f 122 1362 1361
f 407 1609 1616
f 403 1605 1608
f 404 1611 1606
f 410 1614 1612
f 413 1617 1615
f 422 1631 1624
f 486 1688 1692
f 573 1775 1782
f 561 1763 1765
f 512 1719 1714
f 452 1654 1661
f 448 1650 1653
f 449 1656 1651
f 455 1659 1657
f 458 1662 1660
f 470 1672 1675
f 437 1646 1639
f 494 1706 1696
f 531 1735 1733
f 539 1741 1751
f 568 1770 1779
f 478 1680 1683
f 419 1621 1626
f 509 1711 1721
f 554 1756 1766
f 482 1684 1689
f 576 1780 1778
f 558 1767 1760
f 516 1722 1718
f 425 1627 1629
f 542 1744 1747
f 463 1668 1665
f 434 1636 1641
f 497 1699 1704
f 528 1730 1737
f 546 1748 1750
f 464 1666 1676
f 440 1642 1644
f 500 1705 1702
f 524 1736 1726
f 479 1691 1681
f 418 1623 1620
f 508 1713 1710
f 553 1764 1755
f 569 1781 1771
f 538 1749 1740
f 471 1677 1673
f 443 1645 1647
f 501 1703 1707
f 523 1725 1734
f 467 1674 1669
f 433 1638 1635
f 493 1695 1698
f 527 1732 1729
f 543 1752 1745
f 485 1690 1687
f 572 1777 1774
f 557 1759 1762
f 515 1717 1720
f 428 1630 1632
f 591 2191 2189
f 587 1885 1883
f 588 1901 1903
f 594 2279 2281
f 597 2315 2317
f 600 2171 2173
f 634 2160 2158
f 619 2016 2012
f 639 2214 2210
f 602 1919 1924
f 624 2137 2135
f 608 1978 1973
f 610 1991 1996
f 627 2225 2227
f 630 2302 2304
f 635 2178 2176
f 615 2153 2155
f 617 2009 2014
f 637 2207 2212
f 604 1926 1922
f 416 1857 1864
f 408 1803 1810
f 406 1786 1795
f 412 1822 1831
f 415 1840 1849
f 424 1876 1887
f 492 2182 2193
f 582 2312 2321
f 565 2276 2285
f 514 1898 1907
f 461 2091 2098
f 453 2037 2044
f 451 1952 1961
f 457 2056 2067
f 460 2074 2083
f 475 2128 2139
f 439 1966 1975
f 496 1988 1997
f 533 2222 2231
f 551 2293 2298
f 579 2185 2190
f 483 1879 1884
f 426 1893 1900
f 521 2271 2278
f 566 2307 2314
f 489 2163 2170
f 578 2150 2159
f 560 2006 2015
f 518 2204 2213
f 429 1911 1918
f 547 2131 2136
f 465 1969 1977
f 441 1983 1990
f 504 2217 2224
f 537 2290 2301
f 550 2168 2177
f 476 2145 2152
f 444 2001 2008
f 502 2199 2206
f 526 1916 1925
f 481 1808 1817
f 420 1789 1797
f 510 1825 1833
f 555 1843 1851
f 571 1862 1871
f 540 1933 1941
f 473 2110 2119
f 447 2020 2029
f 507 2236 2247
f 534 2257 2262
f 469 2042 2051
f 435 1947 1954
f 498 2059 2064
f 529 2077 2085
f 545 2096 2105
f 487 2113 2121
f 574 2023 2031
f 562 2239 2244
f 520 2254 2265
f 432 1930 1939
f 589 1818 1814
f 583 1798 1793
f 586 1834 1829
f 593 1852 1847
f 596 1872 1868
f 599 1942 1937
f 633 2120 2124
f 620 2030 2034
f 640 2248 2250
f 603 2263 2261
f 622 2052 2050
f 607 1955 1960
f 612 2065 2063
f 626 2086 2081
f 629 2106 2102
f 631 2122 2117
f 614 2032 2027
f 618 2245 2243
f 641 2266 2268
f 605 1940 1944
f 409 1813 1804
f 405 1792 1785
f 411 1828 1821
f 414 1846 1839
f 417 1867 1858
f 431 1936 1929
f 488 2123 2114
f 575 2033 2024
f 563 2249 2240
f 519 2260 2253
f 454 2049 2038
f 450 1959 1951
f 456 2062 2055
f 459 2080 2073
f 462 2101 2092
f 472 2116 2109
f 446 2026 2019
f 506 2242 2235
f 535 2267 2258
f 541 1943 1934
f 570 1869 1861
f 480 1815 1807
f 421 1799 1790
f 511 1835 1826
f 556 1853 1844
f 484 1889 1880
f 580 2195 2186
f 567 2319 2308
f 522 2283 2272
f 427 1905 1894
f 544 2103 2095
f 468 2046 2041
f 436 1957 1948
f 499 2069 2060
f 530 2087 2078
f 548 2141 2132
f 466 1979 1970
f 442 1993 1984
f 505 2229 2218
f 536 2296 2289
f 491 2188 2181
f 423 1882 1875
f 513 1902 1897
f 564 2280 2275
f 581 2316 2311
f 549 2172 2167
f 477 2157 2146
f 445 2011 2002
f 503 2209 2200
f 525 1923 1915
f 474 2134 2127
f 438 1972 1965
f 495 1995 1987
f 532 2226 2221
f 552 2303 2294
f 490 2175 2164
f 577 2154 2149
f 559 2013 2005
f 517 2211 2203
f 430 1921 1912
f 590 1865 1870
f 584 1811 1816
f 585 1796 1800
f 592 1832 1836
f 595 1850 1854
f 598 1888 1890
f 636 2194 2196
f 621 2322 2320
f 642 2286 2284
f 601 1908 1906
f 623 2099 2104
f 611 2045 2047
f 609 1962 1958
f 625 2068 2070
f 628 2084 2088
f 632 2140 2142
f 613 1976 1980
f 616 1998 1994
f 638 2232 2230
f 606 2299 2297
f 407 2330 2329
f 403 2324 2323
f 404 2325 2326
f 410 2332 2333
f 413 2335 2336
f 422 2344 2345
f 486 2410 2409
f 573 2497 2496
f 561 2486 2485
f 512 2434 2435
f 452 2375 2374
f 448 2369 2368
f 449 2370 2371
f 455 2377 2378
f 458 2380 2381
f 470 2393 2392
f 437 2359 2360
f 494 2415 2416
f 531 2455 2456
f 539 2461 2460
f 568 2489 2488
f 478 2399 2398
f 419 2341 2340
f 509 2431 2430
f 554 2476 2475
f 482 2405 2404
f 576 2500 2501
f 558 2481 2482
f 516 2439 2440
f 425 2348 2347
f 542 2465 2464
f 463 2383 2384
f 434 2356 2355
f 497 2420 2419
f 528 2452 2451
f 546 2471 2470
f 464 2386 2385
f 440 2363 2362
f 500 2422 2423
f 524 2445 2446
f 479 2400 2401
f 418 2338 2339
f 508 2428 2429
f 553 2473 2474
f 569 2490 2491
f 538 2458 2459
f 471 2394 2395
f 443 2366 2365
f 501 2425 2424
f 523 2444 2443
f 467 2389 2390
f 433 2353 2354
f 493 2414 2413
f 527 2449 2450
f 543 2466 2467
f 485 2407 2408
f 572 2494 2495
f 557 2480 2479
f 515 2438 2437
f 428 2351 2350
f 591 2510 2511
f 587 2504 2505
f 588 2508 2507
f 594 2514 2513
f 597 2517 2516
f 600 2520 2519
f 634 2554 2556
f 619 2539 2540
f 639 2560 2561
f 602 2523 2521
f 624 2543 2544
f 608 2527 2529
f 610 2532 2530
f 627 2547 2546
f 630 2550 2549
f 635 2552 2553
f 615 2535 2534
f 617 2538 2536
f 637 2558 2557
f 604 2524 2525
f 167 1607 647
f 164 1603 644
f 163 1604 643
f 165 1610 645
f 166 1613 646
f 169 1622 649
f 192 1686 672
f 222 1773 702
f 216 1761 696
f 199 1712 679
f 182 1652 662
f 179 1648 659
f 178 1649 658
f 180 1655 660
f 181 1658 661
f 186 1670 666
f 174 1637 654
f 193 1694 673
f 205 1731 685
f 212 1739 692
f 221 1768 701
f 189 1678 669
f 170 1619 650
f 202 1709 682
f 217 1754 697
f 191 1682 671
f 220 1776 700
f 214 1758 694
f 200 1716 680
f 171 1625 651
f 210 1742 690
f 183 1663 663
f 175 1634 655
f 196 1697 676
f 207 1728 687
f 211 1746 691
f 187 1664 667
f 176 1640 656
f 195 1700 675
f 203 1724 683
f 188 1679 668
f 168 1618 648
f 198 1708 678
f 213 1753 693
f 218 1769 698
f 208 1738 688
f 185 1671 665
f 177 1643 657
f 197 1701 677
f 206 1723 686
f 184 1667 664
f 173 1633 653
f 194 1693 674
f 204 1727 684
f 209 1743 689
f 190 1685 670
f 219 1772 699
f 215 1757 695
f 201 1715 681
f 172 1628 652
f 357 2187 837
f 255 1881 735
f 262 1899 742
f 388 2277 868
f 400 2313 880
f 352 2169 832
f 347 2156 827
f 298 2010 778
f 364 2208 844
f 269 1917 749
f 339 2133 819
f 285 1971 765
f 293 1989 773
f 370 2223 850
f 396 2300 876
f 353 2174 833
f 346 2151 826
f 299 2007 779
f 365 2205 845
f 268 1920 748
f 249 1855 729
f 231 1801 711
f 226 1784 706
f 238 1820 718
f 244 1838 724
f 257 1874 737
f 359 2180 839
f 402 2310 882
f 390 2274 870
f 264 1896 744
f 327 2089 807
f 309 2035 789
f 282 1950 762
f 317 2054 797
f 322 2072 802
f 341 2126 821
f 286 1964 766
f 294 1986 774
f 372 2220 852
f 394 2291 874
f 358 2183 838
f 256 1877 736
f 261 1891 741
f 387 2269 867
f 399 2305 879
f 351 2161 831
f 348 2148 828
f 300 2004 780
f 366 2202 846
f 267 1909 747
f 340 2129 820
f 287 1967 767
f 291 1981 771
f 369 2215 849
f 395 2288 875
f 354 2166 834
f 345 2143 825
f 297 1999 777
f 363 2197 843
f 270 1914 750
f 234 1806 714
f 227 1787 707
f 239 1823 719
f 245 1841 725
f 252 1860 732
f 275 1931 755
f 334 2108 814
f 304 2018 784
f 377 2234 857
f 382 2255 862
f 312 2040 792
f 279 1945 759
f 316 2057 796
f 323 2075 803
f 330 2094 810
f 335 2111 815
f 305 2021 785
f 376 2237 856
f 383 2252 863
f 274 1928 754
f 232 1812 712
f 225 1791 705
f 237 1827 717
f 243 1845 723
f 250 1866 730
f 273 1935 753
f 336 2118 816
f 306 2028 786
f 378 2246 858
f 381 2259 861
f 311 2048 791
f 281 1953 761
f 315 2061 795
f 321 2079 801
f 328 2100 808
f 333 2115 813
f 303 2025 783
f 375 2241 855
f 384 2264 864
f 276 1938 756
f 229 1802 709
f 223 1783 703
f 235 1819 715
f 241 1837 721
f 247 1856 727
f 271 1927 751
f 332 2112 812
f 302 2022 782
f 374 2238 854
f 379 2251 859
f 307 2036 787
f 278 1949 758
f 313 2053 793
f 319 2071 799
f 325 2090 805
f 331 2107 811
f 301 2017 781
f 373 2233 853
f 380 2256 860
f 272 1932 752
f 248 1859 728
f 230 1805 710
f 224 1788 704
f 236 1824 716
f 242 1842 722
f 254 1878 734
f 356 2184 836
f 397 2306 877
f 385 2270 865
f 259 1892 739
f 326 2093 806
f 308 2039 788
f 277 1946 757
f 314 2058 794
f 320 2076 800
f 338 2130 818
f 284 1968 764
f 289 1982 769
f 367 2216 847
f 391 2287 871
f 355 2179 835
f 253 1873 733
f 260 1895 740
f 386 2273 866
f 398 2309 878
f 350 2165 830
f 343 2144 823
f 295 2000 775
f 361 2198 841
f 266 1913 746
f 337 2125 817
f 283 1963 763
f 290 1985 770
f 368 2219 848
f 392 2292 872
f 349 2162 829
f 344 2147 824
f 296 2003 776
f 362 2201 842
f 265 1910 745
f 251 1863 731
f 233 1809 713
f 228 1794 708
f 240 1830 720
f 246 1848 726
f 258 1886 738
f 360 2192 840
f 401 2318 881
f 389 2282 869
f 263 1904 743
f 329 2097 809
f 310 2043 790
f 280 1956 760
f 318 2066 798
f 324 2082 804
f 342 2138 822
f 288 1974 768
f 292 1992 772
f 371 2228 851
f 393 2295 873
f 409 2331 1269
f 405 2327 1245
f 411 2328 1252
f 414 2334 1288
f 417 2337 1306
f 431 2346 1336
f 488 2412 1551
f 575 2499 1473
f 563 2487 1599
f 519 2436 1354
f 454 2376 1479
f 450 2372 1401
f 456 2373 1408
f 459 2379 1492
f 462 2382 1504
f 472 2396 1533
f 446 2361 1414
f 506 2418 1444
f 535 2457 1594
f 541 2463 1383
f 570 2492 1323
f 480 2402 1275
f 421 2343 1263
f 511 2433 1299
f 556 2478 1317
f 484 2406 1341
f 580 2502 1564
f 567 2484 1462
f 522 2442 1588
f 427 2349 1347
f 544 2468 1521
f 468 2387 1420
f 436 2358 1395
f 499 2421 1497
f 530 2454 1515
f 548 2472 1557
f 466 2388 1425
f 442 2364 1431
f 505 2426 1570
f 536 2448 1372
f 491 2403 1282
f 423 2342 1258
f 513 2432 1294
f 564 2477 1312
f 581 2493 1330
f 549 2462 1378
f 477 2397 1540
f 445 2367 1449
f 503 2427 1575
f 525 2447 1365
f 474 2391 1486
f 438 2357 1390
f 495 2417 1437
f 532 2453 1510
f 552 2469 1528
f 490 2411 1546
f 577 2498 1468
f 559 2483 1455
f 517 2441 1581
f 430 2352 1359
f 590 2509 1272
f 584 2503 1248
f 585 2506 1253
f 592 2512 1289
f 595 2515 1307
f 598 2518 1337
f 636 2555 1554
f 621 2541 1476
f 642 2562 1602
f 601 2522 1355
f 623 2542 1482
f 611 2528 1404
f 609 2531 1409
f 625 2545 1493
f 628 2548 1505
f 632 2551 1536
f 613 2533 1415
f 616 2537 1445
f 638 2559 1595
f 606 2526 1386
f 407 1616 909
f 403 1608 891
f 404 1606 886
f 410 1612 898
f 413 1615 904
f 422 1624 922
f 486 1692 1060
f 573 1782 1240
f 561 1765 1204
f 512 1714 1102
f 452 1661 999
f 448 1653 981
f 449 1651 976
f 455 1657 988
f 458 1660 994
f 470 1675 1024
f 437 1639 952
f 494 1696 1066
f 531 1733 1138
f 539 1751 1179
f 568 1779 1233
f 478 1683 1041
f 419 1626 927
f 509 1721 1119
f 554 1766 1209
f 482 1689 1053
f 576 1778 1228
f 558 1760 1192
f 516 1718 1108
f 425 1629 933
f 542 1747 1167
f 463 1665 1005
f 434 1641 957
f 497 1704 1083
f 528 1737 1150
f 546 1750 1174
f 464 1676 1029
f 440 1644 963
f 500 1702 1077
f 524 1726 1126
f 479 1681 1036
f 418 1620 915
f 508 1710 1095
f 553 1755 1185
f 569 1771 1216
f 538 1740 1155
f 471 1673 1018
f 443 1647 970
f 501 1707 1090
f 523 1734 1143
f 467 1669 1012
f 433 1635 945
f 493 1698 1071
f 527 1729 1131
f 543 1745 1162
f 485 1687 1047
f 572 1774 1221
f 557 1762 1197
f 515 1720 1114
f 428 1632 940
f 591 2189 1284
f 587 1883 1260
f 588 1903 1296
f 594 2281 1314
f 597 2317 1332
f 600 2173 1380
f 634 2158 1542
f 619 2012 1451
f 639 2210 1577
f 602 1924 1367
f 624 2135 1488
f 608 1973 1392
f 610 1996 1439
f 627 2227 1512
f 630 2304 1530
f 635 2176 1548
f 615 2155 1470
f 617 2014 1457
f 637 2212 1583
f 604 1922 1361
f 416 1864 1270
f 408 1810 1246
f 406 1795 1251
f 412 1831 1287
f 415 1849 1305
f 424 1887 1335
f 492 2193 1552
f 582 2321 1474
f 565 2285 1600
f 514 1907 1353
f 461 2098 1480
f 453 2044 1402
f 451 1961 1407
f 457 2067 1491
f 460 2083 1503
f 475 2139 1534
f 439 1975 1413
f 496 1997 1443
f 533 2231 1593
f 551 2298 1384
f 579 2190 1324
f 483 1884 1276
f 426 1900 1264
f 521 2278 1300
f 566 2314 1318
f 489 2170 1342
f 578 2159 1563
f 560 2015 1461
f 518 2213 1587
f 429 1918 1348
f 547 2136 1522
f 465 1977 1419
f 441 1990 1396
f 504 2224 1498
f 537 2301 1516
f 550 2177 1558
f 476 2152 1426
f 444 2008 1432
f 502 2206 1569
f 526 1925 1371
f 481 1817 1281
f 420 1797 1257
f 510 1833 1293
f 555 1851 1311
f 571 1871 1329
f 540 1941 1377
f 473 2119 1539
f 447 2029 1450
f 507 2247 1576
f 534 2262 1366
f 469 2051 1485
f 435 1954 1389
f 498 2064 1438
f 529 2085 1509
f 545 2105 1527
f 487 2121 1545
f 574 2031 1467
f 562 2244 1456
f 520 2265 1582
f 432 1939 1360
f 589 1814 1271
f 583 1793 1247
f 586 1829 1254
f 593 1847 1290
f 596 1868 1308
f 599 1937 1338
f 633 2124 1553
f 620 2034 1475
f 640 2250 1601
f 603 2261 1356
f 622 2050 1481
f 607 1960 1403
f 612 2063 1410
f 626 2081 1494
f 629 2102 1506
f 631 2117 1535
f 614 2027 1416
f 618 2243 1446
f 641 2268 1596
f 605 1944 1385
f 409 1804 894
f 405 1785 887
f 411 1821 899
f 414 1839 905
f 417 1858 912
f 431 1929 941
f 488 2114 1050
f 575 2024 1224
f 563 2240 1200
f 519 2253 1115
f 454 2038 984
f 450 1951 977
f 456 2055 989
f 459 2073 995
f 462 2092 1002
f 472 2109 1019
f 446 2019 971
f 506 2235 1091
f 535 2258 1146
f 541 1934 1158
f 570 1861 1217
f 480 1807 1037
f 421 1790 918
f 511 1826 1098
f 556 1844 1188
f 484 1880 1044
f 580 2186 1236
f 567 2308 1212
f 522 2272 1122
f 427 1894 930
f 544 2095 1163
f 468 2041 1013
f 436 1948 948
f 499 2060 1074
f 530 2078 1134
f 548 2132 1170
f 466 1970 1008
f 442 1984 960
f 505 2218 1086
f 536 2289 1151
f 491 2181 1061
f 423 1875 923
f 513 1897 1103
f 564 2275 1205
f 581 2311 1241
f 549 2167 1175
f 477 2146 1032
f 445 2002 966
f 503 2200 1080
f 525 1915 1127
f 474 2127 1025
f 438 1965 953
f 495 1987 1067
f 532 2221 1139
f 552 2294 1182
f 490 2164 1056
f 577 2149 1229
f 559 2005 1193
f 517 2203 1109
f 430 1912 936
f 590 1870 1325
f 584 1816 1277
f 585 1800 1265
f 592 1836 1301
f 595 1854 1319
f 598 1890 1343
f 636 2196 1566
f 621 2320 1464
f 642 2284 1590
f 601 1906 1349
f 623 2104 1523
f 611 2047 1422
f 609 1958 1397
f 625 2070 1499
f 628 2088 1517
f 632 2142 1559
f 613 1980 1427
f 616 1994 1433
f 638 2230 1572
f 606 2297 1374
f 407 2329 892
f 403 2323 885
f 404 2326 897
f 410 2333 903
f 413 2336 910
f 422 2345 939
f 486 2409 1048
f 573 2496 1222
f 561 2485 1198
f 512 2435 1113
f 452 2374 982
f 448 2368 975
f 449 2371 987
f 455 2378 993
f 458 2381 1000
f 470 2392 1017
f 437 2360 969
f 494 2416 1089
f 531 2456 1144
f 539 2460 1156
f 568 2488 1215
f 478 2398 1035
f 419 2340 916
f 509 2430 1096
f 554 2475 1186
f 482 2404 1042
f 576 2501 1234
f 558 2482 1210
f 516 2440 1120
f 425 2347 928
f 542 2464 1161
f 463 2384 1011
f 434 2355 946
f 497 2419 1072
f 528 2451 1132
f 546 2470 1168
f 464 2385 1006
f 440 2362 958
f 500 2423 1084
f 524 2446 1149
f 479 2401 1059
f 418 2339 921
f 508 2429 1101
f 553 2474 1203
f 569 2491 1239
f 538 2459 1173
f 471 2395 1030
f 443 2365 964
f 501 2424 1078
f 523 2443 1125
f 467 2390 1023
f 433 2354 951
f 493 2413 1065
f 527 2450 1137
f 543 2467 1180
f 485 2408 1054
f 572 2495 1227
f 557 2479 1191
f 515 2437 1107
f 428 2350 934
f 591 2511 1326
f 587 2505 1278
f 588 2507 1266
f 594 2513 1302
f 597 2516 1320
f 600 2519 1344
f 634 2556 1565
f 619 2540 1463
f 639 2561 1589
f 602 2521 1350
f 624 2544 1524
f 608 2529 1421
f 610 2530 1398
f 627 2546 1500
f 630 2549 1518
f 635 2553 1560
f 615 2534 1428
f 617 2536 1434
f 637 2557 1571
f 604 2525 1373
f 164 1609 889
f 163 1605 883
f 165 1611 895
f 166 1614 901
f 167 1617 907
f 172 1631 937
f 190 1688 1045
f 219 1775 1219
f 215 1763 1195
f 201 1719 1111
f 179 1654 979
f 178 1650 973
f 180 1656 985
f 181 1659 991
f 182 1662 997
f 185 1672 1015
f 177 1646 967
f 197 1706 1087
f 206 1735 1141
f 208 1741 1153
f 218 1770 1213
f 188 1680 1033
f 168 1621 913
f 198 1711 1093
f 213 1756 1183
f 189 1684 1039
f 221 1780 1231
f 217 1767 1207
f 202 1722 1117
f 170 1627 925
f 209 1744 1159
f 184 1668 1009
f 173 1636 943
f 194 1699 1069
f 204 1730 1129
f 210 1748 1165
f 183 1666 1003
f 175 1642 955
f 196 1705 1081
f 207 1736 1147
f 192 1691 1057
f 169 1623 919
f 199 1713 1099
f 216 1764 1201
f 222 1781 1237
f 211 1749 1171
f 187 1677 1027
f 176 1645 961
f 195 1703 1075
f 203 1725 1123
f 186 1674 1021
f 174 1638 949
f 193 1695 1063
f 205 1732 1135
f 212 1752 1177
f 191 1690 1051
f 220 1777 1225
f 214 1759 1189
f 200 1717 1105
f 171 1630 931
f 358 2191 1322
f 256 1885 1274
f 261 1901 1262
f 387 2279 1298
f 399 2315 1316
f 351 2171 1340
f 348 2160 1561
f 300 2016 1459
f 366 2214 1585
f 267 1919 1346
f 340 2137 1520
f 287 1978 1417
f 291 1991 1394
f 369 2225 1496
f 395 2302 1514
f 354 2178 1556
f 345 2153 1424
f 297 2009 1430
f 363 2207 1567
f 270 1926 1369
f 247 1857 908
f 229 1803 890
f 223 1786 884
f 235 1822 896
f 241 1840 902
f 253 1876 920
f 355 2182 1058
f 398 2312 1238
f 386 2276 1202
f 260 1898 1100
f 325 2091 998
f 307 2037 980
f 278 1952 974
f 313 2056 986
f 319 2074 992
f 337 2128 1022
f 283 1966 950
f 290 1988 1064
f 368 2222 1136
f 392 2293 1178
f 356 2185 1232
f 254 1879 1040
f 259 1893 926
f 385 2271 1118
f 397 2307 1208
f 349 2163 1052
f 344 2150 1226
f 296 2006 1190
f 362 2204 1106
f 265 1911 932
f 338 2131 1166
f 284 1969 1004
f 289 1983 956
f 367 2217 1082
f 391 2290 1148
f 350 2168 1172
f 343 2145 1028
f 295 2001 962
f 361 2199 1076
f 266 1916 1124
f 230 1808 1034
f 224 1789 914
f 236 1825 1094
f 242 1843 1184
f 248 1862 1214
f 272 1933 1154
f 331 2110 1016
f 301 2020 968
f 373 2236 1088
f 380 2257 1142
f 308 2042 1010
f 277 1947 944
f 314 2059 1070
f 320 2077 1130
f 326 2096 1160
f 332 2113 1046
f 302 2023 1220
f 374 2239 1196
f 379 2254 1112
f 271 1930 938
f 234 1818 1279
f 227 1798 1255
f 239 1834 1291
f 245 1852 1309
f 252 1872 1327
f 275 1942 1375
f 334 2120 1537
f 304 2030 1448
f 377 2248 1574
f 382 2263 1364
f 312 2052 1483
f 279 1955 1387
f 316 2065 1436
f 323 2086 1507
f 330 2106 1525
f 335 2122 1543
f 305 2032 1465
f 376 2245 1454
f 383 2266 1580
f 274 1940 1358
f 232 1813 1267
f 225 1792 1243
f 237 1828 1250
f 243 1846 1286
f 250 1867 1304
f 273 1936 1334
f 336 2123 1549
f 306 2033 1471
f 378 2249 1597
f 381 2260 1352
f 311 2049 1477
f 281 1959 1399
f 315 2062 1406
f 321 2080 1490
f 328 2101 1502
f 333 2116 1531
f 303 2026 1412
f 375 2242 1442
f 384 2267 1592
f 276 1943 1381
f 251 1869 1321
f 233 1815 1273
f 228 1799 1261
f 240 1835 1297
f 246 1853 1315
f 258 1889 1339
f 360 2195 1562
f 401 2319 1460
f 389 2283 1586
f 263 1905 1345
f 329 2103 1519
f 310 2046 1418
f 280 1957 1393
f 318 2069 1495
f 324 2087 1513
f 342 2141 1555
f 288 1979 1423
f 292 1993 1429
f 371 2229 1568
f 393 2296 1370
f 357 2188 1280
f 255 1882 1256
f 262 1902 1292
f 388 2280 1310
f 400 2316 1328
f 352 2172 1376
f 347 2157 1538
f 298 2011 1447
f 364 2209 1573
f 269 1923 1363
f 339 2134 1484
f 285 1972 1388
f 293 1995 1435
f 370 2226 1508
f 396 2303 1526
f 353 2175 1544
f 346 2154 1466
f 299 2013 1453
f 365 2211 1579
f 268 1921 1357
f 249 1865 1268
f 231 1811 1244
f 226 1796 1249
f 238 1832 1285
f 244 1850 1303
f 257 1888 1333
f 359 2194 1550
f 402 2322 1472
f 390 2286 1598
f 264 1908 1351
f 327 2099 1478
f 309 2045 1400
f 282 1962 1405
f 317 2068 1489
f 322 2084 1501
f 341 2140 1532
f 286 1976 1411
f 294 1998 1441
f 372 2232 1591
f 394 2299 1382
f 416 2330 911
f 408 2324 893
f 406 2325 888
f 412 2332 900
f 415 2335 906
f 424 2344 924
f 492 2410 1062
f 582 2497 1242
f 565 2486 1206
f 514 2434 1104
f 461 2375 1001
f 453 2369 983
f 451 2370 978
f 457 2377 990
f 460 2380 996
f 475 2393 1026
f 439 2359 954
f 496 2415 1068
f 533 2455 1140
f 551 2461 1181
f 579 2489 1235
f 483 2399 1043
f 426 2341 929
f 521 2431 1121
f 566 2476 1211
f 489 2405 1055
f 578 2500 1230
f 560 2481 1194
f 518 2439 1110
f 429 2348 935
f 547 2465 1169
f 465 2383 1007
f 441 2356 959
f 504 2420 1085
f 537 2452 1152
f 550 2471 1176
f 476 2386 1031
f 444 2363 965
f 502 2422 1079
f 526 2445 1128
f 481 2400 1038
f 420 2338 917
f 510 2428 1097
f 555 2473 1187
f 571 2490 1218
f 540 2458 1157
f 473 2394 1020
f 447 2366 972
f 507 2425 1092
f 534 2444 1145
f 469 2389 1014
f 435 2353 947
f 498 2414 1073
f 529 2449 1133
f 545 2466 1164
f 487 2407 1049
f 574 2494 1223
f 562 2480 1199
f 520 2438 1116
f 432 2351 942
f 589 2510 1283
f 583 2504 1259
f 586 2508 1295
f 593 2514 1313
f 596 2517 1331
f 599 2520 1379
f 633 2554 1541
f 620 2539 1452
f 640 2560 1578
f 603 2523 1368
f 622 2543 1487
f 607 2527 1391
f 612 2532 1440
f 626 2547 1511
f 629 2550 1529
f 631 2552 1547
f 614 2535 1469
f 618 2538 1458
f 641 2558 1584
f 605 2524 1362
f 164 1607 1609
f 163 1603 1605
f 165 1604 1611
f 166 1610 1614
f 167 1613 1617
f 172 1622 1631
f 190 1686 1688
f 219 1773 1775
f 215 1761 1763
f 201 1712 1719
f 179 1652 1654
f 178 1648 1650
f 180 1649 1656
f 181 1655 1659
f 182 1658 1662
f 185 1670 1672
f 177 1637 1646
f 197 1694 1706
f 206 1731 1735
f 208 1739 1741
f 218 1768 1770
f 188 1678 1680
f 168 1619 1621
f 198 1709 1711
f 213 1754 1756
f 189 1682 1684
f 221 1776 1780
f 217 1758 1767
f 202 1716 1722
f 170 1625 1627
f 209 1742 1744
f 184 1663 1668
f 173 1634 1636
f 194 1697 1699
f 204 1728 1730
f 210 1746 1748
f 183 1664 1666
f 175 1640 1642
f 196 1700 1705
f 207 1724 1736
f 192 1679 1691
f 169 1618 1623
f 199 1708 1713
f 216 1753 1764
f 222 1769 1781
f 211 1738 1749
f 187 1671 1677
f 176 1643 1645
f 195 1701 1703
f 203 1723 1725
f 186 1667 1674
f 174 1633 1638
f 193 1693 1695
f 205 1727 1732
f 212 1743 1752
f 191 1685 1690
f 220 1772 1777
f 214 1757 1759
f 200 1715 1717
f 171 1628 1630
f 358 2187 2191
f 256 1881 1885
f 261 1899 1901
f 387 2277 2279
f 399 2313 2315
f 351 2169 2171
f 348 2156 2160
f 300 2010 2016
f 366 2208 2214
f 267 1917 1919
f 340 2133 2137
f 287 1971 1978
f 291 1989 1991
f 369 2223 2225
f 395 2300 2302
f 354 2174 2178
f 345 2151 2153
f 297 2007 2009
f 363 2205 2207
f 270 1920 1926
f 247 1855 1857
f 229 1801 1803
f 223 1784 1786
f 235 1820 1822
f 241 1838 1840
f 253 1874 1876
f 355 2180 2182
f 398 2310 2312
f 386 2274 2276
f 260 1896 1898
f 325 2089 2091
f 307 2035 2037
f 278 1950 1952
f 313 2054 2056
f 319 2072 2074
f 337 2126 2128
f 283 1964 1966
f 290 1986 1988
f 368 2220 2222
f 392 2291 2293
f 356 2183 2185
f 254 1877 1879
f 259 1891 1893
f 385 2269 2271
f 397 2305 2307
f 349 2161 2163
f 344 2148 2150
f 296 2004 2006
f 362 2202 2204
f 265 1909 1911
f 338 2129 2131
f 284 1967 1969
f 289 1981 1983
f 367 2215 2217
f 391 2288 2290
f 350 2166 2168
f 343 2143 2145
f 295 1999 2001
f 361 2197 2199
f 266 1914 1916
f 230 1806 1808
f 224 1787 1789
f 236 1823 1825
f 242 1841 1843
f 248 1860 1862
f 272 1931 1933
f 331 2108 2110
f 301 2018 2020
f 373 2234 2236
f 380 2255 2257
f 308 2040 2042
f 277 1945 1947
f 314 2057 2059
f 320 2075 2077
f 326 2094 2096
f 332 2111 2113
f 302 2021 2023
f 374 2237 2239
f 379 2252 2254
f 271 1928 1930
f 234 1812 1818
f 227 1791 1798
f 239 1827 1834
f 245 1845 1852
f 252 1866 1872
f 275 1935 1942
f 334 2118 2120
f 304 2028 2030
f 377 2246 2248
f 382 2259 2263
f 312 2048 2052
f 279 1953 1955
f 316 2061 2065
f 323 2079 2086
f 330 2100 2106
f 335 2115 2122
f 305 2025 2032
f 376 2241 2245
f 383 2264 2266
f 274 1938 1940
f 232 1802 1813
f 225 1783 1792
f 237 1819 1828
f 243 1837 1846
f 250 1856 1867
f 273 1927 1936
f 336 2112 2123
f 306 2022 2033
f 378 2238 2249
f 381 2251 2260
f 311 2036 2049
f 281 1949 1959
f 315 2053 2062
f 321 2071 2080
f 328 2090 2101
f 333 2107 2116
f 303 2017 2026
f 375 2233 2242
f 384 2256 2267
f 276 1932 1943
f 251 1859 1869
f 233 1805 1815
f 228 1788 1799
f 240 1824 1835
f 246 1842 1853
f 258 1878 1889
f 360 2184 2195
f 401 2306 2319
f 389 2270 2283
f 263 1892 1905
f 329 2093 2103
f 310 2039 2046
f 280 1946 1957
f 318 2058 2069
f 324 2076 2087
f 342 2130 2141
f 288 1968 1979
f 292 1982 1993
f 371 2216 2229
f 393 2287 2296
f 357 2179 2188
f 255 1873 1882
f 262 1895 1902
f 388 2273 2280
f 400 2309 2316
f 352 2165 2172
f 347 2144 2157
f 298 2000 2011
f 364 2198 2209
f 269 1913 1923
f 339 2125 2134
f 285 1963 1972
f 293 1985 1995
f 370 2219 2226
f 396 2292 2303
f 353 2162 2175
f 346 2147 2154
f 299 2003 2013
f 365 2201 2211
f 268 1910 1921
f 249 1863 1865
f 231 1809 1811
f 226 1794 1796
f 238 1830 1832
f 244 1848 1850
f 257 1886 1888
f 359 2192 2194
f 402 2318 2322
f 390 2282 2286
f 264 1904 1908
f 327 2097 2099
f 309 2043 2045
f 282 1956 1962
f 317 2066 2068
f 322 2082 2084
f 341 2138 2140
f 286 1974 1976
f 294 1992 1998
f 372 2228 2232
f 394 2295 2299
f 416 2331 2330
f 408 2327 2324
f 406 2328 2325
f 412 2334 2332
f 415 2337 2335
f 424 2346 2344
f 492 2412 2410
f 582 2499 2497
f 565 2487 2486
f 514 2436 2434
f 461 2376 2375
f 453 2372 2369
f 451 2373 2370
f 457 2379 2377
f 460 2382 2380
f 475 2396 2393
f 439 2361 2359
f 496 2418 2415
f 533 2457 2455
f 551 2463 2461
f 579 2492 2489
f 483 2402 2399
f 426 2343 2341
f 521 2433 2431
f 566 2478 2476
f 489 2406 2405
f 578 2502 2500
f 560 2484 2481
f 518 2442 2439
f 429 2349 2348
f 547 2468 2465
f 465 2387 2383
f 441 2358 2356
f 504 2421 2420
f 537 2454 2452
f 550 2472 2471
f 476 2388 2386
f 444 2364 2363
f 502 2426 2422
f 526 2448 2445
f 481 2403 2400
f 420 2342 2338
f 510 2432 2428
f 555 2477 2473
f 571 2493 2490
f 540 2462 2458
f 473 2397 2394
f 447 2367 2366
f 507 2427 2425
f 534 2447 2444
f 469 2391 2389
f 435 2357 2353
f 498 2417 2414
f 529 2453 2449
f 545 2469 2466
f 487 2411 2407
f 574 2498 2494
f 562 2483 2480
f 520 2441 2438
f 432 2352 2351
f 589 2509 2510
f 583 2503 2504
f 586 2506 2508
f 593 2512 2514
f 596 2515 2517
f 599 2518 2520
f 633 2555 2554
f 620 2541 2539
f 640 2562 2560
f 603 2522 2523
f 622 2542 2543
f 607 2528 2527
f 612 2531 2532
f 626 2545 2547
f 629 2548 2550
f 631 2551 2552
f 614 2533 2535
f 618 2537 2538
f 641 2559 2558
f 605 2526 2524
f 164 644 1607
f 163 643 1603
f 165 645 1604
f 166 646 1610
f 167 647 1613
f 172 652 1622
f 190 670 1686
f 219 699 1773
f 215 695 1761
f 201 681 1712
f 179 659 1652
f 178 658 1648
f 180 660 1649
f 181 661 1655
f 182 662 1658
f 185 665 1670
f 177 657 1637
f 197 677 1694
f 206 686 1731
f 208 688 1739
f 218 698 1768
f 188 668 1678
f 168 648 1619
f 198 678 1709
f 213 693 1754
f 189 669 1682
f 221 701 1776
f 217 697 1758
f 202 682 1716
f 170 650 1625
f 209 689 1742
f 184 664 1663
f 173 653 1634
f 194 674 1697
f 204 684 1728
f 210 690 1746
f 183 663 1664
f 175 655 1640
f 196 676 1700
f 207 687 1724
f 192 672 1679
f 169 649 1618
f 199 679 1708
f 216 696 1753
f 222 702 1769
f 211 691 1738
f 187 667 1671
f 176 656 1643
f 195 675 1701
f 203 683 1723
f 186 666 1667
f 174 654 1633
f 193 673 1693
f 205 685 1727
f 212 692 1743
f 191 671 1685
f 220 700 1772
f 214 694 1757
f 200 680 1715
f 171 651 1628
f 358 838 2187
f 256 736 1881
f 261 741 1899
f 387 867 2277
f 399 879 2313
f 351 831 2169
f 348 828 2156
f 300 780 2010
f 366 846 2208
f 267 747 1917
f 340 820 2133
f 287 767 1971
f 291 771 1989
f 369 849 2223
f 395 875 2300
f 354 834 2174
f 345 825 2151
f 297 777 2007
f 363 843 2205
f 270 750 1920
f 247 727 1855
f 229 709 1801
f 223 703 1784
f 235 715 1820
f 241 721 1838
f 253 733 1874
f 355 835 2180
f 398 878 2310
f 386 866 2274
f 260 740 1896
f 325 805 2089
f 307 787 2035
f 278 758 1950
f 313 793 2054
f 319 799 2072
f 337 817 2126
f 283 763 1964
f 290 770 1986
f 368 848 2220
f 392 872 2291
f 356 836 2183
f 254 734 1877
f 259 739 1891
f 385 865 2269
f 397 877 2305
f 349 829 2161
f 344 824 2148
f 296 776 2004
f 362 842 2202
f 265 745 1909
f 338 818 2129
f 284 764 1967
f 289 769 1981
f 367 847 2215
f 391 871 2288
f 350 830 2166
f 343 823 2143
f 295 775 1999
f 361 841 2197
f 266 746 1914
f 230 710 1806
f 224 704 1787
f 236 716 1823
f 242 722 1841
f 248 728 1860
f 272 752 1931
f 331 811 2108
f 301 781 2018
f 373 853 2234
f 380 860 2255
f 308 788 2040
f 277 757 1945
f 314 794 2057
f 320 800 2075
f 326 806 2094
f 332 812 2111
f 302 782 2021
f 374 854 2237
f 379 859 2252
f 271 751 1928
f 234 714 1812
f 227 707 1791
f 239 719 1827
f 245 725 1845
f 252 732 1866
f 275 755 1935
f 334 814 2118
f 304 784 2028
f 377 857 2246
f 382 862 2259
f 312 792 2048
f 279 759 1953
f 316 796 2061
f 323 803 2079
f 330 810 2100
f 335 815 2115
f 305 785 2025
f 376 856 2241
f 383 863 2264
f 274 754 1938
f 232 712 1802
f 225 705 1783
f 237 717 1819
f 243 723 1837
f 250 730 1856
f 273 753 1927
f 336 816 2112
f 306 786 2022
f 378 858 2238
f 381 861 2251
f 311 791 2036
f 281 761 1949
f 315 795 2053
f 321 801 2071
f 328 808 2090
f 333 813 2107
f 303 783 2017
f 375 855 2233
f 384 864 2256
f 276 756 1932
f 251 731 1859
f 233 713 1805
f 228 708 1788
f 240 720 1824
f 246 726 1842
f 258 738 1878
f 360 840 2184
f 401 881 2306
f 389 869 2270
f 263 743 1892
f 329 809 2093
f 310 790 2039
f 280 760 1946
f 318 798 2058
f 324 804 2076
f 342 822 2130
f 288 768 1968
f 292 772 1982
f 371 851 2216
f 393 873 2287
f 357 837 2179
f 255 735 1873
f 262 742 1895
f 388 868 2273
f 400 880 2309
f 352 832 2165
f 347 827 2144
f 298 778 2000
f 364 844 2198
f 269 749 1913
f 339 819 2125
f 285 765 1963
f 293 773 1985
f 370 850 2219
f 396 876 2292
f 353 833 2162
f 346 826 2147
f 299 779 2003
f 365 845 2201
f 268 748 1910
f 249 729 1863
f 231 711 1809
f 226 706 1794
f 238 718 1830
f 244 724 1848
f 257 737 1886
f 359 839 2192
f 402 882 2318
f 390 870 2282
f 264 744 1904
f 327 807 2097
f 309 789 2043
f 282 762 1956
f 317 797 2066
f 322 802 2082
f 341 821 2138
f 286 766 1974
f 294 774 1992
f 372 852 2228
f 394 874 2295
f 416 1270 2331
f 408 1246 2327
f 406 1251 2328
f 412 1287 2334
f 415 1305 2337
f 424 1335 2346
f 492 1552 2412
f 582 1474 2499
f 565 1600 2487
f 514 1353 2436
f 461 1480 2376
f 453 1402 2372
f 451 1407 2373
f 457 1491 2379
f 460 1503 2382
f 475 1534 2396
f 439 1413 2361
f 496 1443 2418
f 533 1593 2457
f 551 1384 2463
f 579 1324 2492
f 483 1276 2402
f 426 1264 2343
f 521 1300 2433
f 566 1318 2478
f 489 1342 2406
f 578 1563 2502
f 560 1461 2484
f 518 1587 2442
f 429 1348 2349
f 547 1522 2468
f 465 1419 2387
f 441 1396 2358
f 504 1498 2421
f 537 1516 2454
f 550 1558 2472
f 476 1426 2388
f 444 1432 2364
f 502 1569 2426
f 526 1371 2448
f 481 1281 2403
f 420 1257 2342
f 510 1293 2432
f 555 1311 2477
f 571 1329 2493
f 540 1377 2462
f 473 1539 2397
f 447 1450 2367
f 507 1576 2427
f 534 1366 2447
f 469 1485 2391
f 435 1389 2357
f 498 1438 2417
f 529 1509 2453
f 545 1527 2469
f 487 1545 2411
f 574 1467 2498
f 562 1456 2483
f 520 1582 2441
f 432 1360 2352
f 589 1271 2509
f 583 1247 2503
f 586 1254 2506
f 593 1290 2512
f 596 1308 2515
f 599 1338 2518
f 633 1553 2555
f 620 1475 2541
f 640 1601 2562
f 603 1356 2522
f 622 1481 2542
f 607 1403 2528
f 612 1410 2531
f 626 1494 2545
f 629 1506 2548
f 631 1535 2551
f 614 1416 2533
f 618 1446 2537
f 641 1596 2559
f 605 1385 2526
f 167 907 1616
f 164 889 1608
f 163 883 1606
f 165 895 1612
f 166 901 1615
f 169 919 1624
f 192 1057 1692
f 222 1237 1782
f 216 1201 1765
f 199 1099 1714
f 182 997 1661
f 179 979 1653
f 178 973 1651
f 180 985 1657
f 181 991 1660
f 186 1021 1675
f 174 949 1639
f 193 1063 1696
f 205 1135 1733
f 212 1177 1751
f 221 1231 1779
f 189 1039 1683
f 170 925 1626
f 202 1117 1721
f 217 1207 1766
f 191 1051 1689
f 220 1225 1778
f 214 1189 1760
f 200 1105 1718
f 171 931 1629
f 210 1165 1747
f 183 1003 1665
f 175 955 1641
f 196 1081 1704
f 207 1147 1737
f 211 1171 1750
f 187 1027 1676
f 176 961 1644
f 195 1075 1702
f 203 1123 1726
f 188 1033 1681
f 168 913 1620
f 198 1093 1710
f 213 1183 1755
f 218 1213 1771
f 208 1153 1740
f 185 1015 1673
f 177 967 1647
f 197 1087 1707
f 206 1141 1734
f 184 1009 1669
f 173 943 1635
f 194 1069 1698
f 204 1129 1729
f 209 1159 1745
f 190 1045 1687
f 219 1219 1774
f 215 1195 1762
f 201 1111 1720
f 172 937 1632
f 357 1280 2189
f 255 1256 1883
f 262 1292 1903
f 388 1310 2281
f 400 1328 2317
f 352 1376 2173
f 347 1538 2158
f 298 1447 2012
f 364 1573 2210
f 269 1363 1924
f 339 1484 2135
f 285 1388 1973
f 293 1435 1996
f 370 1508 2227
f 396 1526 2304
f 353 1544 2176
f 346 1466 2155
f 299 1453 2014
f 365 1579 2212
f 268 1357 1922
f 249 1268 1864
f 231 1244 1810
f 226 1249 1795
f 238 1285 1831
f 244 1303 1849
f 257 1333 1887
f 359 1550 2193
f 402 1472 2321
f 390 1598 2285
f 264 1351 1907
f 327 1478 2098
f 309 1400 2044
f 282 1405 1961
f 317 1489 2067
f 322 1501 2083
f 341 1532 2139
f 286 1411 1975
f 294 1441 1997
f 372 1591 2231
f 394 1382 2298
f 358 1322 2190
f 256 1274 1884
f 261 1262 1900
f 387 1298 2278
f 399 1316 2314
f 351 1340 2170
f 348 1561 2159
f 300 1459 2015
f 366 1585 2213
f 267 1346 1918
f 340 1520 2136
f 287 1417 1977
f 291 1394 1990
f 369 1496 2224
f 395 1514 2301
f 354 1556 2177
f 345 1424 2152
f 297 1430 2008
f 363 1567 2206
f 270 1369 1925
f 234 1279 1817
f 227 1255 1797
f 239 1291 1833
f 245 1309 1851
f 252 1327 1871
f 275 1375 1941
f 334 1537 2119
f 304 1448 2029
f 377 1574 2247
f 382 1364 2262
f 312 1483 2051
f 279 1387 1954
f 316 1436 2064
f 323 1507 2085
f 330 1525 2105
f 335 1543 2121
f 305 1465 2031
f 376 1454 2244
f 383 1580 2265
f 274 1358 1939
f 232 1267 1814
f 225 1243 1793
f 237 1250 1829
f 243 1286 1847
f 250 1304 1868
f 273 1334 1937
f 336 1549 2124
f 306 1471 2034
f 378 1597 2250
f 381 1352 2261
f 311 1477 2050
f 281 1399 1960
f 315 1406 2063
f 321 1490 2081
f 328 1502 2102
f 333 1531 2117
f 303 1412 2027
f 375 1442 2243
f 384 1592 2268
f 276 1381 1944
f 229 890 1804
f 223 884 1785
f 235 896 1821
f 241 902 1839
f 247 908 1858
f 271 938 1929
f 332 1046 2114
f 302 1220 2024
f 374 1196 2240
f 379 1112 2253
f 307 980 2038
f 278 974 1951
f 313 986 2055
f 319 992 2073
f 325 998 2092
f 331 1016 2109
f 301 968 2019
f 373 1088 2235
f 380 1142 2258
f 272 1154 1934
f 248 1214 1861
f 230 1034 1807
f 224 914 1790
f 236 1094 1826
f 242 1184 1844
f 254 1040 1880
f 356 1232 2186
f 397 1208 2308
f 385 1118 2272
f 259 926 1894
f 326 1160 2095
f 308 1010 2041
f 277 944 1948
f 314 1070 2060
f 320 1130 2078
f 338 1166 2132
f 284 1004 1970
f 289 956 1984
f 367 1082 2218
f 391 1148 2289
f 355 1058 2181
f 253 920 1875
f 260 1100 1897
f 386 1202 2275
f 398 1238 2311
f 350 1172 2167
f 343 1028 2146
f 295 962 2002
f 361 1076 2200
f 266 1124 1915
f 337 1022 2127
f 283 950 1965
f 290 1064 1987
f 368 1136 2221
f 392 1178 2294
f 349 1052 2164
f 344 1226 2149
f 296 1190 2005
f 362 1106 2203
f 265 932 1912
f 251 1321 1870
f 233 1273 1816
f 228 1261 1800
f 240 1297 1836
f 246 1315 1854
f 258 1339 1890
f 360 1562 2196
f 401 1460 2320
f 389 1586 2284
f 263 1345 1906
f 329 1519 2104
f 310 1418 2047
f 280 1393 1958
f 318 1495 2070
f 324 1513 2088
f 342 1555 2142
f 288 1423 1980
f 292 1429 1994
f 371 1568 2230
f 393 1370 2297
f 409 894 2329
f 405 887 2323
f 411 899 2326
f 414 905 2333
f 417 912 2336
f 431 941 2345
f 488 1050 2409
f 575 1224 2496
f 563 1200 2485
f 519 1115 2435
f 454 984 2374
f 450 977 2368
f 456 989 2371
f 459 995 2378
f 462 1002 2381
f 472 1019 2392
f 446 971 2360
f 506 1091 2416
f 535 1146 2456
f 541 1158 2460
f 570 1217 2488
f 480 1037 2398
f 421 918 2340
f 511 1098 2430
f 556 1188 2475
f 484 1044 2404
f 580 1236 2501
f 567 1212 2482
f 522 1122 2440
f 427 930 2347
f 544 1163 2464
f 468 1013 2384
f 436 948 2355
f 499 1074 2419
f 530 1134 2451
f 548 1170 2470
f 466 1008 2385
f 442 960 2362
f 505 1086 2423
f 536 1151 2446
f 491 1061 2401
f 423 923 2339
f 513 1103 2429
f 564 1205 2474
f 581 1241 2491
f 549 1175 2459
f 477 1032 2395
f 445 966 2365
f 503 1080 2424
f 525 1127 2443
f 474 1025 2390
f 438 953 2354
f 495 1067 2413
f 532 1139 2450
f 552 1182 2467
f 490 1056 2408
f 577 1229 2495
f 559 1193 2479
f 517 1109 2437
f 430 936 2350
f 590 1325 2511
f 584 1277 2505
f 585 1265 2507
f 592 1301 2513
f 595 1319 2516
f 598 1343 2519
f 636 1566 2556
f 621 1464 2540
f 642 1590 2561
f 601 1349 2521
f 623 1523 2544
f 611 1422 2529
f 609 1397 2530
f 625 1499 2546
f 628 1517 2549
f 632 1559 2553
f 613 1427 2534
f 616 1433 2536
f 638 1572 2557
f 606 1374 2525
f 407 892 1609
f 403 885 1605
f 404 897 1611
f 410 903 1614
f 413 910 1617
f 422 939 1631
f 486 1048 1688
f 573 1222 1775
f 561 1198 1763
f 512 1113 1719
f 452 982 1654
f 448 975 1650
f 449 987 1656
f 455 993 1659
f 458 1000 1662
f 470 1017 1672
f 437 969 1646
f 494 1089 1706
f 531 1144 1735
f 539 1156 1741
f 568 1215 1770
f 478 1035 1680
f 419 916 1621
f 509 1096 1711
f 554 1186 1756
f 482 1042 1684
f 576 1234 1780
f 558 1210 1767
f 516 1120 1722
f 425 928 1627
f 542 1161 1744
f 463 1011 1668
f 434 946 1636
f 497 1072 1699
f 528 1132 1730
f 546 1168 1748
f 464 1006 1666
f 440 958 1642
f 500 1084 1705
f 524 1149 1736
f 479 1059 1691
f 418 921 1623
f 508 1101 1713
f 553 1203 1764
f 569 1239 1781
f 538 1173 1749
f 471 1030 1677
f 443 964 1645
f 501 1078 1703
f 523 1125 1725
f 467 1023 1674
f 433 951 1638
f 493 1065 1695
f 527 1137 1732
f 543 1180 1752
f 485 1054 1690
f 572 1227 1777
f 557 1191 1759
f 515 1107 1717
f 428 934 1630
f 591 1326 2191
f 587 1278 1885
f 588 1266 1901
f 594 1302 2279
f 597 1320 2315
f 600 1344 2171
f 634 1565 2160
f 619 1463 2016
f 639 1589 2214
f 602 1350 1919
f 624 1524 2137
f 608 1421 1978
f 610 1398 1991
f 627 1500 2225
f 630 1518 2302
f 635 1560 2178
f 615 1428 2153
f 617 1434 2009
f 637 1571 2207
f 604 1373 1926
f 416 911 1857
f 408 893 1803
f 406 888 1786
f 412 900 1822
f 415 906 1840
f 424 924 1876
f 492 1062 2182
f 582 1242 2312
f 565 1206 2276
f 514 1104 1898
f 461 1001 2091
f 453 983 2037
f 451 978 1952
f 457 990 2056
f 460 996 2074
f 475 1026 2128
f 439 954 1966
f 496 1068 1988
f 533 1140 2222
f 551 1181 2293
f 579 1235 2185
f 483 1043 1879
f 426 929 1893
f 521 1121 2271
f 566 1211 2307
f 489 1055 2163
f 578 1230 2150
f 560 1194 2006
f 518 1110 2204
f 429 935 1911
f 547 1169 2131
f 465 1007 1969
f 441 959 1983
f 504 1085 2217
f 537 1152 2290
f 550 1176 2168
f 476 1031 2145
f 444 965 2001
f 502 1079 2199
f 526 1128 1916
f 481 1038 1808
f 420 917 1789
f 510 1097 1825
f 555 1187 1843
f 571 1218 1862
f 540 1157 1933
f 473 1020 2110
f 447 972 2020
f 507 1092 2236
f 534 1145 2257
f 469 1014 2042
f 435 947 1947
f 498 1073 2059
f 529 1133 2077
f 545 1164 2096
f 487 1049 2113
f 574 1223 2023
f 562 1199 2239
f 520 1116 2254
f 432 942 1930
f 589 1283 1818
f 583 1259 1798
f 586 1295 1834
f 593 1313 1852
f 596 1331 1872
f 599 1379 1942
f 633 1541 2120
f 620 1452 2030
f 640 1578 2248
f 603 1368 2263
f 622 1487 2052
f 607 1391 1955
f 612 1440 2065
f 626 1511 2086
f 629 1529 2106
f 631 1547 2122
f 614 1469 2032
f 618 1458 2245
f 641 1584 2266
f 605 1362 1940
f 409 1269 1813
f 405 1245 1792
f 411 1252 1828
f 414 1288 1846
f 417 1306 1867
f 431 1336 1936
f 488 1551 2123
f 575 1473 2033
f 563 1599 2249
f 519 1354 2260
f 454 1479 2049
f 450 1401 1959
f 456 1408 2062
f 459 1492 2080
f 462 1504 2101
f 472 1533 2116
f 446 1414 2026
f 506 1444 2242
f 535 1594 2267
f 541 1383 1943
f 570 1323 1869
f 480 1275 1815
f 421 1263 1799
f 511 1299 1835
f 556 1317 1853
f 484 1341 1889
f 580 1564 2195
f 567 1462 2319
f 522 1588 2283
f 427 1347 1905
f 544 1521 2103
f 468 1420 2046
f 436 1395 1957
f 499 1497 2069
f 530 1515 2087
f 548 1557 2141
f 466 1425 1979
f 442 1431 1993
f 505 1570 2229
f 536 1372 2296
f 491 1282 2188
f 423 1258 1882
f 513 1294 1902
f 564 1312 2280
f 581 1330 2316
f 549 1378 2172
f 477 1540 2157
f 445 1449 2011
f 503 1575 2209
f 525 1365 1923
f 474 1486 2134
f 438 1390 1972
f 495 1437 1995
f 532 1510 2226
f 552 1528 2303
f 490 1546 2175
f 577 1468 2154
f 559 1455 2013
f 517 1581 2211
f 430 1359 1921
f 590 1272 1865
f 584 1248 1811
f 585 1253 1796
f 592 1289 1832
f 595 1307 1850
f 598 1337 1888
f 636 1554 2194
f 621 1476 2322
f 642 1602 2286
f 601 1355 1908
f 623 1482 2099
f 611 1404 2045
f 609 1409 1962
f 625 1493 2068
f 628 1505 2084
f 632 1536 2140
f 613 1415 1976
f 616 1445 1998
f 638 1595 2232
f 606 1386 2299
f 407 909 2330
f 403 891 2324
f 404 886 2325
f 410 898 2332
f 413 904 2335
f 422 922 2344
f 486 1060 2410
f 573 1240 2497
f 561 1204 2486
f 512 1102 2434
f 452 999 2375
f 448 981 2369
f 449 976 2370
f 455 988 2377
f 458 994 2380
f 470 1024 2393
f 437 952 2359
f 494 1066 2415
f 531 1138 2455
f 539 1179 2461
f 568 1233 2489
f 478 1041 2399
f 419 927 2341
f 509 1119 2431
f 554 1209 2476
f 482 1053 2405
f 576 1228 2500
f 558 1192 2481
f 516 1108 2439
f 425 933 2348
f 542 1167 2465
f 463 1005 2383
f 434 957 2356
f 497 1083 2420
f 528 1150 2452
f 546 1174 2471
f 464 1029 2386
f 440 963 2363
f 500 1077 2422
f 524 1126 2445
f 479 1036 2400
f 418 915 2338
f 508 1095 2428
f 553 1185 2473
f 569 1216 2490
f 538 1155 2458
f 471 1018 2394
f 443 970 2366
f 501 1090 2425
f 523 1143 2444
f 467 1012 2389
f 433 945 2353
f 493 1071 2414
f 527 1131 2449
f 543 1162 2466
f 485 1047 2407
f 572 1221 2494
f 557 1197 2480
f 515 1114 2438
f 428 940 2351
f 591 1284 2510
f 587 1260 2504
f 588 1296 2508
f 594 1314 2514
f 597 1332 2517
f 600 1380 2520
f 634 1542 2554
f 619 1451 2539
f 639 1577 2560
f 602 1367 2523
f 624 1488 2543
f 608 1392 2527
f 610 1439 2532
f 627 1512 2547
f 630 1530 2550
f 635 1548 2552
f 615 1470 2535
f 617 1457 2538
f 637 1583 2558
f 604 1361 2524
f 167 1616 1607
f 164 1608 1603
f 163 1606 1604
f 165 1612 1610
f 166 1615 1613
f 169 1624 1622
f 192 1692 1686
f 222 1782 1773
f 216 1765 1761
f 199 1714 1712
f 182 1661 1652
f 179 1653 1648
f 178 1651 1649
f 180 1657 1655
f 181 1660 1658
f 186 1675 1670
f 174 1639 1637
f 193 1696 1694
f 205 1733 1731
f 212 1751 1739
f 221 1779 1768
f 189 1683 1678
f 170 1626 1619
f 202 1721 1709
f 217 1766 1754
f 191 1689 1682
f 220 1778 1776
f 214 1760 1758
f 200 1718 1716
f 171 1629 1625
f 210 1747 1742
f 183 1665 1663
f 175 1641 1634
f 196 1704 1697
f 207 1737 1728
f 211 1750 1746
f 187 1676 1664
f 176 1644 1640
f 195 1702 1700
f 203 1726 1724
f 188 1681 1679
f 168 1620 1618
f 198 1710 1708
f 213 1755 1753
f 218 1771 1769
f 208 1740 1738
f 185 1673 1671
f 177 1647 1643
f 197 1707 1701
f 206 1734 1723
f 184 1669 1667
f 173 1635 1633
f 194 1698 1693
f 204 1729 1727
f 209 1745 1743
f 190 1687 1685
f 219 1774 1772
f 215 1762 1757
f 201 1720 1715
f 172 1632 1628
f 357 2189 2187
f 255 1883 1881
f 262 1903 1899
f 388 2281 2277
f 400 2317 2313
f 352 2173 2169
f 347 2158 2156
f 298 2012 2010
f 364 2210 2208
f 269 1924 1917
f 339 2135 2133
f 285 1973 1971
f 293 1996 1989
f 370 2227 2223
f 396 2304 2300
f 353 2176 2174
f 346 2155 2151
f 299 2014 2007
f 365 2212 2205
f 268 1922 1920
f 249 1864 1855
f 231 1810 1801
f 226 1795 1784
f 238 1831 1820
f 244 1849 1838
f 257 1887 1874
f 359 2193 2180
f 402 2321 2310
f 390 2285 2274
f 264 1907 1896
f 327 2098 2089
f 309 2044 2035
f 282 1961 1950
f 317 2067 2054
f 322 2083 2072
f 341 2139 2126
f 286 1975 1964
f 294 1997 1986
f 372 2231 2220
f 394 2298 2291
f 358 2190 2183
f 256 1884 1877
f 261 1900 1891
f 387 2278 2269
f 399 2314 2305
f 351 2170 2161
f 348 2159 2148
f 300 2015 2004
f 366 2213 2202
f 267 1918 1909
f 340 2136 2129
f 287 1977 1967
f 291 1990 1981
f 369 2224 2215
f 395 2301 2288
f 354 2177 2166
f 345 2152 2143
f 297 2008 1999
f 363 2206 2197
f 270 1925 1914
f 234 1817 1806
f 227 1797 1787
f 239 1833 1823
f 245 1851 1841
f 252 1871 1860
f 275 1941 1931
f 334 2119 2108
f 304 2029 2018
f 377 2247 2234
f 382 2262 2255
f 312 2051 2040
f 279 1954 1945
f 316 2064 2057
f 323 2085 2075
f 330 2105 2094
f 335 2121 2111
f 305 2031 2021
f 376 2244 2237
f 383 2265 2252
f 274 1939 1928
f 232 1814 1812
f 225 1793 1791
f 237 1829 1827
f 243 1847 1845
f 250 1868 1866
f 273 1937 1935
f 336 2124 2118
f 306 2034 2028
f 378 2250 2246
f 381 2261 2259
f 311 2050 2048
f 281 1960 1953
f 315 2063 2061
f 321 2081 2079
f 328 2102 2100
f 333 2117 2115
f 303 2027 2025
f 375 2243 2241
f 384 2268 2264
f 276 1944 1938
f 229 1804 1802
f 223 1785 1783
f 235 1821 1819
f 241 1839 1837
f 247 1858 1856
f 271 1929 1927
f 332 2114 2112
f 302 2024 2022
f 374 2240 2238
f 379 2253 2251
f 307 2038 2036
f 278 1951 1949
f 313 2055 2053
f 319 2073 2071
f 325 2092 2090
f 331 2109 2107
f 301 2019 2017
f 373 2235 2233
f 380 2258 2256
f 272 1934 1932
f 248 1861 1859
f 230 1807 1805
f 224 1790 1788
f 236 1826 1824
f 242 1844 1842
f 254 1880 1878
f 356 2186 2184
f 397 2308 2306
f 385 2272 2270
f 259 1894 1892
f 326 2095 2093
f 308 2041 2039
f 277 1948 1946
f 314 2060 2058
f 320 2078 2076
f 338 2132 2130
f 284 1970 1968
f 289 1984 1982
f 367 2218 2216
f 391 2289 2287
f 355 2181 2179
f 253 1875 1873
f 260 1897 1895
f 386 2275 2273
f 398 2311 2309
f 350 2167 2165
f 343 2146 2144
f 295 2002 2000
f 361 2200 2198
f 266 1915 1913
f 337 2127 2125
f 283 1965 1963
f 290 1987 1985
f 368 2221 2219
f 392 2294 2292
f 349 2164 2162
f 344 2149 2147
f 296 2005 2003
f 362 2203 2201
f 265 1912 1910
f 251 1870 1863
f 233 1816 1809
f 228 1800 1794
f 240 1836 1830
f 246 1854 1848
f 258 1890 1886
f 360 2196 2192
f 401 2320 2318
f 389 2284 2282
f 263 1906 1904
f 329 2104 2097
f 310 2047 2043
f 280 1958 1956
f 318 2070 2066
f 324 2088 2082
f 342 2142 2138
f 288 1980 1974
f 292 1994 1992
f 371 2230 2228
f 393 2297 2295
f 409 2329 2331
f 405 2323 2327
f 411 2326 2328
f 414 2333 2334
f 417 2336 2337
f 431 2345 2346
f 488 2409 2412
f 575 2496 2499
f 563 2485 2487
f 519 2435 2436
f 454 2374 2376
f 450 2368 2372
f 456 2371 2373
f 459 2378 2379
f 462 2381 2382
f 472 2392 2396
f 446 2360 2361
f 506 2416 2418
f 535 2456 2457
f 541 2460 2463
f 570 2488 2492
f 480 2398 2402
f 421 2340 2343
f 511 2430 2433
f 556 2475 2478
f 484 2404 2406
f 580 2501 2502
f 567 2482 2484
f 522 2440 2442
f 427 2347 2349
f 544 2464 2468
f 468 2384 2387
f 436 2355 2358
f 499 2419 2421
f 530 2451 2454
f 548 2470 2472
f 466 2385 2388
f 442 2362 2364
f 505 2423 2426
f 536 2446 2448
f 491 2401 2403
f 423 2339 2342
f 513 2429 2432
f 564 2474 2477
f 581 2491 2493
f 549 2459 2462
f 477 2395 2397
f 445 2365 2367
f 503 2424 2427
f 525 2443 2447
f 474 2390 2391
f 438 2354 2357
f 495 2413 2417
f 532 2450 2453
f 552 2467 2469
f 490 2408 2411
f 577 2495 2498
f 559 2479 2483
f 517 2437 2441
f 430 2350 2352
f 590 2511 2509
f 584 2505 2503
f 585 2507 2506
f 592 2513 2512
f 595 2516 2515
f 598 2519 2518
f 636 2556 2555
f 621 2540 2541
f 642 2561 2562
f 601 2521 2522
f 623 2544 2542
f 611 2529 2528
f 609 2530 2531
f 625 2546 2545
f 628 2549 2548
f 632 2553 2551
f 613 2534 2533
f 616 2536 2537
f 638 2557 2559
f 606 2525 2526
f 1607 644 647
f 1603 643 644
f 1604 645 643
f 1610 646 645
f 1613 647 646
f 1622 652 649
f 1686 670 672
f 1773 699 702
f 1761 695 696
f 1712 681 679
f 1652 659 662
f 1648 658 659
f 1649 660 658
f 1655 661 660
f 1658 662 661
f 1670 665 666
f 1637 657 654
f 1694 677 673
f 1731 686 685
f 1739 688 692
f 1768 698 701
f 1678 668 669
f 1619 648 650
f 1709 678 682
f 1754 693 697
f 1682 669 671
f 1776 701 700
f 1758 697 694
f 1716 682 680
f 1625 650 651
f 1742 689 690
f 1663 664 663
f 1634 653 655
f 1697 674 676
f 1728 684 687
f 1746 690 691
f 1664 663 667
f 1640 655 656
f 1700 676 675
f 1724 687 683
f 1679 672 668
f 1618 649 648
f 1708 679 678
f 1753 696 693
f 1769 702 698
f 1738 691 688
f 1671 667 665
f 1643 656 657
f 1701 675 677
f 1723 683 686
f 1667 666 664
f 1633 654 653
f 1693 673 674
f 1727 685 684
f 1743 692 689
f 1685 671 670
f 1772 700 699
f 1757 694 695
f 1715 680 681
f 1628 651 652
f 2187 838 837
f 1881 736 735
f 1899 741 742
f 2277 867 868
f 2313 879 880
f 2169 831 832
f 2156 828 827
f 2010 780 778
f 2208 846 844
f 1917 747 749
f 2133 820 819
f 1971 767 765
f 1989 771 773
f 2223 849 850
f 2300 875 876
f 2174 834 833
f 2151 825 826
f 2007 777 779
f 2205 843 845
f 1920 750 748
f 1855 727 729
f 1801 709 711
f 1784 703 706
f 1820 715 718
f 1838 721 724
f 1874 733 737
f 2180 835 839
f 2310 878 882
f 2274 866 870
f 1896 740 744
f 2089 805 807
f 2035 787 789
f 1950 758 762
f 2054 793 797
f 2072 799 802
f 2126 817 821
f 1964 763 766
f 1986 770 774
f 2220 848 852
f 2291 872 874
f 2183 836 838
f 1877 734 736
f 1891 739 741
f 2269 865 867
f 2305 877 879
f 2161 829 831
f 2148 824 828
f 2004 776 780
f 2202 842 846
f 1909 745 747
f 2129 818 820
f 1967 764 767
f 1981 769 771
f 2215 847 849
f 2288 871 875
f 2166 830 834
f 2143 823 825
f 1999 775 777
f 2197 841 843
f 1914 746 750
f 1806 710 714
f 1787 704 707
f 1823 716 719
f 1841 722 725
f 1860 728 732
f 1931 752 755
f 2108 811 814
f 2018 781 784
f 2234 853 857
f 2255 860 862
f 2040 788 792
f 1945 757 759
f 2057 794 796
f 2075 800 803
f 2094 806 810
f 2111 812 815
f 2021 782 785
f 2237 854 856
f 2252 859 863
f 1928 751 754
f 1812 714 712
f 1791 707 705
f 1827 719 717
f 1845 725 723
f 1866 732 730
f 1935 755 753
f 2118 814 816
f 2028 784 786
f 2246 857 858
f 2259 862 861
f 2048 792 791
f 1953 759 761
f 2061 796 795
f 2079 803 801
f 2100 810 808
f 2115 815 813
f 2025 785 783
f 2241 856 855
f 2264 863 864
f 1938 754 756
f 1802 712 709
f 1783 705 703
f 1819 717 715
f 1837 723 721
f 1856 730 727
f 1927 753 751
f 2112 816 812
f 2022 786 782
f 2238 858 854
f 2251 861 859
f 2036 791 787
f 1949 761 758
f 2053 795 793
f 2071 801 799
f 2090 808 805
f 2107 813 811
f 2017 783 781
f 2233 855 853
f 2256 864 860
f 1932 756 752
f 1859 731 728
f 1805 713 710
f 1788 708 704
f 1824 720 716
f 1842 726 722
f 1878 738 734
f 2184 840 836
f 2306 881 877
f 2270 869 865
f 1892 743 739
f 2093 809 806
f 2039 790 788
f 1946 760 757
f 2058 798 794
f 2076 804 800
f 2130 822 818
f 1968 768 764
f 1982 772 769
f 2216 851 847
f 2287 873 871
f 2179 837 835
f 1873 735 733
f 1895 742 740
f 2273 868 866
f 2309 880 878
f 2165 832 830
f 2144 827 823
f 2000 778 775
f 2198 844 841
f 1913 749 746
f 2125 819 817
f 1963 765 763
f 1985 773 770
f 2219 850 848
f 2292 876 872
f 2162 833 829
f 2147 826 824
f 2003 779 776
f 2201 845 842
f 1910 748 745
f 1863 729 731
f 1809 711 713
f 1794 706 708
f 1830 718 720
f 1848 724 726
f 1886 737 738
f 2192 839 840
f 2318 882 881
f 2282 870 869
f 1904 744 743
f 2097 807 809
f 2043 789 790
f 1956 762 760
f 2066 797 798
f 2082 802 804
f 2138 821 822
f 1974 766 768
f 1992 774 772
f 2228 852 851
f 2295 874 873
f 2331 1270 1269
f 2327 1246 1245
f 2328 1251 1252
f 2334 1287 1288
f 2337 1305 1306
f 2346 1335 1336
f 2412 1552 1551
f 2499 1474 1473
f 2487 1600 1599
f 2436 1353 1354
f 2376 1480 1479
f 2372 1402 1401
f 2373 1407 1408
f 2379 1491 1492
f 2382 1503 1504
f 2396 1534 1533
f 2361 1413 1414
f 2418 1443 1444
f 2457 1593 1594
f 2463 1384 1383
f 2492 1324 1323
f 2402 1276 1275
f 2343 1264 1263
f 2433 1300 1299
f 2478 1318 1317
f 2406 1342 1341
f 2502 1563 1564
f 2484 1461 1462
f 2442 1587 1588
f 2349 1348 1347
f 2468 1522 1521
f 2387 1419 1420
f 2358 1396 1395
f 2421 1498 1497
f 2454 1516 1515
f 2472 1558 1557
f 2388 1426 1425
f 2364 1432 1431
f 2426 1569 1570
f 2448 1371 1372
f 2403 1281 1282
f 2342 1257 1258
f 2432 1293 1294
f 2477 1311 1312
f 2493 1329 1330
f 2462 1377 1378
f 2397 1539 1540
f 2367 1450 1449
f 2427 1576 1575
f 2447 1366 1365
f 2391 1485 1486
f 2357 1389 1390
f 2417 1438 1437
f 2453 1509 1510
f 2469 1527 1528
f 2411 1545 1546
f 2498 1467 1468
f 2483 1456 1455
f 2441 1582 1581
f 2352 1360 1359
f 2509 1271 1272
f 2503 1247 1248
f 2506 1254 1253
f 2512 1290 1289
f 2515 1308 1307
f 2518 1338 1337
f 2555 1553 1554
f 2541 1475 1476
f 2562 1601 1602
f 2522 1356 1355
f 2542 1481 1482
f 2528 1403 1404
f 2531 1410 1409
f 2545 1494 1493
f 2548 1506 1505
f 2551 1535 1536
f 2533 1416 1415
f 2537 1446 1445
f 2559 1596 1595
f 2526 1385 1386
f 1616 907 909
f 1608 889 891
f 1606 883 886
f 1612 895 898
f 1615 901 904
f 1624 919 922
f 1692 1057 1060
f 1782 1237 1240
f 1765 1201 1204
f 1714 1099 1102
f 1661 997 999
f 1653 979 981
f 1651 973 976
f 1657 985 988
f 1660 991 994
f 1675 1021 1024
f 1639 949 952
f 1696 1063 1066
f 1733 1135 1138
f 1751 1177 1179
f 1779 1231 1233
f 1683 1039 1041
f 1626 925 927
f 1721 1117 1119
f 1766 1207 1209
f 1689 1051 1053
f 1778 1225 1228
f 1760 1189 1192
f 1718 1105 1108
f 1629 931 933
f 1747 1165 1167
f 1665 1003 1005
f 1641 955 957
f 1704 1081 1083
f 1737 1147 1150
f 1750 1171 1174
f 1676 1027 1029
f 1644 961 963
f 1702 1075 1077
f 1726 1123 1126
f 1681 1033 1036
f 1620 913 915
f 1710 1093 1095
f 1755 1183 1185
f 1771 1213 1216
f 1740 1153 1155
f 1673 1015 1018
f 1647 967 970
f 1707 1087 1090
f 1734 1141 1143
f 1669 1009 1012
f 1635 943 945
f 1698 1069 1071
f 1729 1129 1131
f 1745 1159 1162
f 1687 1045 1047
f 1774 1219 1221
f 1762 1195 1197
f 1720 1111 1114
f 1632 937 940
f 2189 1280 1284
f 1883 1256 1260
f 1903 1292 1296
f 2281 1310 1314
f 2317 1328 1332
f 2173 1376 1380
f 2158 1538 1542
f 2012 1447 1451
f 2210 1573 1577
f 1924 1363 1367
f 2135 1484 1488
f 1973 1388 1392
f 1996 1435 1439
f 2227 1508 1512
f 2304 1526 1530
f 2176 1544 1548
f 2155 1466 1470
f 2014 1453 1457
f 2212 1579 1583
f 1922 1357 1361
f 1864 1268 1270
f 1810 1244 1246
f 1795 1249 1251
f 1831 1285 1287
f 1849 1303 1305
f 1887 1333 1335
f 2193 1550 1552
f 2321 1472 1474
f 2285 1598 1600
f 1907 1351 1353
f 2098 1478 1480
f 2044 1400 1402
f 1961 1405 1407
f 2067 1489 1491
f 2083 1501 1503
f 2139 1532 1534
f 1975 1411 1413
f 1997 1441 1443
f 2231 1591 1593
f 2298 1382 1384
f 2190 1322 1324
f 1884 1274 1276
f 1900 1262 1264
f 2278 1298 1300
f 2314 1316 1318
f 2170 1340 1342
f 2159 1561 1563
f 2015 1459 1461
f 2213 1585 1587
f 1918 1346 1348
f 2136 1520 1522
f 1977 1417 1419
f 1990 1394 1396
f 2224 1496 1498
f 2301 1514 1516
f 2177 1556 1558
f 2152 1424 1426
f 2008 1430 1432
f 2206 1567 1569
f 1925 1369 1371
f 1817 1279 1281
f 1797 1255 1257
f 1833 1291 1293
f 1851 1309 1311
f 1871 1327 1329
f 1941 1375 1377
f 2119 1537 1539
f 2029 1448 1450
f 2247 1574 1576
f 2262 1364 1366
f 2051 1483 1485
f 1954 1387 1389
f 2064 1436 1438
f 2085 1507 1509
f 2105 1525 1527
f 2121 1543 1545
f 2031 1465 1467
f 2244 1454 1456
f 2265 1580 1582
f 1939 1358 1360
f 1814 1267 1271
f 1793 1243 1247
f 1829 1250 1254
f 1847 1286 1290
f 1868 1304 1308
f 1937 1334 1338
f 2124 1549 1553
f 2034 1471 1475
f 2250 1597 1601
f 2261 1352 1356
f 2050 1477 1481
f 1960 1399 1403
f 2063 1406 1410
f 2081 1490 1494
f 2102 1502 1506
f 2117 1531 1535
f 2027 1412 1416
f 2243 1442 1446
f 2268 1592 1596
f 1944 1381 1385
f 1804 890 894
f 1785 884 887
f 1821 896 899
f 1839 902 905
f 1858 908 912
f 1929 938 941
f 2114 1046 1050
f 2024 1220 1224
f 2240 1196 1200
f 2253 1112 1115
f 2038 980 984
f 1951 974 977
f 2055 986 989
f 2073 992 995
f 2092 998 1002
f 2109 1016 1019
f 2019 968 971
f 2235 1088 1091
f 2258 1142 1146
f 1934 1154 1158
f 1861 1214 1217
f 1807 1034 1037
f 1790 914 918
f 1826 1094 1098
f 1844 1184 1188
f 1880 1040 1044
f 2186 1232 1236
f 2308 1208 1212
f 2272 1118 1122
f 1894 926 930
f 2095 1160 1163
f 2041 1010 1013
f 1948 944 948
f 2060 1070 1074
f 2078 1130 1134
f 2132 1166 1170
f 1970 1004 1008
f 1984 956 960
f 2218 1082 1086
f 2289 1148 1151
f 2181 1058 1061
f 1875 920 923
f 1897 1100 1103
f 2275 1202 1205
f 2311 1238 1241
f 2167 1172 1175
f 2146 1028 1032
f 2002 962 966
f 2200 1076 1080
f 1915 1124 1127
f 2127 1022 1025
f 1965 950 953
f 1987 1064 1067
f 2221 1136 1139
f 2294 1178 1182
f 2164 1052 1056
f 2149 1226 1229
f 2005 1190 1193
f 2203 1106 1109
f 1912 932 936
f 1870 1321 1325
f 1816 1273 1277
f 1800 1261 1265
f 1836 1297 1301
f 1854 1315 1319
f 1890 1339 1343
f 2196 1562 1566
f 2320 1460 1464
f 2284 1586 1590
f 1906 1345 1349
f 2104 1519 1523
f 2047 1418 1422
f 1958 1393 1397
f 2070 1495 1499
f 2088 1513 1517
f 2142 1555 1559
f 1980 1423 1427
f 1994 1429 1433
f 2230 1568 1572
f 2297 1370 1374
f 2329 894 892
f 2323 887 885
f 2326 899 897
f 2333 905 903
f 2336 912 910
f 2345 941 939
f 2409 1050 1048
f 2496 1224 1222
f 2485 1200 1198
f 2435 1115 1113
f 2374 984 982
f 2368 977 975
f 2371 989 987
f 2378 995 993
f 2381 1002 1000
f 2392 1019 1017
f 2360 971 969
f 2416 1091 1089
f 2456 1146 1144
f 2460 1158 1156
f 2488 1217 1215
f 2398 1037 1035
f 2340 918 916
f 2430 1098 1096
f 2475 1188 1186
f 2404 1044 1042
f 2501 1236 1234
f 2482 1212 1210
f 2440 1122 1120
f 2347 930 928
f 2464 1163 1161
f 2384 1013 1011
f 2355 948 946
f 2419 1074 1072
f 2451 1134 1132
f 2470 1170 1168
f 2385 1008 1006
f 2362 960 958
f 2423 1086 1084
f 2446 1151 1149
f 2401 1061 1059
f 2339 923 921
f 2429 1103 1101
f 2474 1205 1203
f 2491 1241 1239
f 2459 1175 1173
f 2395 1032 1030
f 2365 966 964
f 2424 1080 1078
f 2443 1127 1125
f 2390 1025 1023
f 2354 953 951
f 2413 1067 1065
f 2450 1139 1137
f 2467 1182 1180
f 2408 1056 1054
f 2495 1229 1227
f 2479 1193 1191
f 2437 1109 1107
f 2350 936 934
f 2511 1325 1326
f 2505 1277 1278
f 2507 1265 1266
f 2513 1301 1302
f 2516 1319 1320
f 2519 1343 1344
f 2556 1566 1565
f 2540 1464 1463
f 2561 1590 1589
f 2521 1349 1350
f 2544 1523 1524
f 2529 1422 1421
f 2530 1397 1398
f 2546 1499 1500
f 2549 1517 1518
f 2553 1559 1560
f 2534 1427 1428
f 2536 1433 1434
f 2557 1572 1571
f 2525 1374 1373
f 1609 892 889
f 1605 885 883
f 1611 897 895
f 1614 903 901
f 1617 910 907
f 1631 939 937
f 1688 1048 1045
f 1775 1222 1219
f 1763 1198 1195
f 1719 1113 1111
f 1654 982 979
f 1650 975 973
f 1656 987 985
f 1659 993 991
f 1662 1000 997
f 1672 1017 1015
f 1646 969 967
f 1706 1089 1087
f 1735 1144 1141
f 1741 1156 1153
f 1770 1215 1213
f 1680 1035 1033
f 1621 916 913
f 1711 1096 1093
f 1756 1186 1183
f 1684 1042 1039
f 1780 1234 1231
f 1767 1210 1207
f 1722 1120 1117
f 1627 928 925
f 1744 1161 1159
f 1668 1011 1009
f 1636 946 943
f 1699 1072 1069
f 1730 1132 1129
f 1748 1168 1165
f 1666 1006 1003
f 1642 958 955
f 1705 1084 1081
f 1736 1149 1147
f 1691 1059 1057
f 1623 921 919
f 1713 1101 1099
f 1764 1203 1201
f 1781 1239 1237
f 1749 1173 1171
f 1677 1030 1027
f 1645 964 961
f 1703 1078 1075
f 1725 1125 1123
f 1674 1023 1021
f 1638 951 949
f 1695 1065 1063
f 1732 1137 1135
f 1752 1180 1177
f 1690 1054 1051
f 1777 1227 1225
f 1759 1191 1189
f 1717 1107 1105
f 1630 934 931
f 2191 1326 1322
f 1885 1278 1274
f 1901 1266 1262
f 2279 1302 1298
f 2315 1320 1316
f 2171 1344 1340
f 2160 1565 1561
f 2016 1463 1459
f 2214 1589 1585
f 1919 1350 1346
f 2137 1524 1520
f 1978 1421 1417
f 1991 1398 1394
f 2225 1500 1496
f 2302 1518 1514
f 2178 1560 1556
f 2153 1428 1424
f 2009 1434 1430
f 2207 1571 1567
f 1926 1373 1369
f 1857 911 908
f 1803 893 890
f 1786 888 884
f 1822 900 896
f 1840 906 902
f 1876 924 920
f 2182 1062 1058
f 2312 1242 1238
f 2276 1206 1202
f 1898 1104 1100
f 2091 1001 998
f 2037 983 980
f 1952 978 974
f 2056 990 986
f 2074 996 992
f 2128 1026 1022
f 1966 954 950
f 1988 1068 1064
f 2222 1140 1136
f 2293 1181 1178
f 2185 1235 1232
f 1879 1043 1040
f 1893 929 926
f 2271 1121 1118
f 2307 1211 1208
f 2163 1055 1052
f 2150 1230 1226
f 2006 1194 1190
f 2204 1110 1106
f 1911 935 932
f 2131 1169 1166
f 1969 1007 1004
f 1983 959 956
f 2217 1085 1082
f 2290 1152 1148
f 2168 1176 1172
f 2145 1031 1028
f 2001 965 962
f 2199 1079 1076
f 1916 1128 1124
f 1808 1038 1034
f 1789 917 914
f 1825 1097 1094
f 1843 1187 1184
f 1862 1218 1214
f 1933 1157 1154
f 2110 1020 1016
f 2020 972 968
f 2236 1092 1088
f 2257 1145 1142
f 2042 1014 1010
f 1947 947 944
f 2059 1073 1070
f 2077 1133 1130
f 2096 1164 1160
f 2113 1049 1046
f 2023 1223 1220
f 2239 1199 1196
f 2254 1116 1112
f 1930 942 938
f 1818 1283 1279
f 1798 1259 1255
f 1834 1295 1291
f 1852 1313 1309
f 1872 1331 1327
f 1942 1379 1375
f 2120 1541 1537
f 2030 1452 1448
f 2248 1578 1574
f 2263 1368 1364
f 2052 1487 1483
f 1955 1391 1387
f 2065 1440 1436
f 2086 1511 1507
f 2106 1529 1525
f 2122 1547 1543
f 2032 1469 1465
f 2245 1458 1454
f 2266 1584 1580
f 1940 1362 1358
f 1813 1269 1267
f 1792 1245 1243
f 1828 1252 1250
f 1846 1288 1286
f 1867 1306 1304
f 1936 1336 1334
f 2123 1551 1549
f 2033 1473 1471
f 2249 1599 1597
f 2260 1354 1352
f 2049 1479 1477
f 1959 1401 1399
f 2062 1408 1406
f 2080 1492 1490
f 2101 1504 1502
f 2116 1533 1531
f 2026 1414 1412
f 2242 1444 1442
f 2267 1594 1592
f 1943 1383 1381
f 1869 1323 1321
f 1815 1275 1273
f 1799 1263 1261
f 1835 1299 1297
f 1853 1317 1315
f 1889 1341 1339
f 2195 1564 1562
f 2319 1462 1460
f 2283 1588 1586
f 1905 1347 1345
f 2103 1521 1519
f 2046 1420 1418
f 1957 1395 1393
f 2069 1497 1495
f 2087 1515 1513
f 2141 1557 1555
f 1979 1425 1423
f 1993 1431 1429
f 2229 1570 1568
f 2296 1372 1370
f 2188 1282 1280
f 1882 1258 1256
f 1902 1294 1292
f 2280 1312 1310
f 2316 1330 1328
f 2172 1378 1376
f 2157 1540 1538
f 2011 1449 1447
f 2209 1575 1573
f 1923 1365 1363
f 2134 1486 1484
f 1972 1390 1388
f 1995 1437 1435
f 2226 1510 1508
f 2303 1528 1526
f 2175 1546 1544
f 2154 1468 1466
f 2013 1455 1453
f 2211 1581 1579
f 1921 1359 1357
f 1865 1272 1268
f 1811 1248 1244
f 1796 1253 1249
f 1832 1289 1285
f 1850 1307 1303
f 1888 1337 1333
f 2194 1554 1550
f 2322 1476 1472
f 2286 1602 1598
f 1908 1355 1351
f 2099 1482 1478
f 2045 1404 1400
f 1962 1409 1405
f 2068 1493 1489
f 2084 1505 1501
f 2140 1536 1532
f 1976 1415 1411
f 1998 1445 1441
f 2232 1595 1591
f 2299 1386 1382
f 2330 909 911
f 2324 891 893
f 2325 886 888
f 2332 898 900
f 2335 904 906
f 2344 922 924
f 2410 1060 1062
f 2497 1240 1242
f 2486 1204 1206
f 2434 1102 1104
f 2375 999 1001
f 2369 981 983
f 2370 976 978
f 2377 988 990
f 2380 994 996
f 2393 1024 1026
f 2359 952 954
f 2415 1066 1068
f 2455 1138 1140
f 2461 1179 1181
f 2489 1233 1235
f 2399 1041 1043
f 2341 927 929
f 2431 1119 1121
f 2476 1209 1211
f 2405 1053 1055
f 2500 1228 1230
f 2481 1192 1194
f 2439 1108 1110
f 2348 933 935
f 2465 1167 1169
f 2383 1005 1007
f 2356 957 959
f 2420 1083 1085
f 2452 1150 1152
f 2471 1174 1176
f 2386 1029 1031
f 2363 963 965
f 2422 1077 1079
f 2445 1126 1128
f 2400 1036 1038
f 2338 915 917
f 2428 1095 1097
f 2473 1185 1187
f 2490 1216 1218
f 2458 1155 1157
f 2394 1018 1020
f 2366 970 972
f 2425 1090 1092
f 2444 1143 1145
f 2389 1012 1014
f 2353 945 947
f 2414 1071 1073
f 2449 1131 1133
f 2466 1162 1164
f 2407 1047 1049
f 2494 1221 1223
f 2480 1197 1199
f 2438 1114 1116
f 2351 940 942
f 2510 1284 1283
f 2504 1260 1259
f 2508 1296 1295
f 2514 1314 1313
f 2517 1332 1331
f 2520 1380 1379
f 2554 1542 1541
f 2539 1451 1452
f 2560 1577 1578
f 2523 1367 1368
f 2543 1488 1487
f 2527 1392 1391
f 2532 1439 1440
f 2547 1512 1511
f 2550 1530 1529
f 2552 1548 1547
f 2535 1470 1469
f 2538 1457 1458
f 2558 1583 1584
f 2524 1361 1362
f 1607 1616 1609
f 1603 1608 1605
f 1604 1606 1611
f 1610 1612 1614
f 1613 1615 1617
f 1622 1624 1631
f 1686 1692 1688
f 1773 1782 1775
f 1761 1765 1763
f 1712 1714 1719
f 1652 1661 1654
f 1648 1653 1650
f 1649 1651 1656
f 1655 1657 1659
f 1658 1660 1662
f 1670 1675 1672
f 1637 1639 1646
f 1694 1696 1706
f 1731 1733 1735
f 1739 1751 1741
f 1768 1779 1770
f 1678 1683 1680
f 1619 1626 1621
f 1709 1721 1711
f 1754 1766 1756
f 1682 1689 1684
f 1776 1778 1780
f 1758 1760 1767
f 1716 1718 1722
f 1625 1629 1627
f 1742 1747 1744
f 1663 1665 1668
f 1634 1641 1636
f 1697 1704 1699
f 1728 1737 1730
f 1746 1750 1748
f 1664 1676 1666
f 1640 1644 1642
f 1700 1702 1705
f 1724 1726 1736
f 1679 1681 1691
f 1618 1620 1623
f 1708 1710 1713
f 1753 1755 1764
f 1769 1771 1781
f 1738 1740 1749
f 1671 1673 1677
f 1643 1647 1645
f 1701 1707 1703
f 1723 1734 1725
f 1667 1669 1674
f 1633 1635 1638
f 1693 1698 1695
f 1727 1729 1732
f 1743 1745 1752
f 1685 1687 1690
f 1772 1774 1777
f 1757 1762 1759
f 1715 1720 1717
f 1628 1632 1630
f 2187 2189 2191
f 1881 1883 1885
f 1899 1903 1901
f 2277 2281 2279
f 2313 2317 2315
f 2169 2173 2171
f 2156 2158 2160
f 2010 2012 2016
f 2208 2210 2214
f 1917 1924 1919
f 2133 2135 2137
f 1971 1973 1978
f 1989 1996 1991
f 2223 2227 2225
f 2300 2304 2302
f 2174 2176 2178
f 2151 2155 2153
f 2007 2014 2009
f 2205 2212 2207
f 1920 1922 1926
f 1855 1864 1857
f 1801 1810 1803
f 1784 1795 1786
f 1820 1831 1822
f 1838 1849 1840
f 1874 1887 1876
f 2180 2193 2182
f 2310 2321 2312
f 2274 2285 2276
f 1896 1907 1898
f 2089 2098 2091
f 2035 2044 2037
f 1950 1961 1952
f 2054 2067 2056
f 2072 2083 2074
f 2126 2139 2128
f 1964 1975 1966
f 1986 1997 1988
f 2220 2231 2222
f 2291 2298 2293
f 2183 2190 2185
f 1877 1884 1879
f 1891 1900 1893
f 2269 2278 2271
f 2305 2314 2307
f 2161 2170 2163
f 2148 2159 2150
f 2004 2015 2006
f 2202 2213 2204
f 1909 1918 1911
f 2129 2136 2131
f 1967 1977 1969
f 1981 1990 1983
f 2215 2224 2217
f 2288 2301 2290
f 2166 2177 2168
f 2143 2152 2145
f 1999 2008 2001
f 2197 2206 2199
f 1914 1925 1916
f 1806 1817 1808
f 1787 1797 1789
f 1823 1833 1825
f 1841 1851 1843
f 1860 1871 1862
f 1931 1941 1933
f 2108 2119 2110
f 2018 2029 2020
f 2234 2247 2236
f 2255 2262 2257
f 2040 2051 2042
f 1945 1954 1947
f 2057 2064 2059
f 2075 2085 2077
f 2094 2105 2096
f 2111 2121 2113
f 2021 2031 2023
f 2237 2244 2239
f 2252 2265 2254
f 1928 1939 1930
f 1812 1814 1818
f 1791 1793 1798
f 1827 1829 1834
f 1845 1847 1852
f 1866 1868 1872
f 1935 1937 1942
f 2118 2124 2120
f 2028 2034 2030
f 2246 2250 2248
f 2259 2261 2263
f 2048 2050 2052
f 1953 1960 1955
f 2061 2063 2065
f 2079 2081 2086
f 2100 2102 2106
f 2115 2117 2122
f 2025 2027 2032
f 2241 2243 2245
f 2264 2268 2266
f 1938 1944 1940
f 1802 1804 1813
f 1783 1785 1792
f 1819 1821 1828
f 1837 1839 1846
f 1856 1858 1867
f 1927 1929 1936
f 2112 2114 2123
f 2022 2024 2033
f 2238 2240 2249
f 2251 2253 2260
f 2036 2038 2049
f 1949 1951 1959
f 2053 2055 2062
f 2071 2073 2080
f 2090 2092 2101
f 2107 2109 2116
f 2017 2019 2026
f 2233 2235 2242
f 2256 2258 2267
f 1932 1934 1943
f 1859 1861 1869
f 1805 1807 1815
f 1788 1790 1799
f 1824 1826 1835
f 1842 1844 1853
f 1878 1880 1889
f 2184 2186 2195
f 2306 2308 2319
f 2270 2272 2283
f 1892 1894 1905
f 2093 2095 2103
f 2039 2041 2046
f 1946 1948 1957
f 2058 2060 2069
f 2076 2078 2087
f 2130 2132 2141
f 1968 1970 1979
f 1982 1984 1993
f 2216 2218 2229
f 2287 2289 2296
f 2179 2181 2188
f 1873 1875 1882
f 1895 1897 1902
f 2273 2275 2280
f 2309 2311 2316
f 2165 2167 2172
f 2144 2146 2157
f 2000 2002 2011
f 2198 2200 2209
f 1913 1915 1923
f 2125 2127 2134
f 1963 1965 1972
f 1985 1987 1995
f 2219 2221 2226
f 2292 2294 2303
f 2162 2164 2175
f 2147 2149 2154
f 2003 2005 2013
f 2201 2203 2211
f 1910 1912 1921
f 1863 1870 1865
f 1809 1816 1811
f 1794 1800 1796
f 1830 1836 1832
f 1848 1854 1850
f 1886 1890 1888
f 2192 2196 2194
f 2318 2320 2322
f 2282 2284 2286
f 1904 1906 1908
f 2097 2104 2099
f 2043 2047 2045
f 1956 1958 1962
f 2066 2070 2068
f 2082 2088 2084
f 2138 2142 2140
f 1974 1980 1976
f 1992 1994 1998
f 2228 2230 2232
f 2295 2297 2299
f 2331 2329 2330
f 2327 2323 2324
f 2328 2326 2325
f 2334 2333 2332
f 2337 2336 2335
f 2346 2345 2344
f 2412 2409 2410
f 2499 2496 2497
f 2487 2485 2486
f 2436 2435 2434
f 2376 2374 2375
f 2372 2368 2369
f 2373 2371 2370
f 2379 2378 2377
f 2382 2381 2380
f 2396 2392 2393
f 2361 2360 2359
f 2418 2416 2415
f 2457 2456 2455
f 2463 2460 2461
f 2492 2488 2489
f 2402 2398 2399
f 2343 2340 2341
f 2433 2430 2431
f 2478 2475 2476
f 2406 2404 2405
f 2502 2501 2500
f 2484 2482 2481
f 2442 2440 2439
f 2349 2347 2348
f 2468 2464 2465
f 2387 2384 2383
f 2358 2355 2356
f 2421 2419 2420
f 2454 2451 2452
f 2472 2470 2471
f 2388 2385 2386
f 2364 2362 2363
f 2426 2423 2422
f 2448 2446 2445
f 2403 2401 2400
f 2342 2339 2338
f 2432 2429 2428
f 2477 2474 2473
f 2493 2491 2490
f 2462 2459 2458
f 2397 2395 2394
f 2367 2365 2366
f 2427 2424 2425
f 2447 2443 2444
f 2391 2390 2389
f 2357 2354 2353
f 2417 2413 2414
f 2453 2450 2449
f 2469 2467 2466
f 2411 2408 2407
f 2498 2495 2494
f 2483 2479 2480
f 2441 2437 2438
f 2352 2350 2351
f 2509 2511 2510
f 2503 2505 2504
f 2506 2507 2508
f 2512 2513 2514
f 2515 2516 2517
f 2518 2519 2520
f 2555 2556 2554
f 2541 2540 2539
f 2562 2561 2560
f 2522 2521 2523
f 2542 2544 2543
f 2528 2529 2527
f 2531 2530 2532
f 2545 2546 2547
f 2548 2549 2550
f 2551 2553 2552
f 2533 2534 2535
f 2537 2536 2538
f 2559 2557 2558
f 2526 2525 2524