v -0.374948 0.537469 -0.001483
v 0.375015 0.537472 -0.001443
v -0.384956 -0.590586 0.007213
v 0.384650 -0.590547 0.006875
v -0.000153 -0.450074 0.703863
v -0.000000 0.373609 0.668882
v -0.000007 -0.366512 -0.667460
v -0.000092 0.424856 -0.706802
v 0.672000 0.001687 -0.423691
v 0.690559 -0.000769 0.425845
v -0.672004 0.001670 -0.423681
v -0.690568 -0.000784 0.425863
v -0.000014 0.628380 -0.022987
v -0.219448 0.480554 0.350585
v -0.218554 0.654738 -0.441884
v -0.590728 0.339659 -0.224083
v -0.613807 0.347462 0.235819
v 0.219466 0.480560 0.350575
v 0.218404 0.654831 -0.442282
v 0.590583 0.339531 -0.223987
v 0.613822 0.347474 0.235804
v -0.000018 -0.692643 0.019340
v -0.250771 -0.682629 0.458591
v -0.222558 -0.544431 -0.358017
v -0.597516 -0.335236 -0.223761
v -0.610152 -0.356735 0.236897
v 0.251073 -0.682699 0.458368
v 0.222308 -0.544694 -0.357649
v 0.597548 -0.335303 -0.223788
v 0.610090 -0.356773 0.236878
v -0.000017 -0.003183 0.787431
v 0.383371 -0.232838 0.625610
v -0.383779 -0.232659 0.625680
v 0.390053 0.233170 0.634388
v -0.390047 0.233144 0.634374
v -0.000222 0.004326 -0.781544
v 0.384962 -0.230092 -0.630998
v -0.384965 -0.230069 -0.631012
v 0.394290 0.232735 -0.647049
v -0.393806 0.232815 -0.646881
v 0.791830 -0.000097 0.008183
v -0.791847 -0.000104 0.008192
v -0.176315 0.594316 -0.013807
v -0.306708 0.521641 0.155134
v -0.309361 0.580352 -0.189661
v -0.500556 0.480305 -0.102100
v -0.499310 0.459647 0.106909
v 0.176393 0.594441 -0.013892
v 0.306762 0.521675 0.155174
v 0.309093 0.580552 -0.189733
v 0.500605 0.480320 -0.102434
v 0.499322 0.459626 0.106872
v -0.202562 -0.687613 0.003698
v -0.321478 -0.598307 0.193602
v -0.347242 -0.659226 -0.183103
v -0.488865 -0.475641 -0.092277
v -0.506761 -0.495346 0.121226
v 0.202357 -0.687442 0.004010
v 0.321520 -0.598032 0.193534
v 0.347087 -0.659620 -0.183053
v 0.488998 -0.475754 -0.092492
v 0.506499 -0.495101 0.121016
v -0.146461 -0.672524 0.703780
v 0.145400 -0.672720 0.702953
v 0.000003 -0.229725 0.765602
v 0.188484 -0.365926 0.695303
v -0.188771 -0.365577 0.694978
v -0.108601 0.426035 0.541711
v 0.108600 0.426025 0.541702
v 0.000000 0.231804 0.750344
v 0.184240 0.327804 0.677341
v -0.184242 0.327819 0.677342
v -0.106520 -0.434249 -0.537942
v 0.106170 -0.434173 -0.538063
v -0.000012 -0.230236 -0.745767
v 0.182962 -0.321964 -0.677400
v -0.182989 -0.321953 -0.677397
v -0.132817 0.576122 -0.632950
v 0.132913 0.576006 -0.632889
v 0.000095 0.243637 -0.803314
v 0.193502 0.353198 -0.715849
v -0.193673 0.353420 -0.716219
v 0.661253 0.163106 -0.346630
v 0.658268 -0.168891 -0.345010
v 0.558798 -0.106977 -0.537027
v 0.560885 0.106261 -0.539356
v 0.742650 0.000705 -0.227743
v 0.678570 0.170635 0.347786
v 0.677943 -0.172696 0.348026
v 0.571118 -0.108713 0.540488
v 0.570202 0.107623 0.540483
v 0.769674 0.000015 0.238508
v -0.661223 0.163064 -0.346680
v -0.658256 -0.168894 -0.345005
v -0.558789 -0.106964 -0.537033
v -0.560879 0.106291 -0.539343
v -0.742687 0.000720 -0.227758
v -0.678555 0.170625 0.347787
v -0.677934 -0.172700 0.348038
v -0.571138 -0.108676 0.540514
v -0.570189 0.107610 0.540472
v -0.769683 0.000033 0.238503
v -0.093157 0.564661 0.147996
v -0.084630 0.646717 -0.213607
v 0.093154 0.564538 0.147962
v 0.084485 0.646308 -0.213269
v -0.435860 0.431922 0.319930
v 0.000002 0.498524 0.350922
v -0.329650 0.390832 0.523343
v -0.440844 0.516487 -0.349000
v 0.000228 0.708643 -0.447821
v -0.328140 0.450533 -0.550068
v -0.637658 0.355834 0.009896
v -0.507163 0.302619 -0.450355
v -0.724657 0.185269 -0.107384
v -0.525421 0.313562 0.456330
v -0.735411 0.190480 0.123213
v 0.435855 0.431913 0.319920
v 0.329652 0.390841 0.523332
v 0.441082 0.515895 -0.349008
v 0.328480 0.450584 -0.550623
v 0.637606 0.355813 0.009974
v 0.507458 0.302503 -0.450486
v 0.724656 0.185293 -0.107341
v 0.525430 0.313553 0.456329
v 0.735461 0.190526 0.123194
v -0.085864 -0.657468 0.218281
v -0.113317 -0.712561 -0.186185
v 0.085845 -0.658002 0.218167
v 0.112781 -0.711993 -0.185841
v -0.444143 -0.504728 0.349363
v 0.000241 -0.693277 0.466311
v -0.347286 -0.490811 0.575736
v -0.419769 -0.442960 -0.310846
v -0.000247 -0.563765 -0.365001
v -0.323182 -0.383227 -0.523012
v -0.639563 -0.356669 0.011557
v -0.514996 -0.300995 -0.456223
v -0.722975 -0.191217 -0.106510
v -0.518442 -0.319746 0.452012
v -0.734563 -0.194221 0.123392
v 0.443990 -0.504593 0.349340
v 0.347078 -0.490566 0.575529
v 0.419818 -0.442535 -0.311063
v 0.323300 -0.383143 -0.523092
v 0.639510 -0.356694 0.011506
v 0.514992 -0.301035 -0.456272
v 0.723028 -0.191212 -0.106505
v 0.518733 -0.319900 0.452031
v 0.734529 -0.194212 0.123378
v 0.213024 -0.114611 0.753115
v -0.212922 -0.114712 0.753166
v 0.212664 0.117712 0.747397
v -0.212669 0.117729 0.747404
v 0.410382 -0.000644 0.676404
v -0.410412 -0.000631 0.676397
v 0.209324 -0.119902 -0.742725
v -0.209403 -0.119916 -0.742852
v 0.219358 0.129987 -0.780390
v -0.219012 0.130261 -0.779362
v 0.407457 0.002883 -0.675018
v -0.407539 0.002860 -0.674974
v -0.289312 0.564041 -0.006933
v -0.345219 0.533619 0.068450
v -0.346603 0.553670 -0.080454
v -0.438880 0.517085 -0.045085
v -0.434285 0.505981 0.046346
v 0.289100 0.563907 -0.007221
v 0.345203 0.533678 0.068501
v 0.346126 0.553782 -0.080646
v 0.438938 0.517053 -0.045146
v 0.434300 0.506059 0.046371
v -0.308383 -0.638308 -0.000101
v -0.362168 -0.596035 0.086165
v -0.364395 -0.620881 -0.073197
v -0.434131 -0.544700 -0.036625
v -0.448396 -0.550680 0.059963
v 0.308343 -0.638362 0.000069
v 0.362149 -0.596155 0.085880
v 0.364122 -0.621072 -0.072919
v 0.434106 -0.544411 -0.036464
v 0.448218 -0.550672 0.060167
v -0.058965 -0.533713 0.693236
v 0.058439 -0.533748 0.693455
v -0.000122 -0.350055 0.721309
v 0.086850 -0.417053 0.706418
v -0.087134 -0.416849 0.706224
v -0.049160 0.398368 0.618839
v 0.049153 0.398349 0.618849
v -0.000000 0.324905 0.711585
v 0.081159 0.358835 0.679473
v -0.081166 0.358836 0.679472
v -0.048837 -0.395219 -0.618505
v 0.048992 -0.395240 -0.618420
v -0.000003 -0.319849 -0.709937
v 0.081092 -0.350798 -0.677534
v -0.081097 -0.350796 -0.677526
v -0.055911 0.490680 -0.674355
v 0.056533 0.491306 -0.674692
v -0.000113 0.344528 -0.749776
v 0.087632 0.396751 -0.716184
v -0.087545 0.396630 -0.716028
v 0.674291 0.073427 -0.393874
v 0.672639 -0.072994 -0.392604
v 0.627927 -0.044658 -0.478696
v 0.628872 0.047159 -0.479716
v 0.708232 0.001275 -0.342491
v 0.693675 0.074970 0.395293
v 0.691360 -0.076888 0.395016
v 0.643086 -0.048649 0.481101
v 0.643977 0.046151 0.481233
v 0.731493 -0.000482 0.345691
v -0.674296 0.073464 -0.393882
v -0.672695 -0.072963 -0.392632
v -0.627923 -0.044640 -0.478700
v -0.628879 0.047159 -0.479723
v -0.708215 0.001269 -0.342493
v -0.693679 0.074973 0.395290
v -0.691357 -0.076896 0.395017
v -0.643087 -0.048670 0.481092
v -0.643977 0.046146 0.481244
v -0.731530 -0.000475 0.345701
v -0.058633 0.622786 -0.018345
v 0.058822 0.622805 -0.018399
v -0.032304 0.608910 0.040842
v -0.024280 0.640285 -0.090527
v 0.032414 0.608914 0.040872
v 0.024452 0.640251 -0.090671
v -0.265235 0.503100 0.250222
v -0.166728 0.453917 0.449677
v -0.156145 0.522199 0.251128
v -0.330979 0.459502 0.342604
v -0.108349 0.493627 0.351222
v -0.279139 0.437021 0.442967
v -0.274993 0.623030 -0.316097
v -0.187651 0.638182 -0.540020
v -0.157128 0.681731 -0.350075
v -0.379002 0.630583 -0.426301
v -0.155673 0.812074 -0.459372
v -0.291118 0.565460 -0.504588
v -0.546120 0.418804 -0.162610
v -0.634206 0.253418 -0.288099
v -0.508887 0.414989 -0.281297
v -0.622867 0.351572 -0.104329
v -0.553168 0.325272 -0.341113
v -0.665910 0.267324 -0.166204
v -0.560971 0.407596 0.172216
v -0.653197 0.267691 0.294396
v -0.531568 0.396910 0.283900
v -0.634770 0.354697 0.121981
v -0.576184 0.334216 0.348259
v -0.681907 0.277336 0.180470
v 0.265241 0.503123 0.250248
v 0.166710 0.453949 0.449662
v 0.156116 0.522042 0.250976
v 0.108394 0.493689 0.351269
v 0.330977 0.459501 0.342578
v 0.279172 0.437059 0.443013
v 0.274872 0.623084 -0.315939
v 0.187988 0.638227 -0.539822
v 0.157055 0.681679 -0.350240
v 0.155386 0.811727 -0.459503
v 0.379297 0.630536 -0.426341
v 0.291233 0.565374 -0.504544
v 0.546637 0.419278 -0.162608
v 0.634193 0.253454 -0.288110
v 0.509495 0.415066 -0.281759
v 0.622957 0.351605 -0.104262
v 0.553336 0.325663 -0.341306
v 0.665970 0.267338 -0.166142
v 0.560955 0.407598 0.172216
v 0.653213 0.267690 0.294404
v 0.531587 0.396897 0.283898
v 0.634793 0.354662 0.121967
v 0.576180 0.334228 0.348256
v 0.681912 0.277365 0.180449
v -0.091992 -0.694746 0.010874
v 0.091871 -0.694697 0.010731
v -0.032553 -0.682376 0.105601
v -0.056735 -0.689495 -0.064293
v 0.032551 -0.682496 0.105497
v 0.056557 -0.689596 -0.064613
v -0.273453 -0.605478 0.321877
v -0.233453 -0.783660 0.623198
v -0.153256 -0.641448 0.348426
v -0.343527 -0.574604 0.407577
v -0.126780 -0.731411 0.473949
v -0.322373 -0.619804 0.542395
v -0.293123 -0.627056 -0.283440
v -0.163728 -0.482938 -0.447125
v -0.177195 -0.659021 -0.292595
v -0.322867 -0.496595 -0.337394
v -0.113009 -0.562494 -0.364808
v -0.270299 -0.454257 -0.436162
v -0.544841 -0.404477 -0.155845
v -0.635754 -0.260517 -0.289172
v -0.512744 -0.388742 -0.273705
v -0.628464 -0.349047 -0.103292
v -0.562109 -0.320752 -0.345517
v -0.668747 -0.273195 -0.166140
v -0.560070 -0.430830 0.179811
v -0.651254 -0.269349 0.293631
v -0.530092 -0.430554 0.292478
v -0.633849 -0.360637 0.124061
v -0.571796 -0.344913 0.347763
v -0.680780 -0.280184 0.180556
v 0.273561 -0.605253 0.322676
v 0.232701 -0.784224 0.622854
v 0.153749 -0.641302 0.348777
v 0.126842 -0.731718 0.473594
v 0.343577 -0.574800 0.407622
v 0.321928 -0.619372 0.541437
v 0.292755 -0.627558 -0.282887
v 0.163820 -0.483247 -0.447331
v 0.175887 -0.658189 -0.291273
v 0.112654 -0.562764 -0.365363
v 0.322863 -0.496827 -0.337372
v 0.270259 -0.454386 -0.436065
v 0.544862 -0.404365 -0.155785
v 0.635748 -0.260566 -0.289139
v 0.512873 -0.389116 -0.273501
v 0.628491 -0.348967 -0.103388
v 0.562140 -0.320658 -0.345613
v 0.668769 -0.273244 -0.166131
v 0.560422 -0.431102 0.179714
v 0.651236 -0.269389 0.293652
v 0.530239 -0.430824 0.292419
v 0.633779 -0.360540 0.124047
v 0.571806 -0.344895 0.347838
v 0.680793 -0.280155 0.180582
v 0.000050 -0.115818 0.794166
v -0.000010 0.115642 0.778236
v 0.107778 -0.058382 0.776076
v -0.107774 -0.058576 0.776148
v 0.107819 0.056643 0.773442
v -0.107823 0.056669 0.773445
v 0.285515 -0.299779 0.662064
v 0.483893 -0.169408 0.589907
v 0.363182 -0.357493 0.595347
v 0.455134 -0.281982 0.545195
v 0.302482 -0.173944 0.693613
v 0.406018 -0.114966 0.664893
v -0.285403 -0.299439 0.662019
v -0.483814 -0.169675 0.589894
v -0.363285 -0.357232 0.595569
v -0.455355 -0.282520 0.545467
v -0.301814 -0.174111 0.693706
v -0.405947 -0.115160 0.664966
v 0.290073 0.285978 0.663125
v 0.484694 0.173115 0.594310
v 0.366314 0.327931 0.587451
v 0.463063 0.279197 0.552182
v 0.306547 0.177846 0.700151
v 0.404764 0.118414 0.665031
v -0.290082 0.285987 0.663133
v -0.484680 0.173096 0.594301
v -0.366289 0.327910 0.587436
v -0.463051 0.279203 0.552188
v -0.306547 0.177853 0.700174
v -0.404714 0.118398 0.664950
v 0.000092 -0.118914 -0.770850
v 0.000138 0.127622 -0.804168
v 0.106885 -0.058044 -0.768658
v -0.107022 -0.057921 -0.768868
v 0.109247 0.066417 -0.785311
v -0.109214 0.066385 -0.785163
v 0.286600 -0.280378 -0.660841
v 0.475604 -0.170680 -0.588004
v 0.361330 -0.317851 -0.587692
v 0.455288 -0.271599 -0.551635
v 0.303474 -0.178449 -0.695942
v 0.400798 -0.118531 -0.661050
v -0.286600 -0.280340 -0.660822
v -0.475600 -0.170662 -0.587991
v -0.361333 -0.317877 -0.587667
v -0.455265 -0.271594 -0.551621
v -0.303490 -0.178424 -0.695948
v -0.400799 -0.118538 -0.661060
v 0.293990 0.295850 -0.688459
v 0.483183 0.169157 -0.596010
v 0.359937 0.338280 -0.596426
v 0.454341 0.270849 -0.551222
v 0.315103 0.187264 -0.728829
v 0.404082 0.121016 -0.668866
v -0.294335 0.296046 -0.688662
v -0.483158 0.169187 -0.596032
v -0.360522 0.338838 -0.596819
v -0.454106 0.270778 -0.551208
v -0.315059 0.187254 -0.728830
v -0.403912 0.121136 -0.668658
v 0.774489 0.000070 -0.106818
v 0.786053 0.000012 0.122994
v 0.771319 0.094592 -0.048698
v 0.775615 0.096216 0.065522
v 0.767476 -0.097271 -0.048278
v 0.772231 -0.098360 0.065718
v -0.774492 0.000047 -0.106816
v -0.786068 0.000006 0.123000
v -0.771337 0.094609 -0.048681
v -0.775635 0.096204 0.065519
v -0.767509 -0.097261 -0.048295
v -0.772189 -0.098330 0.065700
v -0.241015 0.562806 0.071756
v -0.238914 0.589140 -0.099696
v -0.127627 0.588891 0.061937
v -0.119133 0.620295 -0.101035
v -0.409825 0.494234 0.139629
v -0.198413 0.546401 0.156442
v -0.373624 0.478379 0.238940
v -0.410400 0.531801 -0.152676
v -0.195201 0.619902 -0.211272
v -0.387715 0.569586 -0.278366
v -0.509894 0.470237 0.004188
v -0.466950 0.489342 -0.221167
v -0.570219 0.419436 -0.047628
v -0.474449 0.447734 0.212807
v -0.575581 0.416017 0.062037
v 0.241009 0.562824 0.071873
v 0.239292 0.589405 -0.099781
v 0.127661 0.588901 0.061985
v 0.119315 0.620334 -0.101258
v 0.409874 0.494235 0.139609
v 0.198390 0.546404 0.156454
v 0.373627 0.478383 0.238976
v 0.409768 0.531910 -0.152480
v 0.195308 0.619733 -0.210846
v 0.387390 0.569442 -0.278217
v 0.509921 0.470293 0.004292
v 0.466496 0.489537 -0.221144
v 0.570258 0.419490 -0.047692
v 0.474396 0.447759 0.212808
v 0.575601 0.415965 0.062080
v -0.252454 -0.630584 0.096051
v -0.299244 -0.750606 -0.084863
v -0.130990 -0.660704 0.100784
v -0.159445 -0.760142 -0.083236
v -0.438276 -0.562426 0.164694
v -0.201325 -0.629661 0.212966
v -0.390578 -0.562522 0.280068
v -0.407617 -0.545068 -0.137147
v -0.240971 -0.782283 -0.222348
v -0.371615 -0.533322 -0.240770
v -0.508674 -0.484549 0.014614
v -0.457542 -0.463259 -0.201403
v -0.572520 -0.416537 -0.041489
v -0.486434 -0.504020 0.233084
v -0.574169 -0.425627 0.068858
v 0.252152 -0.630431 0.096165
v 0.299015 -0.750746 -0.084499
v 0.131148 -0.660829 0.100869
v 0.159070 -0.757813 -0.083516
v 0.438310 -0.562434 0.164572
v 0.201413 -0.629081 0.213038
v 0.390462 -0.562317 0.279880
v 0.407537 -0.545153 -0.136631
v 0.238716 -0.783054 -0.221790
v 0.371692 -0.533598 -0.240476
v 0.508776 -0.484272 0.014599
v 0.457730 -0.463303 -0.201605
v 0.572312 -0.416388 -0.041471
v 0.486264 -0.503918 0.232899
v 0.574020 -0.425544 0.068793
v -0.000023 -0.626165 0.658026
v -0.179029 -0.510155 0.696729
v -0.069104 -0.702587 0.588311
v -0.288369 -0.619674 0.674226
v 0.178920 -0.510519 0.695831
v 0.068821 -0.702841 0.588210
v 0.289838 -0.620786 0.673884
v 0.096847 -0.293439 0.728388
v -0.096754 -0.293420 0.728231
v 0.105348 -0.170275 0.767748
v -0.105254 -0.170272 0.767707
v 0.280870 -0.442025 0.659321
v 0.198994 -0.235038 0.717389
v -0.280502 -0.441842 0.658937
v -0.198893 -0.234837 0.717609
v 0.000003 0.430633 0.542029
v -0.153348 0.386602 0.619282
v -0.055159 0.462721 0.450561
v -0.219686 0.412738 0.537537
v 0.153351 0.386657 0.619324
v 0.055157 0.462725 0.450548
v 0.219685 0.412710 0.537537
v 0.096982 0.283632 0.723666
v -0.096983 0.283629 0.723646
v 0.104885 0.175708 0.756658
v -0.104898 0.175709 0.756672
v 0.262359 0.363822 0.610027
v 0.202945 0.233718 0.719800
v -0.262368 0.363835 0.610048
v -0.202947 0.233712 0.719778
v 0.000031 -0.441374 -0.538962
v -0.151777 -0.380473 -0.619540
v -0.054798 -0.496837 -0.452155
v -0.214308 -0.413568 -0.533675
v 0.151872 -0.380397 -0.619607
v 0.054882 -0.496660 -0.451983
v 0.214337 -0.413468 -0.533648
v 0.096818 -0.280143 -0.721518
v -0.096837 -0.280138 -0.721516
v 0.104770 -0.177509 -0.755515
v -0.104720 -0.177518 -0.755567
v 0.257731 -0.352962 -0.608375
v 0.200225 -0.231798 -0.715922
v -0.257678 -0.353047 -0.608381
v -0.200231 -0.231790 -0.715936
v 0.000222 0.589972 -0.632697
v -0.170897 0.462475 -0.672058
v -0.069625 0.667366 -0.552197
v -0.237587 0.521070 -0.599180
v 0.170332 0.462068 -0.671784
v 0.070231 0.667548 -0.552248
v 0.237260 0.520483 -0.598988
v 0.105252 0.299277 -0.774117
v -0.105357 0.299502 -0.774170
v 0.114607 0.190708 -0.820423
v -0.114645 0.190677 -0.820457
v 0.267228 0.405127 -0.640014
v 0.220770 0.251752 -0.784868
v -0.267056 0.405301 -0.640161
v -0.220656 0.251882 -0.784842
v 0.615503 0.139992 -0.449093
v 0.710602 0.085109 -0.287198
v 0.595095 0.233772 -0.403074
v 0.694196 0.175793 -0.228114
v 0.611997 -0.143858 -0.446871
v 0.707676 -0.086086 -0.285777
v 0.593706 -0.242930 -0.404187
v 0.692052 -0.181161 -0.227111
v 0.569587 0.002080 -0.552964
v 0.539458 -0.212846 -0.503545
v 0.489507 -0.056116 -0.611719
v 0.543356 0.205628 -0.504718
v 0.489698 0.059051 -0.612546
v 0.745015 0.090885 -0.167561
v 0.741256 -0.093013 -0.166648
v 0.630783 0.146592 0.450161
v 0.735744 0.087950 0.292748
v 0.608772 0.248653 0.404482
v 0.716405 0.184602 0.237216
v 0.630441 -0.147680 0.449828
v 0.732511 -0.089810 0.293042
v 0.606046 -0.248293 0.401388
v 0.715427 -0.187397 0.237795
v 0.579788 -0.001650 0.557005
v 0.549870 -0.214756 0.500527
v 0.500015 -0.058723 0.620042
v 0.551651 0.216793 0.504779
v 0.498520 0.057082 0.619177
v 0.764031 0.094147 0.180495
v 0.760752 -0.095961 0.180945
v -0.615494 0.139986 -0.449073
v -0.710646 0.085102 -0.287208
v -0.595093 0.233734 -0.403010
v -0.694165 0.175756 -0.228083
v -0.611973 -0.143862 -0.446853
v -0.707649 -0.086079 -0.285744
v -0.593737 -0.242909 -0.404194
v -0.692076 -0.181137 -0.227122
v -0.569605 0.002056 -0.552952
v -0.539444 -0.212832 -0.503550
v -0.489514 -0.056117 -0.611712
v -0.543309 0.205612 -0.504721
v -0.489687 0.059057 -0.612572
v -0.745047 0.090892 -0.167574
v -0.741269 -0.093029 -0.166660
v -0.630801 0.146608 0.450181
v -0.735756 0.087940 0.292741
v -0.608770 0.248642 0.404492
v -0.716413 0.184596 0.237209
v -0.630498 -0.147660 0.449830
v -0.732508 -0.089810 0.293043
v -0.606044 -0.248259 0.401413
v -0.715414 -0.187427 0.237788
v -0.579792 -0.001654 0.557008
v -0.549861 -0.214817 0.500445
v -0.500045 -0.058695 0.620008
v -0.551652 0.216793 0.504790
v -0.498496 0.057083 0.619152
v -0.764004 0.094136 0.180483
v -0.760732 -0.095949 0.180944
v 0.000026 0.572189 0.141146
v -0.050985 0.533315 0.247986
v 0.000202 0.658043 -0.209106
v -0.055287 0.691314 -0.341027
v 0.050985 0.533310 0.247994
v 0.055318 0.691045 -0.340937
v -0.387901 0.413157 0.425572
v -0.487157 0.380783 0.393541
v -0.432335 0.359131 0.496277
v -0.392156 0.495554 -0.459779
v -0.467536 0.404736 -0.395777
v -0.417800 0.376288 -0.499819
v -0.688721 0.276908 -0.047330
v -0.693923 0.280637 0.066535
v -0.740758 0.190804 0.009083
v 0.387895 0.413175 0.425548
v 0.487157 0.380793 0.393535
v 0.432319 0.359105 0.496258
v 0.392120 0.495410 -0.459797
v 0.467371 0.404558 -0.395821
v 0.418036 0.376391 -0.500138
v 0.688761 0.276966 -0.047295
v 0.693962 0.280635 0.066528
v 0.740738 0.190776 0.009071
v 0.000341 -0.672274 0.221009
v -0.050235 -0.673951 0.346576
v 0.000027 -0.653629 -0.160182
v -0.059071 -0.628822 -0.273804
v 0.050610 -0.674139 0.346257
v 0.058803 -0.628480 -0.273713
v -0.394854 -0.501403 0.464908
v -0.484816 -0.420584 0.403509
v -0.428057 -0.396774 0.507031
v -0.373979 -0.414070 -0.417861
v -0.476784 -0.369025 -0.391996
v -0.423091 -0.345436 -0.495606
v -0.690880 -0.281504 -0.047345
v -0.694503 -0.284341 0.066664
v -0.739718 -0.195828 0.009334
v 0.395077 -0.501160 0.465190
v 0.484821 -0.420701 0.403582
v 0.427811 -0.396132 0.506156
v 0.373928 -0.414191 -0.417569
v 0.476786 -0.368761 -0.391973
v 0.423153 -0.345446 -0.495682
v 0.690856 -0.281497 -0.047337
v 0.694486 -0.284361 0.066692
v 0.739692 -0.195802 0.009329
v 0.215179 -0.001111 0.756719
v 0.315920 -0.058167 0.723248
v -0.215164 -0.001192 0.756652
v -0.315912 -0.058361 0.723218
v 0.314857 0.058281 0.720866
v -0.314843 0.058339 0.720832
v 0.211770 0.004478 -0.753476
v 0.310616 -0.058485 -0.713426
v -0.211753 0.004287 -0.752772
v -0.310649 -0.058602 -0.713308
v 0.312957 0.065424 -0.722231
v -0.312713 0.065207 -0.722427
v -0.338880 0.549982 -0.002983
v -0.362458 0.536794 0.029871
v -0.363896 0.545074 -0.035012
v -0.404886 0.529576 -0.020019
v -0.403013 0.524862 0.019980
v 0.339136 0.549966 -0.002951
v 0.362412 0.536869 0.029974
v 0.364171 0.544860 -0.035116
v 0.404897 0.529641 -0.020031
v 0.402967 0.525004 0.020064
v -0.351542 -0.612584 0.004175
v -0.375364 -0.593716 0.041168
v -0.374045 -0.602188 -0.028254
v -0.408091 -0.572241 -0.012353
v -0.412926 -0.572264 0.030126
v 0.351925 -0.612364 0.003770
v 0.375812 -0.593838 0.040983
v 0.373934 -0.602107 -0.028014
v 0.408063 -0.572344 -0.012187
v 0.411952 -0.571664 0.030246
v -0.024988 -0.486590 0.698727
v 0.024863 -0.486796 0.699085
v 0.000106 -0.405709 0.710343
v 0.038691 -0.436535 0.705324
v -0.039078 -0.436441 0.705641
v -0.021811 0.385482 0.648969
v 0.021805 0.385480 0.648986
v -0.000002 0.355322 0.689672
v 0.035585 0.368206 0.675121
v -0.035584 0.368201 0.675115
v -0.021839 -0.379716 -0.648471
v 0.021849 -0.379731 -0.648467
v 0.000016 -0.348940 -0.688877
v 0.035620 -0.360710 -0.673617
v -0.035624 -0.360702 -0.673604
v -0.024162 0.453431 -0.692361
v 0.024634 0.453450 -0.692279
v 0.000140 0.389292 -0.725566
v 0.039028 0.412740 -0.711823
v -0.039073 0.412808 -0.711652
v 0.676693 0.033433 -0.412879
v 0.675975 -0.030524 -0.412156
v 0.655435 -0.018138 -0.449760
v 0.655868 0.021587 -0.450258
v 0.691241 0.001709 -0.390458
v 0.695536 0.032546 0.414447
v 0.694125 -0.034143 0.414222
v 0.672424 -0.021664 0.452025
v 0.673101 0.019699 0.452104
v 0.709919 -0.000577 0.391610
v -0.676699 0.033418 -0.412866
v -0.675988 -0.030515 -0.412167
v -0.655437 -0.018147 -0.449760
v -0.655864 0.021560 -0.450249
v -0.691225 0.001692 -0.390441
v -0.695516 0.032537 0.414448
v -0.694133 -0.034146 0.414230
v -0.672426 -0.021659 0.452031
v -0.673105 0.019689 0.452123
v -0.709918 -0.000590 0.391612
v -0.028312 0.626930 -0.021638
v 0.028130 0.627219 -0.021713
v -0.015197 0.619592 0.008361
v -0.012938 0.635222 -0.055779
v 0.015034 0.619683 0.008393
v 0.013061 0.635246 -0.055817
v -0.243038 0.492297 0.300012
v -0.193744 0.467258 0.400288
v -0.187799 0.501426 0.301207
v -0.274906 0.470345 0.347150
v -0.163470 0.487871 0.351136
v -0.250157 0.458912 0.398064
v -0.251157 0.643237 -0.381003
v -0.206290 0.663082 -0.493861
v -0.198097 0.693912 -0.401280
v -0.293569 0.626556 -0.426111
v -0.217012 0.791307 -0.472893
v -0.261789 0.616127 -0.476155
v -0.567901 0.380565 -0.193208
v -0.613532 0.297277 -0.255769
v -0.550145 0.376183 -0.252455
v -0.607858 0.345926 -0.163925
v -0.572401 0.333159 -0.283517
v -0.629832 0.303984 -0.195149
v -0.588777 0.379160 0.204518
v -0.635541 0.310671 0.265787
v -0.574969 0.375017 0.261358
v -0.625995 0.351280 0.178656
v -0.598023 0.343004 0.292753
v -0.649846 0.315085 0.208651
v 0.243040 0.492323 0.300006
v 0.193748 0.467257 0.400271
v 0.187824 0.501423 0.301242
v 0.163538 0.487962 0.351212
v 0.274917 0.470362 0.347152
v 0.250163 0.458921 0.398092
v 0.251337 0.643202 -0.380890
v 0.206351 0.663097 -0.494208
v 0.197859 0.694045 -0.401522
v 0.217109 0.791737 -0.472423
v 0.293063 0.626331 -0.425784
v 0.261683 0.615995 -0.475620
v 0.568130 0.380566 -0.193190
v 0.613319 0.297180 -0.255993
v 0.550376 0.376195 -0.252559
v 0.607490 0.345591 -0.164073
v 0.572969 0.333370 -0.283689
v 0.629827 0.304060 -0.195340
v 0.588783 0.379152 0.204525
v 0.635520 0.310681 0.265777
v 0.574991 0.375005 0.261346
v 0.626018 0.351255 0.178658
v 0.598001 0.343019 0.292743
v 0.649853 0.315102 0.208636
v -0.044808 -0.692644 0.015752
v 0.044872 -0.692438 0.015794
v -0.019134 -0.688440 0.061419
v -0.025379 -0.691220 -0.023300
v 0.019039 -0.688460 0.061167
v 0.025218 -0.691108 -0.023347
v -0.252279 -0.618490 0.397858
v -0.268136 -0.772945 0.530374
v -0.199063 -0.662284 0.408956
v -0.293035 -0.614762 0.441316
v -0.199162 -0.761122 0.465404
v -0.294600 -0.666390 0.506266
v -0.255457 -0.584021 -0.318980
v -0.192600 -0.511776 -0.402270
v -0.200891 -0.600749 -0.325410
v -0.273515 -0.522092 -0.347619
v -0.168839 -0.557583 -0.363605
v -0.245258 -0.494935 -0.395049
v -0.572290 -0.369845 -0.189552
v -0.618845 -0.299557 -0.257308
v -0.555823 -0.362600 -0.249757
v -0.613695 -0.342265 -0.163016
v -0.580666 -0.328097 -0.285026
v -0.635347 -0.306175 -0.195609
v -0.586067 -0.395374 0.208440
v -0.631897 -0.314418 0.265294
v -0.570923 -0.393635 0.264627
v -0.623715 -0.359386 0.180514
v -0.594123 -0.353098 0.292991
v -0.647121 -0.319121 0.208897
v 0.252102 -0.618712 0.397713
v 0.267322 -0.773113 0.530508
v 0.199133 -0.662317 0.409321
v 0.199528 -0.761155 0.465585
v 0.293063 -0.614629 0.441394
v 0.294397 -0.666266 0.506288
v 0.254999 -0.584250 -0.318542
v 0.192415 -0.511906 -0.401600
v 0.200600 -0.600879 -0.324824
v 0.168334 -0.557488 -0.363200
v 0.273345 -0.522391 -0.347915
v 0.245281 -0.495521 -0.395390
v 0.572212 -0.369861 -0.189610
v 0.618827 -0.299513 -0.257365
v 0.555890 -0.362302 -0.249677
v 0.613665 -0.342189 -0.162995
v 0.580606 -0.328180 -0.285166
v 0.635317 -0.306181 -0.195687
v 0.585898 -0.395435 0.208403
v 0.631911 -0.314413 0.265268
v 0.570682 -0.393651 0.264706
v 0.623636 -0.359355 0.180452
v 0.594078 -0.353142 0.293047
v 0.647138 -0.319122 0.208877
v -0.000001 -0.059230 0.787133
v -0.000017 0.055348 0.784126
v 0.054093 -0.030381 0.783148
v -0.054036 -0.030409 0.783164
v 0.054026 0.026499 0.782116
v -0.054064 0.026485 0.782117
v 0.333824 -0.266138 0.643904
v 0.433512 -0.200438 0.607779
v 0.372553 -0.294548 0.608820
v 0.420531 -0.258912 0.587448
v 0.343496 -0.204124 0.660449
v 0.394792 -0.172961 0.645078
v -0.333709 -0.265912 0.643552
v -0.433030 -0.200235 0.607393
v -0.372512 -0.293765 0.609064
v -0.420568 -0.258664 0.587143
v -0.343615 -0.204099 0.660707
v -0.394840 -0.172919 0.645246
v 0.340860 0.260910 0.650603
v 0.438306 0.204126 0.616037
v 0.379526 0.284453 0.613031
v 0.427978 0.257587 0.595422
v 0.349696 0.206617 0.669554
v 0.398511 0.177140 0.651878
v -0.340874 0.260901 0.650606
v -0.438318 0.204150 0.616081
v -0.379517 0.284463 0.613016
v -0.427969 0.257571 0.595408
v -0.349706 0.206624 0.669586
v -0.398493 0.177129 0.651881
v -0.000105 -0.057500 -0.774980
v -0.000159 0.066342 -0.790684
v 0.053624 -0.026431 -0.775847
v -0.053891 -0.026561 -0.775743
v 0.054285 0.035436 -0.784090
v -0.054410 0.035521 -0.784420
v 0.337109 -0.256880 -0.648131
v 0.431388 -0.201602 -0.611166
v 0.374627 -0.277894 -0.611499
v 0.421836 -0.253030 -0.593487
v 0.346280 -0.205966 -0.666428
v 0.393665 -0.176356 -0.647682
v -0.337115 -0.256862 -0.648148
v -0.431387 -0.201576 -0.611151
v -0.374624 -0.277909 -0.611496
v -0.421836 -0.252971 -0.593498
v -0.346295 -0.205970 -0.666468
v -0.393653 -0.176341 -0.647664
v 0.343915 0.264486 -0.668031
v 0.440709 0.200976 -0.622591
v 0.376318 0.285331 -0.621621
v 0.424661 0.252369 -0.598949
v 0.358072 0.211204 -0.691029
v 0.403490 0.178835 -0.663745
v -0.343507 0.264370 -0.667817
v -0.440478 0.200956 -0.622436
v -0.377147 0.284973 -0.621546
v -0.424801 0.252521 -0.599071
v -0.357881 0.211336 -0.691068
v -0.403431 0.178916 -0.663819
v 0.786537 -0.000068 -0.048475
v 0.789899 -0.000108 0.065145
v 0.787464 0.047634 -0.020038
v 0.787684 0.048067 0.036716
v 0.785052 -0.048605 -0.019815
v 0.785156 -0.049020 0.036879
v -0.786495 -0.000066 -0.048468
v -0.789898 -0.000094 0.065129
v -0.787461 0.047631 -0.020040
v -0.787703 0.048068 0.036707
v -0.785049 -0.048597 -0.019818
v -0.785155 -0.049009 0.036874
v -0.234941 0.579739 -0.010053
v -0.114631 0.609907 -0.015639
v -0.208203 0.580676 0.029449
v -0.206685 0.592412 -0.055372
v -0.149025 0.594411 0.024804
v -0.145725 0.607832 -0.056442
v -0.326305 0.528431 0.110530
v -0.286613 0.513439 0.202012
v -0.273867 0.542695 0.113567
v -0.359034 0.507974 0.149265
v -0.253052 0.534885 0.157470
v -0.340332 0.500526 0.197136
v -0.327220 0.565518 -0.132625
v -0.292551 0.600087 -0.251102
v -0.273150 0.585269 -0.144624
v -0.361241 0.557232 -0.173245
v -0.253546 0.601625 -0.202377
v -0.347101 0.575359 -0.234384
v -0.471548 0.501060 -0.073032
v -0.524340 0.452702 -0.132214
v -0.455714 0.506023 -0.128689
v -0.509053 0.475893 -0.047722
v -0.483076 0.483455 -0.160389
v -0.536214 0.450509 -0.075364
v -0.466659 0.483748 0.075650
v -0.531027 0.434311 0.139416
v -0.455858 0.477771 0.125122
v -0.506774 0.464975 0.055413
v -0.488596 0.454029 0.159403
v -0.538970 0.439160 0.085558
v 0.235025 0.579779 -0.010534
v 0.114519 0.609937 -0.015626
v 0.208165 0.580628 0.029512
v 0.206947 0.592398 -0.055549
v 0.148947 0.594423 0.024900
v 0.145832 0.607902 -0.056783
v 0.326325 0.528488 0.110516
v 0.286633 0.513435 0.202039
v 0.273859 0.542719 0.113552
v 0.359046 0.507975 0.149261
v 0.253079 0.534887 0.157530
v 0.340331 0.500523 0.197141
v 0.327664 0.565345 -0.132508
v 0.292316 0.600411 -0.251404
v 0.273452 0.585299 -0.144863
v 0.361379 0.557430 -0.173074
v 0.253444 0.601734 -0.202599
v 0.346723 0.575602 -0.234572
v 0.471575 0.501117 -0.073069
v 0.524184 0.452673 -0.132433
v 0.455735 0.506030 -0.128799
v 0.509079 0.475975 -0.047652
v 0.483291 0.483350 -0.160495
v 0.536252 0.450479 -0.075523
v 0.466756 0.483766 0.075599
v 0.531014 0.434300 0.139420
v 0.455949 0.477769 0.125109
v 0.506852 0.464985 0.055389
v 0.488620 0.454053 0.159412
v 0.539038 0.439134 0.085569
v -0.258920 -0.668235 0.001972
v -0.144380 -0.694599 0.005932
v -0.222137 -0.651587 0.045790
v -0.244975 -0.719011 -0.038572
v -0.162285 -0.666557 0.047910
v -0.183984 -0.727529 -0.038042
v -0.343309 -0.597739 0.137446
v -0.297287 -0.599832 0.254714
v -0.285889 -0.613630 0.146202
v -0.380676 -0.580869 0.180074
v -0.261147 -0.613654 0.204629
v -0.356989 -0.581849 0.238536
v -0.356324 -0.642661 -0.124819
v -0.339040 -0.664648 -0.247460
v -0.332613 -0.717082 -0.142434
v -0.374981 -0.595604 -0.159166
v -0.319732 -0.738960 -0.210172
v -0.360088 -0.596044 -0.213985
v -0.461497 -0.511206 -0.063474
v -0.516878 -0.439654 -0.123276
v -0.447753 -0.507977 -0.115336
v -0.501562 -0.480105 -0.038542
v -0.473933 -0.470245 -0.146759
v -0.531098 -0.445269 -0.067432
v -0.478656 -0.524336 0.090839
v -0.534733 -0.464821 0.150797
v -0.474602 -0.530943 0.144585
v -0.509247 -0.489748 0.067095
v -0.499679 -0.500772 0.176358
v -0.540083 -0.460205 0.095696
v 0.258645 -0.667907 0.001973
v 0.144382 -0.694093 0.006002
v 0.222299 -0.651729 0.045793
v 0.244996 -0.718845 -0.038221
v 0.162353 -0.666426 0.047725
v 0.183373 -0.727583 -0.037506
v 0.343623 -0.597302 0.137103
v 0.297148 -0.599984 0.255261
v 0.285696 -0.613392 0.145840
v 0.380744 -0.580863 0.180269
v 0.261507 -0.613589 0.204667
v 0.357403 -0.582074 0.238846
v 0.356181 -0.643194 -0.124697
v 0.338656 -0.665337 -0.247839
v 0.332763 -0.718096 -0.142558
v 0.374963 -0.595532 -0.159247
v 0.319217 -0.739593 -0.210212
v 0.360024 -0.596116 -0.214074
v 0.461250 -0.511298 -0.063369
v 0.516902 -0.440105 -0.123208
v 0.447872 -0.507997 -0.115438
v 0.501749 -0.479904 -0.038405
v 0.474402 -0.469910 -0.146530
v 0.531149 -0.445390 -0.067383
v 0.478889 -0.524193 0.090869
v 0.534635 -0.464901 0.150797
v 0.474878 -0.530777 0.144632
v 0.510174 -0.489734 0.067501
v 0.499654 -0.500731 0.176505
v 0.540067 -0.460158 0.095783
v -0.099545 -0.591138 0.690798
v -0.191548 -0.749238 0.680088
v -0.070725 -0.638431 0.667965
v -0.167735 -0.589002 0.698980
v -0.108034 -0.700537 0.648988
v -0.223990 -0.660918 0.698560
v 0.098874 -0.591173 0.690322
v 0.190079 -0.751089 0.679456
v 0.069940 -0.638631 0.667866
v 0.167234 -0.589182 0.698721
v 0.107243 -0.701356 0.648793
v 0.223519 -0.661924 0.698557
v 0.000123 -0.290028 0.738767
v 0.000108 -0.173419 0.823684
v 0.049521 -0.259692 0.745318
v -0.049562 -0.259504 0.745257
v 0.051603 -0.200986 0.772905
v -0.051589 -0.200875 0.773111
v 0.137576 -0.393197 0.703067
v 0.237726 -0.334146 0.680757
v 0.184586 -0.435899 0.693474
v 0.142965 -0.327797 0.711310
v 0.234832 -0.404656 0.678383
v 0.193143 -0.298926 0.703341
v -0.137729 -0.393464 0.703313
v -0.237367 -0.334105 0.681104
v -0.184277 -0.435620 0.693542
v -0.143099 -0.327776 0.711304
v -0.234907 -0.404217 0.678666
v -0.193381 -0.298816 0.703438
v -0.078627 0.412065 0.582815
v -0.138067 0.439969 0.496778
v -0.054019 0.429429 0.541921
v -0.132573 0.407319 0.582966
v -0.082594 0.444632 0.497892
v -0.164160 0.420652 0.541196
v 0.078627 0.412066 0.582821
v 0.138064 0.439956 0.496756
v 0.054023 0.429420 0.541946
v 0.132576 0.407329 0.582966
v 0.082602 0.444624 0.497892
v 0.164168 0.420647 0.541194
v 0.000007 0.282459 0.731593
v 0.000000 0.175620 0.767065
v 0.049607 0.257885 0.738679
v -0.049598 0.257883 0.738684
v 0.051631 0.204081 0.755949
v -0.051628 0.204067 0.755916
v 0.131426 0.344651 0.679745
v 0.237672 0.308171 0.671923
v 0.170358 0.360676 0.650005
v 0.141883 0.307047 0.703424
v 0.224364 0.346359 0.645796
v 0.194951 0.285043 0.700443
v -0.131429 0.344658 0.679744
v -0.237672 0.308173 0.671925
v -0.170354 0.360657 0.649983
v -0.141891 0.307048 0.703419
v -0.224370 0.346379 0.645801
v -0.194959 0.285042 0.700447
v -0.077482 -0.413315 -0.581693
v -0.135116 -0.457491 -0.493187
v -0.053177 -0.439507 -0.538404
v -0.130268 -0.406175 -0.580934
v -0.081115 -0.464288 -0.494853
v -0.160083 -0.425523 -0.536284
v 0.077833 -0.413170 -0.581596
v 0.134891 -0.457652 -0.492952
v 0.053098 -0.439557 -0.538537
v 0.130568 -0.406111 -0.580892
v 0.080829 -0.464398 -0.495131
v 0.160225 -0.425313 -0.536460
v -0.000023 -0.279507 -0.728866
v 0.000022 -0.176340 -0.761001
v 0.049585 -0.255263 -0.735162
v -0.049611 -0.255274 -0.735154
v 0.051662 -0.203750 -0.751645
v -0.051641 -0.203735 -0.751636
v 0.131123 -0.338248 -0.679487
v 0.235111 -0.302513 -0.671060
v 0.169324 -0.353775 -0.651304
v 0.141113 -0.301963 -0.701762
v 0.221695 -0.338108 -0.645795
v 0.193038 -0.281013 -0.698417
v -0.131127 -0.338230 -0.679488
v -0.235144 -0.302528 -0.671050
v -0.169318 -0.353774 -0.651284
v -0.141126 -0.301958 -0.701745
v -0.221706 -0.338117 -0.645800
v -0.193048 -0.281011 -0.698416
v -0.092679 0.532534 -0.654367
v -0.166320 0.611875 -0.596176
v -0.066473 0.586101 -0.631979
v -0.154929 0.519153 -0.653907
v -0.104507 0.630238 -0.602618
v -0.195507 0.556822 -0.627548
v 0.093298 0.532786 -0.655187
v 0.166868 0.611838 -0.596472
v 0.066907 0.585945 -0.632042
v 0.154977 0.518539 -0.653937
v 0.104921 0.630289 -0.602791
v 0.195976 0.556860 -0.627774
v -0.000065 0.296101 -0.777592
v -0.000043 0.187175 -0.813793
v 0.054279 0.271098 -0.790618
v -0.054268 0.271265 -0.790248
v 0.056662 0.217301 -0.815247
v -0.056671 0.217218 -0.815277
v 0.140080 0.376532 -0.718152
v 0.244580 0.326080 -0.705874
v 0.181601 0.406240 -0.690865
v 0.151373 0.326355 -0.748119
v 0.232332 0.379950 -0.680206
v 0.207712 0.302957 -0.750097
v -0.140203 0.376670 -0.718399
v -0.244902 0.326372 -0.706067
v -0.181912 0.406562 -0.691019
v -0.151718 0.326686 -0.748148
v -0.232013 0.379806 -0.679713
v -0.208341 0.303304 -0.750178
v 0.669175 0.117431 -0.371638
v 0.650036 0.208826 -0.318839
v 0.639715 0.152879 -0.399750
v 0.687346 0.124735 -0.316634
v 0.630776 0.199452 -0.375814
v 0.677911 0.170046 -0.288208
v 0.666473 -0.120125 -0.369875
v 0.648618 -0.216876 -0.318495
v 0.636072 -0.157770 -0.397641
v 0.684466 -0.127912 -0.315001
v 0.627761 -0.207499 -0.374838
v 0.675673 -0.175724 -0.287094
v 0.595084 -0.074711 -0.508074
v 0.518289 -0.139146 -0.563295
v 0.585723 -0.126633 -0.492650
v 0.566323 -0.052131 -0.548193
v 0.549461 -0.161031 -0.521754
v 0.525877 -0.082861 -0.575538
v 0.596221 0.075694 -0.509440
v 0.522986 0.137581 -0.568192
v 0.588564 0.124238 -0.494842
v 0.566582 0.054754 -0.549073
v 0.553809 0.156700 -0.525007
v 0.526928 0.083959 -0.577202
v 0.724932 0.000994 -0.286962
v 0.759777 0.000414 -0.166988
v 0.730070 0.043943 -0.257847
v 0.728260 -0.043244 -0.257051
v 0.747743 0.045247 -0.197695
v 0.745665 -0.045125 -0.197065
v 0.687471 0.121722 0.372469
v 0.667757 0.220438 0.321885
v 0.655948 0.160247 0.400376
v 0.709524 0.129930 0.320104
v 0.645322 0.210557 0.376278
v 0.698941 0.178540 0.293226
v 0.685666 -0.123736 0.372513
v 0.666445 -0.221740 0.321477
v 0.655548 -0.161862 0.400399
v 0.707428 -0.132213 0.320464
v 0.644208 -0.211281 0.375259
v 0.698237 -0.181059 0.293705
v 0.608865 -0.078140 0.511144
v 0.529732 -0.139241 0.567339
v 0.601905 -0.129717 0.496094
v 0.577062 -0.055341 0.552267
v 0.562258 -0.161778 0.522748
v 0.537556 -0.084943 0.582538
v 0.609290 0.075904 0.511339
v 0.528393 0.140267 0.568259
v 0.601574 0.128722 0.496325
v 0.577108 0.052758 0.552469
v 0.561882 0.162671 0.524527
v 0.536367 0.083719 0.582348
v 0.751181 -0.000335 0.293429
v 0.778281 -0.000010 0.181089
v 0.757383 0.044765 0.265850
v 0.755268 -0.045711 0.266195
v 0.771371 0.046579 0.209622
v 0.769057 -0.047199 0.209948
v -0.669167 0.117450 -0.371642
v -0.650011 0.208862 -0.318815
v -0.639707 0.152841 -0.399740
v -0.687444 0.124752 -0.316683
v -0.630788 0.199434 -0.375797
v -0.677884 0.170018 -0.288197
v -0.666473 -0.120126 -0.369859
v -0.648646 -0.216858 -0.318488
v -0.636048 -0.157771 -0.397625
v -0.684455 -0.127906 -0.314999
v -0.627757 -0.207482 -0.374830
v -0.675637 -0.175697 -0.287077
v -0.595067 -0.074699 -0.508078
v -0.518277 -0.139131 -0.563281
v -0.585757 -0.126649 -0.492695
v -0.566327 -0.052115 -0.548197
v -0.549481 -0.161048 -0.521774
v -0.525875 -0.082848 -0.575546
v -0.596245 0.075713 -0.509457
v -0.522955 0.137645 -0.568235
v -0.588551 0.124238 -0.494819
v -0.566615 0.054729 -0.549076
v -0.553815 0.156689 -0.525023
v -0.526910 0.083981 -0.577209
v -0.724946 0.000996 -0.286969
v -0.759743 0.000408 -0.166998
v -0.730054 0.043943 -0.257830
v -0.728262 -0.043266 -0.257041
v -0.747806 0.045258 -0.197697
v -0.745695 -0.045135 -0.197069
v -0.687472 0.121716 0.372468
v -0.667745 0.220433 0.321883
v -0.655952 0.160245 0.400379
v -0.709527 0.129923 0.320110
v -0.645313 0.210545 0.376278
v -0.698957 0.178540 0.293220
v -0.685662 -0.123742 0.372515
v -0.666493 -0.221741 0.321486
v -0.655579 -0.161857 0.400399
v -0.707416 -0.132214 0.320465
v -0.644229 -0.211237 0.375221
v -0.698232 -0.181078 0.293718
v -0.608876 -0.078143 0.511120
v -0.529737 -0.139322 0.567410
v -0.601938 -0.129670 0.496111
v -0.577082 -0.055318 0.552250
v -0.562267 -0.161769 0.522819
v -0.537576 -0.084885 0.582534
v -0.609291 0.075888 0.511350
v -0.528389 0.140255 0.568261
v -0.601559 0.128708 0.496316
v -0.577103 0.052747 0.552480
v -0.561890 0.162675 0.524536
v -0.536369 0.083713 0.582378
v -0.751157 -0.000332 0.293412
v -0.778294 0.000026 0.181067
v -0.757396 0.044759 0.265838
v -0.755267 -0.045714 0.266192
v -0.771368 0.046584 0.209619
v -0.769058 -0.047170 0.209954
v -0.061421 0.587471 0.093539
v -0.124565 0.543657 0.200006
v -0.110219 0.578616 0.102149
v -0.144635 0.556251 0.153044
v -0.044920 0.570851 0.142509
v -0.073327 0.549691 0.196903
v -0.049699 0.641794 -0.146623
v -0.118450 0.656950 -0.281737
v -0.100069 0.632510 -0.152888
v -0.138094 0.635208 -0.214934
v -0.039869 0.654948 -0.210490
v -0.069957 0.666260 -0.278904
v 0.061468 0.587509 0.093522
v 0.124510 0.543661 0.199935
v 0.110328 0.578592 0.102248
v 0.144551 0.556685 0.152960
v 0.044980 0.570932 0.142570
v 0.073328 0.549787 0.196928
v 0.049393 0.641717 -0.146241
v 0.118401 0.656846 -0.281788
v 0.099865 0.632578 -0.153159
v 0.138141 0.635546 -0.214880
v 0.039976 0.654745 -0.210214
v 0.070001 0.666569 -0.278964
v -0.383958 0.446263 0.332655
v -0.485646 0.415973 0.303893
v -0.405712 0.455408 0.280049
v -0.457076 0.440563 0.266711
v -0.412948 0.422885 0.373279
v -0.462931 0.407244 0.357695
v -0.054018 0.497528 0.351178
v 0.053998 0.497541 0.351191
v -0.027362 0.480507 0.401161
v 0.027367 0.480527 0.401178
v -0.026317 0.515978 0.299638
v 0.026315 0.515953 0.299622
v -0.306158 0.414872 0.485272
v -0.349583 0.362557 0.557278
v -0.275180 0.402836 0.531785
v -0.297177 0.378236 0.568702
v -0.360233 0.402581 0.475823
v -0.381727 0.375861 0.510991
v -0.445367 0.605420 -0.401406
v -0.468585 0.459253 -0.311880
v -0.425138 0.555363 -0.319536
v -0.452762 0.500694 -0.284245
v -0.424497 0.515554 -0.410279
v -0.447995 0.458636 -0.370791
v -0.076415 0.722157 -0.447593
v 0.076641 0.721718 -0.447607
v -0.036372 0.695181 -0.500483
v 0.036437 0.695462 -0.500318
v -0.033382 0.708677 -0.395029
v 0.033236 0.708666 -0.395239
v -0.311640 0.508565 -0.528542
v -0.344022 0.393851 -0.572423
v -0.282471 0.485819 -0.574434
v -0.298116 0.428441 -0.595976
v -0.358980 0.472163 -0.503741
v -0.373601 0.413914 -0.525615
v -0.632047 0.354117 -0.046597
v -0.638837 0.356249 0.065864
v -0.604431 0.388293 -0.018912
v -0.607680 0.387981 0.036658
v -0.664730 0.318463 -0.018196
v -0.667800 0.320195 0.038339
v -0.531818 0.315180 -0.397355
v -0.481233 0.287632 -0.501747
v -0.552592 0.267766 -0.426942
v -0.525957 0.253771 -0.477997
v -0.487401 0.352730 -0.422648
v -0.461951 0.338739 -0.474835
v -0.697531 0.228064 -0.136716
v -0.749178 0.140566 -0.078008
v -0.710508 0.180967 -0.167488
v -0.736573 0.137754 -0.137527
v -0.708954 0.232242 -0.077178
v -0.734854 0.188468 -0.048522
v -0.552056 0.324907 0.403261
v -0.495836 0.298497 0.506011
v -0.568159 0.282702 0.431086
v -0.539698 0.268037 0.482047
v -0.507668 0.350042 0.426392
v -0.480290 0.338870 0.478247
v -0.710232 0.235317 0.151938
v -0.757967 0.143983 0.094368
v -0.727953 0.188236 0.180391
v -0.751125 0.142359 0.151700
v -0.716902 0.237499 0.094854
v -0.739513 0.191186 0.066120
v 0.383982 0.446270 0.332660
v 0.485655 0.415920 0.303878
v 0.405723 0.455439 0.280067
v 0.457074 0.440558 0.266746
v 0.412973 0.422880 0.373272
v 0.462932 0.407232 0.357666
v 0.306157 0.414867 0.485265
v 0.349613 0.362588 0.557305
v 0.275178 0.402836 0.531792
v 0.297191 0.378265 0.568709
v 0.360204 0.402580 0.475783
v 0.381747 0.375868 0.511013
v 0.445949 0.605218 -0.401317
v 0.468793 0.459146 -0.312116
v 0.424736 0.555356 -0.319164
v 0.452694 0.500812 -0.283776
v 0.424364 0.515598 -0.410156
v 0.448040 0.458339 -0.370667
v 0.311684 0.508587 -0.528660
v 0.344071 0.393299 -0.572552
v 0.282464 0.485616 -0.574222
v 0.298202 0.428207 -0.595837
v 0.359378 0.472414 -0.504556
v 0.373235 0.414310 -0.525792
v 0.632021 0.354122 -0.046648
v 0.638795 0.356193 0.065860
v 0.604407 0.388334 -0.018920
v 0.607644 0.387972 0.036745
v 0.664733 0.318499 -0.018159
v 0.667780 0.320184 0.038349
v 0.531301 0.315306 -0.397015
v 0.481160 0.287517 -0.501107
v 0.552706 0.267546 -0.427000
v 0.526205 0.253614 -0.478095
v 0.487110 0.352845 -0.422477
v 0.461974 0.338529 -0.474905
v 0.697551 0.228111 -0.136713
v 0.749116 0.140545 -0.078011
v 0.710446 0.180994 -0.167520
v 0.736565 0.137772 -0.137498
v 0.708961 0.232275 -0.077137
v 0.734801 0.188445 -0.048520
v 0.552064 0.324902 0.403258
v 0.495848 0.298490 0.506003
v 0.568163 0.282714 0.431086
v 0.539710 0.268038 0.482045
v 0.507674 0.350036 0.426390
v 0.480304 0.338874 0.478244
v 0.710230 0.235347 0.151915
v 0.757927 0.143992 0.094362
v 0.727975 0.188269 0.180388
v 0.751256 0.142408 0.151694
v 0.716916 0.237513 0.094828
v 0.739484 0.191177 0.066101
v -0.048610 -0.672475 0.154739
v -0.118760 -0.646367 0.281835
v -0.105651 -0.658646 0.157243
v -0.141982 -0.643963 0.217314
v -0.039886 -0.668605 0.219704
v -0.068122 -0.661174 0.282282
v -0.086729 -0.701314 -0.121623
v -0.145470 -0.700164 -0.246562
v -0.130688 -0.762347 -0.138542
v -0.164545 -0.776953 -0.214238
v -0.063424 -0.668215 -0.166926
v -0.088244 -0.665665 -0.228844
v 0.048455 -0.672604 0.154302
v 0.119127 -0.646269 0.281868
v 0.106251 -0.659130 0.157376
v 0.141828 -0.643930 0.217097
v 0.039835 -0.668820 0.219716
v 0.068190 -0.661227 0.282477
v 0.086394 -0.700985 -0.121425
v 0.144655 -0.700504 -0.245834
v 0.130280 -0.760962 -0.137822
v 0.163371 -0.776128 -0.212582
v 0.063154 -0.668315 -0.166918
v 0.088500 -0.665350 -0.228255
v -0.393993 -0.538212 0.377386
v -0.488676 -0.468269 0.320828
v -0.419828 -0.537093 0.317126
v -0.468973 -0.506854 0.291391
v -0.418389 -0.502396 0.407040
v -0.464626 -0.464613 0.377151
v -0.062357 -0.704256 0.469505
v 0.062377 -0.704238 0.469318
v -0.033761 -0.687438 0.522717
v 0.034415 -0.687384 0.522454
v -0.027959 -0.687944 0.407541
v 0.028212 -0.688107 0.407255
v -0.337770 -0.557318 0.563312
v -0.355246 -0.423136 0.585342
v -0.315909 -0.550381 0.621157
v -0.317971 -0.471863 0.623229
v -0.371756 -0.499388 0.521701
v -0.385328 -0.440081 0.538459
v -0.371459 -0.470119 -0.325307
v -0.467521 -0.415325 -0.294312
v -0.393844 -0.485055 -0.273838
v -0.439856 -0.454397 -0.256572
v -0.397883 -0.429451 -0.364836
v -0.448284 -0.403770 -0.351214
v -0.056775 -0.563818 -0.365568
v 0.056484 -0.563673 -0.364658
v -0.027900 -0.530270 -0.409015
v 0.028137 -0.530838 -0.409355
v -0.028972 -0.596241 -0.320117
v 0.028785 -0.596163 -0.319956
v -0.296389 -0.417164 -0.479199
v -0.344561 -0.351762 -0.558687
v -0.268999 -0.399258 -0.529378
v -0.292075 -0.368231 -0.568123
v -0.348611 -0.398810 -0.469884
v -0.374268 -0.365230 -0.511311
v -0.635966 -0.353130 -0.045296
v -0.638707 -0.359313 0.067878
v -0.606569 -0.387212 -0.015342
v -0.607773 -0.391100 0.040654
v -0.667511 -0.320585 -0.017954
v -0.668569 -0.322513 0.038894
v -0.540990 -0.312327 -0.403468
v -0.486068 -0.287181 -0.505514
v -0.556359 -0.274488 -0.431938
v -0.528537 -0.260290 -0.482139
v -0.498046 -0.336267 -0.426346
v -0.470462 -0.324403 -0.477578
v -0.697408 -0.234432 -0.136218
v -0.745908 -0.144883 -0.077387
v -0.708429 -0.186602 -0.166627
v -0.733082 -0.141964 -0.136621
v -0.709004 -0.238108 -0.076822
v -0.733589 -0.194015 -0.047953
v -0.547534 -0.334731 0.401139
v -0.487825 -0.302491 0.500094
v -0.563179 -0.283774 0.426394
v -0.534547 -0.267253 0.476018
v -0.503357 -0.372625 0.428358
v -0.473205 -0.357321 0.478404
v -0.709711 -0.238591 0.152053
v -0.755700 -0.147256 0.094514
v -0.727180 -0.191596 0.180776
v -0.748725 -0.145194 0.152076
v -0.716829 -0.241500 0.094834
v -0.738836 -0.195583 0.066174
v 0.394004 -0.538008 0.377209
v 0.488503 -0.468222 0.320708
v 0.419561 -0.537261 0.317284
v 0.468940 -0.506771 0.291326
v 0.418476 -0.502431 0.407095
v 0.464827 -0.464845 0.377663
v 0.337478 -0.557467 0.562172
v 0.355121 -0.422928 0.584927
v 0.315839 -0.550240 0.620862
v 0.317977 -0.472372 0.623193
v 0.371681 -0.499155 0.521827
v 0.385301 -0.439730 0.538338
v 0.371255 -0.469845 -0.325178
v 0.467359 -0.415835 -0.294087
v 0.393839 -0.485110 -0.273800
v 0.439375 -0.454513 -0.256321
v 0.398015 -0.429007 -0.364407
v 0.448455 -0.404089 -0.351422
v 0.296257 -0.417151 -0.478991
v 0.344595 -0.351717 -0.558716
v 0.269051 -0.399174 -0.529427
v 0.292166 -0.368223 -0.568137
v 0.348977 -0.398582 -0.470232
v 0.374295 -0.365174 -0.511336
v 0.635966 -0.353157 -0.045418
v 0.638805 -0.359299 0.067854
v 0.606545 -0.387113 -0.015433
v 0.607698 -0.391107 0.040618
v 0.667488 -0.320609 -0.017937
v 0.668540 -0.322520 0.038912
v 0.541027 -0.312355 -0.403461
v 0.486057 -0.287162 -0.505532
v 0.556351 -0.274515 -0.431947
v 0.528541 -0.260292 -0.482141
v 0.498086 -0.336216 -0.426319
v 0.470469 -0.324394 -0.477605
v 0.697377 -0.234439 -0.136195
v 0.745906 -0.144869 -0.077378
v 0.708426 -0.186583 -0.166634
v 0.733099 -0.141945 -0.136612
v 0.708998 -0.238122 -0.076811
v 0.733576 -0.193992 -0.047932
v 0.547624 -0.334657 0.401392
v 0.487825 -0.302171 0.499935
v 0.563290 -0.283764 0.426596
v 0.534744 -0.267389 0.476376
v 0.503619 -0.372616 0.428585
v 0.473128 -0.357102 0.478315
v 0.709748 -0.238618 0.152080
v 0.755690 -0.147264 0.094506
v 0.727215 -0.191587 0.180793
v 0.748735 -0.145191 0.152067
v 0.716833 -0.241496 0.094849
v 0.738854 -0.195602 0.066159
v 0.161015 -0.086284 0.766573
v 0.259132 -0.143607 0.725649
v 0.159900 -0.141812 0.764170
v 0.205830 -0.173389 0.735677
v 0.214867 -0.058413 0.756847
v 0.265802 -0.086308 0.740947
v -0.160963 -0.086437 0.766575
v -0.259138 -0.143644 0.725735
v -0.159753 -0.141819 0.764253
v -0.206539 -0.172971 0.736351
v -0.214883 -0.058657 0.756827
v -0.265865 -0.086624 0.740956
v 0.160924 0.086999 0.761971
v 0.261817 0.148358 0.728159
v 0.158876 0.146875 0.753556
v 0.209089 0.177428 0.736405
v 0.214422 0.057702 0.753605
v 0.265283 0.087976 0.737799
v -0.160921 0.087016 0.761989
v -0.261810 0.148377 0.728161
v -0.158898 0.146877 0.753550
v -0.209092 0.177435 0.736393
v -0.214400 0.057729 0.753593
v -0.265280 0.088010 0.737808
v 0.410216 -0.058563 0.674720
v 0.408745 0.058758 0.673293
v 0.456367 -0.030094 0.649896
v 0.455437 0.028595 0.648989
v 0.363778 -0.029633 0.701034
v 0.363069 0.028890 0.699946
v -0.410187 -0.058638 0.674704
v -0.408755 0.058779 0.673291
v -0.456403 -0.030075 0.649894
v -0.455496 0.028625 0.649058
v -0.363773 -0.029694 0.701010
v -0.363106 0.028907 0.699998
v 0.159200 -0.089487 -0.760189
v 0.257645 -0.149788 -0.721523
v 0.157442 -0.149465 -0.752452
v 0.205765 -0.177943 -0.731520
v 0.210898 -0.058633 -0.748608
v 0.260605 -0.089283 -0.729219
v -0.159352 -0.089607 -0.760350
v -0.257729 -0.149703 -0.721495
v -0.157446 -0.149420 -0.752471
v -0.205799 -0.177913 -0.731532
v -0.210486 -0.058599 -0.748210
v -0.260520 -0.089574 -0.729339
v 0.164627 0.098073 -0.785135
v 0.271061 0.160997 -0.763760
v 0.170792 0.161156 -0.810026
v 0.226939 0.194911 -0.802256
v 0.214681 0.066781 -0.763088
v 0.266171 0.097678 -0.750008
v -0.164366 0.098122 -0.785149
v -0.271106 0.160911 -0.763844
v -0.170979 0.161157 -0.809845
v -0.226836 0.194836 -0.802592
v -0.214540 0.066947 -0.763224
v -0.266350 0.098034 -0.751032
v 0.405955 -0.058294 -0.670920
v 0.405506 0.062604 -0.672475
v 0.449898 -0.027310 -0.644856
v 0.449798 0.031915 -0.645419
v 0.360392 -0.027787 -0.696455
v 0.360556 0.033852 -0.698620
v -0.405999 -0.058292 -0.670903
v -0.405517 0.062525 -0.672506
v -0.449916 -0.027328 -0.644814
v -0.449784 0.031910 -0.645398
v -0.360284 -0.027935 -0.696313
v -0.360442 0.033840 -0.698498
v -0.316099 0.549895 0.032351
v -0.316466 0.560264 -0.044604
v -0.264532 0.565559 0.032060
v -0.263715 0.576722 -0.051059
v -0.392090 0.520680 0.060549
v -0.294795 0.547703 0.071639
v -0.376434 0.514658 0.103622
v -0.394864 0.536218 -0.064707
v -0.294204 0.571438 -0.091854
v -0.378201 0.544198 -0.116685
v -0.440495 0.511525 0.001349
v -0.426550 0.523465 -0.096107
v -0.475542 0.495019 -0.022135
v -0.423781 0.500625 0.092206
v -0.473561 0.489382 0.026974
v 0.316208 0.549976 0.032333
v 0.316174 0.560637 -0.044642
v 0.264583 0.565633 0.032149
v 0.263763 0.576837 -0.050916
v 0.392052 0.520738 0.060644
v 0.294746 0.547689 0.071713
v 0.376435 0.514660 0.103611
v 0.394826 0.536011 -0.064995
v 0.294241 0.571604 -0.092176
v 0.378179 0.544674 -0.116750
v 0.440434 0.511657 0.001415
v 0.426754 0.523351 -0.096330
v 0.475495 0.495085 -0.022024
v 0.423807 0.500552 0.092147
v 0.473664 0.489492 0.026991
v -0.331019 -0.614357 0.044230
v -0.337713 -0.638222 -0.037380
v -0.279375 -0.632728 0.043963
v -0.296781 -0.681663 -0.040389
v -0.410819 -0.576713 0.075487
v -0.309115 -0.613948 0.092356
v -0.401427 -0.580435 0.125613
v -0.398755 -0.578962 -0.056837
v -0.332079 -0.675801 -0.084033
v -0.387448 -0.588298 -0.106305
v -0.442296 -0.545529 0.011310
v -0.422617 -0.545854 -0.086044
v -0.471054 -0.514014 -0.012404
v -0.448080 -0.557992 0.111436
v -0.476596 -0.518111 0.038906
v 0.331129 -0.613870 0.044112
v 0.337808 -0.638499 -0.037128
v 0.279257 -0.632912 0.044087
v 0.296622 -0.681910 -0.040656
v 0.410807 -0.576957 0.075600
v 0.308795 -0.613833 0.092422
v 0.401245 -0.580790 0.125784
v 0.398570 -0.579045 -0.057428
v 0.331329 -0.675673 -0.083636
v 0.387327 -0.588017 -0.106315
v 0.442210 -0.545443 0.011336
v 0.422877 -0.545791 -0.085723
v 0.471002 -0.513880 -0.012117
v 0.448070 -0.557784 0.111295
v 0.476630 -0.518149 0.038594
v -0.000130 -0.535111 0.691226
v -0.076480 -0.477004 0.700292
v -0.032861 -0.584838 0.680766
v -0.118844 -0.526823 0.697150
v 0.076204 -0.476857 0.700258
v 0.032471 -0.585109 0.680653
v 0.118700 -0.526966 0.697679
v 0.043969 -0.380264 0.713757
v -0.044204 -0.380651 0.713751
v 0.047528 -0.321018 0.726588
v -0.047277 -0.320943 0.726680
v 0.130842 -0.459961 0.700303
v 0.092780 -0.355613 0.714719
v -0.130619 -0.459916 0.699597
v -0.093121 -0.355429 0.714696
v -0.000003 0.400004 0.618437
v -0.067750 0.381007 0.651335
v -0.026020 0.414556 0.582533
v -0.100176 0.393890 0.619871
v 0.067745 0.380999 0.651333
v 0.026019 0.414563 0.582524
v 0.100164 0.393892 0.619853
v 0.042430 0.342305 0.698397
v -0.042440 0.342289 0.698390
v 0.046725 0.305085 0.719568
v -0.046720 0.305090 0.719583
v 0.117786 0.372836 0.652300
v 0.090431 0.326308 0.703021
v -0.117780 0.372812 0.652286
v -0.090436 0.326310 0.703031
v 0.000031 -0.397364 -0.617454
v -0.067644 -0.374382 -0.650299
v -0.025670 -0.417223 -0.579558
v -0.099350 -0.389455 -0.619055
v 0.067628 -0.374450 -0.650290
v 0.025804 -0.417024 -0.579574
v 0.099405 -0.389348 -0.619067
v 0.042451 -0.335832 -0.696760
v -0.042441 -0.335845 -0.696753
v 0.046754 -0.300749 -0.717371
v -0.046775 -0.300751 -0.717363
v 0.117349 -0.365816 -0.652153
v 0.090361 -0.320595 -0.701319
v -0.117350 -0.365815 -0.652154
v -0.090371 -0.320626 -0.701329
v 0.000019 0.495655 -0.673825
v -0.074952 0.443946 -0.694503
v -0.030621 0.539107 -0.653700
v -0.113303 0.479846 -0.674663
v 0.074901 0.443965 -0.694061
v 0.031143 0.539947 -0.654673
v 0.113376 0.479789 -0.674310
v 0.045811 0.369448 -0.735124
v -0.045545 0.368904 -0.734771
v 0.050665 0.321588 -0.762256
v -0.050569 0.321847 -0.762101
v 0.128344 0.427681 -0.694449
v 0.096966 0.348545 -0.742619
v -0.128459 0.427827 -0.695090
v -0.097061 0.348528 -0.742288
v 0.652465 0.062630 -0.438501
v 0.696220 0.039022 -0.368711
v 0.646137 0.106690 -0.420302
v 0.694145 0.080627 -0.343751
v 0.651235 -0.061246 -0.437374
v 0.695158 -0.036772 -0.367854
v 0.643690 -0.108376 -0.418575
v 0.691750 -0.080956 -0.342240
v 0.632001 0.001912 -0.485070
v 0.620010 -0.093364 -0.464347
v 0.602206 -0.023209 -0.518266
v 0.621808 0.092813 -0.465817
v 0.602486 0.026918 -0.518779
v 0.713017 0.042077 -0.315695
v 0.711467 -0.040705 -0.314795
v 0.670995 0.063286 0.440637
v 0.716742 0.038586 0.370088
v 0.665110 0.110760 0.422513
v 0.715732 0.082691 0.345891
v 0.669402 -0.065437 0.440470
v 0.715025 -0.039981 0.369993
v 0.663808 -0.112784 0.422555
v 0.712998 -0.084589 0.345901
v 0.645857 -0.001250 0.486334
v 0.637761 -0.097451 0.468122
v 0.613658 -0.027021 0.520146
v 0.638310 0.095426 0.468000
v 0.614017 0.024049 0.520253
v 0.737923 0.042261 0.319825
v 0.735816 -0.043536 0.319965
v -0.652466 0.062652 -0.438521
v -0.696235 0.039011 -0.368696
v -0.646128 0.106706 -0.420291
v -0.694173 0.080642 -0.343756
v -0.651225 -0.061222 -0.437368
v -0.695158 -0.036763 -0.367873
v -0.643678 -0.108371 -0.418562
v -0.691772 -0.080965 -0.342244
v -0.632023 0.001902 -0.485077
v -0.619997 -0.093363 -0.464342
v -0.602201 -0.023203 -0.518253
v -0.621797 0.092827 -0.465805
v -0.602514 0.026901 -0.518780
v -0.713019 0.042091 -0.315685
v -0.711417 -0.040715 -0.314769
v -0.671006 0.063287 0.440647
v -0.716757 0.038592 0.370095
v -0.665112 0.110765 0.422508
v -0.715733 0.082688 0.345888
v -0.669394 -0.065441 0.440473
v -0.715013 -0.039992 0.369985
v -0.663809 -0.112807 0.422550
v -0.712988 -0.084587 0.345899
v -0.645862 -0.001247 0.486342
v -0.637768 -0.097462 0.468102
v -0.613662 -0.027038 0.520142
v -0.638309 0.095423 0.468004
v -0.614016 0.024040 0.520265
v -0.737931 0.042262 0.319823
v -0.735829 -0.043548 0.319963
v -0.047220 0.616696 0.011756
v -0.040795 0.631784 -0.053124
v -0.089373 0.608852 0.017976
v -0.078913 0.623704 -0.051266
v 0.047319 0.616680 0.011851
v 0.040964 0.631599 -0.053189
v 0.089437 0.608862 0.017977
v 0.078822 0.623656 -0.051161
v -0.000056 0.611355 0.037319
v -0.074937 0.600616 0.051987
v -0.019274 0.592503 0.086864
v 0.000022 0.641817 -0.094764
v -0.054059 0.633512 -0.088740
v -0.014642 0.647465 -0.142913
v 0.074988 0.600611 0.051928
v 0.019287 0.592489 0.086876
v 0.054286 0.633457 -0.088607
v 0.014773 0.647605 -0.143073
v -0.210563 0.513866 0.251709
v -0.298501 0.481629 0.296854
v -0.231988 0.524558 0.203486
v -0.320056 0.491649 0.246419
v -0.137732 0.473788 0.401156
v -0.223190 0.446537 0.447721
v -0.110602 0.459302 0.450251
v -0.194429 0.433736 0.495656
v -0.133119 0.508610 0.301020
v -0.177790 0.535130 0.202740
v -0.102869 0.528608 0.249392
v -0.306223 0.448568 0.393500
v -0.353021 0.469250 0.290416
v -0.361072 0.436756 0.385766
v -0.082345 0.478590 0.401581
v -0.079303 0.513539 0.300241
v -0.250086 0.424902 0.490938
v -0.335042 0.426197 0.436725
v -0.214368 0.650395 -0.331666
v -0.321232 0.622838 -0.367226
v -0.234271 0.622315 -0.264784
v -0.336339 0.600324 -0.300079
v -0.168403 0.713127 -0.503550
v -0.237595 0.600800 -0.523046
v -0.134347 0.661765 -0.549340
v -0.214735 0.578640 -0.572697
v -0.176777 0.811170 -0.411922
v -0.175013 0.641704 -0.275999
v -0.109357 0.700031 -0.350935
v -0.328053 0.590178 -0.462797
v -0.392770 0.610849 -0.352254
v -0.396386 0.569440 -0.456051
v -0.107684 0.710934 -0.501605
v -0.100995 0.740962 -0.401004
v -0.263053 0.543676 -0.550735
v -0.346275 0.533618 -0.486352
v -0.528046 0.416760 -0.222217
v -0.585427 0.385431 -0.133205
v -0.506337 0.452765 -0.191449
v -0.561362 0.420343 -0.104090
v -0.595052 0.289281 -0.315233
v -0.650128 0.260575 -0.227195
v -0.616140 0.244617 -0.347105
v -0.666105 0.215789 -0.258536
v -0.530714 0.370678 -0.311122
v -0.488738 0.455959 -0.252071
v -0.488769 0.412048 -0.340038
v -0.645610 0.310663 -0.134768
v -0.597238 0.387769 -0.075454
v -0.657523 0.315679 -0.075503
v -0.574506 0.279618 -0.372226
v -0.509738 0.363383 -0.368098
v -0.682218 0.222131 -0.197599
v -0.680095 0.273543 -0.105705
v -0.548722 0.403107 0.228335
v -0.598826 0.382622 0.147874
v -0.520173 0.429368 0.194265
v -0.569820 0.411786 0.116703
v -0.616911 0.304233 0.322336
v -0.669785 0.273414 0.237557
v -0.632105 0.258984 0.350019
v -0.686170 0.227333 0.265751
v -0.555669 0.368001 0.317029
v -0.504371 0.423061 0.249028
v -0.510636 0.389238 0.338910
v -0.659812 0.318358 0.151413
v -0.606366 0.386470 0.092123
v -0.666760 0.321175 0.094679
v -0.593771 0.294376 0.377479
v -0.532521 0.359136 0.371991
v -0.701173 0.232613 0.209033
v -0.689859 0.279947 0.123366
v 0.210561 0.513900 0.251746
v 0.298482 0.481591 0.296838
v 0.231984 0.524580 0.203450
v 0.320025 0.491618 0.246406
v 0.137732 0.473816 0.401157
v 0.223179 0.446538 0.447717
v 0.110598 0.459318 0.450242
v 0.194426 0.433716 0.495644
v 0.133084 0.508340 0.300950
v 0.177718 0.535094 0.202658
v 0.102867 0.528711 0.249466
v 0.082326 0.478597 0.401573
v 0.079291 0.513624 0.300209
v 0.306220 0.448597 0.393490
v 0.353021 0.469300 0.290416
v 0.361084 0.436734 0.385758
v 0.250090 0.424878 0.490934
v 0.335047 0.426210 0.436725
v 0.214575 0.650499 -0.331843
v 0.321091 0.622379 -0.366820
v 0.234036 0.622425 -0.264926
v 0.335824 0.600504 -0.299792
v 0.168118 0.712817 -0.503641
v 0.237471 0.600607 -0.523039
v 0.134442 0.661969 -0.549585
v 0.214568 0.578642 -0.572785
v 0.176275 0.811135 -0.411898
v 0.175229 0.642227 -0.275888
v 0.109270 0.700046 -0.350508
v 0.107866 0.710672 -0.501626
v 0.101208 0.740691 -0.400959
v 0.327875 0.590100 -0.462553
v 0.392733 0.610671 -0.351982
v 0.396044 0.568402 -0.455343
v 0.262672 0.543124 -0.550624
v 0.347052 0.533470 -0.486367
v 0.528556 0.416911 -0.222471
v 0.584945 0.385279 -0.133315
v 0.506305 0.452973 -0.191572
v 0.561211 0.420181 -0.104130
v 0.594847 0.289149 -0.315129
v 0.650181 0.260607 -0.227142
v 0.616103 0.244619 -0.347195
v 0.666150 0.215779 -0.258535
v 0.530862 0.370857 -0.311054
v 0.488827 0.455513 -0.251886
v 0.488760 0.411454 -0.339889
v 0.645600 0.310681 -0.134776
v 0.597275 0.387697 -0.075499
v 0.657540 0.315677 -0.075540
v 0.574579 0.279447 -0.372119
v 0.509933 0.363316 -0.368268
v 0.682250 0.222158 -0.197590
v 0.680109 0.273571 -0.105703
v 0.548717 0.403112 0.228353
v 0.598822 0.382611 0.147859
v 0.520136 0.429404 0.194277
v 0.569834 0.411745 0.116684
v 0.616924 0.304228 0.322343
v 0.669796 0.273431 0.237556
v 0.632120 0.258988 0.350024
v 0.686183 0.227340 0.265757
v 0.555654 0.368007 0.317010
v 0.504368 0.423066 0.249045
v 0.510646 0.389229 0.338899
v 0.659837 0.318341 0.151413
v 0.606358 0.386452 0.092112
v 0.666810 0.321139 0.094683
v 0.593791 0.294386 0.377486
v 0.532517 0.359155 0.371982
v 0.701173 0.232643 0.209031
v 0.689894 0.279964 0.123359
v -0.057060 -0.686985 0.056655
v -0.075191 -0.700673 -0.029168
v -0.104699 -0.678883 0.051432
v -0.126529 -0.716201 -0.035751
v 0.056982 -0.687095 0.056790
v 0.075217 -0.700451 -0.029214
v 0.104503 -0.678848 0.051394
v 0.126645 -0.715582 -0.035485
v -0.000036 -0.684124 0.108772
v -0.065958 -0.675512 0.098502
v -0.016762 -0.677369 0.160814
v 0.000014 -0.680392 -0.058375
v -0.106324 -0.721469 -0.078839
v -0.031989 -0.670570 -0.106834
v 0.065637 -0.675749 0.098414
v 0.016615 -0.677432 0.160861
v 0.105754 -0.720542 -0.078502
v 0.031963 -0.670647 -0.106823
v -0.211998 -0.620490 0.340678
v -0.309652 -0.593760 0.368833
v -0.237023 -0.616738 0.268895
v -0.332516 -0.584900 0.301168
v -0.173809 -0.808849 0.545803
v -0.303997 -0.713966 0.590980
v -0.135458 -0.783060 0.626118
v -0.272186 -0.709480 0.663290
v -0.141288 -0.686584 0.413214
v -0.176529 -0.630810 0.278365
v -0.099446 -0.660638 0.348431
v -0.327538 -0.593275 0.475571
v -0.365028 -0.565431 0.342207
v -0.371957 -0.543972 0.438800
v -0.099842 -0.736679 0.537425
v -0.084890 -0.690794 0.409826
v -0.315151 -0.632793 0.615366
v -0.354225 -0.552458 0.501220
v -0.237721 -0.656549 -0.294747
v -0.304357 -0.553896 -0.305322
v -0.285350 -0.721442 -0.269085
v -0.335834 -0.581825 -0.263383
v -0.138369 -0.522271 -0.405950
v -0.217161 -0.470432 -0.442302
v -0.109770 -0.491792 -0.450362
v -0.189070 -0.447065 -0.489935
v -0.144033 -0.604267 -0.325403
v -0.213299 -0.742758 -0.275318
v -0.116981 -0.642862 -0.281525
v -0.296894 -0.475794 -0.386681
v -0.347795 -0.516196 -0.289032
v -0.347690 -0.453230 -0.376699
v -0.083708 -0.527669 -0.407733
v -0.086410 -0.599691 -0.322087
v -0.242868 -0.433401 -0.485219
v -0.322569 -0.435225 -0.427863
v -0.528793 -0.397308 -0.214202
v -0.587904 -0.376796 -0.130319
v -0.501314 -0.433199 -0.179664
v -0.560393 -0.410958 -0.098192
v -0.600886 -0.292718 -0.318447
v -0.652553 -0.266669 -0.227606
v -0.616727 -0.253298 -0.348702
v -0.665428 -0.222579 -0.258101
v -0.539380 -0.354520 -0.310668
v -0.484574 -0.425341 -0.236660
v -0.496577 -0.379445 -0.333949
v -0.651051 -0.313147 -0.134738
v -0.602006 -0.382971 -0.072049
v -0.661682 -0.317610 -0.075587
v -0.580434 -0.284801 -0.377191
v -0.521060 -0.346119 -0.370589
v -0.681870 -0.228492 -0.197041
v -0.682122 -0.278473 -0.105831
v -0.546566 -0.431260 0.235904
v -0.597663 -0.395659 0.152324
v -0.523386 -0.467434 0.206779
v -0.570623 -0.429544 0.124229
v -0.612432 -0.307116 0.320706
v -0.667441 -0.275375 0.237403
v -0.629491 -0.259824 0.348234
v -0.684971 -0.229291 0.265864
v -0.553409 -0.391040 0.320682
v -0.508209 -0.469025 0.263504
v -0.509713 -0.427797 0.348849
v -0.658257 -0.322021 0.152117
v -0.605784 -0.394676 0.096485
v -0.666484 -0.324017 0.095390
v -0.589826 -0.297301 0.374818
v -0.529690 -0.383243 0.375433
v -0.700341 -0.235183 0.209232
v -0.689169 -0.282871 0.123535
v 0.212403 -0.620642 0.340935
v 0.310107 -0.593494 0.369235
v 0.237003 -0.616381 0.269010
v 0.332593 -0.585076 0.301617
v 0.174083 -0.808908 0.546057
v 0.304090 -0.714087 0.591004
v 0.134268 -0.782363 0.624103
v 0.271760 -0.711014 0.663087
v 0.141917 -0.686579 0.413337
v 0.176384 -0.631018 0.278460
v 0.099687 -0.660731 0.348208
v 0.099674 -0.736611 0.537245
v 0.084877 -0.690903 0.409608
v 0.327930 -0.593504 0.475345
v 0.364917 -0.565117 0.341939
v 0.372121 -0.543817 0.439121
v 0.312677 -0.632185 0.613587
v 0.353967 -0.552017 0.500848
v 0.237310 -0.656108 -0.294080
v 0.304192 -0.554425 -0.305890
v 0.284221 -0.722590 -0.269189
v 0.335903 -0.581980 -0.263371
v 0.138382 -0.522350 -0.405815
v 0.217390 -0.470562 -0.442809
v 0.109227 -0.492112 -0.450260
v 0.189129 -0.446762 -0.490083
v 0.143470 -0.604139 -0.324855
v 0.212492 -0.742872 -0.274907
v 0.116492 -0.642978 -0.281183
v 0.083562 -0.527673 -0.407926
v 0.086019 -0.599991 -0.321953
v 0.296875 -0.476030 -0.386947
v 0.347786 -0.516542 -0.288877
v 0.347573 -0.453258 -0.376681
v 0.242950 -0.433288 -0.485352
v 0.322306 -0.435364 -0.427843
v 0.528833 -0.397146 -0.214160
v 0.587827 -0.376753 -0.130244
v 0.501372 -0.433073 -0.179779
v 0.560420 -0.411189 -0.098220
v 0.600930 -0.292688 -0.318421
v 0.652483 -0.266618 -0.227562
v 0.616684 -0.253340 -0.348693
v 0.665399 -0.222582 -0.258096
v 0.539450 -0.354402 -0.310747
v 0.484780 -0.425310 -0.236722
v 0.496621 -0.379279 -0.334162
v 0.651053 -0.313146 -0.134782
v 0.602012 -0.382743 -0.072114
v 0.661672 -0.317632 -0.075598
v 0.580448 -0.284858 -0.377173
v 0.521077 -0.345914 -0.370668
v 0.681873 -0.228490 -0.197042
v 0.682093 -0.278490 -0.105821
v 0.546844 -0.431227 0.236026
v 0.597451 -0.395652 0.152236
v 0.523612 -0.467806 0.206759
v 0.570531 -0.429698 0.124185
v 0.612465 -0.307182 0.320689
v 0.667450 -0.275365 0.237380
v 0.629475 -0.259879 0.348246
v 0.684946 -0.229285 0.265853
v 0.553389 -0.391111 0.320892
v 0.508221 -0.468925 0.263472
v 0.509657 -0.427621 0.348737
v 0.658242 -0.322011 0.152133
v 0.605687 -0.394672 0.096451
v 0.666491 -0.324004 0.095412
v 0.589836 -0.297344 0.374781
v 0.529816 -0.383096 0.375435
v 0.700331 -0.235179 0.209275
v 0.689179 -0.282864 0.123575
v 0.053879 -0.086899 0.784922
v -0.053793 -0.087008 0.784981
v 0.053344 -0.143531 0.788624
v -0.053210 -0.143451 0.788721
v 0.053697 0.085749 0.777638
v -0.053714 0.085754 0.777640
v 0.052983 0.145840 0.769389
v -0.052995 0.145828 0.769375
v 0.108176 -0.001731 0.776323
v 0.107194 -0.114320 0.776066
v 0.162015 -0.030032 0.768100
v -0.108171 -0.001738 0.776238
v -0.107085 -0.114433 0.776151
v -0.161975 -0.030123 0.767991
v 0.106802 0.116306 0.767135
v 0.161883 0.027779 0.766533
v -0.106815 0.116308 0.767143
v -0.161898 0.027747 0.766561
v 0.326039 -0.330695 0.631879
v 0.293079 -0.235762 0.676213
v 0.280930 -0.368112 0.655920
v 0.243333 -0.267888 0.690736
v 0.468897 -0.225322 0.566708
v 0.446335 -0.142964 0.628947
v 0.517431 -0.193211 0.546094
v 0.494943 -0.114345 0.609276
v 0.408436 -0.318336 0.569306
v 0.320684 -0.399208 0.625040
v 0.396863 -0.379601 0.553308
v 0.502515 -0.247585 0.522600
v 0.441419 -0.339610 0.525429
v 0.354106 -0.143931 0.680165
v 0.250483 -0.204716 0.706721
v 0.311817 -0.114186 0.713636
v 0.454400 -0.087088 0.644488
v 0.362216 -0.086431 0.696277
v -0.326123 -0.330574 0.631205
v -0.293067 -0.235233 0.675639
v -0.281206 -0.368205 0.655935
v -0.243095 -0.267403 0.690657
v -0.468827 -0.225227 0.566784
v -0.446368 -0.143229 0.629086
v -0.517387 -0.193236 0.545962
v -0.494912 -0.114392 0.609383
v -0.408241 -0.318633 0.569348
v -0.320457 -0.399066 0.624806
v -0.396792 -0.379365 0.552876
v -0.502169 -0.247533 0.522728
v -0.441814 -0.339129 0.525697
v -0.354167 -0.144017 0.680133
v -0.250301 -0.204391 0.706498
v -0.311938 -0.114304 0.713697
v -0.454367 -0.087144 0.644539
v -0.362147 -0.086612 0.696286
v 0.329845 0.309045 0.628070
v 0.299122 0.234073 0.682955
v 0.278064 0.329588 0.638943
v 0.247804 0.260793 0.693915
v 0.474544 0.228112 0.574738
v 0.446529 0.146899 0.632197
v 0.518966 0.195855 0.550503
v 0.493077 0.115739 0.609754
v 0.415611 0.305000 0.571172
v 0.315346 0.347755 0.600657
v 0.400271 0.344168 0.542947
v 0.508151 0.249225 0.529603
v 0.449150 0.323083 0.525979
v 0.356235 0.148519 0.684216
v 0.255869 0.206857 0.713003
v 0.311769 0.118516 0.713049
v 0.452219 0.087907 0.643245
v 0.360633 0.088673 0.694358
v -0.329829 0.309049 0.628060
v -0.299148 0.234084 0.682991
v -0.278066 0.329614 0.638959
v -0.247833 0.260816 0.693942
v -0.474544 0.228104 0.574741
v -0.446516 0.146900 0.632212
v -0.518962 0.195850 0.550510
v -0.493075 0.115732 0.609782
v -0.415600 0.305014 0.571180
v -0.315316 0.347705 0.600633
v -0.400281 0.344188 0.542973
v -0.508150 0.249234 0.529618
v -0.449133 0.323083 0.525978
v -0.356217 0.148527 0.684215
v -0.255847 0.206820 0.712948
v -0.311763 0.118551 0.713045
v -0.452234 0.087916 0.643293
v -0.360647 0.088702 0.694403
v 0.053597 -0.088217 -0.771228
v -0.053629 -0.088242 -0.771162
v 0.053293 -0.148438 -0.766028
v -0.053198 -0.148399 -0.765968
v 0.055429 0.097053 -0.795430
v -0.055152 0.097366 -0.795890
v 0.056268 0.157929 -0.808783
v -0.056750 0.157821 -0.809646
v 0.107771 0.004384 -0.774647
v 0.106988 -0.119917 -0.767198
v 0.159961 -0.026796 -0.762557
v -0.107647 0.004291 -0.774536
v -0.106979 -0.119938 -0.767280
v -0.159715 -0.026797 -0.762368
v 0.111859 0.128627 -0.801537
v 0.161232 0.035560 -0.770767
v -0.111785 0.128650 -0.801286
v -0.161355 0.035497 -0.770950
v 0.325326 -0.300295 -0.626173
v 0.296094 -0.232375 -0.679965
v 0.274068 -0.320343 -0.637528
v 0.244852 -0.257403 -0.690724
v 0.466494 -0.224319 -0.571714
v 0.439363 -0.145488 -0.625766
v 0.509401 -0.193821 -0.547976
v 0.483560 -0.114245 -0.601664
v 0.409624 -0.296523 -0.571684
v 0.310530 -0.336491 -0.599771
v 0.393843 -0.332574 -0.544257
v 0.498950 -0.244084 -0.529162
v 0.440995 -0.311135 -0.526314
v 0.353697 -0.149725 -0.681363
v 0.252159 -0.205730 -0.707509
v 0.308801 -0.120380 -0.708029
v 0.445799 -0.086967 -0.637316
v 0.358802 -0.089868 -0.691653
v -0.325342 -0.300292 -0.626157
v -0.296092 -0.232376 -0.679984
v -0.274090 -0.320330 -0.637519
v -0.244853 -0.257415 -0.690733
v -0.466492 -0.224295 -0.571714
v -0.439353 -0.145496 -0.625762
v -0.509446 -0.193849 -0.548013
v -0.483563 -0.114246 -0.601687
v -0.409603 -0.296557 -0.571640
v -0.310514 -0.336565 -0.599740
v -0.393826 -0.332611 -0.544227
v -0.498951 -0.244075 -0.529177
v -0.440973 -0.311161 -0.526287
v -0.353717 -0.149732 -0.681368
v -0.252162 -0.205730 -0.707523
v -0.308848 -0.120345 -0.708044
v -0.445792 -0.086977 -0.637321
v -0.358877 -0.089883 -0.691709
v 0.328305 0.317716 -0.642966
v 0.307629 0.242959 -0.713968
v 0.279864 0.349498 -0.662663
v 0.258620 0.274336 -0.736290
v 0.472365 0.220583 -0.577065
v 0.444915 0.146018 -0.633672
v 0.516141 0.189111 -0.553305
v 0.486265 0.114435 -0.605212
v 0.406899 0.304559 -0.573601
v 0.313158 0.372061 -0.618647
v 0.390105 0.357855 -0.548703
v 0.499851 0.237714 -0.528343
v 0.435519 0.322513 -0.525185
v 0.359832 0.153714 -0.697657
v 0.270133 0.221046 -0.761723
v 0.314599 0.126581 -0.727885
v 0.446932 0.089181 -0.640010
v 0.360490 0.094638 -0.699779
v -0.328698 0.317616 -0.643381
v -0.308128 0.243158 -0.714177
v -0.280144 0.349619 -0.663072
v -0.259329 0.274700 -0.736775
v -0.472206 0.220636 -0.577028
v -0.444848 0.146040 -0.633725
v -0.516109 0.189053 -0.553251
v -0.486167 0.114452 -0.605218
v -0.408169 0.304472 -0.574440
v -0.313125 0.372484 -0.618432
v -0.389926 0.358136 -0.549266
v -0.499725 0.237856 -0.528066
v -0.435586 0.322305 -0.525368
v -0.359904 0.153654 -0.697640
v -0.269971 0.221055 -0.761787
v -0.314430 0.126721 -0.727906
v -0.446939 0.089197 -0.640054
v -0.360581 0.094650 -0.699740
v 0.777163 0.046991 -0.077675
v 0.774776 -0.047892 -0.077323
v 0.764187 0.046243 -0.137064
v 0.761893 -0.046744 -0.136523
v 0.785586 0.048273 0.093969
v 0.783119 -0.048903 0.094108
v 0.779052 0.047660 0.151903
v 0.776747 -0.048274 0.152132
v 0.777279 0.095759 0.008568
v 0.759831 0.092954 -0.107444
v 0.758813 0.142821 -0.019787
v 0.771571 0.095794 0.122925
v 0.759965 0.143844 0.037282
v 0.773741 -0.098257 0.008810
v 0.756082 -0.095527 -0.106766
v 0.756038 -0.147196 -0.019327
v 0.768217 -0.097634 0.123188
v 0.757612 -0.147580 0.037496
v -0.777150 0.047000 -0.077670
v -0.774785 -0.047895 -0.077319
v -0.764169 0.046259 -0.137065
v -0.761904 -0.046766 -0.136521
v -0.785617 0.048264 0.093948
v -0.783128 -0.048915 0.094106
v -0.779029 0.047676 0.151894
v -0.776742 -0.048265 0.152121
v -0.777301 0.095750 0.008585
v -0.759841 0.092982 -0.107432
v -0.758800 0.142837 -0.019765
v -0.771580 0.095788 0.122908
v -0.759975 0.143841 0.037307
v -0.773779 -0.098273 0.008810
v -0.756047 -0.095524 -0.106742
v -0.756027 -0.147172 -0.019338
v -0.768238 -0.097645 0.123194
v -0.757615 -0.147563 0.037482
v -0.184589 0.575665 0.068306
v -0.219145 0.555577 0.112861
v -0.180773 0.605564 -0.103086
v -0.216444 0.603321 -0.152291
v -0.163918 0.567437 0.109024
v -0.157651 0.619509 -0.155480
v -0.392495 0.486539 0.188468
v -0.442980 0.471726 0.176152
v -0.425992 0.464147 0.228079
v -0.395832 0.546322 -0.213098
v -0.440232 0.514162 -0.187897
v -0.427720 0.529315 -0.250764
v -0.542915 0.447893 -0.020602
v -0.543183 0.443738 0.032488
v -0.574910 0.417993 0.007503
v 0.184583 0.575679 0.068429
v 0.219163 0.555589 0.112876
v 0.180478 0.605455 -0.103124
v 0.216598 0.603166 -0.152651
v 0.163992 0.567354 0.109078
v 0.157474 0.618734 -0.155790
v 0.392518 0.486560 0.188488
v 0.442996 0.471754 0.176164
v 0.425959 0.464206 0.228080
v 0.395708 0.546376 -0.212625
v 0.439891 0.514366 -0.187667
v 0.427949 0.529124 -0.250410
v 0.542862 0.447988 -0.020557
v 0.543211 0.443760 0.032576
v 0.574863 0.417993 0.007562
v -0.192657 -0.645744 0.099061
v -0.226378 -0.629190 0.152246
v -0.225979 -0.787162 -0.081559
v -0.278285 -0.785602 -0.154331
v -0.166223 -0.644167 0.156179
v -0.196202 -0.799677 -0.148988
v -0.418802 -0.563557 0.221048
v -0.464366 -0.536150 0.200369
v -0.446206 -0.538406 0.258281
v -0.391040 -0.542080 -0.189339
v -0.431854 -0.503298 -0.168580
v -0.413954 -0.495966 -0.221586
v -0.541205 -0.450168 -0.012246
v -0.541858 -0.455196 0.041492
v -0.574775 -0.421126 0.013809
v 0.192500 -0.645810 0.099178
v 0.226344 -0.628380 0.152102
v 0.224969 -0.786908 -0.081081
v 0.277438 -0.786056 -0.154074
v 0.166362 -0.644187 0.156275
v 0.193870 -0.799511 -0.147918
v 0.418452 -0.563769 0.220906
v 0.464268 -0.536017 0.200363
v 0.446034 -0.538434 0.258170
v 0.391143 -0.542314 -0.189230
v 0.431633 -0.503045 -0.168339
v 0.413507 -0.496184 -0.221197
v 0.541201 -0.450095 -0.012369
v 0.541515 -0.455097 0.041440
v 0.574804 -0.420990 0.013788
v -0.036598 -0.655030 0.625178
v 0.036594 -0.654635 0.624873
v -0.236111 -0.568079 0.697691
v -0.236041 -0.481446 0.686962
v 0.000365 -0.655018 0.570694
v -0.287722 -0.527368 0.673061
v 0.235798 -0.568401 0.697940
v 0.235660 -0.481792 0.687065
v 0.287971 -0.527824 0.673011
v 0.100791 -0.230660 0.747090
v 0.147963 -0.264804 0.724888
v -0.100822 -0.230802 0.746964
v -0.147953 -0.264502 0.725299
v 0.153315 -0.202413 0.743306
v -0.153306 -0.201940 0.743068
v -0.027428 0.446533 0.497298
v 0.027438 0.446538 0.497314
v -0.187611 0.400212 0.581271
v -0.207699 0.376318 0.615742
v -0.000003 0.463596 0.450132
v -0.242608 0.390315 0.576048
v 0.187606 0.400230 0.581256
v 0.207684 0.376305 0.615718
v 0.242626 0.390321 0.576074
v 0.101636 0.232164 0.741576
v 0.149433 0.259195 0.723161
v -0.101637 0.232181 0.741591
v -0.149432 0.259186 0.723145
v 0.155084 0.205099 0.740357
v -0.155088 0.205105 0.740344
v -0.027006 -0.467983 -0.495239
v 0.027234 -0.468053 -0.495732
v -0.184199 -0.395779 -0.579364
v -0.204783 -0.368052 -0.615537
v -0.000191 -0.498800 -0.452485
v -0.238399 -0.382933 -0.575108
v 0.184303 -0.395739 -0.579411
v 0.204871 -0.367976 -0.615557
v 0.238486 -0.382927 -0.575141
v 0.101353 -0.231365 -0.739361
v 0.148281 -0.256799 -0.720845
v -0.101362 -0.231362 -0.739362
v -0.148302 -0.256791 -0.720856
v 0.153639 -0.205392 -0.738062
v -0.153630 -0.205389 -0.738071
v -0.035606 0.638965 -0.605001
v 0.035974 0.639378 -0.605668
v -0.213301 0.497429 -0.646019
v -0.223287 0.437195 -0.661528
v 0.000309 0.667541 -0.552925
v -0.253936 0.462477 -0.619970
v 0.213570 0.497363 -0.646074
v 0.223594 0.437465 -0.661794
v 0.253920 0.462703 -0.619953
v 0.112481 0.247860 -0.806606
v 0.163808 0.276966 -0.784975
v -0.112331 0.247931 -0.806578
v -0.163789 0.276968 -0.784872
v 0.171062 0.223023 -0.811180
v -0.170791 0.223116 -0.811203
v 0.607569 0.187431 -0.428498
v 0.581256 0.173061 -0.477722
v 0.703653 0.129844 -0.257887
v 0.727723 0.088358 -0.227973
v 0.570450 0.220831 -0.455245
v 0.720478 0.134127 -0.197853
v 0.603420 -0.194564 -0.426805
v 0.576513 -0.178324 -0.474838
v 0.700552 -0.133224 -0.256515
v 0.724388 -0.089892 -0.226785
v 0.567508 -0.229103 -0.455405
v 0.717098 -0.137777 -0.196750
v 0.530818 -0.026058 -0.583212
v 0.530850 0.029766 -0.583627
v 0.491668 0.002154 -0.615680
v 0.621029 0.198467 0.428833
v 0.592358 0.181909 0.477598
v 0.727969 0.135740 0.265113
v 0.753895 0.091679 0.237442
v 0.581480 0.234254 0.455875
v 0.743317 0.140008 0.208887
v 0.619972 -0.198217 0.427066
v 0.592029 -0.181404 0.475770
v 0.725828 -0.138242 0.265734
v 0.750651 -0.093639 0.238058
v 0.578424 -0.232606 0.451661
v 0.741028 -0.142786 0.209529
v 0.541867 -0.029716 0.590746
v 0.541557 0.026648 0.590672
v 0.501035 -0.001336 0.622751
v -0.607571 0.187385 -0.428501
v -0.581242 0.172987 -0.477700
v -0.703660 0.129813 -0.257881
v -0.727709 0.088343 -0.227967
v -0.570437 0.220720 -0.455254
v -0.720433 0.134097 -0.197836
v -0.603424 -0.194552 -0.426806
v -0.576527 -0.178330 -0.474860
v -0.700539 -0.133215 -0.256510
v -0.724376 -0.089890 -0.226788
v -0.567534 -0.229072 -0.455431
v -0.717081 -0.137790 -0.196739
v -0.530845 -0.026063 -0.583208
v -0.530891 0.029732 -0.583624
v -0.491724 0.002133 -0.615683
v -0.621022 0.198457 0.428835
v -0.592348 0.181908 0.477598
v -0.727991 0.135740 0.265107
v -0.753923 0.091682 0.237436
v -0.581473 0.234256 0.455882
v -0.743360 0.140005 0.208875
v -0.620022 -0.198169 0.427136
v -0.592050 -0.181393 0.475868
v -0.725808 -0.138251 0.265737
v -0.750653 -0.093634 0.238050
v -0.578440 -0.232663 0.451590
v -0.741019 -0.142805 0.209531
v -0.541890 -0.029698 0.590728
v -0.541557 0.026669 0.590683
v -0.501042 -0.001315 0.622728
v -0.024158 0.552296 0.195019
v 0.024188 0.552330 0.195063
v 0.000009 0.534062 0.247520
v -0.023785 0.671362 -0.275050
v 0.023681 0.671569 -0.275178
v 0.000140 0.689373 -0.337051
v -0.439007 0.398434 0.411487
v -0.411767 0.387959 0.462551
v -0.461406 0.371353 0.446661
v -0.426719 0.449245 -0.425766
v -0.401447 0.432822 -0.477050
v -0.443492 0.392297 -0.449393
v -0.694236 0.279745 0.009916
v -0.717150 0.235674 -0.019145
v -0.718839 0.237083 0.037913
v 0.438999 0.398444 0.411468
v 0.411755 0.387956 0.462533
v 0.461413 0.371349 0.446666
v 0.426657 0.449107 -0.425465
v 0.401507 0.433011 -0.477276
v 0.443653 0.392096 -0.449092
v 0.694280 0.279775 0.009941
v 0.717161 0.235668 -0.019109
v 0.718848 0.237056 0.037918
v -0.022749 -0.670722 0.282451
v 0.022750 -0.670664 0.283039
v -0.000123 -0.677468 0.345344
v -0.031301 -0.643513 -0.218758
v 0.030820 -0.643552 -0.218473
v 0.000323 -0.622950 -0.270896
v -0.438628 -0.458730 0.432676
v -0.412664 -0.451457 0.487115
v -0.457120 -0.409893 0.456409
v -0.425500 -0.391555 -0.405627
v -0.400666 -0.378493 -0.459058
v -0.450503 -0.357694 -0.444261
v -0.694928 -0.283445 0.009910
v -0.717174 -0.240977 -0.018893
v -0.718725 -0.241522 0.037969
v 0.438954 -0.458833 0.432819
v 0.412537 -0.450890 0.486839
v 0.457614 -0.410310 0.456629
v 0.425564 -0.391607 -0.405760
v 0.400693 -0.378345 -0.459204
v 0.450488 -0.357661 -0.444280
v 0.694922 -0.283440 0.009917
v 0.717192 -0.240965 -0.018924
v 0.718739 -0.241518 0.037954
v 0.267573 -0.030220 0.744651
v 0.267076 0.027966 0.742938
v 0.316314 -0.000954 0.724446
v -0.267555 -0.030359 0.744589
v -0.267062 0.027989 0.742942
v -0.316292 -0.000976 0.724406
v 0.261601 -0.027204 -0.733520
v 0.263199 0.035169 -0.740402
v 0.311590 0.003198 -0.717287
v -0.261455 -0.027252 -0.733609
v -0.262992 0.035214 -0.740202
v -0.312101 0.003710 -0.717851
f 1 647 644
f 1 644 643
f 1 643 645
f 1 645 646
f 1 646 647
f 2 649 652
f 6 672 670
f 12 702 699
f 11 696 695
f 8 679 681
f 4 662 659
f 4 659 658
f 4 658 660
f 4 660 661
f 4 661 662
f 5 666 665
f 3 654 657
f 7 673 677
f 9 685 686
f 10 692 688
f 12 701 698
f 6 669 668
f 2 650 648
f 8 682 678
f 11 697 693
f 6 671 669
f 12 700 701
f 11 694 697
f 8 680 682
f 2 651 650
f 10 690 689
f 5 663 664
f 3 655 653
f 7 676 674
f 9 687 684
f 10 691 690
f 5 667 663
f 3 656 655
f 7 675 676
f 9 683 687
f 6 668 672
f 2 648 649
f 8 678 679
f 11 693 696
f 12 698 702
f 10 688 691
f 5 665 667
f 3 657 656
f 7 677 675
f 9 686 683
f 5 664 666
f 3 653 654
f 7 674 673
f 9 684 685
f 10 689 692
f 6 670 671
f 12 699 700
f 11 695 694
f 8 681 680
f 2 652 651
f 35 837 838
f 18 735 736
f 19 742 741
f 40 868 867
f 42 880 879
f 34 832 831
f 33 827 828
f 25 778 780
f 36 844 846
f 20 749 747
f 32 819 820
f 23 765 767
f 24 773 771
f 37 850 849
f 41 876 875
f 34 833 834
f 33 826 825
f 25 779 777
f 36 845 843
f 20 748 750
f 17 729 727
f 14 711 709
f 13 706 703
f 15 718 715
f 16 724 721
f 18 737 733
f 35 839 835
f 42 882 878
f 40 870 866
f 19 744 740
f 30 807 805
f 27 789 787
f 22 762 758
f 28 797 793
f 29 802 799
f 32 821 817
f 23 766 763
f 24 774 770
f 37 852 848
f 41 874 872
f 35 838 836
f 18 736 734
f 19 741 739
f 40 867 865
f 42 879 877
f 34 831 829
f 33 828 824
f 25 780 776
f 36 846 842
f 20 747 745
f 32 820 818
f 23 767 764
f 24 771 769
f 37 849 847
f 41 875 871
f 34 834 830
f 33 825 823
f 25 777 775
f 36 843 841
f 20 750 746
f 14 714 710
f 13 707 704
f 15 719 716
f 16 725 722
f 17 732 728
f 21 755 752
f 31 814 811
f 26 784 781
f 38 857 853
f 39 862 860
f 27 792 788
f 22 759 757
f 28 796 794
f 29 803 800
f 30 810 806
f 31 815 812
f 26 785 782
f 38 856 854
f 39 863 859
f 21 754 751
f 14 712 714
f 13 705 707
f 15 717 719
f 16 723 725
f 17 730 732
f 21 753 755
f 31 816 814
f 26 786 784
f 38 858 857
f 39 861 862
f 27 791 792
f 22 761 759
f 28 795 796
f 29 801 803
f 30 808 810
f 31 813 815
f 26 783 785
f 38 855 856
f 39 864 863
f 21 756 754
f 14 709 712
f 13 703 705
f 15 715 717
f 16 721 723
f 17 727 730
f 21 751 753
f 31 812 816
f 26 782 786
f 38 854 858
f 39 859 861
f 27 787 791
f 22 758 761
f 28 793 795
f 29 799 801
f 30 805 808
f 31 811 813
f 26 781 783
f 38 853 855
f 39 860 864
f 21 752 756
f 17 728 731
f 14 710 713
f 13 704 708
f 15 716 720
f 16 722 726
f 18 734 738
f 35 836 840
f 42 877 881
f 40 865 869
f 19 739 743
f 30 806 809
f 27 788 790
f 22 757 760
f 28 794 798
f 29 800 804
f 32 818 822
f 23 764 768
f 24 769 772
f 37 847 851
f 41 871 873
f 35 835 837
f 18 733 735
f 19 740 742
f 40 866 868
f 42 878 880
f 34 830 832
f 33 823 827
f 25 775 778
f 36 841 844
f 20 746 749
f 32 817 819
f 23 763 765
f 24 770 773
f 37 848 850
f 41 872 876
f 34 829 833
f 33 824 826
f 25 776 779
f 36 842 845
f 20 745 748
f 17 731 729
f 14 713 711
f 13 708 706
f 15 720 718
f 16 726 724
f 18 738 737
f 35 840 839
f 42 881 882
f 40 869 870
f 19 743 744
f 30 809 807
f 27 790 789
f 22 760 762
f 28 798 797
f 29 804 802
f 32 822 821
f 23 768 766
f 24 772 774
f 37 851 852
f 41 873 874
f 107 1269 1270
f 103 1245 1246
f 104 1252 1251
f 110 1288 1287
f 113 1306 1305
f 118 1336 1335
f 154 1551 1552
f 141 1473 1474
f 162 1599 1600
f 121 1354 1353
f 142 1479 1480
f 129 1401 1402
f 130 1408 1407
f 144 1492 1491
f 146 1504 1503
f 151 1533 1534
f 131 1414 1413
f 136 1444 1443
f 161 1594 1593
f 126 1383 1384
f 116 1323 1324
f 108 1275 1276
f 106 1263 1264
f 112 1299 1300
f 115 1317 1318
f 119 1341 1342
f 156 1564 1563
f 139 1462 1461
f 160 1588 1587
f 120 1347 1348
f 149 1521 1522
f 132 1420 1419
f 128 1395 1396
f 145 1497 1498
f 148 1515 1516
f 155 1557 1558
f 133 1425 1426
f 134 1431 1432
f 157 1570 1569
f 124 1372 1371
f 109 1282 1281
f 105 1258 1257
f 111 1294 1293
f 114 1312 1311
f 117 1330 1329
f 125 1378 1377
f 152 1540 1539
f 137 1449 1450
f 158 1575 1576
f 123 1365 1366
f 143 1486 1485
f 127 1390 1389
f 135 1437 1438
f 147 1510 1509
f 150 1528 1527
f 153 1546 1545
f 140 1468 1467
f 138 1455 1456
f 159 1581 1582
f 122 1359 1360
f 107 1272 1271
f 103 1248 1247
f 104 1253 1254
f 110 1289 1290
f 113 1307 1308
f 118 1337 1338
f 154 1554 1553
f 141 1476 1475
f 162 1602 1601
f 121 1355 1356
f 142 1482 1481
f 129 1404 1403
f 130 1409 1410
f 144 1493 1494
f 146 1505 1506
f 151 1536 1535
f 131 1415 1416
f 136 1445 1446
f 161 1595 1596
f 126 1386 1385
f 47 909 907
f 44 891 889
f 43 886 883
f 45 898 895
f 46 904 901
f 49 922 919
f 72 1060 1057
f 102 1240 1237
f 96 1204 1201
f 79 1102 1099
f 62 999 997
f 59 981 979
f 58 976 973
f 60 988 985
f 61 994 991
f 66 1024 1021
f 54 952 949
f 73 1066 1063
f 85 1138 1135
f 92 1179 1177
f 101 1233 1231
f 69 1041 1039
f 50 927 925
f 82 1119 1117
f 97 1209 1207
f 71 1053 1051
f 100 1228 1225
f 94 1192 1189
f 80 1108 1105
f 51 933 931
f 90 1167 1165
f 63 1005 1003
f 55 957 955
f 76 1083 1081
f 87 1150 1147
f 91 1174 1171
f 67 1029 1027
f 56 963 961
f 75 1077 1075
f 83 1126 1123
f 68 1036 1033
f 48 915 913
f 78 1095 1093
f 93 1185 1183
f 98 1216 1213
f 88 1155 1153
f 65 1018 1015
f 57 970 967
f 77 1090 1087
f 86 1143 1141
f 64 1012 1009
f 53 945 943
f 74 1071 1069
f 84 1131 1129
f 89 1162 1159
f 70 1047 1045
f 99 1221 1219
f 95 1197 1195
f 81 1114 1111
f 52 940 937
f 109 1284 1280
f 105 1260 1256
f 111 1296 1292
f 114 1314 1310
f 117 1332 1328
f 125 1380 1376
f 152 1542 1538
f 137 1451 1447
f 158 1577 1573
f 123 1367 1363
f 143 1488 1484
f 127 1392 1388
f 135 1439 1435
f 147 1512 1508
f 150 1530 1526
f 153 1548 1544
f 140 1470 1466
f 138 1457 1453
f 159 1583 1579
f 122 1361 1357
f 107 1270 1268
f 103 1246 1244
f 104 1251 1249
f 110 1287 1285
f 113 1305 1303
f 118 1335 1333
f 154 1552 1550
f 141 1474 1472
f 162 1600 1598
f 121 1353 1351
f 142 1480 1478
f 129 1402 1400
f 130 1407 1405
f 144 1491 1489
f 146 1503 1501
f 151 1534 1532
f 131 1413 1411
f 136 1443 1441
f 161 1593 1591
f 126 1384 1382
f 116 1324 1322
f 108 1276 1274
f 106 1264 1262
f 112 1300 1298
f 115 1318 1316
f 119 1342 1340
f 156 1563 1561
f 139 1461 1459
f 160 1587 1585
f 120 1348 1346
f 149 1522 1520
f 132 1419 1417
f 128 1396 1394
f 145 1498 1496
f 148 1516 1514
f 155 1558 1556
f 133 1426 1424
f 134 1432 1430
f 157 1569 1567
f 124 1371 1369
f 109 1281 1279
f 105 1257 1255
f 111 1293 1291
f 114 1311 1309
f 117 1329 1327
f 125 1377 1375
f 152 1539 1537
f 137 1450 1448
f 158 1576 1574
f 123 1366 1364
f 143 1485 1483
f 127 1389 1387
f 135 1438 1436
f 147 1509 1507
f 150 1527 1525
f 153 1545 1543
f 140 1467 1465
f 138 1456 1454
f 159 1582 1580
f 122 1360 1358
f 107 1271 1267
f 103 1247 1243
f 104 1254 1250
f 110 1290 1286
f 113 1308 1304
f 118 1338 1334
f 154 1553 1549
f 141 1475 1471
f 162 1601 1597
f 121 1356 1352
f 142 1481 1477
f 129 1403 1399
f 130 1410 1406
f 144 1494 1490
f 146 1506 1502
f 151 1535 1531
f 131 1416 1412
f 136 1446 1442
f 161 1596 1592
f 126 1385 1381
f 44 894 890
f 43 887 884
f 45 899 896
f 46 905 902
f 47 912 908
f 52 941 938
f 70 1050 1046
f 99 1224 1220
f 95 1200 1196
f 81 1115 1112
f 59 984 980
f 58 977 974
f 60 989 986
f 61 995 992
f 62 1002 998
f 65 1019 1016
f 57 971 968
f 77 1091 1088
f 86 1146 1142
f 88 1158 1154
f 98 1217 1214
f 68 1037 1034
f 48 918 914
f 78 1098 1094
f 93 1188 1184
f 69 1044 1040
f 101 1236 1232
f 97 1212 1208
f 82 1122 1118
f 50 930 926
f 89 1163 1160
f 64 1013 1010
f 53 948 944
f 74 1074 1070
f 84 1134 1130
f 90 1170 1166
f 63 1008 1004
f 55 960 956
f 76 1086 1082
f 87 1151 1148
f 72 1061 1058
f 49 923 920
f 79 1103 1100
f 96 1205 1202
f 102 1241 1238
f 91 1175 1172
f 67 1032 1028
f 56 966 962
f 75 1080 1076
f 83 1127 1124
f 66 1025 1022
f 54 953 950
f 73 1067 1064
f 85 1139 1136
f 92 1182 1178
f 71 1056 1052
f 100 1229 1226
f 94 1193 1190
f 80 1109 1106
f 51 936 932
f 116 1325 1321
f 108 1277 1273
f 106 1265 1261
f 112 1301 1297
f 115 1319 1315
f 119 1343 1339
f 156 1566 1562
f 139 1464 1460
f 160 1590 1586
f 120 1349 1345
f 149 1523 1519
f 132 1422 1418
f 128 1397 1393
f 145 1499 1495
f 148 1517 1513
f 155 1559 1555
f 133 1427 1423
f 134 1433 1429
f 157 1572 1568
f 124 1374 1370
f 44 892 894
f 43 885 887
f 45 897 899
f 46 903 905
f 47 910 912
f 52 939 941
f 70 1048 1050
f 99 1222 1224
f 95 1198 1200
f 81 1113 1115
f 59 982 984
f 58 975 977
f 60 987 989
f 61 993 995
f 62 1000 1002
f 65 1017 1019
f 57 969 971
f 77 1089 1091
f 86 1144 1146
f 88 1156 1158
f 98 1215 1217
f 68 1035 1037
f 48 916 918
f 78 1096 1098
f 93 1186 1188
f 69 1042 1044
f 101 1234 1236
f 97 1210 1212
f 82 1120 1122
f 50 928 930
f 89 1161 1163
f 64 1011 1013
f 53 946 948
f 74 1072 1074
f 84 1132 1134
f 90 1168 1170
f 63 1006 1008
f 55 958 960
f 76 1084 1086
f 87 1149 1151
f 72 1059 1061
f 49 921 923
f 79 1101 1103
f 96 1203 1205
f 102 1239 1241
f 91 1173 1175
f 67 1030 1032
f 56 964 966
f 75 1078 1080
f 83 1125 1127
f 66 1023 1025
f 54 951 953
f 73 1065 1067
f 85 1137 1139
f 92 1180 1182
f 71 1054 1056
f 100 1227 1229
f 94 1191 1193
f 80 1107 1109
f 51 934 936
f 116 1326 1325
f 108 1278 1277
f 106 1266 1265
f 112 1302 1301
f 115 1320 1319
f 119 1344 1343
f 156 1565 1566
f 139 1463 1464
f 160 1589 1590
f 120 1350 1349
f 149 1524 1523
f 132 1421 1422
f 128 1398 1397
f 145 1500 1499
f 148 1518 1517
f 155 1560 1559
f 133 1428 1427
f 134 1434 1433
f 157 1571 1572
f 124 1373 1374
f 44 889 892
f 43 883 885
f 45 895 897
f 46 901 903
f 47 907 910
f 52 937 939
f 70 1045 1048
f 99 1219 1222
f 95 1195 1198
f 81 1111 1113
f 59 979 982
f 58 973 975
f 60 985 987
f 61 991 993
f 62 997 1000
f 65 1015 1017
f 57 967 969
f 77 1087 1089
f 86 1141 1144
f 88 1153 1156
f 98 1213 1215
f 68 1033 1035
f 48 913 916
f 78 1093 1096
f 93 1183 1186
f 69 1039 1042
f 101 1231 1234
f 97 1207 1210
f 82 1117 1120
f 50 925 928
f 89 1159 1161
f 64 1009 1011
f 53 943 946
f 74 1069 1072
f 84 1129 1132
f 90 1165 1168
f 63 1003 1006
f 55 955 958
f 76 1081 1084
f 87 1147 1149
f 72 1057 1059
f 49 919 921
f 79 1099 1101
f 96 1201 1203
f 102 1237 1239
f 91 1171 1173
f 67 1027 1030
f 56 961 964
f 75 1075 1078
f 83 1123 1125
f 66 1021 1023
f 54 949 951
f 73 1063 1065
f 85 1135 1137
f 92 1177 1180
f 71 1051 1054
f 100 1225 1227
f 94 1189 1191
f 80 1105 1107
f 51 931 934
f 116 1322 1326
f 108 1274 1278
f 106 1262 1266
f 112 1298 1302
f 115 1316 1320
f 119 1340 1344
f 156 1561 1565
f 139 1459 1463
f 160 1585 1589
f 120 1346 1350
f 149 1520 1524
f 132 1417 1421
f 128 1394 1398
f 145 1496 1500
f 148 1514 1518
f 155 1556 1560
f 133 1424 1428
f 134 1430 1434
f 157 1567 1571
f 124 1369 1373
f 47 908 911
f 44 890 893
f 43 884 888
f 45 896 900
f 46 902 906
f 49 920 924
f 72 1058 1062
f 102 1238 1242
f 96 1202 1206
f 79 1100 1104
f 62 998 1001
f 59 980 983
f 58 974 978
f 60 986 990
f 61 992 996
f 66 1022 1026
f 54 950 954
f 73 1064 1068
f 85 1136 1140
f 92 1178 1181
f 101 1232 1235
f 69 1040 1043
f 50 926 929
f 82 1118 1121
f 97 1208 1211
f 71 1052 1055
f 100 1226 1230
f 94 1190 1194
f 80 1106 1110
f 51 932 935
f 90 1166 1169
f 63 1004 1007
f 55 956 959
f 76 1082 1085
f 87 1148 1152
f 91 1172 1176
f 67 1028 1031
f 56 962 965
f 75 1076 1079
f 83 1124 1128
f 68 1034 1038
f 48 914 917
f 78 1094 1097
f 93 1184 1187
f 98 1214 1218
f 88 1154 1157
f 65 1016 1020
f 57 968 972
f 77 1088 1092
f 86 1142 1145
f 64 1010 1014
f 53 944 947
f 74 1070 1073
f 84 1130 1133
f 89 1160 1164
f 70 1046 1049
f 99 1220 1223
f 95 1196 1199
f 81 1112 1116
f 52 938 942
f 109 1279 1283
f 105 1255 1259
f 111 1291 1295
f 114 1309 1313
f 117 1327 1331
f 125 1375 1379
f 152 1537 1541
f 137 1448 1452
f 158 1574 1578
f 123 1364 1368
f 143 1483 1487
f 127 1387 1391
f 135 1436 1440
f 147 1507 1511
f 150 1525 1529
f 153 1543 1547
f 140 1465 1469
f 138 1454 1458
f 159 1580 1584
f 122 1358 1362
f 107 1267 1269
f 103 1243 1245
f 104 1250 1252
f 110 1286 1288
f 113 1304 1306
f 118 1334 1336
f 154 1549 1551
f 141 1471 1473
f 162 1597 1599
f 121 1352 1354
f 142 1477 1479
f 129 1399 1401
f 130 1406 1408
f 144 1490 1492
f 146 1502 1504
f 151 1531 1533
f 131 1412 1414
f 136 1442 1444
f 161 1592 1594
f 126 1381 1383
f 116 1321 1323
f 108 1273 1275
f 106 1261 1263
f 112 1297 1299
f 115 1315 1317
f 119 1339 1341
f 156 1562 1564
f 139 1460 1462
f 160 1586 1588
f 120 1345 1347
f 149 1519 1521
f 132 1418 1420
f 128 1393 1395
f 145 1495 1497
f 148 1513 1515
f 155 1555 1557
f 133 1423 1425
f 134 1429 1431
f 157 1568 1570
f 124 1370 1372
f 109 1280 1282
f 105 1256 1258
f 111 1292 1294
f 114 1310 1312
f 117 1328 1330
f 125 1376 1378
f 152 1538 1540
f 137 1447 1449
f 158 1573 1575
f 123 1363 1365
f 143 1484 1486
f 127 1388 1390
f 135 1435 1437
f 147 1508 1510
f 150 1526 1528
f 153 1544 1546
f 140 1466 1468
f 138 1453 1455
f 159 1579 1581
f 122 1357 1359
f 107 1268 1272
f 103 1244 1248
f 104 1249 1253
f 110 1285 1289
f 113 1303 1307
f 118 1333 1337
f 154 1550 1554
f 141 1472 1476
f 162 1598 1602
f 121 1351 1355
f 142 1478 1482
f 129 1400 1404
f 130 1405 1409
f 144 1489 1493
f 146 1501 1505
f 151 1532 1536
f 131 1411 1415
f 136 1441 1445
f 161 1591 1595
f 126 1382 1386
f 47 911 909
f 44 893 891
f 43 888 886
f 45 900 898
f 46 906 904
f 49 924 922
f 72 1062 1060
f 102 1242 1240
f 96 1206 1204
f 79 1104 1102
f 62 1001 999
f 59 983 981
f 58 978 976
f 60 990 988
f 61 996 994
f 66 1026 1024
f 54 954 952
f 73 1068 1066
f 85 1140 1138
f 92 1181 1179
f 101 1235 1233
f 69 1043 1041
f 50 929 927
f 82 1121 1119
f 97 1211 1209
f 71 1055 1053
f 100 1230 1228
f 94 1194 1192
f 80 1110 1108
f 51 935 933
f 90 1169 1167
f 63 1007 1005
f 55 959 957
f 76 1085 1083
f 87 1152 1150
f 91 1176 1174
f 67 1031 1029
f 56 965 963
f 75 1079 1077
f 83 1128 1126
f 68 1038 1036
f 48 917 915
f 78 1097 1095
f 93 1187 1185
f 98 1218 1216
f 88 1157 1155
f 65 1020 1018
f 57 972 970
f 77 1092 1090
f 86 1145 1143
f 64 1014 1012
f 53 947 945
f 74 1073 1071
f 84 1133 1131
f 89 1164 1162
f 70 1049 1047
f 99 1223 1221
f 95 1199 1197
f 81 1116 1114
f 52 942 940
f 109 1283 1284
f 105 1259 1260
f 111 1295 1296
f 114 1313 1314
f 117 1331 1332
f 125 1379 1380
f 152 1541 1542
f 137 1452 1451
f 158 1578 1577
f 123 1368 1367
f 143 1487 1488
f 127 1391 1392
f 135 1440 1439
f 147 1511 1512
f 150 1529 1530
f 153 1547 1548
f 140 1469 1470
f 138 1458 1457
f 159 1584 1583
f 122 1362 1361
f 407 1609 1616
f 403 1605 1608
f 404 1611 1606
f 410 1614 1612
f 413 1617 1615
f 422 1631 1624
f 486 1688 1692
f 573 1775 1782
f 561 1763 1765
f 512 1719 1714
f 452 1654 1661
f 448 1650 1653
f 449 1656 1651
f 455 1659 1657
f 458 1662 1660
f 470 1672 1675
f 437 1646 1639
f 494 1706 1696
f 531 1735 1733
f 539 1741 1751
f 568 1770 1779
f 478 1680 1683
f 419 1621 1626
f 509 1711 1721
f 554 1756 1766
f 482 1684 1689
f 576 1780 1778
f 558 1767 1760
f 516 1722 1718
f 425 1627 1629
f 542 1744 1747
f 463 1668 1665
f 434 1636 1641
f 497 1699 1704
f 528 1730 1737
f 546 1748 1750
f 464 1666 1676
f 440 1642 1644
f 500 1705 1702
f 524 1736 1726
f 479 1691 1681
f 418 1623 1620
f 508 1713 1710
f 553 1764 1755
f 569 1781 1771
f 538 1749 1740
f 471 1677 1673
f 443 1645 1647
f 501 1703 1707
f 523 1725 1734
f 467 1674 1669
f 433 1638 1635
f 493 1695 1698
f 527 1732 1729
f 543 1752 1745
f 485 1690 1687
f 572 1777 1774
f 557 1759 1762
f 515 1717 1720
f 428 1630 1632
f 591 2191 2189
f 587 1885 1883
f 588 1901 1903
f 594 2279 2281
f 597 2315 2317
f 600 2171 2173
f 634 2160 2158
f 619 2016 2012
f 639 2214 2210
f 602 1919 1924
f 624 2137 2135
f 608 1978 1973
f 610 1991 1996
f 627 2225 2227
f 630 2302 2304
f 635 2178 2176
f 615 2153 2155
f 617 2009 2014
f 637 2207 2212
f 604 1926 1922
f 416 1857 1864
f 408 1803 1810
f 406 1786 1795
f 412 1822 1831
f 415 1840 1849
f 424 1876 1887
f 492 2182 2193
f 582 2312 2321
f 565 2276 2285
f 514 1898 1907
f 461 2091 2098
f 453 2037 2044
f 451 1952 1961
f 457 2056 2067
f 460 2074 2083
f 475 2128 2139
f 439 1966 1975
f 496 1988 1997
f 533 2222 2231
f 551 2293 2298
f 579 2185 2190
f 483 1879 1884
f 426 1893 1900
f 521 2271 2278
f 566 2307 2314
f 489 2163 2170
f 578 2150 2159
f 560 2006 2015
f 518 2204 2213
f 429 1911 1918
f 547 2131 2136
f 465 1969 1977
f 441 1983 1990
f 504 2217 2224
f 537 2290 2301
f 550 2168 2177
f 476 2145 2152
f 444 2001 2008
f 502 2199 2206
f 526 1916 1925
f 481 1808 1817
f 420 1789 1797
f 510 1825 1833
f 555 1843 1851
f 571 1862 1871
f 540 1933 1941
f 473 2110 2119
f 447 2020 2029
f 507 2236 2247
f 534 2257 2262
f 469 2042 2051
f 435 1947 1954
f 498 2059 2064
f 529 2077 2085
f 545 2096 2105
f 487 2113 2121
f 574 2023 2031
f 562 2239 2244
f 520 2254 2265
f 432 1930 1939
f 589 1818 1814
f 583 1798 1793
f 586 1834 1829
f 593 1852 1847
f 596 1872 1868
f 599 1942 1937
f 633 2120 2124
f 620 2030 2034
f 640 2248 2250
f 603 2263 2261
f 622 2052 2050
f 607 1955 1960
f 612 2065 2063
f 626 2086 2081
f 629 2106 2102
f 631 2122 2117
f 614 2032 2027
f 618 2245 2243
f 641 2266 2268
f 605 1940 1944
f 409 1813 1804
f 405 1792 1785
f 411 1828 1821
f 414 1846 1839
f 417 1867 1858
f 431 1936 1929
f 488 2123 2114
f 575 2033 2024
f 563 2249 2240
f 519 2260 2253
f 454 2049 2038
f 450 1959 1951
f 456 2062 2055
f 459 2080 2073
f 462 2101 2092
f 472 2116 2109
f 446 2026 2019
f 506 2242 2235
f 535 2267 2258
f 541 1943 1934
f 570 1869 1861
f 480 1815 1807
f 421 1799 1790
f 511 1835 1826
f 556 1853 1844
f 484 1889 1880
f 580 2195 2186
f 567 2319 2308
f 522 2283 2272
f 427 1905 1894
f 544 2103 2095
f 468 2046 2041
f 436 1957 1948
f 499 2069 2060
f 530 2087 2078
f 548 2141 2132
f 466 1979 1970
f 442 1993 1984
f 505 2229 2218
f 536 2296 2289
f 491 2188 2181
f 423 1882 1875
f 513 1902 1897
f 564 2280 2275
f 581 2316 2311
f 549 2172 2167
f 477 2157 2146
f 445 2011 2002
f 503 2209 2200
f 525 1923 1915
f 474 2134 2127
f 438 1972 1965
f 495 1995 1987
f 532 2226 2221
f 552 2303 2294
f 490 2175 2164
f 577 2154 2149
f 559 2013 2005
f 517 2211 2203
f 430 1921 1912
f 590 1865 1870
f 584 1811 1816
f 585 1796 1800
f 592 1832 1836
f 595 1850 1854
f 598 1888 1890
f 636 2194 2196
f 621 2322 2320
f 642 2286 2284
f 601 1908 1906
f 623 2099 2104
f 611 2045 2047
f 609 1962 1958
f 625 2068 2070
f 628 2084 2088
f 632 2140 2142
f 613 1976 1980
f 616 1998 1994
f 638 2232 2230
f 606 2299 2297
f 407 2330 2329
f 403 2324 2323
f 404 2325 2326
f 410 2332 2333
f 413 2335 2336
f 422 2344 2345
f 486 2410 2409
f 573 2497 2496
f 561 2486 2485
f 512 2434 2435
f 452 2375 2374
f 448 2369 2368
f 449 2370 2371
f 455 2377 2378
f 458 2380 2381
f 470 2393 2392
f 437 2359 2360
f 494 2415 2416
f 531 2455 2456
f 539 2461 2460
f 568 2489 2488
f 478 2399 2398
f 419 2341 2340
f 509 2431 2430
f 554 2476 2475
f 482 2405 2404
f 576 2500 2501
f 558 2481 2482
f 516 2439 2440
f 425 2348 2347
f 542 2465 2464
f 463 2383 2384
f 434 2356 2355
f 497 2420 2419
f 528 2452 2451
f 546 2471 2470
f 464 2386 2385
f 440 2363 2362
f 500 2422 2423
f 524 2445 2446
f 479 2400 2401
f 418 2338 2339
f 508 2428 2429
f 553 2473 2474
f 569 2490 2491
f 538 2458 2459
f 471 2394 2395
f 443 2366 2365
f 501 2425 2424
f 523 2444 2443
f 467 2389 2390
f 433 2353 2354
f 493 2414 2413
f 527 2449 2450
f 543 2466 2467
f 485 2407 2408
f 572 2494 2495
f 557 2480 2479
f 515 2438 2437
f 428 2351 2350
f 591 2510 2511
f 587 2504 2505
f 588 2508 2507
f 594 2514 2513
f 597 2517 2516
f 600 2520 2519
f 634 2554 2556
f 619 2539 2540
f 639 2560 2561
f 602 2523 2521
f 624 2543 2544
f 608 2527 2529
f 610 2532 2530
f 627 2547 2546
f 630 2550 2549
f 635 2552 2553
f 615 2535 2534
f 617 2538 2536
f 637 2558 2557
f 604 2524 2525
f 167 1607 647
f 164 1603 644
f 163 1604 643
f 165 1610 645
f 166 1613 646
f 169 1622 649
f 192 1686 672
f 222 1773 702
f 216 1761 696
f 199 1712 679
f 182 1652 662
f 179 1648 659
f 178 1649 658
f 180 1655 660
f 181 1658 661
f 186 1670 666
f 174 1637 654
f 193 1694 673
f 205 1731 685
f 212 1739 692
f 221 1768 701
f 189 1678 669
f 170 1619 650
f 202 1709 682
f 217 1754 697
f 191 1682 671
f 220 1776 700
f 214 1758 694
f 200 1716 680
f 171 1625 651
f 210 1742 690
f 183 1663 663
f 175 1634 655
f 196 1697 676
f 207 1728 687
f 211 1746 691
f 187 1664 667
f 176 1640 656
f 195 1700 675
f 203 1724 683
f 188 1679 668
f 168 1618 648
f 198 1708 678
f 213 1753 693
f 218 1769 698
f 208 1738 688
f 185 1671 665
f 177 1643 657
f 197 1701 677
f 206 1723 686
f 184 1667 664
f 173 1633 653
f 194 1693 674
f 204 1727 684
f 209 1743 689
f 190 1685 670
f 219 1772 699
f 215 1757 695
f 201 1715 681
f 172 1628 652
f 357 2187 837
f 255 1881 735
f 262 1899 742
f 388 2277 868
f 400 2313 880
f 352 2169 832
f 347 2156 827
f 298 2010 778
f 364 2208 844
f 269 1917 749
f 339 2133 819
f 285 1971 765
f 293 1989 773
f 370 2223 850
f 396 2300 876
f 353 2174 833
f 346 2151 826
f 299 2007 779
f 365 2205 845
f 268 1920 748
f 249 1855 729
f 231 1801 711
f 226 1784 706
f 238 1820 718
f 244 1838 724
f 257 1874 737
f 359 2180 839
f 402 2310 882
f 390 2274 870
f 264 1896 744
f 327 2089 807
f 309 2035 789
f 282 1950 762
f 317 2054 797
f 322 2072 802
f 341 2126 821
f 286 1964 766
f 294 1986 774
f 372 2220 852
f 394 2291 874
f 358 2183 838
f 256 1877 736
f 261 1891 741
f 387 2269 867
f 399 2305 879
f 351 2161 831
f 348 2148 828
f 300 2004 780
f 366 2202 846
f 267 1909 747
f 340 2129 820
f 287 1967 767
f 291 1981 771
f 369 2215 849
f 395 2288 875
f 354 2166 834
f 345 2143 825
f 297 1999 777
f 363 2197 843
f 270 1914 750
f 234 1806 714
f 227 1787 707
f 239 1823 719
f 245 1841 725
f 252 1860 732
f 275 1931 755
f 334 2108 814
f 304 2018 784
f 377 2234 857
f 382 2255 862
f 312 2040 792
f 279 1945 759
f 316 2057 796
f 323 2075 803
f 330 2094 810
f 335 2111 815
f 305 2021 785
f 376 2237 856
f 383 2252 863
f 274 1928 754
f 232 1812 712
f 225 1791 705
f 237 1827 717
f 243 1845 723
f 250 1866 730
f 273 1935 753
f 336 2118 816
f 306 2028 786
f 378 2246 858
f 381 2259 861
f 311 2048 791
f 281 1953 761
f 315 2061 795
f 321 2079 801
f 328 2100 808
f 333 2115 813
f 303 2025 783
f 375 2241 855
f 384 2264 864
f 276 1938 756
f 229 1802 709
f 223 1783 703
f 235 1819 715
f 241 1837 721
f 247 1856 727
f 271 1927 751
f 332 2112 812
f 302 2022 782
f 374 2238 854
f 379 2251 859
f 307 2036 787
f 278 1949 758
f 313 2053 793
f 319 2071 799
f 325 2090 805
f 331 2107 811
f 301 2017 781
f 373 2233 853
f 380 2256 860
f 272 1932 752
f 248 1859 728
f 230 1805 710
f 224 1788 704
f 236 1824 716
f 242 1842 722
f 254 1878 734
f 356 2184 836
f 397 2306 877
f 385 2270 865
f 259 1892 739
f 326 2093 806
f 308 2039 788
f 277 1946 757
f 314 2058 794
f 320 2076 800
f 338 2130 818
f 284 1968 764
f 289 1982 769
f 367 2216 847
f 391 2287 871
f 355 2179 835
f 253 1873 733
f 260 1895 740
f 386 2273 866
f 398 2309 878
f 350 2165 830
f 343 2144 823
f 295 2000 775
f 361 2198 841
f 266 1913 746
f 337 2125 817
f 283 1963 763
f 290 1985 770
f 368 2219 848
f 392 2292 872
f 349 2162 829
f 344 2147 824
f 296 2003 776
f 362 2201 842
f 265 1910 745
f 251 1863 731
f 233 1809 713
f 228 1794 708
f 240 1830 720
f 246 1848 726
f 258 1886 738
f 360 2192 840
f 401 2318 881
f 389 2282 869
f 263 1904 743
f 329 2097 809
f 310 2043 790
f 280 1956 760
f 318 2066 798
f 324 2082 804
f 342 2138 822
f 288 1974 768
f 292 1992 772
f 371 2228 851
f 393 2295 873
f 409 2331 1269
f 405 2327 1245
f 411 2328 1252
f 414 2334 1288
f 417 2337 1306
f 431 2346 1336
f 488 2412 1551
f 575 2499 1473
f 563 2487 1599
f 519 2436 1354
f 454 2376 1479
f 450 2372 1401
f 456 2373 1408
f 459 2379 1492
f 462 2382 1504
f 472 2396 1533
f 446 2361 1414
f 506 2418 1444
f 535 2457 1594
f 541 2463 1383
f 570 2492 1323
f 480 2402 1275
f 421 2343 1263
f 511 2433 1299
f 556 2478 1317
f 484 2406 1341
f 580 2502 1564
f 567 2484 1462
f 522 2442 1588
f 427 2349 1347
f 544 2468 1521
f 468 2387 1420
f 436 2358 1395
f 499 2421 1497
f 530 2454 1515
f 548 2472 1557
f 466 2388 1425
f 442 2364 1431
f 505 2426 1570
f 536 2448 1372
f 491 2403 1282
f 423 2342 1258
f 513 2432 1294
f 564 2477 1312
f 581 2493 1330
f 549 2462 1378
f 477 2397 1540
f 445 2367 1449
f 503 2427 1575
f 525 2447 1365
f 474 2391 1486
f 438 2357 1390
f 495 2417 1437
f 532 2453 1510
f 552 2469 1528
f 490 2411 1546
f 577 2498 1468
f 559 2483 1455
f 517 2441 1581
f 430 2352 1359
f 590 2509 1272
f 584 2503 1248
f 585 2506 1253
f 592 2512 1289
f 595 2515 1307
f 598 2518 1337
f 636 2555 1554
f 621 2541 1476
f 642 2562 1602
f 601 2522 1355
f 623 2542 1482
f 611 2528 1404
f 609 2531 1409
f 625 2545 1493
f 628 2548 1505
f 632 2551 1536
f 613 2533 1415
f 616 2537 1445
f 638 2559 1595
f 606 2526 1386
f 407 1616 909
f 403 1608 891
f 404 1606 886
f 410 1612 898
f 413 1615 904
f 422 1624 922
f 486 1692 1060
f 573 1782 1240
f 561 1765 1204
f 512 1714 1102
f 452 1661 999
f 448 1653 981
f 449 1651 976
f 455 1657 988
f 458 1660 994
f 470 1675 1024
f 437 1639 952
f 494 1696 1066
f 531 1733 1138
f 539 1751 1179
f 568 1779 1233
f 478 1683 1041
f 419 1626 927
f 509 1721 1119
f 554 1766 1209
f 482 1689 1053
f 576 1778 1228
f 558 1760 1192
f 516 1718 1108
f 425 1629 933
f 542 1747 1167
f 463 1665 1005
f 434 1641 957
f 497 1704 1083
f 528 1737 1150
f 546 1750 1174
f 464 1676 1029
f 440 1644 963
f 500 1702 1077
f 524 1726 1126
f 479 1681 1036
f 418 1620 915
f 508 1710 1095
f 553 1755 1185
f 569 1771 1216
f 538 1740 1155
f 471 1673 1018
f 443 1647 970
f 501 1707 1090
f 523 1734 1143
f 467 1669 1012
f 433 1635 945
f 493 1698 1071
f 527 1729 1131
f 543 1745 1162
f 485 1687 1047
f 572 1774 1221
f 557 1762 1197
f 515 1720 1114
f 428 1632 940
f 591 2189 1284
f 587 1883 1260
f 588 1903 1296
f 594 2281 1314
f 597 2317 1332
f 600 2173 1380
f 634 2158 1542
f 619 2012 1451
f 639 2210 1577
f 602 1924 1367
f 624 2135 1488
f 608 1973 1392
f 610 1996 1439
f 627 2227 1512
f 630 2304 1530
f 635 2176 1548
f 615 2155 1470
f 617 2014 1457
f 637 2212 1583
f 604 1922 1361
f 416 1864 1270
f 408 1810 1246
f 406 1795 1251
f 412 1831 1287
f 415 1849 1305
f 424 1887 1335
f 492 2193 1552
f 582 2321 1474
f 565 2285 1600
f 514 1907 1353
f 461 2098 1480
f 453 2044 1402
f 451 1961 1407
f 457 2067 1491
f 460 2083 1503
f 475 2139 1534
f 439 1975 1413
f 496 1997 1443
f 533 2231 1593
f 551 2298 1384
f 579 2190 1324
f 483 1884 1276
f 426 1900 1264
f 521 2278 1300
f 566 2314 1318
f 489 2170 1342
f 578 2159 1563
f 560 2015 1461
f 518 2213 1587
f 429 1918 1348
f 547 2136 1522
f 465 1977 1419
f 441 1990 1396
f 504 2224 1498
f 537 2301 1516
f 550 2177 1558
f 476 2152 1426
f 444 2008 1432
f 502 2206 1569
f 526 1925 1371
f 481 1817 1281
f 420 1797 1257
f 510 1833 1293
f 555 1851 1311
f 571 1871 1329
f 540 1941 1377
f 473 2119 1539
f 447 2029 1450
f 507 2247 1576
f 534 2262 1366
f 469 2051 1485
f 435 1954 1389
f 498 2064 1438
f 529 2085 1509
f 545 2105 1527
f 487 2121 1545
f 574 2031 1467
f 562 2244 1456
f 520 2265 1582
f 432 1939 1360
f 589 1814 1271
f 583 1793 1247
f 586 1829 1254
f 593 1847 1290
f 596 1868 1308
f 599 1937 1338
f 633 2124 1553
f 620 2034 1475
f 640 2250 1601
f 603 2261 1356
f 622 2050 1481
f 607 1960 1403
f 612 2063 1410
f 626 2081 1494
f 629 2102 1506
f 631 2117 1535
f 614 2027 1416
f 618 2243 1446
f 641 2268 1596
f 605 1944 1385
f 409 1804 894
f 405 1785 887
f 411 1821 899
f 414 1839 905
f 417 1858 912
f 431 1929 941
f 488 2114 1050
f 575 2024 1224
f 563 2240 1200
f 519 2253 1115
f 454 2038 984
f 450 1951 977
f 456 2055 989
f 459 2073 995
f 462 2092 1002
f 472 2109 1019
f 446 2019 971
f 506 2235 1091
f 535 2258 1146
f 541 1934 1158
f 570 1861 1217
f 480 1807 1037
f 421 1790 918
f 511 1826 1098
f 556 1844 1188
f 484 1880 1044
f 580 2186 1236
f 567 2308 1212
f 522 2272 1122
f 427 1894 930
f 544 2095 1163
f 468 2041 1013
f 436 1948 948
f 499 2060 1074
f 530 2078 1134
f 548 2132 1170
f 466 1970 1008
f 442 1984 960
f 505 2218 1086
f 536 2289 1151
f 491 2181 1061
f 423 1875 923
f 513 1897 1103
f 564 2275 1205
f 581 2311 1241
f 549 2167 1175
f 477 2146 1032
f 445 2002 966
f 503 2200 1080
f 525 1915 1127
f 474 2127 1025
f 438 1965 953
f 495 1987 1067
f 532 2221 1139
f 552 2294 1182
f 490 2164 1056
f 577 2149 1229
f 559 2005 1193
f 517 2203 1109
f 430 1912 936
f 590 1870 1325
f 584 1816 1277
f 585 1800 1265
f 592 1836 1301
f 595 1854 1319
f 598 1890 1343
f 636 2196 1566
f 621 2320 1464
f 642 2284 1590
f 601 1906 1349
f 623 2104 1523
f 611 2047 1422
f 609 1958 1397
f 625 2070 1499
f 628 2088 1517
f 632 2142 1559
f 613 1980 1427
f 616 1994 1433
f 638 2230 1572
f 606 2297 1374
f 407 2329 892
f 403 2323 885
f 404 2326 897
f 410 2333 903
f 413 2336 910
f 422 2345 939
f 486 2409 1048
f 573 2496 1222
f 561 2485 1198
f 512 2435 1113
f 452 2374 982
f 448 2368 975
f 449 2371 987
f 455 2378 993
f 458 2381 1000
f 470 2392 1017
f 437 2360 969
f 494 2416 1089
f 531 2456 1144
f 539 2460 1156
f 568 2488 1215
f 478 2398 1035
f 419 2340 916
f 509 2430 1096
f 554 2475 1186
f 482 2404 1042
f 576 2501 1234
f 558 2482 1210
f 516 2440 1120
f 425 2347 928
f 542 2464 1161
f 463 2384 1011
f 434 2355 946
f 497 2419 1072
f 528 2451 1132
f 546 2470 1168
f 464 2385 1006
f 440 2362 958
f 500 2423 1084
f 524 2446 1149
f 479 2401 1059
f 418 2339 921
f 508 2429 1101
f 553 2474 1203
f 569 2491 1239
f 538 2459 1173
f 471 2395 1030
f 443 2365 964
f 501 2424 1078
f 523 2443 1125
f 467 2390 1023
f 433 2354 951
f 493 2413 1065
f 527 2450 1137
f 543 2467 1180
f 485 2408 1054
f 572 2495 1227
f 557 2479 1191
f 515 2437 1107
f 428 2350 934
f 591 2511 1326
f 587 2505 1278
f 588 2507 1266
f 594 2513 1302
f 597 2516 1320
f 600 2519 1344
f 634 2556 1565
f 619 2540 1463
f 639 2561 1589
f 602 2521 1350
f 624 2544 1524
f 608 2529 1421
f 610 2530 1398
f 627 2546 1500
f 630 2549 1518
f 635 2553 1560
f 615 2534 1428
f 617 2536 1434
f 637 2557 1571
f 604 2525 1373
f 164 1609 889
f 163 1605 883
f 165 1611 895
f 166 1614 901
f 167 1617 907
f 172 1631 937
f 190 1688 1045
f 219 1775 1219
f 215 1763 1195
f 201 1719 1111
f 179 1654 979
f 178 1650 973
f 180 1656 985
f 181 1659 991
f 182 1662 997
f 185 1672 1015
f 177 1646 967
f 197 1706 1087
f 206 1735 1141
f 208 1741 1153
f 218 1770 1213
f 188 1680 1033
f 168 1621 913
f 198 1711 1093
f 213 1756 1183
f 189 1684 1039
f 221 1780 1231
f 217 1767 1207
f 202 1722 1117
f 170 1627 925
f 209 1744 1159
f 184 1668 1009
f 173 1636 943
f 194 1699 1069
f 204 1730 1129
f 210 1748 1165
f 183 1666 1003
f 175 1642 955
f 196 1705 1081
f 207 1736 1147
f 192 1691 1057
f 169 1623 919
f 199 1713 1099
f 216 1764 1201
f 222 1781 1237
f 211 1749 1171
f 187 1677 1027
f 176 1645 961
f 195 1703 1075
f 203 1725 1123
f 186 1674 1021
f 174 1638 949
f 193 1695 1063
f 205 1732 1135
f 212 1752 1177
f 191 1690 1051
f 220 1777 1225
f 214 1759 1189
f 200 1717 1105
f 171 1630 931
f 358 2191 1322
f 256 1885 1274
f 261 1901 1262
f 387 2279 1298
f 399 2315 1316
f 351 2171 1340
f 348 2160 1561
f 300 2016 1459
f 366 2214 1585
f 267 1919 1346
f 340 2137 1520
f 287 1978 1417
f 291 1991 1394
f 369 2225 1496
f 395 2302 1514
f 354 2178 1556
f 345 2153 1424
f 297 2009 1430
f 363 2207 1567
f 270 1926 1369
f 247 1857 908
f 229 1803 890
f 223 1786 884
f 235 1822 896
f 241 1840 902
f 253 1876 920
f 355 2182 1058
f 398 2312 1238
f 386 2276 1202
f 260 1898 1100
f 325 2091 998
f 307 2037 980
f 278 1952 974
f 313 2056 986
f 319 2074 992
f 337 2128 1022
f 283 1966 950
f 290 1988 1064
f 368 2222 1136
f 392 2293 1178
f 356 2185 1232
f 254 1879 1040
f 259 1893 926
f 385 2271 1118
f 397 2307 1208
f 349 2163 1052
f 344 2150 1226
f 296 2006 1190
f 362 2204 1106
f 265 1911 932
f 338 2131 1166
f 284 1969 1004
f 289 1983 956
f 367 2217 1082
f 391 2290 1148
f 350 2168 1172
f 343 2145 1028
f 295 2001 962
f 361 2199 1076
f 266 1916 1124
f 230 1808 1034
f 224 1789 914
f 236 1825 1094
f 242 1843 1184
f 248 1862 1214
f 272 1933 1154
f 331 2110 1016
f 301 2020 968
f 373 2236 1088
f 380 2257 1142
f 308 2042 1010
f 277 1947 944
f 314 2059 1070
f 320 2077 1130
f 326 2096 1160
f 332 2113 1046
f 302 2023 1220
f 374 2239 1196
f 379 2254 1112
f 271 1930 938
f 234 1818 1279
f 227 1798 1255
f 239 1834 1291
f 245 1852 1309
f 252 1872 1327
f 275 1942 1375
f 334 2120 1537
f 304 2030 1448
f 377 2248 1574
f 382 2263 1364
f 312 2052 1483
f 279 1955 1387
f 316 2065 1436
f 323 2086 1507
f 330 2106 1525
f 335 2122 1543
f 305 2032 1465
f 376 2245 1454
f 383 2266 1580
f 274 1940 1358
f 232 1813 1267
f 225 1792 1243
f 237 1828 1250
f 243 1846 1286
f 250 1867 1304
f 273 1936 1334
f 336 2123 1549
f 306 2033 1471
f 378 2249 1597
f 381 2260 1352
f 311 2049 1477
f 281 1959 1399
f 315 2062 1406
f 321 2080 1490
f 328 2101 1502
f 333 2116 1531
f 303 2026 1412
f 375 2242 1442
f 384 2267 1592
f 276 1943 1381
f 251 1869 1321
f 233 1815 1273
f 228 1799 1261
f 240 1835 1297
f 246 1853 1315
f 258 1889 1339
f 360 2195 1562
f 401 2319 1460
f 389 2283 1586
f 263 1905 1345
f 329 2103 1519
f 310 2046 1418
f 280 1957 1393
f 318 2069 1495
f 324 2087 1513
f 342 2141 1555
f 288 1979 1423
f 292 1993 1429
f 371 2229 1568
f 393 2296 1370
f 357 2188 1280
f 255 1882 1256
f 262 1902 1292
f 388 2280 1310
f 400 2316 1328
f 352 2172 1376
f 347 2157 1538
f 298 2011 1447
f 364 2209 1573
f 269 1923 1363
f 339 2134 1484
f 285 1972 1388
f 293 1995 1435
f 370 2226 1508
f 396 2303 1526
f 353 2175 1544
f 346 2154 1466
f 299 2013 1453
f 365 2211 1579
f 268 1921 1357
f 249 1865 1268
f 231 1811 1244
f 226 1796 1249
f 238 1832 1285
f 244 1850 1303
f 257 1888 1333
f 359 2194 1550
f 402 2322 1472
f 390 2286 1598
f 264 1908 1351
f 327 2099 1478
f 309 2045 1400
f 282 1962 1405
f 317 2068 1489
f 322 2084 1501
f 341 2140 1532
f 286 1976 1411
f 294 1998 1441
f 372 2232 1591
f 394 2299 1382
f 416 2330 911
f 408 2324 893
f 406 2325 888
f 412 2332 900
f 415 2335 906
f 424 2344 924
f 492 2410 1062
f 582 2497 1242
f 565 2486 1206
f 514 2434 1104
f 461 2375 1001
f 453 2369 983
f 451 2370 978
f 457 2377 990
f 460 2380 996
f 475 2393 1026
f 439 2359 954
f 496 2415 1068
f 533 2455 1140
f 551 2461 1181
f 579 2489 1235
f 483 2399 1043
f 426 2341 929
f 521 2431 1121
f 566 2476 1211
f 489 2405 1055
f 578 2500 1230
f 560 2481 1194
f 518 2439 1110
f 429 2348 935
f 547 2465 1169
f 465 2383 1007
f 441 2356 959
f 504 2420 1085
f 537 2452 1152
f 550 2471 1176
f 476 2386 1031
f 444 2363 965
f 502 2422 1079
f 526 2445 1128
f 481 2400 1038
f 420 2338 917
f 510 2428 1097
f 555 2473 1187
f 571 2490 1218
f 540 2458 1157
f 473 2394 1020
f 447 2366 972
f 507 2425 1092
f 534 2444 1145
f 469 2389 1014
f 435 2353 947
f 498 2414 1073
f 529 2449 1133
f 545 2466 1164
f 487 2407 1049
f 574 2494 1223
f 562 2480 1199
f 520 2438 1116
f 432 2351 942
f 589 2510 1283
f 583 2504 1259
f 586 2508 1295
f 593 2514 1313
f 596 2517 1331
f 599 2520 1379
f 633 2554 1541
f 620 2539 1452
f 640 2560 1578
f 603 2523 1368
f 622 2543 1487
f 607 2527 1391
f 612 2532 1440
f 626 2547 1511
f 629 2550 1529
f 631 2552 1547
f 614 2535 1469
f 618 2538 1458
f 641 2558 1584
f 605 2524 1362
f 164 1607 1609
f 163 1603 1605
f 165 1604 1611
f 166 1610 1614
f 167 1613 1617
f 172 1622 1631
f 190 1686 1688
f 219 1773 1775
f 215 1761 1763
f 201 1712 1719
f 179 1652 1654
f 178 1648 1650
f 180 1649 1656
f 181 1655 1659
f 182 1658 1662
f 185 1670 1672
f 177 1637 1646
f 197 1694 1706
f 206 1731 1735
f 208 1739 1741
f 218 1768 1770
f 188 1678 1680
f 168 1619 1621
f 198 1709 1711
f 213 1754 1756
f 189 1682 1684
f 221 1776 1780
f 217 1758 1767
f 202 1716 1722
f 170 1625 1627
f 209 1742 1744
f 184 1663 1668
f 173 1634 1636
f 194 1697 1699
f 204 1728 1730
f 210 1746 1748
f 183 1664 1666
f 175 1640 1642
f 196 1700 1705
f 207 1724 1736
f 192 1679 1691
f 169 1618 1623
f 199 1708 1713
f 216 1753 1764
f 222 1769 1781
f 211 1738 1749
f 187 1671 1677
f 176 1643 1645
f 195 1701 1703
f 203 1723 1725
f 186 1667 1674
f 174 1633 1638
f 193 1693 1695
f 205 1727 1732
f 212 1743 1752
f 191 1685 1690
f 220 1772 1777
f 214 1757 1759
f 200 1715 1717
f 171 1628 1630
f 358 2187 2191
f 256 1881 1885
f 261 1899 1901
f 387 2277 2279
f 399 2313 2315
f 351 2169 2171
f 348 2156 2160
f 300 2010 2016
f 366 2208 2214
f 267 1917 1919
f 340 2133 2137
f 287 1971 1978
f 291 1989 1991
f 369 2223 2225
f 395 2300 2302
f 354 2174 2178
f 345 2151 2153
f 297 2007 2009
f 363 2205 2207
f 270 1920 1926
f 247 1855 1857
f 229 1801 1803
f 223 1784 1786
f 235 1820 1822
f 241 1838 1840
f 253 1874 1876
f 355 2180 2182
f 398 2310 2312
f 386 2274 2276
f 260 1896 1898
f 325 2089 2091
f 307 2035 2037
f 278 1950 1952
f 313 2054 2056
f 319 2072 2074
f 337 2126 2128
f 283 1964 1966
f 290 1986 1988
f 368 2220 2222
f 392 2291 2293
f 356 2183 2185
f 254 1877 1879
f 259 1891 1893
f 385 2269 2271
f 397 2305 2307
f 349 2161 2163
f 344 2148 2150
f 296 2004 2006
f 362 2202 2204
f 265 1909 1911
f 338 2129 2131
f 284 1967 1969
f 289 1981 1983
f 367 2215 2217
f 391 2288 2290
f 350 2166 2168
f 343 2143 2145
f 295 1999 2001
f 361 2197 2199
f 266 1914 1916
f 230 1806 1808
f 224 1787 1789
f 236 1823 1825
f 242 1841 1843
f 248 1860 1862
f 272 1931 1933
f 331 2108 2110
f 301 2018 2020
f 373 2234 2236
f 380 2255 2257
f 308 2040 2042
f 277 1945 1947
f 314 2057 2059
f 320 2075 2077
f 326 2094 2096
f 332 2111 2113
f 302 2021 2023
f 374 2237 2239
f 379 2252 2254
f 271 1928 1930
f 234 1812 1818
f 227 1791 1798
f 239 1827 1834
f 245 1845 1852
f 252 1866 1872
f 275 1935 1942
f 334 2118 2120
f 304 2028 2030
f 377 2246 2248
f 382 2259 2263
f 312 2048 2052
f 279 1953 1955
f 316 2061 2065
f 323 2079 2086
f 330 2100 2106
f 335 2115 2122
f 305 2025 2032
f 376 2241 2245
f 383 2264 2266
f 274 1938 1940
f 232 1802 1813
f 225 1783 1792
f 237 1819 1828
f 243 1837 1846
f 250 1856 1867
f 273 1927 1936
f 336 2112 2123
f 306 2022 2033
f 378 2238 2249
f 381 2251 2260
f 311 2036 2049
f 281 1949 1959
f 315 2053 2062
f 321 2071 2080
f 328 2090 2101
f 333 2107 2116
f 303 2017 2026
f 375 2233 2242
f 384 2256 2267
f 276 1932 1943
f 251 1859 1869
f 233 1805 1815
f 228 1788 1799
f 240 1824 1835
f 246 1842 1853
f 258 1878 1889
f 360 2184 2195
f 401 2306 2319
f 389 2270 2283
f 263 1892 1905
f 329 2093 2103
f 310 2039 2046
f 280 1946 1957
f 318 2058 2069
f 324 2076 2087
f 342 2130 2141
f 288 1968 1979
f 292 1982 1993
f 371 2216 2229
f 393 2287 2296
f 357 2179 2188
f 255 1873 1882
f 262 1895 1902
f 388 2273 2280
f 400 2309 2316
f 352 2165 2172
f 347 2144 2157
f 298 2000 2011
f 364 2198 2209
f 269 1913 1923
f 339 2125 2134
f 285 1963 1972
f 293 1985 1995
f 370 2219 2226
f 396 2292 2303
f 353 2162 2175
f 346 2147 2154
f 299 2003 2013
f 365 2201 2211
f 268 1910 1921
f 249 1863 1865
f 231 1809 1811
f 226 1794 1796
f 238 1830 1832
f 244 1848 1850
f 257 1886 1888
f 359 2192 2194
f 402 2318 2322
f 390 2282 2286
f 264 1904 1908
f 327 2097 2099
f 309 2043 2045
f 282 1956 1962
f 317 2066 2068
f 322 2082 2084
f 341 2138 2140
f 286 1974 1976
f 294 1992 1998
f 372 2228 2232
f 394 2295 2299
f 416 2331 2330
f 408 2327 2324
f 406 2328 2325
f 412 2334 2332
f 415 2337 2335
f 424 2346 2344
f 492 2412 2410
f 582 2499 2497
f 565 2487 2486
f 514 2436 2434
f 461 2376 2375
f 453 2372 2369
f 451 2373 2370
f 457 2379 2377
f 460 2382 2380
f 475 2396 2393
f 439 2361 2359
f 496 2418 2415
f 533 2457 2455
f 551 2463 2461
f 579 2492 2489
f 483 2402 2399
f 426 2343 2341
f 521 2433 2431
f 566 2478 2476
f 489 2406 2405
f 578 2502 2500
f 560 2484 2481
f 518 2442 2439
f 429 2349 2348
f 547 2468 2465
f 465 2387 2383
f 441 2358 2356
f 504 2421 2420
f 537 2454 2452
f 550 2472 2471
f 476 2388 2386
f 444 2364 2363
f 502 2426 2422
f 526 2448 2445
f 481 2403 2400
f 420 2342 2338
f 510 2432 2428
f 555 2477 2473
f 571 2493 2490
f 540 2462 2458
f 473 2397 2394
f 447 2367 2366
f 507 2427 2425
f 534 2447 2444
f 469 2391 2389
f 435 2357 2353
f 498 2417 2414
f 529 2453 2449
f 545 2469 2466
f 487 2411 2407
f 574 2498 2494
f 562 2483 2480
f 520 2441 2438
f 432 2352 2351
f 589 2509 2510
f 583 2503 2504
f 586 2506 2508
f 593 2512 2514
f 596 2515 2517
f 599 2518 2520
f 633 2555 2554
f 620 2541 2539
f 640 2562 2560
f 603 2522 2523
f 622 2542 2543
f 607 2528 2527
f 612 2531 2532
f 626 2545 2547
f 629 2548 2550
f 631 2551 2552
f 614 2533 2535
f 618 2537 2538
f 641 2559 2558
f 605 2526 2524
f 164 644 1607
f 163 643 1603
f 165 645 1604
f 166 646 1610
f 167 647 1613
f 172 652 1622
f 190 670 1686
f 219 699 1773
f 215 695 1761
f 201 681 1712
f 179 659 1652
f 178 658 1648
f 180 660 1649
f 181 661 1655
f 182 662 1658
f 185 665 1670
f 177 657 1637
f 197 677 1694
f 206 686 1731
f 208 688 1739
f 218 698 1768
f 188 668 1678
f 168 648 1619
f 198 678 1709
f 213 693 1754
f 189 669 1682
f 221 701 1776
f 217 697 1758
f 202 682 1716
f 170 650 1625
f 209 689 1742
f 184 664 1663
f 173 653 1634
f 194 674 1697
f 204 684 1728
f 210 690 1746
f 183 663 1664
f 175 655 1640
f 196 676 1700
f 207 687 1724
f 192 672 1679
f 169 649 1618
f 199 679 1708
f 216 696 1753
f 222 702 1769
f 211 691 1738
f 187 667 1671
f 176 656 1643
f 195 675 1701
f 203 683 1723
f 186 666 1667
f 174 654 1633
f 193 673 1693
f 205 685 1727
f 212 692 1743
f 191 671 1685
f 220 700 1772
f 214 694 1757
f 200 680 1715
f 171 651 1628
f 358 838 2187
f 256 736 1881
f 261 741 1899
f 387 867 2277
f 399 879 2313
f 351 831 2169
f 348 828 2156
f 300 780 2010
f 366 846 2208
f 267 747 1917
f 340 820 2133
f 287 767 1971
f 291 771 1989
f 369 849 2223
f 395 875 2300
f 354 834 2174
f 345 825 2151
f 297 777 2007
f 363 843 2205
f 270 750 1920
f 247 727 1855
f 229 709 1801
f 223 703 1784
f 235 715 1820
f 241 721 1838
f 253 733 1874
f 355 835 2180
f 398 878 2310
f 386 866 2274
f 260 740 1896
f 325 805 2089
f 307 787 2035
f 278 758 1950
f 313 793 2054
f 319 799 2072
f 337 817 2126
f 283 763 1964
f 290 770 1986
f 368 848 2220
f 392 872 2291
f 356 836 2183
f 254 734 1877
f 259 739 1891
f 385 865 2269
f 397 877 2305
f 349 829 2161
f 344 824 2148
f 296 776 2004
f 362 842 2202
f 265 745 1909
f 338 818 2129
f 284 764 1967
f 289 769 1981
f 367 847 2215
f 391 871 2288
f 350 830 2166
f 343 823 2143
f 295 775 1999
f 361 841 2197
f 266 746 1914
f 230 710 1806
f 224 704 1787
f 236 716 1823
f 242 722 1841
f 248 728 1860
f 272 752 1931
f 331 811 2108
f 301 781 2018
f 373 853 2234
f 380 860 2255
f 308 788 2040
f 277 757 1945
f 314 794 2057
f 320 800 2075
f 326 806 2094
f 332 812 2111
f 302 782 2021
f 374 854 2237
f 379 859 2252
f 271 751 1928
f 234 714 1812
f 227 707 1791
f 239 719 1827
f 245 725 1845
f 252 732 1866
f 275 755 1935
f 334 814 2118
f 304 784 2028
f 377 857 2246
f 382 862 2259
f 312 792 2048
f 279 759 1953
f 316 796 2061
f 323 803 2079
f 330 810 2100
f 335 815 2115
f 305 785 2025
f 376 856 2241
f 383 863 2264
f 274 754 1938
f 232 712 1802
f 225 705 1783
f 237 717 1819
f 243 723 1837
f 250 730 1856
f 273 753 1927
f 336 816 2112
f 306 786 2022
f 378 858 2238
f 381 861 2251
f 311 791 2036
f 281 761 1949
f 315 795 2053
f 321 801 2071
f 328 808 2090
f 333 813 2107
f 303 783 2017
f 375 855 2233
f 384 864 2256
f 276 756 1932
f 251 731 1859
f 233 713 1805
f 228 708 1788
f 240 720 1824
f 246 726 1842
f 258 738 1878
f 360 840 2184
f 401 881 2306
f 389 869 2270
f 263 743 1892
f 329 809 2093
f 310 790 2039
f 280 760 1946
f 318 798 2058
f 324 804 2076
f 342 822 2130
f 288 768 1968
f 292 772 1982
f 371 851 2216
f 393 873 2287
f 357 837 2179
f 255 735 1873
f 262 742 1895
f 388 868 2273
f 400 880 2309
f 352 832 2165
f 347 827 2144
f 298 778 2000
f 364 844 2198
f 269 749 1913
f 339 819 2125
f 285 765 1963
f 293 773 1985
f 370 850 2219
f 396 876 2292
f 353 833 2162
f 346 826 2147
f 299 779 2003
f 365 845 2201
f 268 748 1910
f 249 729 1863
f 231 711 1809
f 226 706 1794
f 238 718 1830
f 244 724 1848
f 257 737 1886
f 359 839 2192
f 402 882 2318
f 390 870 2282
f 264 744 1904
f 327 807 2097
f 309 789 2043
f 282 762 1956
f 317 797 2066
f 322 802 2082
f 341 821 2138
f 286 766 1974
f 294 774 1992
f 372 852 2228
f 394 874 2295
f 416 1270 2331
f 408 1246 2327
f 406 1251 2328
f 412 1287 2334
f 415 1305 2337
f 424 1335 2346
f 492 1552 2412
f 582 1474 2499
f 565 1600 2487
f 514 1353 2436
f 461 1480 2376
f 453 1402 2372
f 451 1407 2373
f 457 1491 2379
f 460 1503 2382
f 475 1534 2396
f 439 1413 2361
f 496 1443 2418
f 533 1593 2457
f 551 1384 2463
f 579 1324 2492
f 483 1276 2402
f 426 1264 2343
f 521 1300 2433
f 566 1318 2478
f 489 1342 2406
f 578 1563 2502
f 560 1461 2484
f 518 1587 2442
f 429 1348 2349
f 547 1522 2468
f 465 1419 2387
f 441 1396 2358
f 504 1498 2421
f 537 1516 2454
f 550 1558 2472
f 476 1426 2388
f 444 1432 2364
f 502 1569 2426
f 526 1371 2448
f 481 1281 2403
f 420 1257 2342
f 510 1293 2432
f 555 1311 2477
f 571 1329 2493
f 540 1377 2462
f 473 1539 2397
f 447 1450 2367
f 507 1576 2427
f 534 1366 2447
f 469 1485 2391
f 435 1389 2357
f 498 1438 2417
f 529 1509 2453
f 545 1527 2469
f 487 1545 2411
f 574 1467 2498
f 562 1456 2483
f 520 1582 2441
f 432 1360 2352
f 589 1271 2509
f 583 1247 2503
f 586 1254 2506
f 593 1290 2512
f 596 1308 2515
f 599 1338 2518
f 633 1553 2555
f 620 1475 2541
f 640 1601 2562
f 603 1356 2522
f 622 1481 2542
f 607 1403 2528
f 612 1410 2531
f 626 1494 2545
f 629 1506 2548
f 631 1535 2551
f 614 1416 2533
f 618 1446 2537
f 641 1596 2559
f 605 1385 2526
f 167 907 1616
f 164 889 1608
f 163 883 1606
f 165 895 1612
f 166 901 1615
f 169 919 1624
f 192 1057 1692
f 222 1237 1782
f 216 1201 1765
f 199 1099 1714
f 182 997 1661
f 179 979 1653
f 178 973 1651
f 180 985 1657
f 181 991 1660
f 186 1021 1675
f 174 949 1639
f 193 1063 1696
f 205 1135 1733
f 212 1177 1751
f 221 1231 1779
f 189 1039 1683
f 170 925 1626
f 202 1117 1721
f 217 1207 1766
f 191 1051 1689
f 220 1225 1778
f 214 1189 1760
f 200 1105 1718
f 171 931 1629
f 210 1165 1747
f 183 1003 1665
f 175 955 1641
f 196 1081 1704
f 207 1147 1737
f 211 1171 1750
f 187 1027 1676
f 176 961 1644
f 195 1075 1702
f 203 1123 1726
f 188 1033 1681
f 168 913 1620
f 198 1093 1710
f 213 1183 1755
f 218 1213 1771
f 208 1153 1740
f 185 1015 1673
f 177 967 1647
f 197 1087 1707
f 206 1141 1734
f 184 1009 1669
f 173 943 1635
f 194 1069 1698
f 204 1129 1729
f 209 1159 1745
f 190 1045 1687
f 219 1219 1774
f 215 1195 1762
f 201 1111 1720
f 172 937 1632
f 357 1280 2189
f 255 1256 1883
f 262 1292 1903
f 388 1310 2281
f 400 1328 2317
f 352 1376 2173
f 347 1538 2158
f 298 1447 2012
f 364 1573 2210
f 269 1363 1924
f 339 1484 2135
f 285 1388 1973
f 293 1435 1996
f 370 1508 2227
f 396 1526 2304
f 353 1544 2176
f 346 1466 2155
f 299 1453 2014
f 365 1579 2212
f 268 1357 1922
f 249 1268 1864
f 231 1244 1810
f 226 1249 1795
f 238 1285 1831
f 244 1303 1849
f 257 1333 1887
f 359 1550 2193
f 402 1472 2321
f 390 1598 2285
f 264 1351 1907
f 327 1478 2098
f 309 1400 2044
f 282 1405 1961
f 317 1489 2067
f 322 1501 2083
f 341 1532 2139
f 286 1411 1975
f 294 1441 1997
f 372 1591 2231
f 394 1382 2298
f 358 1322 2190
f 256 1274 1884
f 261 1262 1900
f 387 1298 2278
f 399 1316 2314
f 351 1340 2170
f 348 1561 2159
f 300 1459 2015
f 366 1585 2213
f 267 1346 1918
f 340 1520 2136
f 287 1417 1977
f 291 1394 1990
f 369 1496 2224
f 395 1514 2301
f 354 1556 2177
f 345 1424 2152
f 297 1430 2008
f 363 1567 2206
f 270 1369 1925
f 234 1279 1817
f 227 1255 1797
f 239 1291 1833
f 245 1309 1851
f 252 1327 1871
f 275 1375 1941
f 334 1537 2119
f 304 1448 2029
f 377 1574 2247
f 382 1364 2262
f 312 1483 2051
f 279 1387 1954
f 316 1436 2064
f 323 1507 2085
f 330 1525 2105
f 335 1543 2121
f 305 1465 2031
f 376 1454 2244
f 383 1580 2265
f 274 1358 1939
f 232 1267 1814
f 225 1243 1793
f 237 1250 1829
f 243 1286 1847
f 250 1304 1868
f 273 1334 1937
f 336 1549 2124
f 306 1471 2034
f 378 1597 2250
f 381 1352 2261
f 311 1477 2050
f 281 1399 1960
f 315 1406 2063
f 321 1490 2081
f 328 1502 2102
f 333 1531 2117
f 303 1412 2027
f 375 1442 2243
f 384 1592 2268
f 276 1381 1944
f 229 890 1804
f 223 884 1785
f 235 896 1821
f 241 902 1839
f 247 908 1858
f 271 938 1929
f 332 1046 2114
f 302 1220 2024
f 374 1196 2240
f 379 1112 2253
f 307 980 2038
f 278 974 1951
f 313 986 2055
f 319 992 2073
f 325 998 2092
f 331 1016 2109
f 301 968 2019
f 373 1088 2235
f 380 1142 2258
f 272 1154 1934
f 248 1214 1861
f 230 1034 1807
f 224 914 1790
f 236 1094 1826
f 242 1184 1844
f 254 1040 1880
f 356 1232 2186
f 397 1208 2308
f 385 1118 2272
f 259 926 1894
f 326 1160 2095
f 308 1010 2041
f 277 944 1948
f 314 1070 2060
f 320 1130 2078
f 338 1166 2132
f 284 1004 1970
f 289 956 1984
f 367 1082 2218
f 391 1148 2289
f 355 1058 2181
f 253 920 1875
f 260 1100 1897
f 386 1202 2275
f 398 1238 2311
f 350 1172 2167
f 343 1028 2146
f 295 962 2002
f 361 1076 2200
f 266 1124 1915
f 337 1022 2127
f 283 950 1965
f 290 1064 1987
f 368 1136 2221
f 392 1178 2294
f 349 1052 2164
f 344 1226 2149
f 296 1190 2005
f 362 1106 2203
f 265 932 1912
f 251 1321 1870
f 233 1273 1816
f 228 1261 1800
f 240 1297 1836
f 246 1315 1854
f 258 1339 1890
f 360 1562 2196
f 401 1460 2320
f 389 1586 2284
f 263 1345 1906
f 329 1519 2104
f 310 1418 2047
f 280 1393 1958
f 318 1495 2070
f 324 1513 2088
f 342 1555 2142
f 288 1423 1980
f 292 1429 1994
f 371 1568 2230
f 393 1370 2297
f 409 894 2329
f 405 887 2323
f 411 899 2326
f 414 905 2333
f 417 912 2336
f 431 941 2345
f 488 1050 2409
f 575 1224 2496
f 563 1200 2485
f 519 1115 2435
f 454 984 2374
f 450 977 2368
f 456 989 2371
f 459 995 2378
f 462 1002 2381
f 472 1019 2392
f 446 971 2360
f 506 1091 2416
f 535 1146 2456
f 541 1158 2460
f 570 1217 2488
f 480 1037 2398
f 421 918 2340
f 511 1098 2430
f 556 1188 2475
f 484 1044 2404
f 580 1236 2501
f 567 1212 2482
f 522 1122 2440
f 427 930 2347
f 544 1163 2464
f 468 1013 2384
f 436 948 2355
f 499 1074 2419
f 530 1134 2451
f 548 1170 2470
f 466 1008 2385
f 442 960 2362
f 505 1086 2423
f 536 1151 2446
f 491 1061 2401
f 423 923 2339
f 513 1103 2429
f 564 1205 2474
f 581 1241 2491
f 549 1175 2459
f 477 1032 2395
f 445 966 2365
f 503 1080 2424
f 525 1127 2443
f 474 1025 2390
f 438 953 2354
f 495 1067 2413
f 532 1139 2450
f 552 1182 2467
f 490 1056 2408
f 577 1229 2495
f 559 1193 2479
f 517 1109 2437
f 430 936 2350
f 590 1325 2511
f 584 1277 2505
f 585 1265 2507
f 592 1301 2513
f 595 1319 2516
f 598 1343 2519
f 636 1566 2556
f 621 1464 2540
f 642 1590 2561
f 601 1349 2521
f 623 1523 2544
f 611 1422 2529
f 609 1397 2530
f 625 1499 2546
f 628 1517 2549
f 632 1559 2553
f 613 1427 2534
f 616 1433 2536
f 638 1572 2557
f 606 1374 2525
f 407 892 1609
f 403 885 1605
f 404 897 1611
f 410 903 1614
f 413 910 1617
f 422 939 1631
f 486 1048 1688
f 573 1222 1775
f 561 1198 1763
f 512 1113 1719
f 452 982 1654
f 448 975 1650
f 449 987 1656
f 455 993 1659
f 458 1000 1662
f 470 1017 1672
f 437 969 1646
f 494 1089 1706
f 531 1144 1735
f 539 1156 1741
f 568 1215 1770
f 478 1035 1680
f 419 916 1621
f 509 1096 1711
f 554 1186 1756
f 482 1042 1684
f 576 1234 1780
f 558 1210 1767
f 516 1120 1722
f 425 928 1627
f 542 1161 1744
f 463 1011 1668
f 434 946 1636
f 497 1072 1699
f 528 1132 1730
f 546 1168 1748
f 464 1006 1666
f 440 958 1642
f 500 1084 1705
f 524 1149 1736
f 479 1059 1691
f 418 921 1623
f 508 1101 1713
f 553 1203 1764
f 569 1239 1781
f 538 1173 1749
f 471 1030 1677
f 443 964 1645
f 501 1078 1703
f 523 1125 1725
f 467 1023 1674
f 433 951 1638
f 493 1065 1695
f 527 1137 1732
f 543 1180 1752
f 485 1054 1690
f 572 1227 1777
f 557 1191 1759
f 515 1107 1717
f 428 934 1630
f 591 1326 2191
f 587 1278 1885
f 588 1266 1901
f 594 1302 2279
f 597 1320 2315
f 600 1344 2171
f 634 1565 2160
f 619 1463 2016
f 639 1589 2214
f 602 1350 1919
f 624 1524 2137
f 608 1421 1978
f 610 1398 1991
f 627 1500 2225
f 630 1518 2302
f 635 1560 2178
f 615 1428 2153
f 617 1434 2009
f 637 1571 2207
f 604 1373 1926
f 416 911 1857
f 408 893 1803
f 406 888 1786
f 412 900 1822
f 415 906 1840
f 424 924 1876
f 492 1062 2182
f 582 1242 2312
f 565 1206 2276
f 514 1104 1898
f 461 1001 2091
f 453 983 2037
f 451 978 1952
f 457 990 2056
f 460 996 2074
f 475 1026 2128
f 439 954 1966
f 496 1068 1988
f 533 1140 2222
f 551 1181 2293
f 579 1235 2185
f 483 1043 1879
f 426 929 1893
f 521 1121 2271
f 566 1211 2307
f 489 1055 2163
f 578 1230 2150
f 560 1194 2006
f 518 1110 2204
f 429 935 1911
f 547 1169 2131
f 465 1007 1969
f 441 959 1983
f 504 1085 2217
f 537 1152 2290
f 550 1176 2168
f 476 1031 2145
f 444 965 2001
f 502 1079 2199
f 526 1128 1916
f 481 1038 1808
f 420 917 1789
f 510 1097 1825
f 555 1187 1843
f 571 1218 1862
f 540 1157 1933
f 473 1020 2110
f 447 972 2020
f 507 1092 2236
f 534 1145 2257
f 469 1014 2042
f 435 947 1947
f 498 1073 2059
f 529 1133 2077
f 545 1164 2096
f 487 1049 2113
f 574 1223 2023
f 562 1199 2239
f 520 1116 2254
f 432 942 1930
f 589 1283 1818
f 583 1259 1798
f 586 1295 1834
f 593 1313 1852
f 596 1331 1872
f 599 1379 1942
f 633 1541 2120
f 620 1452 2030
f 640 1578 2248
f 603 1368 2263
f 622 1487 2052
f 607 1391 1955
f 612 1440 2065
f 626 1511 2086
f 629 1529 2106
f 631 1547 2122
f 614 1469 2032
f 618 1458 2245
f 641 1584 2266
f 605 1362 1940
f 409 1269 1813
f 405 1245 1792
f 411 1252 1828
f 414 1288 1846
f 417 1306 1867
f 431 1336 1936
f 488 1551 2123
f 575 1473 2033
f 563 1599 2249
f 519 1354 2260
f 454 1479 2049
f 450 1401 1959
f 456 1408 2062
f 459 1492 2080
f 462 1504 2101
f 472 1533 2116
f 446 1414 2026
f 506 1444 2242
f 535 1594 2267
f 541 1383 1943
f 570 1323 1869
f 480 1275 1815
f 421 1263 1799
f 511 1299 1835
f 556 1317 1853
f 484 1341 1889
f 580 1564 2195
f 567 1462 2319
f 522 1588 2283
f 427 1347 1905
f 544 1521 2103
f 468 1420 2046
f 436 1395 1957
f 499 1497 2069
f 530 1515 2087
f 548 1557 2141
f 466 1425 1979
f 442 1431 1993
f 505 1570 2229
f 536 1372 2296
f 491 1282 2188
f 423 1258 1882
f 513 1294 1902
f 564 1312 2280
f 581 1330 2316
f 549 1378 2172
f 477 1540 2157
f 445 1449 2011
f 503 1575 2209
f 525 1365 1923
f 474 1486 2134
f 438 1390 1972
f 495 1437 1995
f 532 1510 2226
f 552 1528 2303
f 490 1546 2175
f 577 1468 2154
f 559 1455 2013
f 517 1581 2211
f 430 1359 1921
f 590 1272 1865
f 584 1248 1811
f 585 1253 1796
f 592 1289 1832
f 595 1307 1850
f 598 1337 1888
f 636 1554 2194
f 621 1476 2322
f 642 1602 2286
f 601 1355 1908
f 623 1482 2099
f 611 1404 2045
f 609 1409 1962
f 625 1493 2068
f 628 1505 2084
f 632 1536 2140
f 613 1415 1976
f 616 1445 1998
f 638 1595 2232
f 606 1386 2299
f 407 909 2330
f 403 891 2324
f 404 886 2325
f 410 898 2332
f 413 904 2335
f 422 922 2344
f 486 1060 2410
f 573 1240 2497
f 561 1204 2486
f 512 1102 2434
f 452 999 2375
f 448 981 2369
f 449 976 2370
f 455 988 2377
f 458 994 2380
f 470 1024 2393
f 437 952 2359
f 494 1066 2415
f 531 1138 2455
f 539 1179 2461
f 568 1233 2489
f 478 1041 2399
f 419 927 2341
f 509 1119 2431
f 554 1209 2476
f 482 1053 2405
f 576 1228 2500
f 558 1192 2481
f 516 1108 2439
f 425 933 2348
f 542 1167 2465
f 463 1005 2383
f 434 957 2356
f 497 1083 2420
f 528 1150 2452
f 546 1174 2471
f 464 1029 2386
f 440 963 2363
f 500 1077 2422
f 524 1126 2445
f 479 1036 2400
f 418 915 2338
f 508 1095 2428
f 553 1185 2473
f 569 1216 2490
f 538 1155 2458
f 471 1018 2394
f 443 970 2366
f 501 1090 2425
f 523 1143 2444
f 467 1012 2389
f 433 945 2353
f 493 1071 2414
f 527 1131 2449
f 543 1162 2466
f 485 1047 2407
f 572 1221 2494
f 557 1197 2480
f 515 1114 2438
f 428 940 2351
f 591 1284 2510
f 587 1260 2504
f 588 1296 2508
f 594 1314 2514
f 597 1332 2517
f 600 1380 2520
f 634 1542 2554
f 619 1451 2539
f 639 1577 2560
f 602 1367 2523
f 624 1488 2543
f 608 1392 2527
f 610 1439 2532
f 627 1512 2547
f 630 1530 2550
f 635 1548 2552
f 615 1470 2535
f 617 1457 2538
f 637 1583 2558
f 604 1361 2524
f 167 1616 1607
f 164 1608 1603
f 163 1606 1604
f 165 1612 1610
f 166 1615 1613
f 169 1624 1622
f 192 1692 1686
f 222 1782 1773
f 216 1765 1761
f 199 1714 1712
f 182 1661 1652
f 179 1653 1648
f 178 1651 1649
f 180 1657 1655
f 181 1660 1658
f 186 1675 1670
f 174 1639 1637
f 193 1696 1694
f 205 1733 1731
f 212 1751 1739
f 221 1779 1768
f 189 1683 1678
f 170 1626 1619
f 202 1721 1709
f 217 1766 1754
f 191 1689 1682
f 220 1778 1776
f 214 1760 1758
f 200 1718 1716
f 171 1629 1625
f 210 1747 1742
f 183 1665 1663
f 175 1641 1634
f 196 1704 1697
f 207 1737 1728
f 211 1750 1746
f 187 1676 1664
f 176 1644 1640
f 195 1702 1700
f 203 1726 1724
f 188 1681 1679
f 168 1620 1618
f 198 1710 1708
f 213 1755 1753
f 218 1771 1769
f 208 1740 1738
f 185 1673 1671
f 177 1647 1643
f 197 1707 1701
f 206 1734 1723
f 184 1669 1667
f 173 1635 1633
f 194 1698 1693
f 204 1729 1727
f 209 1745 1743
f 190 1687 1685
f 219 1774 1772
f 215 1762 1757
f 201 1720 1715
f 172 1632 1628
f 357 2189 2187
f 255 1883 1881
f 262 1903 1899
f 388 2281 2277
f 400 2317 2313
f 352 2173 2169
f 347 2158 2156
f 298 2012 2010
f 364 2210 2208
f 269 1924 1917
f 339 2135 2133
f 285 1973 1971
f 293 1996 1989
f 370 2227 2223
f 396 2304 2300
f 353 2176 2174
f 346 2155 2151
f 299 2014 2007
f 365 2212 2205
f 268 1922 1920
f 249 1864 1855
f 231 1810 1801
f 226 1795 1784
f 238 1831 1820
f 244 1849 1838
f 257 1887 1874
f 359 2193 2180
f 402 2321 2310
f 390 2285 2274
f 264 1907 1896
f 327 2098 2089
f 309 2044 2035
f 282 1961 1950
f 317 2067 2054
f 322 2083 2072
f 341 2139 2126
f 286 1975 1964
f 294 1997 1986
f 372 2231 2220
f 394 2298 2291
f 358 2190 2183
f 256 1884 1877
f 261 1900 1891
f 387 2278 2269
f 399 2314 2305
f 351 2170 2161
f 348 2159 2148
f 300 2015 2004
f 366 2213 2202
f 267 1918 1909
f 340 2136 2129
f 287 1977 1967
f 291 1990 1981
f 369 2224 2215
f 395 2301 2288
f 354 2177 2166
f 345 2152 2143
f 297 2008 1999
f 363 2206 2197
f 270 1925 1914
f 234 1817 1806
f 227 1797 1787
f 239 1833 1823
f 245 1851 1841
f 252 1871 1860
f 275 1941 1931
f 334 2119 2108
f 304 2029 2018
f 377 2247 2234
f 382 2262 2255
f 312 2051 2040
f 279 1954 1945
f 316 2064 2057
f 323 2085 2075
f 330 2105 2094
f 335 2121 2111
f 305 2031 2021
f 376 2244 2237
f 383 2265 2252
f 274 1939 1928
f 232 1814 1812
f 225 1793 1791
f 237 1829 1827
f 243 1847 1845
f 250 1868 1866
f 273 1937 1935
f 336 2124 2118
f 306 2034 2028
f 378 2250 2246
f 381 2261 2259
f 311 2050 2048
f 281 1960 1953
f 315 2063 2061
f 321 2081 2079
f 328 2102 2100
f 333 2117 2115
f 303 2027 2025
f 375 2243 2241
f 384 2268 2264
f 276 1944 1938
f 229 1804 1802
f 223 1785 1783
f 235 1821 1819
f 241 1839 1837
f 247 1858 1856
f 271 1929 1927
f 332 2114 2112
f 302 2024 2022
f 374 2240 2238
f 379 2253 2251
f 307 2038 2036
f 278 1951 1949
f 313 2055 2053
f 319 2073 2071
f 325 2092 2090
f 331 2109 2107
f 301 2019 2017
f 373 2235 2233
f 380 2258 2256
f 272 1934 1932
f 248 1861 1859
f 230 1807 1805
f 224 1790 1788
f 236 1826 1824
f 242 1844 1842
f 254 1880 1878
f 356 2186 2184
f 397 2308 2306
f 385 2272 2270
f 259 1894 1892
f 326 2095 2093
f 308 2041 2039
f 277 1948 1946
f 314 2060 2058
f 320 2078 2076
f 338 2132 2130
f 284 1970 1968
f 289 1984 1982
f 367 2218 2216
f 391 2289 2287
f 355 2181 2179
f 253 1875 1873
f 260 1897 1895
f 386 2275 2273
f 398 2311 2309
f 350 2167 2165
f 343 2146 2144
f 295 2002 2000
f 361 2200 2198
f 266 1915 1913
f 337 2127 2125
f 283 1965 1963
f 290 1987 1985
f 368 2221 2219
f 392 2294 2292
f 349 2164 2162
f 344 2149 2147
f 296 2005 2003
f 362 2203 2201
f 265 1912 1910
f 251 1870 1863
f 233 1816 1809
f 228 1800 1794
f 240 1836 1830
f 246 1854 1848
f 258 1890 1886
f 360 2196 2192
f 401 2320 2318
f 389 2284 2282
f 263 1906 1904
f 329 2104 2097
f 310 2047 2043
f 280 1958 1956
f 318 2070 2066
f 324 2088 2082
f 342 2142 2138
f 288 1980 1974
f 292 1994 1992
f 371 2230 2228
f 393 2297 2295
f 409 2329 2331
f 405 2323 2327
f 411 2326 2328
f 414 2333 2334
f 417 2336 2337
f 431 2345 2346
f 488 2409 2412
f 575 2496 2499
f 563 2485 2487
f 519 2435 2436
f 454 2374 2376
f 450 2368 2372
f 456 2371 2373
f 459 2378 2379
f 462 2381 2382
f 472 2392 2396
f 446 2360 2361
f 506 2416 2418
f 535 2456 2457
f 541 2460 2463
f 570 2488 2492
f 480 2398 2402
f 421 2340 2343
f 511 2430 2433
f 556 2475 2478
f 484 2404 2406
f 580 2501 2502
f 567 2482 2484
f 522 2440 2442
f 427 2347 2349
f 544 2464 2468
f 468 2384 2387
f 436 2355 2358
f 499 2419 2421
f 530 2451 2454
f 548 2470 2472
f 466 2385 2388
f 442 2362 2364
f 505 2423 2426
f 536 2446 2448
f 491 2401 2403
f 423 2339 2342
f 513 2429 2432
f 564 2474 2477
f 581 2491 2493
f 549 2459 2462
f 477 2395 2397
f 445 2365 2367
f 503 2424 2427
f 525 2443 2447
f 474 2390 2391
f 438 2354 2357
f 495 2413 2417
f 532 2450 2453
f 552 2467 2469
f 490 2408 2411
f 577 2495 2498
f 559 2479 2483
f 517 2437 2441
f 430 2350 2352
f 590 2511 2509
f 584 2505 2503
f 585 2507 2506
f 592 2513 2512
f 595 2516 2515
f 598 2519 2518
f 636 2556 2555
f 621 2540 2541
f 642 2561 2562
f 601 2521 2522
f 623 2544 2542
f 611 2529 2528
f 609 2530 2531
f 625 2546 2545
f 628 2549 2548
f 632 2553 2551
f 613 2534 2533
f 616 2536 2537
f 638 2557 2559
f 606 2525 2526
f 1607 644 647
f 1603 643 644
f 1604 645 643
f 1610 646 645
f 1613 647 646
f 1622 652 649
f 1686 670 672
f 1773 699 702
f 1761 695 696
f 1712 681 679
f 1652 659 662
f 1648 658 659
f 1649 660 658
f 1655 661 660
f 1658 662 661
f 1670 665 666
f 1637 657 654
f 1694 677 673
f 1731 686 685
f 1739 688 692
f 1768 698 701
f 1678 668 669
f 1619 648 650
f 1709 678 682
f 1754 693 697
f 1682 669 671
f 1776 701 700
f 1758 697 694
f 1716 682 680
f 1625 650 651
f 1742 689 690
f 1663 664 663
f 1634 653 655
f 1697 674 676
f 1728 684 687
f 1746 690 691
f 1664 663 667
f 1640 655 656
f 1700 676 675
f 1724 687 683
f 1679 672 668
f 1618 649 648
f 1708 679 678
f 1753 696 693
f 1769 702 698
f 1738 691 688
f 1671 667 665
f 1643 656 657
f 1701 675 677
f 1723 683 686
f 1667 666 664
f 1633 654 653
f 1693 673 674
f 1727 685 684
f 1743 692 689
f 1685 671 670
f 1772 700 699
f 1757 694 695
f 1715 680 681
f 1628 651 652
f 2187 838 837
f 1881 736 735
f 1899 741 742
f 2277 867 868
f 2313 879 880
f 2169 831 832
f 2156 828 827
f 2010 780 778
f 2208 846 844
f 1917 747 749
f 2133 820 819
f 1971 767 765
f 1989 771 773
f 2223 849 850
f 2300 875 876
f 2174 834 833
f 2151 825 826
f 2007 777 779
f 2205 843 845
f 1920 750 748
f 1855 727 729
f 1801 709 711
f 1784 703 706
f 1820 715 718
f 1838 721 724
f 1874 733 737
f 2180 835 839
f 2310 878 882
f 2274 866 870
f 1896 740 744
f 2089 805 807
f 2035 787 789
f 1950 758 762
f 2054 793 797
f 2072 799 802
f 2126 817 821
f 1964 763 766
f 1986 770 774
f 2220 848 852
f 2291 872 874
f 2183 836 838
f 1877 734 736
f 1891 739 741
f 2269 865 867
f 2305 877 879
f 2161 829 831
f 2148 824 828
f 2004 776 780
f 2202 842 846
f 1909 745 747
f 2129 818 820
f 1967 764 767
f 1981 769 771
f 2215 847 849
f 2288 871 875
f 2166 830 834
f 2143 823 825
f 1999 775 777
f 2197 841 843
f 1914 746 750
f 1806 710 714
f 1787 704 707
f 1823 716 719
f 1841 722 725
f 1860 728 732
f 1931 752 755
f 2108 811 814
f 2018 781 784
f 2234 853 857
f 2255 860 862
f 2040 788 792
f 1945 757 759
f 2057 794 796
f 2075 800 803
f 2094 806 810
f 2111 812 815
f 2021 782 785
f 2237 854 856
f 2252 859 863
f 1928 751 754
f 1812 714 712
f 1791 707 705
f 1827 719 717
f 1845 725 723
f 1866 732 730
f 1935 755 753
f 2118 814 816
f 2028 784 786
f 2246 857 858
f 2259 862 861
f 2048 792 791
f 1953 759 761
f 2061 796 795
f 2079 803 801
f 2100 810 808
f 2115 815 813
f 2025 785 783
f 2241 856 855
f 2264 863 864
f 1938 754 756
f 1802 712 709
f 1783 705 703
f 1819 717 715
f 1837 723 721
f 1856 730 727
f 1927 753 751
f 2112 816 812
f 2022 786 782
f 2238 858 854
f 2251 861 859
f 2036 791 787
f 1949 761 758
f 2053 795 793
f 2071 801 799
f 2090 808 805
f 2107 813 811
f 2017 783 781
f 2233 855 853
f 2256 864 860
f 1932 756 752
f 1859 731 728
f 1805 713 710
f 1788 708 704
f 1824 720 716
f 1842 726 722
f 1878 738 734
f 2184 840 836
f 2306 881 877
f 2270 869 865
f 1892 743 739
f 2093 809 806
f 2039 790 788
f 1946 760 757
f 2058 798 794
f 2076 804 800
f 2130 822 818
f 1968 768 764
f 1982 772 769
f 2216 851 847
f 2287 873 871
f 2179 837 835
f 1873 735 733
f 1895 742 740
f 2273 868 866
f 2309 880 878
f 2165 832 830
f 2144 827 823
f 2000 778 775
f 2198 844 841
f 1913 749 746
f 2125 819 817
f 1963 765 763
f 1985 773 770
f 2219 850 848
f 2292 876 872
f 2162 833 829
f 2147 826 824
f 2003 779 776
f 2201 845 842
f 1910 748 745
f 1863 729 731
f 1809 711 713
f 1794 706 708
f 1830 718 720
f 1848 724 726
f 1886 737 738
f 2192 839 840
f 2318 882 881
f 2282 870 869
f 1904 744 743
f 2097 807 809
f 2043 789 790
f 1956 762 760
f 2066 797 798
f 2082 802 804
f 2138 821 822
f 1974 766 768
f 1992 774 772
f 2228 852 851
f 2295 874 873
f 2331 1270 1269
f 2327 1246 1245
f 2328 1251 1252
f 2334 1287 1288
f 2337 1305 1306
f 2346 1335 1336
f 2412 1552 1551
f 2499 1474 1473
f 2487 1600 1599
f 2436 1353 1354
f 2376 1480 1479
f 2372 1402 1401
f 2373 1407 1408
f 2379 1491 1492
f 2382 1503 1504
f 2396 1534 1533
f 2361 1413 1414
f 2418 1443 1444
f 2457 1593 1594
f 2463 1384 1383
f 2492 1324 1323
f 2402 1276 1275
f 2343 1264 1263
f 2433 1300 1299
f 2478 1318 1317
f 2406 1342 1341
f 2502 1563 1564
f 2484 1461 1462
f 2442 1587 1588
f 2349 1348 1347
f 2468 1522 1521
f 2387 1419 1420
f 2358 1396 1395
f 2421 1498 1497
f 2454 1516 1515
f 2472 1558 1557
f 2388 1426 1425
f 2364 1432 1431
f 2426 1569 1570
f 2448 1371 1372
f 2403 1281 1282
f 2342 1257 1258
f 2432 1293 1294
f 2477 1311 1312
f 2493 1329 1330
f 2462 1377 1378
f 2397 1539 1540
f 2367 1450 1449
f 2427 1576 1575
f 2447 1366 1365
f 2391 1485 1486
f 2357 1389 1390
f 2417 1438 1437
f 2453 1509 1510
f 2469 1527 1528
f 2411 1545 1546
f 2498 1467 1468
f 2483 1456 1455
f 2441 1582 1581
f 2352 1360 1359
f 2509 1271 1272
f 2503 1247 1248
f 2506 1254 1253
f 2512 1290 1289
f 2515 1308 1307
f 2518 1338 1337
f 2555 1553 1554
f 2541 1475 1476
f 2562 1601 1602
f 2522 1356 1355
f 2542 1481 1482
f 2528 1403 1404
f 2531 1410 1409
f 2545 1494 1493
f 2548 1506 1505
f 2551 1535 1536
f 2533 1416 1415
f 2537 1446 1445
f 2559 1596 1595
f 2526 1385 1386
f 1616 907 909
f 1608 889 891
f 1606 883 886
f 1612 895 898
f 1615 901 904
f 1624 919 922
f 1692 1057 1060
f 1782 1237 1240
f 1765 1201 1204
f 1714 1099 1102
f 1661 997 999
f 1653 979 981
f 1651 973 976
f 1657 985 988
f 1660 991 994
f 1675 1021 1024
f 1639 949 952
f 1696 1063 1066
f 1733 1135 1138
f 1751 1177 1179
f 1779 1231 1233
f 1683 1039 1041
f 1626 925 927
f 1721 1117 1119
f 1766 1207 1209
f 1689 1051 1053
f 1778 1225 1228
f 1760 1189 1192
f 1718 1105 1108
f 1629 931 933
f 1747 1165 1167
f 1665 1003 1005
f 1641 955 957
f 1704 1081 1083
f 1737 1147 1150
f 1750 1171 1174
f 1676 1027 1029
f 1644 961 963
f 1702 1075 1077
f 1726 1123 1126
f 1681 1033 1036
f 1620 913 915
f 1710 1093 1095
f 1755 1183 1185
f 1771 1213 1216
f 1740 1153 1155
f 1673 1015 1018
f 1647 967 970
f 1707 1087 1090
f 1734 1141 1143
f 1669 1009 1012
f 1635 943 945
f 1698 1069 1071
f 1729 1129 1131
f 1745 1159 1162
f 1687 1045 1047
f 1774 1219 1221
f 1762 1195 1197
f 1720 1111 1114
f 1632 937 940
f 2189 1280 1284
f 1883 1256 1260
f 1903 1292 1296
f 2281 1310 1314
f 2317 1328 1332
f 2173 1376 1380
f 2158 1538 1542
f 2012 1447 1451
f 2210 1573 1577
f 1924 1363 1367
f 2135 1484 1488
f 1973 1388 1392
f 1996 1435 1439
f 2227 1508 1512
f 2304 1526 1530
f 2176 1544 1548
f 2155 1466 1470
f 2014 1453 1457
f 2212 1579 1583
f 1922 1357 1361
f 1864 1268 1270
f 1810 1244 1246
f 1795 1249 1251
f 1831 1285 1287
f 1849 1303 1305
f 1887 1333 1335
f 2193 1550 1552
f 2321 1472 1474
f 2285 1598 1600
f 1907 1351 1353
f 2098 1478 1480
f 2044 1400 1402
f 1961 1405 1407
f 2067 1489 1491
f 2083 1501 1503
f 2139 1532 1534
f 1975 1411 1413
f 1997 1441 1443
f 2231 1591 1593
f 2298 1382 1384
f 2190 1322 1324
f 1884 1274 1276
f 1900 1262 1264
f 2278 1298 1300
f 2314 1316 1318
f 2170 1340 1342
f 2159 1561 1563
f 2015 1459 1461
f 2213 1585 1587
f 1918 1346 1348
f 2136 1520 1522
f 1977 1417 1419
f 1990 1394 1396
f 2224 1496 1498
f 2301 1514 1516
f 2177 1556 1558
f 2152 1424 1426
f 2008 1430 1432
f 2206 1567 1569
f 1925 1369 1371
f 1817 1279 1281
f 1797 1255 1257
f 1833 1291 1293
f 1851 1309 1311
f 1871 1327 1329
f 1941 1375 1377
f 2119 1537 1539
f 2029 1448 1450
f 2247 1574 1576
f 2262 1364 1366
f 2051 1483 1485
f 1954 1387 1389
f 2064 1436 1438
f 2085 1507 1509
f 2105 1525 1527
f 2121 1543 1545
f 2031 1465 1467
f 2244 1454 1456
f 2265 1580 1582
f 1939 1358 1360
f 1814 1267 1271
f 1793 1243 1247
f 1829 1250 1254
f 1847 1286 1290
f 1868 1304 1308
f 1937 1334 1338
f 2124 1549 1553
f 2034 1471 1475
f 2250 1597 1601
f 2261 1352 1356
f 2050 1477 1481
f 1960 1399 1403
f 2063 1406 1410
f 2081 1490 1494
f 2102 1502 1506
f 2117 1531 1535
f 2027 1412 1416
f 2243 1442 1446
f 2268 1592 1596
f 1944 1381 1385
f 1804 890 894
f 1785 884 887
f 1821 896 899
f 1839 902 905
f 1858 908 912
f 1929 938 941
f 2114 1046 1050
f 2024 1220 1224
f 2240 1196 1200
f 2253 1112 1115
f 2038 980 984
f 1951 974 977
f 2055 986 989
f 2073 992 995
f 2092 998 1002
f 2109 1016 1019
f 2019 968 971
f 2235 1088 1091
f 2258 1142 1146
f 1934 1154 1158
f 1861 1214 1217
f 1807 1034 1037
f 1790 914 918
f 1826 1094 1098
f 1844 1184 1188
f 1880 1040 1044
f 2186 1232 1236
f 2308 1208 1212
f 2272 1118 1122
f 1894 926 930
f 2095 1160 1163
f 2041 1010 1013
f 1948 944 948
f 2060 1070 1074
f 2078 1130 1134
f 2132 1166 1170
f 1970 1004 1008
f 1984 956 960
f 2218 1082 1086
f 2289 1148 1151
f 2181 1058 1061
f 1875 920 923
f 1897 1100 1103
f 2275 1202 1205
f 2311 1238 1241
f 2167 1172 1175
f 2146 1028 1032
f 2002 962 966
f 2200 1076 1080
f 1915 1124 1127
f 2127 1022 1025
f 1965 950 953
f 1987 1064 1067
f 2221 1136 1139
f 2294 1178 1182
f 2164 1052 1056
f 2149 1226 1229
f 2005 1190 1193
f 2203 1106 1109
f 1912 932 936
f 1870 1321 1325
f 1816 1273 1277
f 1800 1261 1265
f 1836 1297 1301
f 1854 1315 1319
f 1890 1339 1343
f 2196 1562 1566
f 2320 1460 1464
f 2284 1586 1590
f 1906 1345 1349
f 2104 1519 1523
f 2047 1418 1422
f 1958 1393 1397
f 2070 1495 1499
f 2088 1513 1517
f 2142 1555 1559
f 1980 1423 1427
f 1994 1429 1433
f 2230 1568 1572
f 2297 1370 1374
f 2329 894 892
f 2323 887 885
f 2326 899 897
f 2333 905 903
f 2336 912 910
f 2345 941 939
f 2409 1050 1048
f 2496 1224 1222
f 2485 1200 1198
f 2435 1115 1113
f 2374 984 982
f 2368 977 975
f 2371 989 987
f 2378 995 993
f 2381 1002 1000
f 2392 1019 1017
f 2360 971 969
f 2416 1091 1089
f 2456 1146 1144
f 2460 1158 1156
f 2488 1217 1215
f 2398 1037 1035
f 2340 918 916
f 2430 1098 1096
f 2475 1188 1186
f 2404 1044 1042
f 2501 1236 1234
f 2482 1212 1210
f 2440 1122 1120
f 2347 930 928
f 2464 1163 1161
f 2384 1013 1011
f 2355 948 946
f 2419 1074 1072
f 2451 1134 1132
f 2470 1170 1168
f 2385 1008 1006
f 2362 960 958
f 2423 1086 1084
f 2446 1151 1149
f 2401 1061 1059
f 2339 923 921
f 2429 1103 1101
f 2474 1205 1203
f 2491 1241 1239
f 2459 1175 1173
f 2395 1032 1030
f 2365 966 964
f 2424 1080 1078
f 2443 1127 1125
f 2390 1025 1023
f 2354 953 951
f 2413 1067 1065
f 2450 1139 1137
f 2467 1182 1180
f 2408 1056 1054
f 2495 1229 1227
f 2479 1193 1191
f 2437 1109 1107
f 2350 936 934
f 2511 1325 1326
f 2505 1277 1278
f 2507 1265 1266
f 2513 1301 1302
f 2516 1319 1320
f 2519 1343 1344
f 2556 1566 1565
f 2540 1464 1463
f 2561 1590 1589
f 2521 1349 1350
f 2544 1523 1524
f 2529 1422 1421
f 2530 1397 1398
f 2546 1499 1500
f 2549 1517 1518
f 2553 1559 1560
f 2534 1427 1428
f 2536 1433 1434
f 2557 1572 1571
f 2525 1374 1373
f 1609 892 889
f 1605 885 883
f 1611 897 895
f 1614 903 901
f 1617 910 907
f 1631 939 937
f 1688 1048 1045
f 1775 1222 1219
f 1763 1198 1195
f 1719 1113 1111
f 1654 982 979
f 1650 975 973
f 1656 987 985
f 1659 993 991
f 1662 1000 997
f 1672 1017 1015
f 1646 969 967
f 1706 1089 1087
f 1735 1144 1141
f 1741 1156 1153
f 1770 1215 1213
f 1680 1035 1033
f 1621 916 913
f 1711 1096 1093
f 1756 1186 1183
f 1684 1042 1039
f 1780 1234 1231
f 1767 1210 1207
f 1722 1120 1117
f 1627 928 925
f 1744 1161 1159
f 1668 1011 1009
f 1636 946 943
f 1699 1072 1069
f 1730 1132 1129
f 1748 1168 1165
f 1666 1006 1003
f 1642 958 955
f 1705 1084 1081
f 1736 1149 1147
f 1691 1059 1057
f 1623 921 919
f 1713 1101 1099
f 1764 1203 1201
f 1781 1239 1237
f 1749 1173 1171
f 1677 1030 1027
f 1645 964 961
f 1703 1078 1075
f 1725 1125 1123
f 1674 1023 1021
f 1638 951 949
f 1695 1065 1063
f 1732 1137 1135
f 1752 1180 1177
f 1690 1054 1051
f 1777 1227 1225
f 1759 1191 1189
f 1717 1107 1105
f 1630 934 931
f 2191 1326 1322
f 1885 1278 1274
f 1901 1266 1262
f 2279 1302 1298
f 2315 1320 1316
f 2171 1344 1340
f 2160 1565 1561
f 2016 1463 1459
f 2214 1589 1585
f 1919 1350 1346
f 2137 1524 1520
f 1978 1421 1417
f 1991 1398 1394
f 2225 1500 1496
f 2302 1518 1514
f 2178 1560 1556
f 2153 1428 1424
f 2009 1434 1430
f 2207 1571 1567
f 1926 1373 1369
f 1857 911 908
f 1803 893 890
f 1786 888 884
f 1822 900 896
f 1840 906 902
f 1876 924 920
f 2182 1062 1058
f 2312 1242 1238
f 2276 1206 1202
f 1898 1104 1100
f 2091 1001 998
f 2037 983 980
f 1952 978 974
f 2056 990 986
f 2074 996 992
f 2128 1026 1022
f 1966 954 950
f 1988 1068 1064
f 2222 1140 1136
f 2293 1181 1178
f 2185 1235 1232
f 1879 1043 1040
f 1893 929 926
f 2271 1121 1118
f 2307 1211 1208
f 2163 1055 1052
f 2150 1230 1226
f 2006 1194 1190
f 2204 1110 1106
f 1911 935 932
f 2131 1169 1166
f 1969 1007 1004
f 1983 959 956
f 2217 1085 1082
f 2290 1152 1148
f 2168 1176 1172
f 2145 1031 1028
f 2001 965 962
f 2199 1079 1076
f 1916 1128 1124
f 1808 1038 1034
f 1789 917 914
f 1825 1097 1094
f 1843 1187 1184
f 1862 1218 1214
f 1933 1157 1154
f 2110 1020 1016
f 2020 972 968
f 2236 1092 1088
f 2257 1145 1142
f 2042 1014 1010
f 1947 947 944
f 2059 1073 1070
f 2077 1133 1130
f 2096 1164 1160
f 2113 1049 1046
f 2023 1223 1220
f 2239 1199 1196
f 2254 1116 1112
f 1930 942 938
f 1818 1283 1279
f 1798 1259 1255
f 1834 1295 1291
f 1852 1313 1309
f 1872 1331 1327
f 1942 1379 1375
f 2120 1541 1537
f 2030 1452 1448
f 2248 1578 1574
f 2263 1368 1364
f 2052 1487 1483
f 1955 1391 1387
f 2065 1440 1436
f 2086 1511 1507
f 2106 1529 1525
f 2122 1547 1543
f 2032 1469 1465
f 2245 1458 1454
f 2266 1584 1580
f 1940 1362 1358
f 1813 1269 1267
f 1792 1245 1243
f 1828 1252 1250
f 1846 1288 1286
f 1867 1306 1304
f 1936 1336 1334
f 2123 1551 1549
f 2033 1473 1471
f 2249 1599 1597
f 2260 1354 1352
f 2049 1479 1477
f 1959 1401 1399
f 2062 1408 1406
f 2080 1492 1490
f 2101 1504 1502
f 2116 1533 1531
f 2026 1414 1412
f 2242 1444 1442
f 2267 1594 1592
f 1943 1383 1381
f 1869 1323 1321
f 1815 1275 1273
f 1799 1263 1261
f 1835 1299 1297
f 1853 1317 1315
f 1889 1341 1339
f 2195 1564 1562
f 2319 1462 1460
f 2283 1588 1586
f 1905 1347 1345
f 2103 1521 1519
f 2046 1420 1418
f 1957 1395 1393
f 2069 1497 1495
f 2087 1515 1513
f 2141 1557 1555
f 1979 1425 1423
f 1993 1431 1429
f 2229 1570 1568
f 2296 1372 1370
f 2188 1282 1280
f 1882 1258 1256
f 1902 1294 1292
f 2280 1312 1310
f 2316 1330 1328
f 2172 1378 1376
f 2157 1540 1538
f 2011 1449 1447
f 2209 1575 1573
f 1923 1365 1363
f 2134 1486 1484
f 1972 1390 1388
f 1995 1437 1435
f 2226 1510 1508
f 2303 1528 1526
f 2175 1546 1544
f 2154 1468 1466
f 2013 1455 1453
f 2211 1581 1579
f 1921 1359 1357
f 1865 1272 1268
f 1811 1248 1244
f 1796 1253 1249
f 1832 1289 1285
f 1850 1307 1303
f 1888 1337 1333
f 2194 1554 1550
f 2322 1476 1472
f 2286 1602 1598
f 1908 1355 1351
f 2099 1482 1478
f 2045 1404 1400
f 1962 1409 1405
f 2068 1493 1489
f 2084 1505 1501
f 2140 1536 1532
f 1976 1415 1411
f 1998 1445 1441
f 2232 1595 1591
f 2299 1386 1382
f 2330 909 911
f 2324 891 893
f 2325 886 888
f 2332 898 900
f 2335 904 906
f 2344 922 924
f 2410 1060 1062
f 2497 1240 1242
f 2486 1204 1206
f 2434 1102 1104
f 2375 999 1001
f 2369 981 983
f 2370 976 978
f 2377 988 990
f 2380 994 996
f 2393 1024 1026
f 2359 952 954
f 2415 1066 1068
f 2455 1138 1140
f 2461 1179 1181
f 2489 1233 1235
f 2399 1041 1043
f 2341 927 929
f 2431 1119 1121
f 2476 1209 1211
f 2405 1053 1055
f 2500 1228 1230
f 2481 1192 1194
f 2439 1108 1110
f 2348 933 935
f 2465 1167 1169
f 2383 1005 1007
f 2356 957 959
f 2420 1083 1085
f 2452 1150 1152
f 2471 1174 1176
f 2386 1029 1031
f 2363 963 965
f 2422 1077 1079
f 2445 1126 1128
f 2400 1036 1038
f 2338 915 917
f 2428 1095 1097
f 2473 1185 1187
f 2490 1216 1218
f 2458 1155 1157
f 2394 1018 1020
f 2366 970 972
f 2425 1090 1092
f 2444 1143 1145
f 2389 1012 1014
f 2353 945 947
f 2414 1071 1073
f 2449 1131 1133
f 2466 1162 1164
f 2407 1047 1049
f 2494 1221 1223
f 2480 1197 1199
f 2438 1114 1116
f 2351 940 942
f 2510 1284 1283
f 2504 1260 1259
f 2508 1296 1295
f 2514 1314 1313
f 2517 1332 1331
f 2520 1380 1379
f 2554 1542 1541
f 2539 1451 1452
f 2560 1577 1578
f 2523 1367 1368
f 2543 1488 1487
f 2527 1392 1391
f 2532 1439 1440
f 2547 1512 1511
f 2550 1530 1529
f 2552 1548 1547
f 2535 1470 1469
f 2538 1457 1458
f 2558 1583 1584
f 2524 1361 1362
f 1607 1616 1609
f 1603 1608 1605
f 1604 1606 1611
f 1610 1612 1614
f 1613 1615 1617
f 1622 1624 1631
f 1686 1692 1688
f 1773 1782 1775
f 1761 1765 1763
f 1712 1714 1719
f 1652 1661 1654
f 1648 1653 1650
f 1649 1651 1656
f 1655 1657 1659
f 1658 1660 1662
f 1670 1675 1672
f 1637 1639 1646
f 1694 1696 1706
f 1731 1733 1735
f 1739 1751 1741
f 1768 1779 1770
f 1678 1683 1680
f 1619 1626 1621
f 1709 1721 1711
f 1754 1766 1756
f 1682 1689 1684
f 1776 1778 1780
f 1758 1760 1767
f 1716 1718 1722
f 1625 1629 1627
f 1742 1747 1744
f 1663 1665 1668
f 1634 1641 1636
f 1697 1704 1699
f 1728 1737 1730
f 1746 1750 1748
f 1664 1676 1666
f 1640 1644 1642
f 1700 1702 1705
f 1724 1726 1736
f 1679 1681 1691
f 1618 1620 1623
f 1708 1710 1713
f 1753 1755 1764
f 1769 1771 1781
f 1738 1740 1749
f 1671 1673 1677
f 1643 1647 1645
f 1701 1707 1703
f 1723 1734 1725
f 1667 1669 1674
f 1633 1635 1638
f 1693 1698 1695
f 1727 1729 1732
f 1743 1745 1752
f 1685 1687 1690
f 1772 1774 1777
f 1757 1762 1759
f 1715 1720 1717
f 1628 1632 1630
f 2187 2189 2191
f 1881 1883 1885
f 1899 1903 1901
f 2277 2281 2279
f 2313 2317 2315
f 2169 2173 2171
f 2156 2158 2160
f 2010 2012 2016
f 2208 2210 2214
f 1917 1924 1919
f 2133 2135 2137
f 1971 1973 1978
f 1989 1996 1991
f 2223 2227 2225
f 2300 2304 2302
f 2174 2176 2178
f 2151 2155 2153
f 2007 2014 2009
f 2205 2212 2207
f 1920 1922 1926
f 1855 1864 1857
f 1801 1810 1803
f 1784 1795 1786
f 1820 1831 1822
f 1838 1849 1840
f 1874 1887 1876
f 2180 2193 2182
f 2310 2321 2312
f 2274 2285 2276
f 1896 1907 1898
f 2089 2098 2091
f 2035 2044 2037
f 1950 1961 1952
f 2054 2067 2056
f 2072 2083 2074
f 2126 2139 2128
f 1964 1975 1966
f 1986 1997 1988
f 2220 2231 2222
f 2291 2298 2293
f 2183 2190 2185
f 1877 1884 1879
f 1891 1900 1893
f 2269 2278 2271
f 2305 2314 2307
f 2161 2170 2163
f 2148 2159 2150
f 2004 2015 2006
f 2202 2213 2204
f 1909 1918 1911
f 2129 2136 2131
f 1967 1977 1969
f 1981 1990 1983
f 2215 2224 2217
f 2288 2301 2290
f 2166 2177 2168
f 2143 2152 2145
f 1999 2008 2001
f 2197 2206 2199
f 1914 1925 1916
f 1806 1817 1808
f 1787 1797 1789
f 1823 1833 1825
f 1841 1851 1843
f 1860 1871 1862
f 1931 1941 1933
f 2108 2119 2110
f 2018 2029 2020
f 2234 2247 2236
f 2255 2262 2257
f 2040 2051 2042
f 1945 1954 1947
f 2057 2064 2059
f 2075 2085 2077
f 2094 2105 2096
f 2111 2121 2113
f 2021 2031 2023
f 2237 2244 2239
f 2252 2265 2254
f 1928 1939 1930
f 1812 1814 1818
f 1791 1793 1798
f 1827 1829 1834
f 1845 1847 1852
f 1866 1868 1872
f 1935 1937 1942
f 2118 2124 2120
f 2028 2034 2030
f 2246 2250 2248
f 2259 2261 2263
f 2048 2050 2052
f 1953 1960 1955
f 2061 2063 2065
f 2079 2081 2086
f 2100 2102 2106
f 2115 2117 2122
f 2025 2027 2032
f 2241 2243 2245
f 2264 2268 2266
f 1938 1944 1940
f 1802 1804 1813
f 1783 1785 1792
f 1819 1821 1828
f 1837 1839 1846
f 1856 1858 1867
f 1927 1929 1936
f 2112 2114 2123
f 2022 2024 2033
f 2238 2240 2249
f 2251 2253 2260
f 2036 2038 2049
f 1949 1951 1959
f 2053 2055 2062
f 2071 2073 2080
f 2090 2092 2101
f 2107 2109 2116
f 2017 2019 2026
f 2233 2235 2242
f 2256 2258 2267
f 1932 1934 1943
f 1859 1861 1869
f 1805 1807 1815
f 1788 1790 1799
f 1824 1826 1835
f 1842 1844 1853
f 1878 1880 1889
f 2184 2186 2195
f 2306 2308 2319
f 2270 2272 2283
f 1892 1894 1905
f 2093 2095 2103
f 2039 2041 2046
f 1946 1948 1957
f 2058 2060 2069
f 2076 2078 2087
f 2130 2132 2141
f 1968 1970 1979
f 1982 1984 1993
f 2216 2218 2229
f 2287 2289 2296
f 2179 2181 2188
f 1873 1875 1882
f 1895 1897 1902
f 2273 2275 2280
f 2309 2311 2316
f 2165 2167 2172
f 2144 2146 2157
f 2000 2002 2011
f 2198 2200 2209
f 1913 1915 1923
f 2125 2127 2134
f 1963 1965 1972
f 1985 1987 1995
f 2219 2221 2226
f 2292 2294 2303
f 2162 2164 2175
f 2147 2149 2154
f 2003 2005 2013
f 2201 2203 2211
f 1910 1912 1921
f 1863 1870 1865
f 1809 1816 1811
f 1794 1800 1796
f 1830 1836 1832
f 1848 1854 1850
f 1886 1890 1888
f 2192 2196 2194
f 2318 2320 2322
f 2282 2284 2286
f 1904 1906 1908
f 2097 2104 2099
f 2043 2047 2045
f 1956 1958 1962
f 2066 2070 2068
f 2082 2088 2084
f 2138 2142 2140
f 1974 1980 1976
f 1992 1994 1998
f 2228 2230 2232
f 2295 2297 2299
f 2331 2329 2330
f 2327 2323 2324
f 2328 2326 2325
f 2334 2333 2332
f 2337 2336 2335
f 2346 2345 2344
f 2412 2409 2410
f 2499 2496 2497
f 2487 2485 2486
f 2436 2435 2434
f 2376 2374 2375
f 2372 2368 2369
f 2373 2371 2370
f 2379 2378 2377
f 2382 2381 2380
f 2396 2392 2393
f 2361 2360 2359
f 2418 2416 2415
f 2457 2456 2455
f 2463 2460 2461
f 2492 2488 2489
f 2402 2398 2399
f 2343 2340 2341
f 2433 2430 2431
f 2478 2475 2476
f 2406 2404 2405
f 2502 2501 2500
f 2484 2482 2481
f 2442 2440 2439
f 2349 2347 2348
f 2468 2464 2465
f 2387 2384 2383
f 2358 2355 2356
f 2421 2419 2420
f 2454 2451 2452
f 2472 2470 2471
f 2388 2385 2386
f 2364 2362 2363
f 2426 2423 2422
f 2448 2446 2445
f 2403 2401 2400
f 2342 2339 2338
f 2432 2429 2428
f 2477 2474 2473
f 2493 2491 2490
f 2462 2459 2458
f 2397 2395 2394
f 2367 2365 2366
f 2427 2424 2425
f 2447 2443 2444
f 2391 2390 2389
f 2357 2354 2353
f 2417 2413 2414
f 2453 2450 2449
f 2469 2467 2466
f 2411 2408 2407
f 2498 2495 2494
f 2483 2479 2480
f 2441 2437 2438
f 2352 2350 2351
f 2509 2511 2510
f 2503 2505 2504
f 2506 2507 2508
f 2512 2513 2514
f 2515 2516 2517
f 2518 2519 2520
f 2555 2556 2554
f 2541 2540 2539
f 2562 2561 2560
f 2522 2521 2523
f 2542 2544 2543
f 2528 2529 2527
f 2531 2530 2532
f 2545 2546 2547
f 2548 2549 2550
f 2551 2553 2552
f 2533 2534 2535
f 2537 2536 2538
f 2559 2557 2558
f 2526 2525 2524