v -0.362764 0.508101 -0.006006
v 0.362650 0.508150 -0.006145
v -0.375571 -0.577187 0.006434
v 0.374727 -0.577536 0.007087
v 0.000151 -0.449359 0.705529
v -0.000001 0.346471 0.648234
v 0.000010 -0.339423 -0.646425
v 0.000126 0.423288 -0.706024
v 0.647322 0.001697 -0.409622
v 0.666957 -0.001026 0.411144
v -0.647326 0.001682 -0.409618
v -0.666949 -0.001033 0.411142
v 0.000003 0.591038 -0.030103
v -0.211950 0.442674 0.336006
v -0.217527 0.656927 -0.445015
v -0.563936 0.319980 -0.215629
v -0.590155 0.322395 0.227600
v 0.211998 0.442664 0.336178
v 0.217613 0.657018 -0.444693
v 0.564051 0.319506 -0.215758
v 0.590113 0.322347 0.227591
v -0.000032 -0.670547 0.014572
v -0.250532 -0.678702 0.458730
v -0.215862 -0.528315 -0.345669
v -0.572505 -0.311523 -0.214443
v -0.583912 -0.336424 0.229116
v 0.250490 -0.678267 0.458077
v 0.215583 -0.528855 -0.345875
v 0.572418 -0.311494 -0.214369
v 0.583906 -0.336308 0.229136
v 0.000017 -0.001821 0.756108
v 0.369344 -0.226989 0.607206
v -0.369780 -0.226305 0.607568
v 0.374476 0.219908 0.609204
v -0.374456 0.219906 0.609188
v 0.000160 0.007884 -0.758075
v 0.369505 -0.216586 -0.608141
v -0.369497 -0.216555 -0.608109
v 0.383572 0.228035 -0.638130
v -0.383147 0.227729 -0.637673
v 0.763166 -0.000164 0.010202
v -0.763159 -0.000144 0.010210
v -0.171685 0.559524 -0.021798
v -0.297419 0.488092 0.145582
v -0.298931 0.559566 -0.193364
v -0.476120 0.452464 -0.101314
v -0.479429 0.428847 0.101621
v 0.171369 0.559487 -0.021794
v 0.297455 0.488111 0.145613
v 0.298529 0.559516 -0.193558
v 0.475973 0.452425 -0.101260
v 0.479444 0.428841 0.101678
v -0.203242 -0.678926 0.003764
v -0.311650 -0.579010 0.192148
v -0.347268 -0.659098 -0.182284
v -0.466927 -0.456008 -0.087048
v -0.485413 -0.474205 0.119481
v 0.202894 -0.678560 0.003813
v 0.311843 -0.578767 0.191820
v 0.346822 -0.659722 -0.182256
v 0.466445 -0.456307 -0.087123
v 0.485946 -0.474159 0.119753
v -0.144698 -0.668294 0.700681
v 0.143906 -0.668526 0.700187
v -0.000096 -0.230310 0.764951
v 0.188196 -0.365484 0.695566
v -0.188028 -0.365845 0.695350
v -0.104807 0.391010 0.526104
v 0.104794 0.391014 0.526097
v -0.000009 0.222444 0.720891
v 0.176747 0.308728 0.655338
v -0.176745 0.308702 0.655310
v -0.101286 -0.406907 -0.517643
v 0.101160 -0.406820 -0.517388
v -0.000033 -0.221519 -0.715369
v 0.174686 -0.300210 -0.655158
v -0.174627 -0.300224 -0.655170
v -0.133042 0.576082 -0.633541
v 0.133428 0.576234 -0.633495
v -0.000118 0.244519 -0.800621
v 0.192157 0.352949 -0.716799
v -0.191895 0.352880 -0.716019
v 0.637355 0.149546 -0.334413
v 0.632556 -0.156520 -0.332610
v 0.536409 -0.098565 -0.515841
v 0.543731 0.098168 -0.521982
v 0.713834 0.000546 -0.220672
v 0.650727 0.157583 0.334839
v 0.650304 -0.158533 0.333943
v 0.550800 -0.098413 0.518069
v 0.549003 0.099655 0.518777
v 0.742396 -0.000148 0.232369
v -0.637323 0.149566 -0.334453
v -0.632584 -0.156517 -0.332619
v -0.536419 -0.098582 -0.515840
v -0.543698 0.098182 -0.522010
v -0.713858 0.000537 -0.220704
v -0.650751 0.157563 0.334842
v -0.650343 -0.158531 0.333961
v -0.550771 -0.098467 0.518102
v -0.549011 0.099665 0.518770
v -0.742398 -0.000157 0.232362
v -0.091262 0.525576 0.138103
v -0.083406 0.622017 -0.222416
v 0.091248 0.525663 0.138020
v 0.083715 0.622467 -0.222637
v -0.420593 0.399149 0.307477
v 0.000010 0.458942 0.337385
v -0.317982 0.360493 0.507380
v -0.429847 0.506601 -0.342359
v 0.000213 0.700691 -0.452372
v -0.319656 0.446979 -0.546688
v -0.611004 0.331493 0.011467
v -0.486218 0.290652 -0.438085
v -0.694924 0.171217 -0.102093
v -0.506290 0.291771 0.440066
v -0.704841 0.176202 0.120675
v 0.420604 0.399125 0.307429
v 0.317997 0.360498 0.507379
v 0.430506 0.506651 -0.342454
v 0.320107 0.447359 -0.547336
v 0.611028 0.331484 0.011370
v 0.486013 0.290355 -0.438063
v 0.694924 0.171198 -0.102076
v 0.506303 0.291765 0.440059
v 0.704859 0.176214 0.120668
v -0.085126 -0.633948 0.220434
v -0.111801 -0.704350 -0.185888
v 0.085084 -0.634092 0.220368
v 0.111195 -0.703136 -0.185277
v -0.429356 -0.489718 0.343950
v 0.000178 -0.682714 0.467595
v -0.342129 -0.486142 0.572151
v -0.401172 -0.420485 -0.296627
v 0.000078 -0.543490 -0.351514
v -0.308262 -0.356009 -0.502599
v -0.612600 -0.332184 0.014176
v -0.495523 -0.278095 -0.440729
v -0.692760 -0.176902 -0.101930
v -0.497559 -0.306206 0.436653
v -0.703675 -0.179940 0.120679
v 0.429135 -0.489591 0.343978
v 0.342449 -0.486408 0.572046
v 0.401148 -0.421010 -0.296548
v 0.308129 -0.356183 -0.502684
v 0.612517 -0.332173 0.014121
v 0.495520 -0.278116 -0.440729
v 0.692748 -0.176911 -0.101947
v 0.497359 -0.306035 0.436573
v 0.703680 -0.179946 0.120684
v 0.204688 -0.110892 0.728493
v -0.204646 -0.110605 0.728411
v 0.203773 0.112951 0.716156
v -0.203777 0.112945 0.716091
v 0.397298 0.001703 0.651177
v -0.397273 0.001614 0.651145
v 0.199020 -0.113916 -0.707087
v -0.198890 -0.113932 -0.706899
v 0.219140 0.130179 -0.777758
v -0.218798 0.130142 -0.777059
v 0.392746 0.002828 -0.648676
v -0.392862 0.002882 -0.648710
v -0.279002 0.532464 -0.014643
v -0.334998 0.503194 0.061633
v -0.332192 0.525756 -0.085817
v -0.421002 0.488323 -0.046646
v -0.420722 0.476393 0.042470
v 0.279043 0.532619 -0.014437
v 0.335185 0.503130 0.061582
v 0.331593 0.526038 -0.085907
v 0.421015 0.488299 -0.046639
v 0.420797 0.476340 0.042374
v -0.303635 -0.628031 0.000147
v -0.353016 -0.579885 0.083905
v -0.357819 -0.613190 -0.070857
v -0.418716 -0.529873 -0.033901
v -0.432034 -0.532917 0.059343
v 0.303210 -0.627799 -0.000292
v 0.352710 -0.579480 0.084252
v 0.357573 -0.613439 -0.070719
v 0.418766 -0.529835 -0.034350
v 0.432043 -0.532593 0.059181
v -0.059100 -0.531042 0.692589
v 0.058267 -0.530764 0.692972
v 0.000032 -0.350285 0.723805
v 0.086836 -0.416854 0.707910
v -0.086405 -0.416628 0.708136
v -0.047333 0.366796 0.601436
v 0.047333 0.366787 0.601421
v -0.000003 0.307149 0.687846
v 0.077788 0.334613 0.658022
v -0.077784 0.334608 0.658018
v -0.046630 -0.366095 -0.598613
v 0.046733 -0.366091 -0.598706
v 0.000031 -0.300250 -0.686458
v 0.077360 -0.325985 -0.656069
v -0.077342 -0.325967 -0.656077
v -0.056037 0.490969 -0.675080
v 0.055953 0.490695 -0.674866
v -0.000161 0.343519 -0.747874
v 0.086939 0.395721 -0.715656
v -0.086750 0.395378 -0.715598
v 0.650460 0.066812 -0.381081
v 0.647013 -0.066768 -0.378926
v 0.604570 -0.040501 -0.461885
v 0.606484 0.042825 -0.462999
v 0.681927 0.001195 -0.331955
v 0.668707 0.068616 0.381543
v 0.667366 -0.069987 0.381142
v 0.622068 -0.044082 0.463591
v 0.621677 0.042205 0.463513
v 0.705715 -0.000575 0.334425
v -0.650488 0.066819 -0.381066
v -0.647018 -0.066739 -0.378941
v -0.604559 -0.040495 -0.461865
v -0.606498 0.042822 -0.462997
v -0.681926 0.001190 -0.331967
v -0.668714 0.068615 0.381549
v -0.667384 -0.069965 0.381126
v -0.622094 -0.044089 0.463589
v -0.621703 0.042200 0.463530
v -0.705713 -0.000578 0.334418
v -0.063513 0.585733 -0.025336
v 0.063549 0.585703 -0.025444
v -0.033967 0.569705 0.035202
v -0.026366 0.605643 -0.104327
v 0.034001 0.569642 0.035216
v 0.026431 0.605737 -0.104391
v -0.256857 0.466750 0.238119
v -0.161054 0.417040 0.434635
v -0.151694 0.483652 0.239219
v -0.320144 0.424346 0.329069
v -0.105013 0.454627 0.337509
v -0.269703 0.402065 0.428129
v -0.269717 0.613706 -0.318395
v -0.186423 0.638512 -0.540713
v -0.160249 0.681520 -0.351451
v -0.380938 0.631660 -0.422313
v -0.155013 0.812746 -0.457269
v -0.288950 0.565479 -0.504132
v -0.520962 0.395140 -0.157856
v -0.607762 0.235831 -0.276473
v -0.485506 0.398310 -0.273561
v -0.594934 0.327923 -0.099208
v -0.528746 0.309420 -0.329907
v -0.636754 0.247992 -0.158715
v -0.538843 0.378543 0.165613
v -0.627306 0.249081 0.284059
v -0.512051 0.367353 0.273225
v -0.609005 0.329515 0.118804
v -0.554944 0.310527 0.336236
v -0.654849 0.258104 0.175170
v 0.256878 0.466776 0.238168
v 0.161058 0.417099 0.434602
v 0.151542 0.483372 0.239063
v 0.104968 0.454499 0.337471
v 0.320130 0.424324 0.329113
v 0.269726 0.402080 0.428156
v 0.269723 0.613589 -0.318201
v 0.186692 0.638508 -0.540865
v 0.160291 0.681637 -0.351335
v 0.155144 0.812654 -0.457530
v 0.380993 0.631444 -0.422181
v 0.288897 0.565561 -0.504499
v 0.520974 0.395390 -0.157654
v 0.607692 0.235796 -0.276449
v 0.485834 0.398090 -0.273392
v 0.594835 0.327945 -0.099319
v 0.528853 0.309374 -0.330201
v 0.636807 0.247977 -0.158738
v 0.538870 0.378564 0.165652
v 0.627331 0.249094 0.284042
v 0.512050 0.367351 0.273192
v 0.609028 0.329505 0.118853
v 0.554945 0.310538 0.336234
v 0.654842 0.258104 0.175173
v -0.096913 -0.679820 0.008787
v 0.096888 -0.679620 0.008907
v -0.038873 -0.657596 0.106230
v -0.059996 -0.671004 -0.070469
v 0.038787 -0.657504 0.106569
v 0.059395 -0.671047 -0.070332
v -0.267260 -0.589789 0.322837
v -0.231599 -0.785270 0.621901
v -0.148490 -0.626373 0.353317
v -0.336899 -0.564004 0.404882
v -0.125080 -0.726032 0.472774
v -0.320361 -0.617523 0.541108
v -0.290833 -0.623619 -0.283435
v -0.156854 -0.459726 -0.429668
v -0.173731 -0.650325 -0.288762
v -0.310387 -0.477399 -0.322835
v -0.109711 -0.544355 -0.352062
v -0.258196 -0.430882 -0.417637
v -0.519892 -0.381344 -0.147930
v -0.611339 -0.241630 -0.279021
v -0.489904 -0.365379 -0.261139
v -0.601412 -0.323963 -0.097205
v -0.540710 -0.297080 -0.333214
v -0.641924 -0.253155 -0.159379
v -0.536301 -0.409223 0.176074
v -0.623085 -0.251558 0.281882
v -0.507717 -0.411616 0.284958
v -0.606626 -0.337474 0.121821
v -0.547050 -0.327079 0.335729
v -0.653014 -0.261823 0.174768
v 0.267129 -0.589449 0.323057
v 0.231073 -0.785939 0.620936
v 0.148701 -0.626321 0.353459
v 0.124813 -0.726468 0.473071
v 0.337058 -0.564398 0.404678
v 0.320484 -0.617208 0.540542
v 0.289989 -0.623992 -0.283229
v 0.156926 -0.459818 -0.429190
v 0.172700 -0.650360 -0.288846
v 0.109465 -0.544511 -0.352066
v 0.310204 -0.477786 -0.322659
v 0.258335 -0.430318 -0.417727
v 0.520099 -0.381245 -0.147647
v 0.611289 -0.241698 -0.279099
v 0.489895 -0.365397 -0.261088
v 0.601487 -0.323859 -0.097205
v 0.540784 -0.296828 -0.333245
v 0.641811 -0.253107 -0.159404
v 0.536277 -0.409245 0.176105
v 0.623094 -0.251579 0.281878
v 0.507549 -0.411056 0.284924
v 0.606536 -0.337490 0.121785
v 0.546983 -0.326818 0.335753
v 0.652991 -0.261891 0.174748
v 0.000034 -0.112515 0.777469
v -0.000010 0.111861 0.746223
v 0.103659 -0.056635 0.750170
v -0.103455 -0.056623 0.750459
v 0.103428 0.055354 0.742139
v -0.103368 0.055271 0.742158
v 0.279614 -0.298145 0.655000
v 0.463077 -0.158962 0.564185
v 0.353670 -0.352204 0.586127
v 0.437328 -0.272132 0.527930
v 0.290375 -0.170974 0.672606
v 0.388243 -0.108919 0.635151
v -0.279312 -0.298154 0.655159
v -0.462986 -0.159075 0.564136
v -0.353715 -0.351872 0.586404
v -0.437061 -0.271537 0.527908
v -0.290528 -0.171289 0.672388
v -0.388048 -0.108932 0.635051
v 0.278125 0.270380 0.639502
v 0.465957 0.161999 0.569687
v 0.352543 0.306414 0.568058
v 0.445708 0.262218 0.532366
v 0.293291 0.168471 0.670447
v 0.389180 0.111628 0.637006
v -0.278131 0.270387 0.639514
v -0.465960 0.162021 0.569700
v -0.352537 0.306416 0.568056
v -0.445700 0.262201 0.532382
v -0.293299 0.168489 0.670451
v -0.389218 0.111653 0.637088
v -0.000310 -0.112903 -0.732612
v 0.000068 0.129707 -0.796094
v 0.102082 -0.053553 -0.737707
v -0.102587 -0.053741 -0.737386
v 0.107588 0.068657 -0.772693
v -0.107979 0.068544 -0.772612
v 0.274842 -0.263389 -0.638546
v 0.455908 -0.158971 -0.564467
v 0.346914 -0.294522 -0.568523
v 0.438167 -0.252687 -0.533053
v 0.290301 -0.170587 -0.666423
v 0.383974 -0.112056 -0.632965
v -0.274815 -0.263385 -0.638566
v -0.455911 -0.158961 -0.564443
v -0.346818 -0.294638 -0.568473
v -0.438128 -0.252722 -0.533032
v -0.290345 -0.170787 -0.666460
v -0.384023 -0.112074 -0.632982
v 0.289935 0.293992 -0.686292
v 0.472946 0.161904 -0.584981
v 0.349188 0.333683 -0.590804
v 0.437284 0.262003 -0.539508
v 0.312906 0.185770 -0.725247
v 0.394419 0.118337 -0.653743
v -0.290514 0.294091 -0.687097
v -0.472937 0.161895 -0.584983
v -0.349446 0.333364 -0.590955
v -0.437219 0.261659 -0.539829
v -0.312913 0.185950 -0.725281
v -0.394462 0.118352 -0.653774
v 0.745148 -0.000017 -0.102065
v 0.756697 -0.000078 0.121276
v 0.741622 0.087397 -0.045432
v 0.745585 0.088975 0.065300
v 0.737072 -0.090233 -0.045050
v 0.741634 -0.091167 0.065665
v -0.745158 -0.000018 -0.102054
v -0.756698 -0.000081 0.121280
v -0.741658 0.087380 -0.045425
v -0.745587 0.088979 0.065297
v -0.737049 -0.090207 -0.045059
v -0.741616 -0.091173 0.065644
v -0.233791 0.526661 0.062628
v -0.230507 0.560718 -0.106501
v -0.126743 0.549986 0.053974
v -0.115814 0.589303 -0.108407
v -0.395126 0.461299 0.131159
v -0.192778 0.508583 0.146244
v -0.360152 0.443785 0.227091
v -0.392783 0.507355 -0.153315
v -0.189875 0.599388 -0.217026
v -0.377270 0.556594 -0.276392
v -0.488095 0.440784 0.002899
v -0.446301 0.469842 -0.217212
v -0.546225 0.393305 -0.045455
v -0.456697 0.415451 0.203131
v -0.551386 0.387548 0.060160
v 0.233887 0.526492 0.062525
v 0.230678 0.561202 -0.106488
v 0.126835 0.549861 0.054010
v 0.115610 0.589141 -0.108426
v 0.395091 0.461314 0.131184
v 0.192838 0.508488 0.146113
v 0.360080 0.443796 0.227097
v 0.392677 0.508202 -0.153457
v 0.189724 0.599483 -0.217136
v 0.377086 0.556354 -0.276445
v 0.488099 0.440869 0.002827
v 0.446745 0.469450 -0.217275
v 0.546279 0.393323 -0.045455
v 0.456698 0.415506 0.203168
v 0.551380 0.387561 0.060073
v -0.247186 -0.613089 0.093154
v -0.298428 -0.747275 -0.079522
v -0.131988 -0.641675 0.097321
v -0.160852 -0.763448 -0.080769
v -0.421826 -0.540320 0.162085
v -0.195217 -0.607565 0.212316
v -0.377777 -0.543831 0.277508
v -0.395704 -0.534390 -0.132435
v -0.236297 -0.783920 -0.222192
v -0.363790 -0.524950 -0.234726
v -0.484026 -0.464679 0.015433
v -0.437916 -0.443768 -0.192123
v -0.544699 -0.392210 -0.036913
v -0.467845 -0.484301 0.229368
v -0.548188 -0.402070 0.069112
v 0.246891 -0.612812 0.092924
v 0.297906 -0.747708 -0.079526
v 0.131790 -0.641733 0.097285
v 0.159247 -0.761279 -0.080914
v 0.421766 -0.540286 0.161993
v 0.195385 -0.607916 0.212534
v 0.378133 -0.544231 0.277469
v 0.395704 -0.534614 -0.132121
v 0.235026 -0.784328 -0.222150
v 0.363453 -0.524618 -0.234911
v 0.484467 -0.464571 0.015633
v 0.437830 -0.443181 -0.191789
v 0.545210 -0.391836 -0.036823
v 0.467671 -0.484229 0.229301
v 0.548455 -0.402106 0.069202
v 0.000024 -0.620820 0.655981
v -0.180479 -0.509327 0.696771
v -0.067920 -0.697241 0.587547
v -0.285316 -0.618690 0.676647
v 0.179906 -0.509332 0.696307
v 0.067313 -0.697147 0.586727
v 0.285737 -0.619309 0.676279
v 0.095660 -0.294644 0.728212
v -0.095406 -0.294367 0.727841
v 0.101137 -0.171730 0.753328
v -0.101539 -0.171079 0.754044
v 0.282335 -0.441188 0.661206
v 0.193605 -0.234807 0.707074
v -0.282106 -0.440802 0.660663
v -0.193977 -0.234634 0.706542
v -0.000001 0.395000 0.526700
v -0.147514 0.357110 0.601522
v -0.053272 0.424716 0.435308
v -0.211824 0.379505 0.521744
v 0.147512 0.357100 0.601535
v 0.053277 0.424726 0.435288
v 0.211816 0.379508 0.521715
v 0.092583 0.269963 0.697189
v -0.092575 0.269968 0.697181
v 0.099824 0.167918 0.723828
v -0.099816 0.167886 0.723755
v 0.252163 0.337931 0.591675
v 0.194121 0.223029 0.691601
v -0.252167 0.337912 0.591664
v -0.194118 0.223053 0.691600
v -0.000059 -0.413797 -0.518203
v -0.144822 -0.352298 -0.599869
v -0.052839 -0.472919 -0.434213
v -0.203648 -0.387166 -0.512117
v 0.144836 -0.352099 -0.599904
v 0.052188 -0.473135 -0.434498
v 0.203899 -0.387314 -0.512131
v 0.092332 -0.266126 -0.696458
v -0.092376 -0.266112 -0.696455
v 0.100130 -0.173810 -0.722142
v -0.100065 -0.173839 -0.722195
v 0.246727 -0.327319 -0.588920
v 0.191054 -0.221398 -0.688117
v -0.246685 -0.327307 -0.588872
v -0.191138 -0.221342 -0.688114
v 0.000240 0.589541 -0.633748
v -0.168511 0.462095 -0.671463
v -0.069697 0.667503 -0.554166
v -0.234531 0.521242 -0.598911
v 0.168675 0.462100 -0.671932
v 0.069942 0.667625 -0.554270
v 0.234551 0.520956 -0.598950
v 0.105006 0.298281 -0.772538
v -0.104950 0.298559 -0.772560
v 0.116401 0.191037 -0.820607
v -0.116615 0.191014 -0.820994
v 0.262767 0.404002 -0.639445
v 0.221588 0.250616 -0.786184
v -0.262558 0.403708 -0.638895
v -0.221614 0.250791 -0.786136
v 0.594726 0.128555 -0.433613
v 0.683871 0.077883 -0.277993
v 0.571590 0.218494 -0.387897
v 0.666803 0.161965 -0.219575
v 0.587029 -0.132248 -0.429068
v 0.679635 -0.079321 -0.276182
v 0.571383 -0.225328 -0.389829
v 0.663704 -0.167477 -0.218946
v 0.548642 0.001541 -0.531908
v 0.518848 -0.198100 -0.485320
v 0.469929 -0.052424 -0.586324
v 0.522885 0.193029 -0.488382
v 0.473470 0.055298 -0.590681
v 0.715205 0.083618 -0.161536
v 0.710589 -0.085819 -0.160691
v 0.606356 0.135469 0.432443
v 0.708268 0.080729 0.283432
v 0.585340 0.232197 0.389564
v 0.687283 0.170916 0.229627
v 0.606673 -0.134620 0.430974
v 0.705955 -0.082174 0.283564
v 0.580570 -0.232112 0.384812
v 0.686042 -0.173152 0.229442
v 0.561350 -0.001073 0.536875
v 0.524855 -0.200347 0.478240
v 0.484492 -0.052066 0.596088
v 0.529644 0.201698 0.484086
v 0.482101 0.053712 0.595465
v 0.735000 0.086877 0.176265
v 0.731539 -0.088556 0.176624
v -0.594707 0.128589 -0.433657
v -0.683869 0.077849 -0.277992
v -0.571510 0.218451 -0.387806
v -0.666804 0.161974 -0.219519
v -0.587020 -0.132210 -0.429054
v -0.679654 -0.079334 -0.276163
v -0.571353 -0.225326 -0.389820
v -0.663664 -0.167494 -0.218897
v -0.548679 0.001509 -0.531899
v -0.518811 -0.198124 -0.485326
v -0.469970 -0.052485 -0.586344
v -0.522983 0.193231 -0.488309
v -0.472816 0.055393 -0.590134
v -0.715214 0.083622 -0.161527
v -0.710569 -0.085788 -0.160701
v -0.606372 0.135460 0.432458
v -0.708286 0.080716 0.283432
v -0.585345 0.232188 0.389567
v -0.687272 0.170915 0.229642
v -0.606648 -0.134668 0.430988
v -0.705935 -0.082165 0.283589
v -0.580541 -0.232255 0.384793
v -0.686040 -0.173142 0.229427
v -0.561341 -0.001075 0.536873
v -0.524253 -0.200298 0.477840
v -0.484469 -0.052063 0.596133
v -0.529611 0.201679 0.484076
v -0.482049 0.053709 0.595409
v -0.735020 0.086878 0.176263
v -0.731542 -0.088564 0.176608
v 0.000009 0.532836 0.131653
v -0.049718 0.492660 0.236603
v 0.000130 0.631378 -0.222683
v -0.056852 0.675195 -0.346420
v 0.049702 0.492582 0.236565
v 0.056890 0.675277 -0.346420
v -0.375005 0.380913 0.411607
v -0.469925 0.351855 0.379839
v -0.417098 0.332759 0.480138
v -0.383170 0.492488 -0.456007
v -0.446562 0.393329 -0.386462
v -0.401346 0.368568 -0.491153
v -0.659543 0.257120 -0.043282
v -0.665352 0.260751 0.066369
v -0.710849 0.176777 0.010893
v 0.375005 0.380927 0.411598
v 0.469895 0.351857 0.379840
v 0.417114 0.332803 0.480145
v 0.384090 0.492028 -0.456110
v 0.446873 0.393303 -0.387006
v 0.401399 0.368496 -0.491458
v 0.659545 0.257124 -0.043322
v 0.665362 0.260761 0.066428
v 0.710849 0.176790 0.010910
v 0.000039 -0.648416 0.224421
v -0.048406 -0.656106 0.349710
v -0.000045 -0.633278 -0.156498
v -0.057664 -0.612652 -0.266638
v 0.048783 -0.656115 0.349435
v 0.057482 -0.612339 -0.266395
v -0.384302 -0.491760 0.459095
v -0.464801 -0.403876 0.392962
v -0.413767 -0.385986 0.495763
v -0.357241 -0.389166 -0.399853
v -0.455257 -0.343227 -0.374913
v -0.405430 -0.319895 -0.477656
v -0.663356 -0.261503 -0.043520
v -0.666015 -0.264431 0.066362
v -0.709583 -0.182191 0.010826
v 0.385102 -0.491749 0.458864
v 0.464836 -0.403968 0.393040
v 0.413662 -0.386042 0.495782
v 0.356770 -0.389576 -0.399453
v 0.455544 -0.343074 -0.375093
v 0.405339 -0.319887 -0.477589
v 0.663343 -0.261519 -0.043535
v 0.666020 -0.264422 0.066363
v 0.709608 -0.182204 0.010832
v 0.207190 0.000831 0.727819
v 0.303909 -0.052988 0.695414
v -0.207237 0.000730 0.727955
v -0.303896 -0.052913 0.695347
v 0.303787 0.056996 0.693425
v -0.303784 0.056880 0.693401
v 0.205056 0.007383 -0.730135
v 0.297361 -0.053926 -0.682811
v -0.205196 0.007329 -0.730362
v -0.297222 -0.053933 -0.683194
v 0.305181 0.065717 -0.705433
v -0.305194 0.065675 -0.705283
v -0.326159 0.519495 -0.009795
v -0.352406 0.507946 0.024971
v -0.348751 0.515607 -0.040525
v -0.391053 0.500380 -0.022723
v -0.391588 0.495917 0.016679
v 0.325955 0.519418 -0.009937
v 0.352586 0.507870 0.024962
v 0.348859 0.515538 -0.040501
v 0.391060 0.500350 -0.022734
v 0.391756 0.495803 0.016615
v -0.344558 -0.600655 0.004130
v -0.366734 -0.579127 0.039920
v -0.365453 -0.591158 -0.026904
v -0.395523 -0.558592 -0.011377
v -0.400514 -0.557029 0.030095
v 0.344475 -0.600957 0.004332
v 0.366528 -0.579299 0.040176
v 0.365497 -0.591445 -0.026769
v 0.395652 -0.558769 -0.011040
v 0.400155 -0.557290 0.030109
v -0.024799 -0.484406 0.699652
v 0.024674 -0.484484 0.699390
v -0.000017 -0.405437 0.713313
v 0.038569 -0.435249 0.707443
v -0.038803 -0.435387 0.707291
v -0.020961 0.356086 0.629994
v 0.020958 0.356078 0.629979
v -0.000003 0.332298 0.667967
v 0.034112 0.342160 0.654149
v -0.034110 0.342157 0.654138
v -0.020809 -0.351192 -0.628635
v 0.020844 -0.351126 -0.628607
v 0.000032 -0.324464 -0.666847
v 0.033997 -0.334428 -0.652450
v -0.033969 -0.334444 -0.652456
v -0.024276 0.452831 -0.692182
v 0.024125 0.452697 -0.692119
v 0.000312 0.387791 -0.723854
v 0.038754 0.412257 -0.711035
v -0.038586 0.412030 -0.710843
v 0.651972 0.030437 -0.399174
v 0.651012 -0.027531 -0.398513
v 0.631276 -0.016248 -0.434569
v 0.631843 0.019714 -0.434916
v 0.665906 0.001689 -0.377986
v 0.671444 0.029349 0.400235
v 0.670644 -0.031225 0.400120
v 0.650054 -0.019988 0.436163
v 0.650174 0.017648 0.436124
v 0.685175 -0.000833 0.378363
v -0.651977 0.030412 -0.399155
v -0.651008 -0.027509 -0.398501
v -0.631285 -0.016248 -0.434558
v -0.631847 0.019684 -0.434905
v -0.665912 0.001679 -0.378005
v -0.671458 0.029324 0.400239
v -0.670615 -0.031216 0.400110
v -0.650039 -0.019966 0.436153
v -0.650182 0.017649 0.436129
v -0.685180 -0.000837 0.378363
v -0.030575 0.589428 -0.028691
v 0.030692 0.589294 -0.028780
v -0.016362 0.580383 0.003141
v -0.013599 0.600107 -0.065279
v 0.016389 0.580365 0.003168
v 0.013720 0.600054 -0.065302
v -0.234994 0.454954 0.286619
v -0.187298 0.430142 0.385714
v -0.182006 0.463495 0.288224
v -0.265838 0.434036 0.333270
v -0.158219 0.449615 0.337220
v -0.241722 0.422526 0.383421
v -0.246569 0.639434 -0.384079
v -0.204248 0.663907 -0.496370
v -0.201360 0.700731 -0.401819
v -0.291685 0.626555 -0.426326
v -0.217188 0.791957 -0.472164
v -0.260467 0.617247 -0.476319
v -0.542727 0.359599 -0.186126
v -0.586074 0.278152 -0.245836
v -0.524944 0.357350 -0.244317
v -0.579668 0.323782 -0.157505
v -0.547108 0.315265 -0.273695
v -0.601361 0.283580 -0.187222
v -0.565995 0.351840 0.197197
v -0.610779 0.288686 0.256595
v -0.553341 0.347472 0.251834
v -0.601637 0.326470 0.173012
v -0.575328 0.318094 0.282513
v -0.624601 0.293148 0.201901
v 0.235067 0.454899 0.286667
v 0.187321 0.430093 0.385742
v 0.181861 0.463030 0.288047
v 0.158359 0.449795 0.337479
v 0.265806 0.434050 0.333295
v 0.241747 0.422537 0.383425
v 0.246617 0.639287 -0.384082
v 0.204360 0.663886 -0.496053
v 0.201471 0.700908 -0.401695
v 0.217213 0.791971 -0.472196
v 0.291900 0.626477 -0.426614
v 0.260746 0.617132 -0.476606
v 0.542755 0.359337 -0.186361
v 0.585937 0.278269 -0.245870
v 0.525047 0.357338 -0.244623
v 0.579823 0.323717 -0.157561
v 0.547370 0.315034 -0.273516
v 0.601277 0.283607 -0.187235
v 0.565980 0.351811 0.197193
v 0.610785 0.288673 0.256583
v 0.553365 0.347455 0.251831
v 0.601653 0.326471 0.173003
v 0.575336 0.318101 0.282514
v 0.624620 0.293165 0.201913
v -0.048152 -0.673458 0.012517
v 0.048205 -0.673024 0.013070
v -0.021638 -0.666210 0.059138
v -0.026810 -0.671796 -0.028258
v 0.021564 -0.665610 0.059532
v 0.026531 -0.671639 -0.028323
v -0.250346 -0.609316 0.398866
v -0.269908 -0.772011 0.529047
v -0.197542 -0.655788 0.410105
v -0.291360 -0.607483 0.441088
v -0.198431 -0.761055 0.464684
v -0.294668 -0.663639 0.505212
v -0.250279 -0.574419 -0.313290
v -0.185416 -0.491253 -0.385793
v -0.196573 -0.590076 -0.319009
v -0.264491 -0.506358 -0.335112
v -0.163661 -0.540860 -0.351545
v -0.235742 -0.474569 -0.378731
v -0.546340 -0.345831 -0.180507
v -0.594423 -0.277503 -0.247681
v -0.531787 -0.338507 -0.238741
v -0.587098 -0.318006 -0.155310
v -0.557428 -0.304425 -0.274114
v -0.609567 -0.283725 -0.187636
v -0.561049 -0.374210 0.202830
v -0.604791 -0.295417 0.255424
v -0.545891 -0.373277 0.256791
v -0.597265 -0.337846 0.175420
v -0.567481 -0.333299 0.282705
v -0.620390 -0.299530 0.201756
v 0.250635 -0.609151 0.399053
v 0.269249 -0.772177 0.528622
v 0.197627 -0.655898 0.410153
v 0.198627 -0.760940 0.464615
v 0.291343 -0.607594 0.441067
v 0.294114 -0.663594 0.504670
v 0.250009 -0.575104 -0.313199
v 0.185322 -0.491266 -0.385796
v 0.196469 -0.590376 -0.319178
v 0.163308 -0.541530 -0.351573
v 0.264370 -0.506602 -0.334993
v 0.235709 -0.474416 -0.378658
v 0.546733 -0.345789 -0.180689
v 0.594443 -0.277491 -0.247659
v 0.532041 -0.338188 -0.239059
v 0.587161 -0.318009 -0.155398
v 0.557419 -0.304502 -0.274105
v 0.609550 -0.283763 -0.187605
v 0.561131 -0.374224 0.202849
v 0.604714 -0.295434 0.255461
v 0.546106 -0.373433 0.256783
v 0.597162 -0.337832 0.175433
v 0.567478 -0.333152 0.282709
v 0.620354 -0.299618 0.201841
v 0.000009 -0.056762 0.761943
v 0.000024 0.053917 0.754167
v 0.051865 -0.029124 0.754687
v -0.051733 -0.029098 0.754649
v 0.051829 0.026623 0.751220
v -0.051813 0.026473 0.751271
v 0.323518 -0.262333 0.630740
v 0.415628 -0.192205 0.585213
v 0.361086 -0.288416 0.595138
v 0.404559 -0.250863 0.569394
v 0.330972 -0.199729 0.641428
v 0.378621 -0.166882 0.620739
v -0.324067 -0.262321 0.630839
v -0.415993 -0.192001 0.585146
v -0.360587 -0.287813 0.595491
v -0.404843 -0.250568 0.569494
v -0.331207 -0.199948 0.641753
v -0.378665 -0.167246 0.620914
v 0.326865 0.246196 0.625683
v 0.421249 0.192247 0.591102
v 0.365082 0.268242 0.591318
v 0.411780 0.243139 0.573458
v 0.334876 0.194956 0.641533
v 0.382195 0.166539 0.623952
v -0.326872 0.246252 0.625708
v -0.421242 0.192247 0.591103
v -0.365078 0.268206 0.591317
v -0.411773 0.243139 0.573468
v -0.334873 0.194998 0.641540
v -0.382196 0.166561 0.623963
v -0.000275 -0.053470 -0.743528
v 0.000101 0.068531 -0.776183
v 0.051643 -0.022871 -0.748986
v -0.051763 -0.022932 -0.749067
v 0.053290 0.038411 -0.765638
v -0.053371 0.038012 -0.765456
v 0.323553 -0.242079 -0.625737
v 0.413570 -0.188592 -0.587425
v 0.359812 -0.259549 -0.590950
v 0.405166 -0.236097 -0.572534
v 0.332100 -0.195874 -0.640853
v 0.377210 -0.166452 -0.621618
v -0.323546 -0.242036 -0.625750
v -0.413582 -0.188591 -0.587412
v -0.359797 -0.259507 -0.590930
v -0.405177 -0.236057 -0.572534
v -0.332103 -0.195853 -0.640836
v -0.377234 -0.166464 -0.621615
v 0.336274 0.260970 -0.662337
v 0.430734 0.194881 -0.613450
v 0.365863 0.279917 -0.614100
v 0.411507 0.245526 -0.589541
v 0.351603 0.208445 -0.684499
v 0.396602 0.175741 -0.655392
v -0.337250 0.261208 -0.663282
v -0.430652 0.194945 -0.613316
v -0.366203 0.279619 -0.614431
v -0.411750 0.245414 -0.589703
v -0.351308 0.208535 -0.684242
v -0.396533 0.175901 -0.655315
v 0.757622 -0.000103 -0.044796
v 0.760693 -0.000178 0.065278
v 0.758445 0.044063 -0.017314
v 0.758620 0.044450 0.037598
v 0.755907 -0.045128 -0.016965
v 0.755990 -0.045538 0.037869
v -0.757647 -0.000124 -0.044803
v -0.760669 -0.000165 0.065285
v -0.758439 0.044076 -0.017325
v -0.758599 0.044472 0.037601
v -0.755926 -0.045135 -0.016949
v -0.755996 -0.045554 0.037872
v -0.227108 0.545897 -0.018856
v -0.113681 0.574203 -0.022925
v -0.202451 0.543391 0.020435
v -0.199842 0.560561 -0.063299
v -0.147388 0.556364 0.016812
v -0.142224 0.574932 -0.063999
v -0.316429 0.496544 0.102259
v -0.277627 0.477916 0.191035
v -0.265571 0.508503 0.104354
v -0.346881 0.474740 0.139983
v -0.245251 0.498477 0.147203
v -0.329048 0.466156 0.186398
v -0.314379 0.540452 -0.136971
v -0.284619 0.584515 -0.254186
v -0.263615 0.560701 -0.150180
v -0.347590 0.535004 -0.175401
v -0.245524 0.580721 -0.207312
v -0.336432 0.558354 -0.235648
v -0.449854 0.472860 -0.073454
v -0.499364 0.426912 -0.129445
v -0.434874 0.480442 -0.128198
v -0.486208 0.447005 -0.047510
v -0.460714 0.459103 -0.158364
v -0.513075 0.423840 -0.073236
v -0.450320 0.453643 0.071024
v -0.509759 0.404073 0.133546
v -0.439686 0.446279 0.118299
v -0.485141 0.434548 0.052156
v -0.469822 0.422493 0.151886
v -0.516095 0.409131 0.081918
v 0.227096 0.545740 -0.019128
v 0.113990 0.574138 -0.022992
v 0.202523 0.543307 0.020359
v 0.199909 0.560615 -0.063184
v 0.147332 0.556259 0.016759
v 0.141685 0.574903 -0.063942
v 0.316622 0.496536 0.102205
v 0.277633 0.477937 0.191021
v 0.265638 0.508523 0.104368
v 0.346881 0.474735 0.139974
v 0.245361 0.498496 0.147209
v 0.328986 0.466177 0.186438
v 0.314417 0.540263 -0.136975
v 0.284440 0.584507 -0.254023
v 0.263750 0.560651 -0.149866
v 0.347365 0.534926 -0.175376
v 0.245664 0.581260 -0.207231
v 0.336360 0.558342 -0.235558
v 0.449814 0.472673 -0.073254
v 0.499502 0.426863 -0.129338
v 0.434857 0.480364 -0.128624
v 0.486371 0.447123 -0.047597
v 0.460661 0.458983 -0.157940
v 0.513130 0.423872 -0.073385
v 0.450290 0.453586 0.071075
v 0.509774 0.404075 0.133588
v 0.439666 0.446295 0.118368
v 0.485144 0.434553 0.052143
v 0.469823 0.422503 0.151947
v 0.516102 0.409121 0.081912
v -0.256521 -0.659267 0.001966
v -0.148068 -0.683682 0.004628
v -0.219684 -0.637477 0.042451
v -0.246109 -0.717918 -0.033243
v -0.164153 -0.652205 0.044419
v -0.185799 -0.723319 -0.037325
v -0.333834 -0.578821 0.135152
v -0.289067 -0.581806 0.254238
v -0.278278 -0.594952 0.143822
v -0.368666 -0.561118 0.178050
v -0.254480 -0.594754 0.203674
v -0.345973 -0.563071 0.236793
v -0.353032 -0.639366 -0.122060
v -0.340277 -0.665057 -0.250822
v -0.335819 -0.723101 -0.139641
v -0.368318 -0.589768 -0.155937
v -0.317788 -0.741408 -0.209717
v -0.355983 -0.591768 -0.211692
v -0.441910 -0.494585 -0.059886
v -0.493287 -0.418363 -0.116533
v -0.429929 -0.492162 -0.109738
v -0.477134 -0.460460 -0.035786
v -0.453366 -0.451294 -0.139356
v -0.505121 -0.423285 -0.062725
v -0.459881 -0.504681 0.090086
v -0.512012 -0.442931 0.148571
v -0.455860 -0.509620 0.142378
v -0.487295 -0.469302 0.067320
v -0.479630 -0.479590 0.173625
v -0.516081 -0.438081 0.094908
v 0.256534 -0.659197 0.001902
v 0.148206 -0.683318 0.004877
v 0.219787 -0.637440 0.042362
v 0.245476 -0.718214 -0.033056
v 0.163955 -0.652231 0.044520
v 0.185226 -0.722545 -0.037059
v 0.333841 -0.579057 0.135299
v 0.288799 -0.581614 0.254498
v 0.278486 -0.595127 0.143985
v 0.368083 -0.560760 0.177962
v 0.254417 -0.594204 0.203820
v 0.346019 -0.562536 0.236949
v 0.353090 -0.639833 -0.122374
v 0.340272 -0.665240 -0.250943
v 0.335638 -0.723727 -0.139615
v 0.368846 -0.589663 -0.156072
v 0.317328 -0.741818 -0.209825
v 0.356321 -0.592050 -0.211661
v 0.441794 -0.494513 -0.059490
v 0.492768 -0.418112 -0.116545
v 0.429183 -0.491454 -0.109773
v 0.477134 -0.460486 -0.035544
v 0.453145 -0.450999 -0.139386
v 0.505175 -0.423491 -0.062741
v 0.459764 -0.504251 0.089748
v 0.511694 -0.442890 0.148552
v 0.455701 -0.509167 0.142237
v 0.488260 -0.469438 0.067399
v 0.479411 -0.479390 0.173648
v 0.516168 -0.438072 0.094965
v -0.098617 -0.587608 0.688478
v -0.189514 -0.750752 0.679915
v -0.069850 -0.633811 0.665262
v -0.167012 -0.587067 0.697275
v -0.105953 -0.697249 0.647824
v -0.222136 -0.661564 0.699325
v 0.098075 -0.587857 0.688607
v 0.188325 -0.752254 0.679393
v 0.069232 -0.633767 0.665261
v 0.166685 -0.587527 0.696921
v 0.105662 -0.697151 0.646623
v 0.222227 -0.663191 0.699274
v 0.000270 -0.291622 0.739560
v -0.000051 -0.167343 0.824412
v 0.048603 -0.261799 0.745567
v -0.048463 -0.261763 0.745359
v 0.049868 -0.200678 0.767255
v -0.050157 -0.200088 0.768174
v 0.137844 -0.393508 0.705125
v 0.235036 -0.333358 0.677637
v 0.185655 -0.435475 0.694837
v 0.141608 -0.328923 0.711113
v 0.236045 -0.403580 0.680962
v 0.190238 -0.299055 0.698828
v -0.138404 -0.393393 0.704535
v -0.235010 -0.333250 0.677914
v -0.186026 -0.435487 0.695391
v -0.141496 -0.328982 0.711331
v -0.236762 -0.403795 0.681796
v -0.190339 -0.298618 0.699045
v -0.075817 0.378557 0.566585
v -0.133323 0.403909 0.481472
v -0.052138 0.393964 0.526325
v -0.127757 0.374492 0.566550
v -0.079773 0.407907 0.482686
v -0.158401 0.386347 0.525702
v 0.075811 0.378567 0.566559
v 0.133321 0.403933 0.481469
v 0.052137 0.393985 0.526323
v 0.127768 0.374506 0.566568
v 0.079777 0.407897 0.482676
v 0.158403 0.386367 0.525710
v -0.000001 0.269856 0.705498
v -0.000013 0.168762 0.734452
v 0.047199 0.246666 0.710760
v -0.047206 0.246682 0.710769
v 0.049074 0.195179 0.723996
v -0.049087 0.195178 0.723997
v 0.126030 0.323183 0.658124
v 0.227976 0.291275 0.649434
v 0.163575 0.335978 0.630273
v 0.135765 0.290569 0.678941
v 0.215426 0.323896 0.625783
v 0.186813 0.270960 0.675641
v -0.126036 0.323188 0.658124
v -0.227976 0.291273 0.649429
v -0.163582 0.335984 0.630267
v -0.135773 0.290581 0.678963
v -0.215425 0.323883 0.625769
v -0.186807 0.270966 0.675635
v -0.073585 -0.384681 -0.559801
v -0.129196 -0.431947 -0.474206
v -0.050561 -0.411909 -0.518416
v -0.124098 -0.377506 -0.560289
v -0.077406 -0.438614 -0.475729
v -0.152564 -0.398233 -0.516272
v 0.073929 -0.384682 -0.560194
v 0.129018 -0.432030 -0.473296
v 0.050814 -0.411778 -0.518165
v 0.124457 -0.377705 -0.560944
v 0.077446 -0.438301 -0.475459
v 0.152480 -0.398674 -0.515675
v -0.000039 -0.265435 -0.702587
v 0.000077 -0.171083 -0.725203
v 0.047429 -0.244418 -0.707745
v -0.047458 -0.244414 -0.707743
v 0.049438 -0.197988 -0.720234
v -0.049513 -0.197973 -0.720189
v 0.125071 -0.314798 -0.657718
v 0.224858 -0.282815 -0.648461
v 0.161589 -0.327890 -0.630607
v 0.134628 -0.284192 -0.678414
v 0.211956 -0.313918 -0.625017
v 0.184327 -0.265192 -0.674141
v -0.125051 -0.314770 -0.657724
v -0.224813 -0.282821 -0.648450
v -0.161559 -0.327945 -0.630588
v -0.134578 -0.284184 -0.678435
v -0.211919 -0.313954 -0.625005
v -0.184315 -0.265186 -0.674141
v -0.092727 0.532797 -0.655351
v -0.165633 0.611853 -0.596807
v -0.066765 0.585645 -0.632811
v -0.153780 0.519605 -0.654293
v -0.104880 0.629771 -0.603166
v -0.193235 0.556930 -0.627632
v 0.092703 0.532071 -0.654710
v 0.165733 0.611792 -0.596509
v 0.067213 0.585772 -0.633262
v 0.154220 0.519729 -0.654615
v 0.105330 0.629653 -0.603073
v 0.193403 0.556988 -0.627576
v -0.000095 0.295512 -0.775796
v 0.000063 0.188395 -0.809718
v 0.054293 0.271266 -0.789345
v -0.054625 0.271267 -0.789230
v 0.057528 0.218130 -0.812539
v -0.057757 0.218239 -0.812882
v 0.139248 0.376164 -0.718324
v 0.242710 0.325040 -0.705776
v 0.180296 0.406455 -0.691571
v 0.150911 0.325871 -0.747893
v 0.229863 0.379032 -0.680120
v 0.207808 0.302926 -0.751410
v -0.138940 0.376145 -0.718353
v -0.242933 0.325427 -0.706223
v -0.180310 0.406481 -0.691013
v -0.150844 0.325887 -0.747788
v -0.230446 0.379454 -0.680867
v -0.207811 0.303136 -0.751469
v 0.645661 0.107167 -0.359283
v 0.624956 0.192625 -0.306653
v 0.617896 0.140240 -0.386057
v 0.661972 0.114146 -0.305953
v 0.608002 0.184109 -0.362090
v 0.652093 0.156342 -0.277787
v 0.640014 -0.110623 -0.356208
v 0.623944 -0.201677 -0.307556
v 0.610756 -0.145620 -0.382478
v 0.657320 -0.118157 -0.303985
v 0.603809 -0.192675 -0.361342
v 0.648622 -0.162611 -0.276906
v 0.572393 -0.068393 -0.489259
v 0.497002 -0.129036 -0.540577
v 0.562203 -0.116579 -0.473306
v 0.544498 -0.047993 -0.527069
v 0.527572 -0.149249 -0.501528
v 0.504393 -0.076673 -0.551859
v 0.576308 0.069188 -0.491846
v 0.509624 0.129324 -0.553512
v 0.568913 0.114487 -0.477986
v 0.547617 0.050076 -0.529431
v 0.535410 0.145603 -0.507912
v 0.510482 0.078253 -0.558048
v 0.697411 0.000807 -0.278294
v 0.730007 0.000265 -0.161248
v 0.702225 0.040129 -0.249901
v 0.700043 -0.039873 -0.249053
v 0.718518 0.041483 -0.191263
v 0.716259 -0.041660 -0.190619
v 0.660848 0.112046 0.358964
v 0.639981 0.204128 0.309986
v 0.630027 0.148160 0.385134
v 0.681388 0.119614 0.308942
v 0.619049 0.195219 0.361898
v 0.670101 0.164996 0.282891
v 0.660085 -0.112988 0.358466
v 0.637962 -0.205261 0.308197
v 0.630169 -0.148217 0.383993
v 0.680112 -0.120971 0.308733
v 0.617453 -0.195524 0.359468
v 0.669431 -0.166696 0.282396
v 0.588456 -0.070572 0.491383
v 0.509177 -0.127606 0.542695
v 0.579670 -0.117887 0.475201
v 0.558605 -0.049670 0.531577
v 0.538907 -0.148673 0.499303
v 0.520045 -0.076401 0.559599
v 0.587488 0.069934 0.491708
v 0.508126 0.130436 0.544671
v 0.578341 0.118901 0.476152
v 0.557371 0.048862 0.531689
v 0.539486 0.150816 0.502422
v 0.517678 0.077834 0.559802
v 0.724976 -0.000400 0.284644
v 0.749830 -0.000111 0.177293
v 0.730518 0.040899 0.258252
v 0.728751 -0.041832 0.258620
v 0.743199 0.042755 0.204557
v 0.741030 -0.043539 0.204895
v -0.645672 0.107157 -0.359292
v -0.624896 0.192594 -0.306568
v -0.617824 0.140212 -0.386071
v -0.662013 0.114120 -0.305986
v -0.607996 0.184107 -0.362068
v -0.652073 0.156354 -0.277743
v -0.640024 -0.110595 -0.356223
v -0.623881 -0.201693 -0.307575
v -0.610771 -0.145644 -0.382486
v -0.657278 -0.118131 -0.303933
v -0.603810 -0.192687 -0.361329
v -0.648597 -0.162615 -0.276865
v -0.572388 -0.068405 -0.489261
v -0.497011 -0.129031 -0.540589
v -0.562272 -0.116507 -0.473336
v -0.544509 -0.047981 -0.527077
v -0.527571 -0.149252 -0.501533
v -0.504389 -0.076685 -0.551877
v -0.576303 0.069219 -0.491849
v -0.509608 0.129315 -0.553575
v -0.568890 0.114496 -0.478031
v -0.547636 0.050028 -0.529430
v -0.535400 0.145568 -0.507924
v -0.510555 0.078323 -0.558205
v -0.697380 0.000785 -0.278295
v -0.730008 0.000248 -0.161262
v -0.702195 0.040125 -0.249884
v -0.700086 -0.039865 -0.249060
v -0.718490 0.041466 -0.191247
v -0.716274 -0.041663 -0.190612
v -0.660853 0.112029 0.358973
v -0.639984 0.204128 0.310008
v -0.630018 0.148150 0.385136
v -0.681398 0.119601 0.308950
v -0.619069 0.195223 0.361918
v -0.670050 0.164962 0.282889
v -0.660108 -0.112983 0.358468
v -0.637941 -0.205248 0.308228
v -0.630127 -0.148231 0.384006
v -0.680140 -0.120959 0.308704
v -0.617439 -0.195511 0.359458
v -0.669458 -0.166688 0.282335
v -0.588455 -0.070564 0.491424
v -0.509180 -0.127788 0.542616
v -0.579654 -0.117940 0.475218
v -0.558572 -0.049676 0.531598
v -0.539093 -0.148682 0.499249
v -0.520034 -0.076407 0.559627
v -0.587491 0.069954 0.491704
v -0.508125 0.130441 0.544644
v -0.578338 0.118902 0.476156
v -0.557402 0.048887 0.531691
v -0.539476 0.150800 0.502422
v -0.517693 0.077869 0.559782
v -0.725037 -0.000412 0.284658
v -0.749844 -0.000106 0.177300
v -0.730528 0.040882 0.258247
v -0.728760 -0.041844 0.258615
v -0.743220 0.042750 0.204554
v -0.741044 -0.043543 0.204873
v -0.061176 0.548609 0.084917
v -0.121418 0.503944 0.189400
v -0.109061 0.539362 0.093783
v -0.141218 0.517273 0.143160
v -0.044451 0.530743 0.133652
v -0.071777 0.509118 0.186679
v -0.050045 0.610716 -0.158725
v -0.118354 0.641962 -0.288020
v -0.096601 0.603760 -0.161032
v -0.134044 0.612944 -0.221862
v -0.040423 0.628439 -0.222273
v -0.070995 0.647192 -0.286392
v 0.061298 0.548490 0.085146
v 0.121318 0.504090 0.189287
v 0.109208 0.539200 0.093837
v 0.140968 0.518053 0.142797
v 0.044454 0.530676 0.133752
v 0.071771 0.509297 0.186644
v 0.049864 0.610868 -0.158400
v 0.118392 0.642078 -0.287819
v 0.096389 0.603521 -0.160632
v 0.133937 0.612859 -0.221992
v 0.040334 0.628789 -0.222442
v 0.070944 0.646978 -0.286472
v -0.371263 0.412410 0.319917
v -0.467975 0.384470 0.292044
v -0.391489 0.421632 0.267994
v -0.440368 0.407771 0.255257
v -0.399175 0.390276 0.360170
v -0.446926 0.376223 0.344978
v -0.052314 0.457795 0.337412
v 0.052379 0.457767 0.337447
v -0.026458 0.441591 0.386728
v 0.026494 0.441622 0.386780
v -0.025589 0.475925 0.287080
v 0.025562 0.475753 0.287137
v -0.295630 0.381801 0.470188
v -0.336783 0.336097 0.539793
v -0.265384 0.371006 0.515980
v -0.286114 0.349667 0.551490
v -0.347928 0.370978 0.460883
v -0.368367 0.347523 0.494982
v -0.450471 0.604400 -0.392500
v -0.445527 0.444890 -0.303921
v -0.415435 0.544976 -0.314179
v -0.435591 0.485839 -0.278636
v -0.416501 0.511087 -0.404831
v -0.427213 0.447951 -0.362053
v -0.074610 0.718956 -0.451946
v 0.074936 0.718931 -0.452047
v -0.035704 0.693671 -0.503636
v 0.035732 0.693607 -0.503707
v -0.034015 0.691096 -0.400501
v 0.033858 0.691050 -0.400601
v -0.305917 0.507014 -0.526759
v -0.334392 0.388787 -0.568137
v -0.276972 0.484429 -0.572667
v -0.292024 0.426233 -0.593516
v -0.349362 0.469270 -0.500328
v -0.360673 0.408088 -0.519361
v -0.604830 0.330038 -0.043309
v -0.612281 0.331325 0.065185
v -0.579379 0.362858 -0.016939
v -0.582528 0.361638 0.036514
v -0.636337 0.296094 -0.015323
v -0.639792 0.297673 0.039208
v -0.508463 0.301216 -0.385005
v -0.462066 0.276880 -0.489364
v -0.529114 0.253894 -0.412310
v -0.505366 0.241301 -0.463598
v -0.466121 0.341003 -0.411620
v -0.443610 0.328562 -0.464346
v -0.668058 0.210766 -0.130243
v -0.719158 0.129851 -0.073896
v -0.681557 0.166911 -0.160605
v -0.706606 0.126984 -0.131845
v -0.679451 0.215179 -0.072309
v -0.705381 0.174592 -0.044801
v -0.532173 0.302321 0.389277
v -0.477446 0.278751 0.487989
v -0.547157 0.264133 0.415553
v -0.519229 0.250301 0.463926
v -0.489782 0.324604 0.411798
v -0.463224 0.314858 0.462064
v -0.681407 0.218601 0.148055
v -0.727246 0.133078 0.093049
v -0.698301 0.174384 0.175428
v -0.720796 0.131540 0.148220
v -0.687307 0.220312 0.093449
v -0.709008 0.176927 0.065792
v 0.371257 0.412414 0.319918
v 0.468039 0.384479 0.292010
v 0.391497 0.421664 0.268012
v 0.440376 0.407776 0.255236
v 0.399201 0.390298 0.360165
v 0.446905 0.376206 0.344946
v 0.295640 0.381829 0.470185
v 0.336777 0.336097 0.539776
v 0.265385 0.371032 0.515966
v 0.286127 0.349675 0.551506
v 0.347943 0.370983 0.460897
v 0.368387 0.347510 0.494992
v 0.450450 0.604321 -0.392517
v 0.445790 0.444722 -0.304083
v 0.415642 0.545082 -0.314108
v 0.435022 0.485918 -0.278723
v 0.416639 0.510833 -0.405019
v 0.427608 0.447692 -0.361934
v 0.306309 0.507078 -0.527031
v 0.333920 0.389284 -0.568355
v 0.277541 0.484860 -0.573343
v 0.292171 0.425849 -0.593833
v 0.349437 0.468947 -0.500561
v 0.360747 0.408319 -0.519338
v 0.604752 0.330087 -0.043304
v 0.612302 0.331349 0.065224
v 0.579345 0.362885 -0.017004
v 0.582504 0.361593 0.036430
v 0.636329 0.296084 -0.015378
v 0.639830 0.297685 0.039219
v 0.508405 0.301150 -0.384870
v 0.461976 0.276664 -0.489333
v 0.528884 0.253534 -0.412422
v 0.505641 0.241367 -0.463766
v 0.466249 0.340854 -0.411572
v 0.443063 0.328430 -0.463912
v 0.668064 0.210830 -0.130257
v 0.719150 0.129856 -0.073887
v 0.681495 0.166927 -0.160624
v 0.706582 0.126974 -0.131836
v 0.679482 0.215190 -0.072301
v 0.705396 0.174610 -0.044797
v 0.532181 0.302323 0.389273
v 0.477453 0.278765 0.487975
v 0.547175 0.264133 0.415555
v 0.519238 0.250307 0.463918
v 0.489784 0.324615 0.411789
v 0.463235 0.314852 0.462045
v 0.681402 0.218606 0.148049
v 0.727204 0.133073 0.093050
v 0.698272 0.174374 0.175426
v 0.720818 0.131546 0.148225
v 0.687297 0.220312 0.093440
v 0.709080 0.176970 0.065793
v -0.056364 -0.646282 0.157935
v -0.114299 -0.625317 0.285585
v -0.105424 -0.635627 0.155764
v -0.137443 -0.621179 0.217879
v -0.041343 -0.644585 0.223209
v -0.065315 -0.638878 0.285867
v -0.087138 -0.689480 -0.124086
v -0.143020 -0.693333 -0.245390
v -0.128899 -0.761001 -0.139883
v -0.161922 -0.774480 -0.215193
v -0.063425 -0.653039 -0.165491
v -0.087506 -0.652841 -0.225016
v 0.056610 -0.645961 0.157719
v 0.114584 -0.625459 0.285537
v 0.104912 -0.635616 0.155220
v 0.137703 -0.621279 0.217886
v 0.041389 -0.644536 0.223037
v 0.065666 -0.638829 0.286034
v 0.086513 -0.689082 -0.123636
v 0.142243 -0.692681 -0.244450
v 0.128437 -0.759285 -0.138727
v 0.160319 -0.773995 -0.213747
v 0.063188 -0.652831 -0.164970
v 0.086817 -0.652599 -0.224665
v -0.382801 -0.524863 0.373015
v -0.469869 -0.451167 0.314169
v -0.405048 -0.520128 0.313001
v -0.451648 -0.488901 0.286756
v -0.405706 -0.489763 0.401257
v -0.447284 -0.448981 0.369619
v -0.061190 -0.695270 0.470101
v 0.061187 -0.694961 0.470028
v -0.033337 -0.678876 0.522882
v 0.033356 -0.679226 0.522689
v -0.027620 -0.674530 0.409599
v 0.027387 -0.673984 0.409696
v -0.334764 -0.555030 0.561731
v -0.348122 -0.417966 0.579170
v -0.315377 -0.549691 0.623062
v -0.315256 -0.469553 0.621521
v -0.364409 -0.492170 0.516952
v -0.375123 -0.432699 0.530811
v -0.356085 -0.449035 -0.310966
v -0.445914 -0.392659 -0.280072
v -0.377628 -0.465153 -0.261654
v -0.420440 -0.433325 -0.244541
v -0.379972 -0.405638 -0.348398
v -0.427223 -0.380452 -0.334708
v -0.055088 -0.544719 -0.351376
v 0.054818 -0.544421 -0.351187
v -0.027217 -0.508410 -0.392799
v 0.026769 -0.508127 -0.392899
v -0.027911 -0.578134 -0.309171
v 0.027940 -0.577881 -0.309001
v -0.282379 -0.392459 -0.459155
v -0.330238 -0.325220 -0.540190
v -0.255600 -0.372995 -0.507464
v -0.279504 -0.341097 -0.548906
v -0.332576 -0.373282 -0.450573
v -0.357846 -0.338543 -0.492202
v -0.609098 -0.328315 -0.040810
v -0.611094 -0.335243 0.068184
v -0.579842 -0.362306 -0.011586
v -0.581003 -0.366680 0.042283
v -0.640342 -0.297709 -0.014552
v -0.641082 -0.300044 0.040126
v -0.520435 -0.288397 -0.389321
v -0.468011 -0.266439 -0.488843
v -0.535502 -0.253897 -0.417031
v -0.508877 -0.241825 -0.465756
v -0.478364 -0.310759 -0.410908
v -0.452073 -0.299976 -0.461122
v -0.669030 -0.217293 -0.130524
v -0.714792 -0.134031 -0.073684
v -0.678724 -0.172290 -0.160374
v -0.701972 -0.130859 -0.131418
v -0.680621 -0.221273 -0.072590
v -0.703667 -0.180268 -0.044819
v -0.525168 -0.319394 0.387397
v -0.468208 -0.290119 0.483234
v -0.540022 -0.269037 0.410017
v -0.511217 -0.253122 0.457753
v -0.482834 -0.357211 0.415598
v -0.455344 -0.345405 0.464894
v -0.680657 -0.222101 0.147826
v -0.724362 -0.136339 0.093255
v -0.697396 -0.177565 0.175445
v -0.718272 -0.134250 0.148447
v -0.686987 -0.224364 0.093270
v -0.708170 -0.181600 0.065758
v 0.382794 -0.524905 0.373174
v 0.469809 -0.451304 0.314052
v 0.405192 -0.520039 0.313002
v 0.451650 -0.488796 0.286750
v 0.405934 -0.489615 0.401048
v 0.447327 -0.448984 0.369576
v 0.334626 -0.554856 0.561439
v 0.347911 -0.418511 0.579654
v 0.315386 -0.550256 0.621802
v 0.315673 -0.469821 0.621707
v 0.364011 -0.492645 0.516822
v 0.375497 -0.432798 0.530794
v 0.355840 -0.449352 -0.310923
v 0.446020 -0.393172 -0.280214
v 0.377809 -0.465513 -0.261706
v 0.420228 -0.434002 -0.244754
v 0.379600 -0.406247 -0.348244
v 0.427203 -0.381031 -0.334289
v 0.282481 -0.391376 -0.459035
v 0.330329 -0.325260 -0.540232
v 0.255585 -0.372914 -0.507387
v 0.279534 -0.341254 -0.549063
v 0.332721 -0.373140 -0.450594
v 0.357659 -0.338823 -0.492230
v 0.609098 -0.328232 -0.040808
v 0.611011 -0.335254 0.068101
v 0.579669 -0.362238 -0.011646
v 0.580882 -0.366668 0.042218
v 0.640316 -0.297720 -0.014653
v 0.641075 -0.300075 0.040068
v 0.520452 -0.288340 -0.389386
v 0.468064 -0.266373 -0.488895
v 0.535503 -0.253977 -0.417026
v 0.508898 -0.241840 -0.465791
v 0.478407 -0.310638 -0.410900
v 0.452135 -0.299903 -0.461100
v 0.669035 -0.217270 -0.130525
v 0.714779 -0.134040 -0.073680
v 0.678706 -0.172281 -0.160374
v 0.701965 -0.130881 -0.131417
v 0.680622 -0.221244 -0.072568
v 0.703639 -0.180277 -0.044806
v 0.525196 -0.319282 0.387562
v 0.468098 -0.290428 0.483545
v 0.540077 -0.268945 0.410078
v 0.510881 -0.253297 0.457082
v 0.482667 -0.357316 0.415646
v 0.455132 -0.344698 0.464804
v 0.680619 -0.222100 0.147817
v 0.724386 -0.136315 0.093270
v 0.697358 -0.177556 0.175422
v 0.718286 -0.134248 0.148449
v 0.686947 -0.224365 0.093239
v 0.708165 -0.181577 0.065761
v 0.155029 -0.083774 0.741668
v 0.248109 -0.141639 0.700893
v 0.153840 -0.141294 0.743230
v 0.198745 -0.172043 0.717184
v 0.206731 -0.054500 0.729380
v 0.254283 -0.081935 0.711768
v -0.154891 -0.083746 0.741375
v -0.248170 -0.141428 0.701314
v -0.153907 -0.140958 0.743309
v -0.198849 -0.172126 0.717859
v -0.206699 -0.054544 0.729433
v -0.254265 -0.081773 0.711662
v 0.154375 0.084094 0.730773
v 0.250750 0.141650 0.697765
v 0.151632 0.140550 0.721060
v 0.199577 0.169207 0.704928
v 0.206484 0.056405 0.724207
v 0.255423 0.084956 0.708778
v -0.154356 0.084057 0.730742
v -0.250768 0.141642 0.697764
v -0.151662 0.140579 0.721103
v -0.199572 0.169225 0.704942
v -0.206467 0.056304 0.724164
v -0.255446 0.084893 0.708767
v 0.395989 -0.052457 0.647845
v 0.394481 0.056423 0.646631
v 0.442479 -0.025632 0.625646
v 0.440931 0.028151 0.624502
v 0.351364 -0.025397 0.674621
v 0.350687 0.029315 0.673389
v -0.395939 -0.052546 0.647831
v -0.394487 0.056367 0.646634
v -0.442436 -0.025678 0.625621
v -0.440917 0.028117 0.624500
v -0.351348 -0.025501 0.674645
v -0.350691 0.029205 0.673383
v 0.151450 -0.084909 -0.724171
v 0.245092 -0.142066 -0.687419
v 0.149833 -0.145184 -0.717021
v 0.196029 -0.171395 -0.699212
v 0.201825 -0.053349 -0.716472
v 0.247949 -0.084323 -0.696147
v -0.151128 -0.083920 -0.724047
v -0.245136 -0.142367 -0.687588
v -0.149746 -0.145533 -0.717185
v -0.196117 -0.171511 -0.699329
v -0.201659 -0.053726 -0.716473
v -0.248261 -0.083551 -0.695821
v 0.163402 0.099469 -0.778541
v 0.272047 0.160747 -0.763898
v 0.172737 0.160982 -0.816210
v 0.227287 0.193405 -0.801688
v 0.210766 0.068597 -0.749836
v 0.262483 0.098136 -0.739526
v -0.163044 0.099388 -0.778235
v -0.272171 0.160971 -0.764160
v -0.172511 0.160740 -0.816652
v -0.227330 0.193504 -0.801383
v -0.210714 0.068218 -0.749904
v -0.262419 0.098268 -0.739737
v 0.389984 -0.055216 -0.643039
v 0.393127 0.060943 -0.651170
v 0.432987 -0.025943 -0.618973
v 0.433395 0.030089 -0.620644
v 0.346366 -0.025468 -0.668126
v 0.348509 0.033774 -0.675100
v -0.390024 -0.055145 -0.642967
v -0.393216 0.060910 -0.651145
v -0.433062 -0.025950 -0.618992
v -0.433201 0.030146 -0.620270
v -0.346330 -0.025600 -0.668321
v -0.348640 0.033692 -0.675308
v -0.306954 0.520246 0.025913
v -0.304007 0.530515 -0.050795
v -0.255806 0.531602 0.023490
v -0.254037 0.545647 -0.059063
v -0.380107 0.490150 0.054970
v -0.286148 0.515997 0.063865
v -0.364285 0.482902 0.096172
v -0.377305 0.507780 -0.068783
v -0.282969 0.543692 -0.097950
v -0.362060 0.518703 -0.119619
v -0.425989 0.482607 -0.000600
v -0.406922 0.495803 -0.098178
v -0.456670 0.466231 -0.022965
v -0.409691 0.469326 0.085944
v -0.455751 0.459721 0.024339
v 0.306674 0.520118 0.025770
v 0.303836 0.530726 -0.051138
v 0.255875 0.531850 0.023780
v 0.253724 0.545608 -0.058486
v 0.380260 0.490109 0.054888
v 0.286154 0.515885 0.063737
v 0.364383 0.482860 0.096075
v 0.377610 0.507191 -0.068485
v 0.282939 0.544258 -0.097983
v 0.361733 0.518846 -0.119700
v 0.426035 0.482615 -0.000681
v 0.406589 0.496070 -0.098670
v 0.456673 0.466296 -0.023099
v 0.409716 0.469285 0.085896
v 0.455733 0.459766 0.024297
v -0.324095 -0.600156 0.042721
v -0.332330 -0.629984 -0.035611
v -0.274238 -0.618526 0.041401
v -0.294105 -0.675907 -0.038114
v -0.400135 -0.560768 0.074025
v -0.301825 -0.596910 0.089741
v -0.388819 -0.561208 0.123703
v -0.387363 -0.567632 -0.054607
v -0.328798 -0.671835 -0.080853
v -0.378706 -0.579417 -0.103108
v -0.426187 -0.529335 0.012303
v -0.408386 -0.532780 -0.082058
v -0.451167 -0.496666 -0.010127
v -0.430240 -0.537193 0.109053
v -0.458403 -0.499786 0.039510
v 0.323582 -0.599854 0.042926
v 0.332288 -0.630236 -0.035576
v 0.274229 -0.618359 0.041226
v 0.294174 -0.676209 -0.037811
v 0.400459 -0.560803 0.073891
v 0.301987 -0.597080 0.090023
v 0.388833 -0.561407 0.123506
v 0.387466 -0.567503 -0.054286
v 0.328995 -0.672133 -0.080977
v 0.378633 -0.579476 -0.103099
v 0.426346 -0.529034 0.012373
v 0.408261 -0.532984 -0.081935
v 0.451332 -0.496278 -0.010224
v 0.430329 -0.536821 0.108788
v 0.458609 -0.499976 0.039510
v 0.000103 -0.531901 0.690362
v -0.076647 -0.475208 0.700475
v -0.032434 -0.580571 0.679033
v -0.118889 -0.524739 0.696579
v 0.076604 -0.475058 0.701146
v 0.032259 -0.580600 0.678593
v 0.118393 -0.525046 0.695925
v 0.043824 -0.381379 0.716661
v -0.044247 -0.380497 0.716122
v 0.047039 -0.322392 0.728619
v -0.046723 -0.322457 0.728945
v 0.130901 -0.459657 0.700414
v 0.092252 -0.356298 0.716341
v -0.131171 -0.458984 0.700471
v -0.092251 -0.355857 0.716341
v -0.000002 0.368167 0.601326
v -0.065088 0.352381 0.631874
v -0.025103 0.380671 0.566443
v -0.096397 0.363042 0.602127
v 0.065088 0.352394 0.631884
v 0.025098 0.380679 0.566447
v 0.096398 0.363045 0.602145
v 0.040571 0.321547 0.675713
v -0.040575 0.321564 0.675737
v 0.044537 0.289827 0.694659
v -0.044536 0.289835 0.694654
v 0.113072 0.345706 0.632539
v 0.086473 0.307867 0.679388
v -0.113071 0.345700 0.632535
v -0.086477 0.307864 0.679394
v 0.000027 -0.368158 -0.597929
v -0.064481 -0.346590 -0.629917
v -0.024247 -0.388267 -0.559489
v -0.094810 -0.360607 -0.599582
v 0.064504 -0.346513 -0.629951
v 0.024381 -0.388455 -0.559187
v 0.094833 -0.360638 -0.599647
v 0.040550 -0.313574 -0.674302
v -0.040496 -0.313571 -0.674315
v 0.044615 -0.284229 -0.693186
v -0.044622 -0.284235 -0.693188
v 0.111996 -0.338744 -0.631976
v 0.086212 -0.300682 -0.678551
v -0.111971 -0.338890 -0.631939
v -0.086136 -0.300682 -0.678552
v 0.000206 0.494226 -0.674407
v -0.074343 0.443122 -0.693894
v -0.030944 0.539250 -0.655287
v -0.112403 0.479597 -0.674554
v 0.074053 0.442656 -0.693760
v 0.030823 0.539187 -0.655276
v 0.112315 0.479046 -0.674169
v 0.045272 0.367888 -0.733630
v -0.045116 0.367969 -0.733450
v 0.050517 0.320924 -0.760558
v -0.050306 0.320642 -0.760549
v 0.127387 0.427133 -0.694473
v 0.096401 0.347855 -0.741613
v -0.127266 0.427646 -0.694663
v -0.096295 0.347694 -0.741379
v 0.629093 0.057002 -0.423481
v 0.670870 0.035491 -0.357076
v 0.623971 0.097479 -0.406173
v 0.668945 0.073481 -0.332883
v 0.626480 -0.055724 -0.421861
v 0.669407 -0.033453 -0.356141
v 0.618121 -0.099460 -0.402774
v 0.665096 -0.074419 -0.330695
v 0.608951 0.001835 -0.468293
v 0.595482 -0.085506 -0.446635
v 0.579962 -0.021148 -0.499532
v 0.600610 0.084911 -0.449888
v 0.581024 0.024302 -0.500107
v 0.686375 0.038310 -0.305948
v 0.684575 -0.037350 -0.305004
v 0.647624 0.057800 0.424986
v 0.691184 0.035006 0.357623
v 0.640494 0.101904 0.406992
v 0.689242 0.075745 0.334190
v 0.647066 -0.059443 0.424776
v 0.690135 -0.036507 0.357617
v 0.640130 -0.102471 0.406391
v 0.687308 -0.077104 0.333970
v 0.624215 -0.001234 0.468608
v 0.615954 -0.088330 0.450120
v 0.593583 -0.024294 0.500881
v 0.615215 0.087817 0.450369
v 0.593248 0.022122 0.500918
v 0.711477 0.038499 0.309640
v 0.709925 -0.039703 0.309760
v -0.629107 0.057019 -0.423486
v -0.670882 0.035487 -0.357071
v -0.623959 0.097473 -0.406194
v -0.668977 0.073451 -0.332849
v -0.626488 -0.055715 -0.421864
v -0.669412 -0.033439 -0.356136
v -0.618139 -0.099471 -0.402794
v -0.665104 -0.074389 -0.330692
v -0.608952 0.001818 -0.468283
v -0.595458 -0.085534 -0.446630
v -0.579966 -0.021143 -0.499535
v -0.600598 0.084931 -0.449915
v -0.581050 0.024270 -0.500088
v -0.686403 0.038309 -0.305952
v -0.684589 -0.037335 -0.305016
v -0.647631 0.057786 0.425000
v -0.691189 0.035010 0.357621
v -0.640498 0.101904 0.406999
v -0.689252 0.075746 0.334184
v -0.647092 -0.059433 0.424762
v -0.690133 -0.036489 0.357628
v -0.640157 -0.102463 0.406393
v -0.687307 -0.077090 0.333975
v -0.624238 -0.001219 0.468624
v -0.615946 -0.088330 0.450163
v -0.593612 -0.024314 0.500902
v -0.615223 0.087807 0.450376
v -0.593264 0.022142 0.500922
v -0.711486 0.038504 0.309634
v -0.709922 -0.039695 0.309771
v -0.051225 0.577269 0.006177
v -0.042032 0.596588 -0.061571
v -0.092358 0.570637 0.011301
v -0.079119 0.589284 -0.058534
v 0.051166 0.577273 0.006071
v 0.042146 0.596592 -0.061597
v 0.092327 0.570522 0.011221
v 0.079426 0.589227 -0.058547
v 0.000036 0.570547 0.034538
v -0.075933 0.562135 0.044714
v -0.019210 0.553930 0.077833
v 0.000061 0.607696 -0.108732
v -0.052786 0.599687 -0.096335
v -0.016287 0.616124 -0.161787
v 0.075954 0.561999 0.044717
v 0.019199 0.553907 0.077878
v 0.053128 0.599713 -0.096626
v 0.016383 0.616086 -0.161855
v -0.204051 0.476019 0.239571
v -0.288528 0.445465 0.283628
v -0.224990 0.487727 0.192408
v -0.309652 0.456418 0.234535
v -0.133050 0.435578 0.386283
v -0.215522 0.410441 0.432551
v -0.106806 0.421718 0.435024
v -0.187801 0.398401 0.480656
v -0.129084 0.469285 0.287979
v -0.172703 0.496363 0.191697
v -0.100143 0.489199 0.237987
v -0.296141 0.413357 0.379284
v -0.341214 0.434512 0.277785
v -0.349256 0.402704 0.372111
v -0.079638 0.439903 0.386966
v -0.077056 0.473806 0.287566
v -0.241338 0.390657 0.475505
v -0.324088 0.392466 0.422585
v -0.212281 0.644253 -0.335144
v -0.317753 0.617981 -0.366737
v -0.228898 0.607762 -0.269250
v -0.329057 0.589375 -0.300087
v -0.167242 0.713425 -0.504111
v -0.235261 0.601050 -0.523542
v -0.133579 0.662266 -0.550431
v -0.212449 0.578974 -0.573114
v -0.175631 0.810698 -0.410552
v -0.171634 0.627962 -0.281637
v -0.113104 0.694895 -0.350517
v -0.327609 0.591657 -0.462726
v -0.387883 0.606261 -0.347623
v -0.401359 0.573344 -0.459707
v -0.106429 0.710620 -0.503228
v -0.101875 0.733904 -0.402968
v -0.259181 0.542758 -0.550278
v -0.342695 0.533609 -0.485199
v -0.503622 0.396010 -0.215931
v -0.558657 0.361537 -0.128269
v -0.483344 0.430982 -0.187154
v -0.536386 0.394947 -0.100281
v -0.570107 0.272009 -0.303565
v -0.622151 0.242089 -0.217684
v -0.591847 0.228188 -0.333710
v -0.639192 0.199351 -0.248358
v -0.506851 0.354647 -0.301760
v -0.466385 0.437391 -0.246238
v -0.466228 0.397917 -0.331145
v -0.616447 0.288905 -0.128556
v -0.571308 0.362685 -0.071649
v -0.628557 0.293319 -0.071018
v -0.550757 0.263878 -0.359188
v -0.487742 0.349195 -0.357880
v -0.653727 0.205251 -0.189323
v -0.650351 0.253427 -0.100052
v -0.527943 0.373751 0.219521
v -0.575225 0.355787 0.143009
v -0.500079 0.398547 0.186044
v -0.546300 0.382928 0.112462
v -0.593082 0.282841 0.310991
v -0.643441 0.254521 0.229722
v -0.607255 0.241171 0.337369
v -0.658128 0.210919 0.256616
v -0.535376 0.340986 0.305889
v -0.485694 0.391864 0.238849
v -0.491967 0.359726 0.326516
v -0.633318 0.295753 0.147285
v -0.581373 0.359547 0.089613
v -0.639011 0.297955 0.093162
v -0.571447 0.274373 0.364110
v -0.513585 0.333005 0.359229
v -0.672969 0.216139 0.202587
v -0.661850 0.260230 0.120685
v 0.204016 0.475998 0.239461
v 0.288578 0.445512 0.283666
v 0.224963 0.487748 0.192319
v 0.309659 0.456416 0.234579
v 0.133053 0.435583 0.386337
v 0.215508 0.410478 0.432512
v 0.106820 0.421717 0.435002
v 0.187797 0.398411 0.480667
v 0.129061 0.469198 0.287989
v 0.172639 0.496623 0.191509
v 0.100188 0.489418 0.237829
v 0.079703 0.439896 0.387051
v 0.077012 0.473576 0.287536
v 0.296123 0.413347 0.379264
v 0.341189 0.434512 0.277811
v 0.349256 0.402728 0.372084
v 0.241331 0.390659 0.475486
v 0.324089 0.392490 0.422567
v 0.212165 0.644045 -0.334962
v 0.317708 0.618517 -0.366167
v 0.228570 0.607917 -0.268940
v 0.328894 0.589725 -0.299599
v 0.167550 0.713554 -0.503852
v 0.235165 0.601139 -0.524249
v 0.133656 0.661738 -0.550655
v 0.212620 0.578747 -0.573522
v 0.175500 0.810801 -0.410611
v 0.171642 0.627705 -0.281809
v 0.113025 0.694861 -0.350648
v 0.106635 0.710350 -0.503100
v 0.101511 0.733860 -0.403100
v 0.327691 0.591645 -0.462695
v 0.387732 0.605814 -0.347684
v 0.401023 0.573104 -0.459401
v 0.259455 0.543177 -0.550194
v 0.342746 0.532841 -0.485190
v 0.503950 0.396433 -0.215818
v 0.558832 0.361548 -0.128088
v 0.483265 0.431175 -0.187406
v 0.536487 0.394945 -0.100397
v 0.569993 0.271989 -0.303405
v 0.622167 0.242084 -0.217677
v 0.591815 0.228210 -0.333847
v 0.639201 0.199373 -0.248326
v 0.506595 0.354491 -0.301648
v 0.466811 0.437627 -0.245994
v 0.466325 0.397811 -0.330851
v 0.616320 0.288878 -0.128592
v 0.571316 0.362832 -0.071684
v 0.628491 0.293316 -0.071079
v 0.550784 0.263818 -0.358962
v 0.487207 0.349665 -0.357651
v 0.653724 0.205284 -0.189371
v 0.650355 0.253477 -0.100114
v 0.527949 0.373739 0.219509
v 0.575170 0.355750 0.143041
v 0.500078 0.398592 0.186084
v 0.546291 0.382938 0.112472
v 0.593105 0.282846 0.310995
v 0.643453 0.254535 0.229703
v 0.607256 0.241183 0.337367
v 0.658163 0.210939 0.256605
v 0.535378 0.340993 0.305877
v 0.485677 0.391883 0.238828
v 0.491977 0.359714 0.326511
v 0.633337 0.295750 0.147273
v 0.581357 0.359551 0.089669
v 0.638989 0.297924 0.093227
v 0.571450 0.274369 0.364110
v 0.513593 0.333032 0.359241
v 0.672987 0.216154 0.202577
v 0.661882 0.260246 0.120690
v -0.065013 -0.666142 0.055235
v -0.078509 -0.685840 -0.032484
v -0.113065 -0.662940 0.050598
v -0.129938 -0.707697 -0.036437
v 0.064774 -0.666123 0.055131
v 0.078152 -0.685442 -0.032203
v 0.113156 -0.662915 0.050779
v 0.129103 -0.707477 -0.036355
v -0.000149 -0.659006 0.109338
v -0.072933 -0.655209 0.094754
v -0.019585 -0.651044 0.164033
v -0.000173 -0.660369 -0.066729
v -0.107791 -0.712726 -0.080801
v -0.033746 -0.648792 -0.107851
v 0.072910 -0.654931 0.094458
v 0.019021 -0.651500 0.163846
v 0.106899 -0.712199 -0.080082
v 0.033796 -0.648909 -0.107866
v -0.207222 -0.604848 0.344503
v -0.304040 -0.581222 0.368090
v -0.230279 -0.596842 0.270126
v -0.323177 -0.568282 0.299939
v -0.171887 -0.808194 0.542394
v -0.303367 -0.714238 0.589235
v -0.131726 -0.782123 0.624596
v -0.270117 -0.712594 0.663771
v -0.139633 -0.678784 0.414578
v -0.170618 -0.610972 0.280706
v -0.095743 -0.643587 0.352852
v -0.325595 -0.588261 0.471531
v -0.354933 -0.550642 0.339387
v -0.364237 -0.534452 0.434804
v -0.097996 -0.731633 0.536805
v -0.082705 -0.679047 0.411828
v -0.315741 -0.635958 0.619821
v -0.348796 -0.546715 0.497836
v -0.236837 -0.656098 -0.299126
v -0.297547 -0.543774 -0.299043
v -0.281246 -0.724040 -0.270845
v -0.332061 -0.575573 -0.260798
v -0.133677 -0.501300 -0.390342
v -0.207768 -0.446691 -0.424329
v -0.104930 -0.468122 -0.432447
v -0.180367 -0.421705 -0.470386
v -0.140762 -0.590176 -0.316483
v -0.209246 -0.740844 -0.276177
v -0.114629 -0.630285 -0.275774
v -0.284688 -0.454496 -0.370303
v -0.338468 -0.504322 -0.280440
v -0.332615 -0.430673 -0.360258
v -0.080505 -0.506587 -0.392373
v -0.084840 -0.583612 -0.312154
v -0.231549 -0.408301 -0.465267
v -0.307937 -0.411825 -0.409500
v -0.505516 -0.373889 -0.204401
v -0.561005 -0.352045 -0.123009
v -0.478857 -0.411876 -0.170825
v -0.534178 -0.386764 -0.091883
v -0.578187 -0.271170 -0.307247
v -0.626804 -0.247226 -0.219256
v -0.593586 -0.235068 -0.336714
v -0.639259 -0.206591 -0.249066
v -0.516513 -0.329805 -0.297641
v -0.463218 -0.403415 -0.225517
v -0.473276 -0.354831 -0.318001
v -0.624281 -0.289927 -0.128360
v -0.574348 -0.357455 -0.066468
v -0.634503 -0.294357 -0.070596
v -0.558707 -0.263435 -0.364086
v -0.500382 -0.320678 -0.356730
v -0.654516 -0.211913 -0.189767
v -0.654616 -0.258115 -0.100526
v -0.524285 -0.411437 0.230304
v -0.571681 -0.373001 0.149139
v -0.501508 -0.446518 0.202737
v -0.545009 -0.406475 0.122502
v -0.586194 -0.289308 0.308472
v -0.639607 -0.257423 0.228516
v -0.602677 -0.242978 0.334088
v -0.655990 -0.212743 0.255480
v -0.527757 -0.370738 0.310650
v -0.488865 -0.450600 0.258299
v -0.487707 -0.409254 0.339344
v -0.631063 -0.301296 0.148028
v -0.578473 -0.370507 0.095672
v -0.638649 -0.301860 0.094165
v -0.564878 -0.280818 0.360411
v -0.506349 -0.365142 0.363443
v -0.671411 -0.218756 0.201967
v -0.660921 -0.263689 0.120699
v 0.207566 -0.604771 0.344790
v 0.304143 -0.581267 0.368305
v 0.230444 -0.596987 0.269871
v 0.323571 -0.568287 0.300327
v 0.172143 -0.808233 0.541953
v 0.303085 -0.714490 0.588345
v 0.130349 -0.781547 0.622897
v 0.270300 -0.714349 0.662782
v 0.140101 -0.678895 0.414402
v 0.170897 -0.610794 0.280938
v 0.096182 -0.643582 0.352970
v 0.097921 -0.731579 0.536299
v 0.083006 -0.678856 0.412088
v 0.325350 -0.588396 0.471412
v 0.355306 -0.550458 0.339692
v 0.364603 -0.534353 0.434535
v 0.316295 -0.636507 0.618800
v 0.349001 -0.546497 0.497516
v 0.236581 -0.656827 -0.299402
v 0.297662 -0.543670 -0.299153
v 0.280495 -0.724434 -0.270774
v 0.331501 -0.575895 -0.260517
v 0.133578 -0.501655 -0.390464
v 0.207796 -0.447082 -0.424125
v 0.104853 -0.468383 -0.432097
v 0.180161 -0.421519 -0.470026
v 0.140444 -0.590221 -0.316703
v 0.207806 -0.740945 -0.275680
v 0.114158 -0.630332 -0.275281
v 0.080212 -0.507064 -0.392203
v 0.084105 -0.583265 -0.312063
v 0.284497 -0.454022 -0.370139
v 0.338479 -0.504397 -0.280246
v 0.332449 -0.429824 -0.359985
v 0.231554 -0.407973 -0.465432
v 0.307823 -0.411202 -0.409456
v 0.505804 -0.373983 -0.204108
v 0.560790 -0.352232 -0.123157
v 0.478923 -0.411342 -0.170653
v 0.533441 -0.387133 -0.091924
v 0.578198 -0.271171 -0.307308
v 0.626816 -0.247199 -0.219292
v 0.593597 -0.235104 -0.336687
v 0.639269 -0.206594 -0.249053
v 0.516517 -0.329824 -0.297591
v 0.463206 -0.403518 -0.225586
v 0.473535 -0.354739 -0.318239
v 0.624302 -0.289925 -0.128339
v 0.574594 -0.357379 -0.066519
v 0.634523 -0.294342 -0.070623
v 0.558665 -0.263555 -0.364111
v 0.500444 -0.320327 -0.356672
v 0.654541 -0.211932 -0.189769
v 0.654607 -0.258112 -0.100550
v 0.524010 -0.411243 0.230386
v 0.571642 -0.373049 0.149042
v 0.502349 -0.447019 0.202868
v 0.545057 -0.406463 0.122477
v 0.586250 -0.289262 0.308500
v 0.639592 -0.257484 0.228564
v 0.602734 -0.242943 0.334095
v 0.655990 -0.212771 0.255513
v 0.527678 -0.370624 0.310534
v 0.488892 -0.450523 0.258478
v 0.487950 -0.409694 0.339366
v 0.631036 -0.301293 0.148041
v 0.578344 -0.370523 0.095645
v 0.638624 -0.301884 0.094142
v 0.564921 -0.280713 0.360479
v 0.506504 -0.365636 0.363546
v 0.671428 -0.218783 0.201990
v 0.660926 -0.263697 0.120659
v 0.052037 -0.085095 0.763563
v -0.051933 -0.084484 0.762958
v 0.051147 -0.141333 0.774804
v -0.051236 -0.141397 0.775043
v 0.051412 0.083108 0.746616
v -0.051405 0.083082 0.746617
v 0.050457 0.140086 0.736354
v -0.050478 0.140077 0.736350
v 0.103440 -0.000775 0.745775
v 0.103085 -0.112962 0.755273
v 0.155409 -0.027922 0.738985
v -0.103650 -0.000739 0.745604
v -0.103173 -0.112861 0.755229
v -0.155271 -0.027997 0.738688
v 0.102083 0.111927 0.734825
v 0.155639 0.027920 0.736212
v -0.102082 0.111918 0.734806
v -0.155587 0.027782 0.736246
v 0.318758 -0.326931 0.623426
v 0.284134 -0.233572 0.662089
v 0.277901 -0.366480 0.653160
v 0.237407 -0.266833 0.681811
v 0.449742 -0.214868 0.545161
v 0.427388 -0.134905 0.601559
v 0.494615 -0.180763 0.522007
v 0.477051 -0.104258 0.583548
v 0.394575 -0.310582 0.555555
v 0.316060 -0.395797 0.620957
v 0.385317 -0.371324 0.543437
v 0.480856 -0.235366 0.502325
v 0.425638 -0.329327 0.511926
v 0.338783 -0.139853 0.653662
v 0.242407 -0.202762 0.690555
v 0.297253 -0.111062 0.683543
v 0.438183 -0.079088 0.617571
v 0.346908 -0.081232 0.666550
v -0.318603 -0.327010 0.623539
v -0.284100 -0.233511 0.662042
v -0.277747 -0.366369 0.653548
v -0.237300 -0.266563 0.681935
v -0.449419 -0.214600 0.545042
v -0.427469 -0.135018 0.601637
v -0.494550 -0.181052 0.521940
v -0.477002 -0.104390 0.583465
v -0.394499 -0.310468 0.555620
v -0.315649 -0.395763 0.621018
v -0.385018 -0.371817 0.543132
v -0.480737 -0.235287 0.502553
v -0.425869 -0.329763 0.511626
v -0.339008 -0.139720 0.653713
v -0.242087 -0.203120 0.690531
v -0.297036 -0.111439 0.683687
v -0.438115 -0.079121 0.617551
v -0.346840 -0.081086 0.666522
v 0.316682 0.290006 0.606278
v 0.286379 0.221798 0.656005
v 0.266786 0.308707 0.617993
v 0.237358 0.248112 0.668290
v 0.456208 0.214309 0.552284
v 0.429344 0.137814 0.605573
v 0.498274 0.182432 0.527487
v 0.475164 0.108155 0.585026
v 0.400399 0.286627 0.551999
v 0.303167 0.323739 0.581534
v 0.385843 0.320235 0.525436
v 0.488624 0.233395 0.509333
v 0.432960 0.301702 0.508407
v 0.341623 0.140289 0.655057
v 0.244779 0.197045 0.684258
v 0.299373 0.113016 0.683633
v 0.436159 0.082812 0.617237
v 0.347126 0.084657 0.666176
v -0.316684 0.289999 0.606285
v -0.286383 0.221845 0.656019
v -0.266782 0.308690 0.617986
v -0.237332 0.248090 0.668257
v -0.456193 0.214300 0.552286
v -0.429332 0.137830 0.605564
v -0.498252 0.182437 0.527484
v -0.475174 0.108184 0.585017
v -0.400394 0.286619 0.552005
v -0.303181 0.323751 0.581556
v -0.385849 0.320270 0.525454
v -0.488612 0.233375 0.509340
v -0.432954 0.301697 0.508422
v -0.341650 0.140325 0.655112
v -0.244766 0.197074 0.684236
v -0.299377 0.112981 0.683615
v -0.436179 0.082813 0.617272
v -0.347131 0.084607 0.666168
v 0.050958 -0.083339 -0.736172
v -0.051210 -0.083934 -0.735945
v 0.050402 -0.142946 -0.727296
v -0.050393 -0.142664 -0.727290
v 0.055169 0.098996 -0.786174
v -0.055086 0.099156 -0.786271
v 0.057100 0.159562 -0.805904
v -0.056767 0.159638 -0.804842
v 0.104771 0.007684 -0.752153
v 0.101042 -0.114498 -0.727623
v 0.153848 -0.022962 -0.735780
v -0.104363 0.007649 -0.751978
v -0.100887 -0.114588 -0.727778
v -0.154036 -0.023093 -0.735655
v 0.112059 0.129840 -0.799186
v 0.157746 0.038173 -0.752930
v -0.111908 0.129654 -0.798058
v -0.157616 0.038195 -0.753062
v 0.312222 -0.279935 -0.605750
v 0.283829 -0.220838 -0.654615
v 0.262691 -0.298053 -0.617092
v 0.234270 -0.243706 -0.665719
v 0.448309 -0.209593 -0.550982
v 0.420658 -0.136053 -0.599576
v 0.489421 -0.180729 -0.527452
v 0.463318 -0.106255 -0.576533
v 0.393692 -0.274998 -0.552515
v 0.297741 -0.311867 -0.580555
v 0.378033 -0.307546 -0.526011
v 0.480237 -0.227558 -0.510899
v 0.424043 -0.288004 -0.508754
v 0.338596 -0.142834 -0.652009
v 0.240914 -0.196742 -0.678505
v 0.293810 -0.113256 -0.674488
v 0.427474 -0.081573 -0.610512
v 0.342775 -0.084374 -0.660248
v -0.312172 -0.280017 -0.605724
v -0.283849 -0.220774 -0.654636
v -0.262642 -0.298159 -0.617068
v -0.234276 -0.243669 -0.665728
v -0.448358 -0.209523 -0.551013
v -0.420674 -0.136071 -0.599587
v -0.489458 -0.180729 -0.527487
v -0.463334 -0.106293 -0.576544
v -0.393613 -0.275081 -0.552493
v -0.297715 -0.311919 -0.580549
v -0.377944 -0.307604 -0.526018
v -0.480225 -0.227521 -0.510891
v -0.423998 -0.288091 -0.508747
v -0.338701 -0.142969 -0.652159
v -0.240966 -0.196745 -0.678500
v -0.294022 -0.112914 -0.674468
v -0.427490 -0.081574 -0.610509
v -0.342794 -0.084686 -0.660174
v 0.320883 0.314167 -0.638518
v 0.304326 0.240689 -0.711094
v 0.275634 0.347639 -0.661262
v 0.257349 0.272962 -0.735702
v 0.455239 0.211348 -0.563366
v 0.435517 0.141664 -0.621440
v 0.498230 0.177911 -0.537068
v 0.473207 0.108884 -0.588809
v 0.393153 0.297252 -0.565541
v 0.306023 0.369276 -0.615515
v 0.376317 0.351834 -0.541533
v 0.480552 0.226897 -0.513968
v 0.418679 0.313566 -0.515011
v 0.354179 0.152051 -0.688618
v 0.271364 0.219983 -0.763668
v 0.309639 0.126017 -0.717771
v 0.433902 0.085809 -0.620899
v 0.351584 0.092938 -0.682824
v -0.321011 0.314102 -0.638875
v -0.304079 0.240798 -0.710765
v -0.275971 0.347975 -0.661718
v -0.257632 0.273058 -0.736049
v -0.454967 0.211418 -0.563305
v -0.435598 0.141735 -0.621493
v -0.498213 0.177952 -0.537073
v -0.472996 0.108894 -0.588769
v -0.393263 0.297400 -0.565584
v -0.305710 0.369235 -0.615386
v -0.375976 0.351729 -0.541256
v -0.480294 0.226853 -0.514022
v -0.419052 0.314128 -0.515224
v -0.354169 0.152223 -0.688657
v -0.271369 0.220280 -0.763689
v -0.309707 0.126024 -0.717933
v -0.433903 0.086031 -0.621084
v -0.351070 0.092756 -0.682242
v 0.747653 0.043327 -0.073621
v 0.745211 -0.044365 -0.073191
v 0.734426 0.042526 -0.131850
v 0.731831 -0.043200 -0.131356
v 0.756093 0.044619 0.093026
v 0.753511 -0.045396 0.093282
v 0.749961 0.043943 0.149064
v 0.747723 -0.044669 0.149293
v 0.747783 0.088621 0.010135
v 0.729767 0.085708 -0.102808
v 0.728905 0.132206 -0.017274
v 0.741540 0.088467 0.120799
v 0.729669 0.133081 0.037937
v 0.743659 -0.091324 0.010569
v 0.725340 -0.088322 -0.102237
v 0.725162 -0.136717 -0.016990
v 0.737987 -0.090347 0.121142
v 0.726615 -0.136962 0.038173
v -0.747709 0.043335 -0.073631
v -0.745158 -0.044377 -0.073200
v -0.734409 0.042517 -0.131869
v -0.731846 -0.043209 -0.131347
v -0.756106 0.044653 0.093030
v -0.753505 -0.045407 0.093284
v -0.749989 0.043941 0.149068
v -0.747749 -0.044658 0.149285
v -0.747783 0.088622 0.010137
v -0.729759 0.085706 -0.102810
v -0.728927 0.132175 -0.017272
v -0.741549 0.088474 0.120795
v -0.729655 0.133072 0.037941
v -0.743676 -0.091307 0.010550
v -0.725319 -0.088321 -0.102241
v -0.725189 -0.136687 -0.017020
v -0.737997 -0.090357 0.121125
v -0.726621 -0.136961 0.038144
v -0.180079 0.538116 0.059463
v -0.212967 0.518356 0.103321
v -0.174499 0.575862 -0.110309
v -0.209406 0.578104 -0.158689
v -0.160260 0.528943 0.099892
v -0.153140 0.592550 -0.162886
v -0.378329 0.452768 0.178201
v -0.426690 0.438824 0.167055
v -0.409847 0.430436 0.216855
v -0.381187 0.526781 -0.212818
v -0.421420 0.492603 -0.186474
v -0.412931 0.512771 -0.247879
v -0.519350 0.419563 -0.020439
v -0.520019 0.414577 0.030940
v -0.550882 0.390645 0.007678
v 0.180206 0.537882 0.059470
v 0.213015 0.518368 0.103249
v 0.174827 0.575833 -0.110373
v 0.209594 0.578424 -0.159060
v 0.160338 0.528947 0.099893
v 0.153334 0.593067 -0.162817
v 0.378337 0.452825 0.178265
v 0.426647 0.438874 0.167144
v 0.409817 0.430437 0.216897
v 0.381207 0.526744 -0.212654
v 0.421734 0.492757 -0.186294
v 0.412110 0.512752 -0.247945
v 0.519395 0.419636 -0.020472
v 0.520050 0.414598 0.030899
v 0.550956 0.390700 0.007614
v -0.189467 -0.627724 0.095589
v -0.220803 -0.609045 0.149966
v -0.227384 -0.785901 -0.080369
v -0.276650 -0.786800 -0.152352
v -0.162209 -0.622776 0.154200
v -0.193884 -0.799868 -0.147324
v -0.403382 -0.542149 0.218660
v -0.445770 -0.514083 0.197310
v -0.428644 -0.517850 0.254736
v -0.382272 -0.533723 -0.184442
v -0.414236 -0.486857 -0.160741
v -0.397486 -0.478659 -0.211892
v -0.513498 -0.428409 -0.009743
v -0.516838 -0.433389 0.042581
v -0.547964 -0.397438 0.016004
v 0.189800 -0.627810 0.095801
v 0.220728 -0.609069 0.150140
v 0.225978 -0.786162 -0.080018
v 0.275924 -0.787005 -0.152392
v 0.162153 -0.622602 0.154126
v 0.191443 -0.799725 -0.146409
v 0.403369 -0.542341 0.218721
v 0.445739 -0.514045 0.197210
v 0.428549 -0.517603 0.254793
v 0.381865 -0.533982 -0.184381
v 0.414695 -0.487060 -0.160710
v 0.397355 -0.478560 -0.211838
v 0.512909 -0.428470 -0.010039
v 0.516733 -0.433340 0.042501
v 0.548147 -0.397323 0.016129
v -0.036274 -0.647603 0.623105
v 0.035975 -0.647559 0.622831
v -0.235431 -0.566736 0.696691
v -0.240334 -0.481251 0.690397
v 0.000287 -0.646887 0.570195
v -0.287863 -0.526366 0.672282
v 0.236022 -0.567572 0.697079
v 0.240609 -0.481519 0.690865
v 0.288279 -0.526521 0.671868
v 0.098470 -0.232641 0.741280
v 0.144827 -0.265362 0.720313
v -0.097875 -0.232672 0.741369
v -0.144754 -0.265081 0.719921
v 0.148656 -0.202377 0.731744
v -0.148785 -0.202657 0.731199
v -0.026500 0.409641 0.481867
v 0.026485 0.409641 0.481841
v -0.180651 0.368448 0.564623
v -0.199648 0.348567 0.597739
v 0.000005 0.425746 0.435413
v -0.233496 0.360077 0.559107
v 0.180651 0.368435 0.564614
v 0.199650 0.348573 0.597759
v 0.233479 0.360048 0.559061
v 0.096766 0.221448 0.711236
v 0.142845 0.247060 0.695623
v -0.096780 0.221463 0.711258
v -0.142856 0.247061 0.695653
v 0.147764 0.195404 0.708932
v -0.147764 0.195419 0.708962
v -0.025984 -0.441357 -0.477193
v 0.025527 -0.441979 -0.476868
v -0.175360 -0.367670 -0.558249
v -0.195433 -0.340935 -0.595268
v 0.000111 -0.473889 -0.435127
v -0.227065 -0.355591 -0.553969
v 0.175431 -0.367851 -0.558776
v 0.195477 -0.340871 -0.595326
v 0.227112 -0.355526 -0.554321
v 0.096882 -0.223066 -0.710672
v 0.141498 -0.245043 -0.694783
v -0.096912 -0.223045 -0.710669
v -0.141555 -0.245036 -0.694765
v 0.146528 -0.198741 -0.707728
v -0.146603 -0.198705 -0.707730
v -0.035627 0.639208 -0.606958
v 0.036465 0.639111 -0.606781
v -0.211739 0.498931 -0.647426
v -0.221168 0.437671 -0.662588
v -0.000015 0.669065 -0.556439
v -0.250619 0.462835 -0.620306
v 0.212049 0.498970 -0.647818
v 0.221417 0.437855 -0.663110
v 0.250580 0.462267 -0.619506
v 0.113534 0.248240 -0.808369
v 0.163843 0.276627 -0.785681
v -0.113634 0.248363 -0.808361
v -0.163948 0.276648 -0.785511
v 0.172546 0.222029 -0.814055
v -0.172759 0.222069 -0.814019
v 0.585916 0.173224 -0.413170
v 0.561284 0.160375 -0.461451
v 0.676751 0.119265 -0.249008
v 0.699565 0.081069 -0.220425
v 0.548982 0.206723 -0.439627
v 0.691835 0.123419 -0.190621
v 0.579747 -0.180022 -0.410623
v 0.553805 -0.165080 -0.456764
v 0.672113 -0.123072 -0.247411
v 0.695005 -0.082841 -0.219104
v 0.545885 -0.212649 -0.439004
v 0.687246 -0.127100 -0.189716
v 0.510465 -0.024458 -0.559881
v 0.511689 0.027162 -0.561066
v 0.473020 0.001605 -0.590677
v 0.596457 0.184377 0.412074
v 0.568639 0.168589 0.457913
v 0.699156 0.125186 0.256599
v 0.725949 0.084344 0.230796
v 0.558919 0.218424 0.438142
v 0.713897 0.129330 0.202998
v 0.594618 -0.182935 0.408575
v 0.567235 -0.167052 0.454506
v 0.697620 -0.127048 0.256748
v 0.723138 -0.085986 0.231280
v 0.553185 -0.217545 0.432352
v 0.711778 -0.131714 0.203365
v 0.525539 -0.026098 0.569379
v 0.524349 0.025194 0.569091
v 0.486027 0.000185 0.600152
v -0.585830 0.173279 -0.413125
v -0.561169 0.160346 -0.461464
v -0.676772 0.119253 -0.249009
v -0.699582 0.081053 -0.220460
v -0.548925 0.206658 -0.439620
v -0.691830 0.123418 -0.190611
v -0.579729 -0.180057 -0.410591
v -0.553940 -0.164997 -0.456880
v -0.672234 -0.123037 -0.247574
v -0.695022 -0.082853 -0.219076
v -0.545852 -0.212666 -0.438955
v -0.687271 -0.127175 -0.189673
v -0.510462 -0.024489 -0.559897
v -0.511833 0.027118 -0.561177
v -0.473281 0.001568 -0.590935
v -0.596460 0.184360 0.412080
v -0.568616 0.168574 0.457909
v -0.699174 0.125174 0.256594
v -0.725963 0.084331 0.230797
v -0.558925 0.218419 0.438153
v -0.713895 0.129328 0.203002
v -0.594555 -0.182999 0.408503
v -0.567269 -0.167162 0.454536
v -0.697625 -0.127033 0.256754
v -0.723121 -0.085980 0.231283
v -0.553204 -0.217464 0.432258
v -0.711769 -0.131720 0.203392
v -0.525493 -0.026143 0.569403
v -0.524352 0.025183 0.569086
v -0.485985 0.000122 0.600145
v -0.023690 0.512442 0.184687
v 0.023663 0.512491 0.184718
v -0.000009 0.494337 0.236033
v -0.023875 0.650174 -0.284318
v 0.024055 0.650630 -0.284185
v -0.000033 0.671352 -0.343632
v -0.424087 0.367818 0.397717
v -0.397722 0.358234 0.447765
v -0.445298 0.343297 0.431698
v -0.409478 0.441348 -0.417772
v -0.385542 0.426273 -0.469341
v -0.425308 0.382869 -0.440153
v -0.665324 0.260045 0.012118
v -0.687749 0.218687 -0.015968
v -0.689284 0.219940 0.038864
v 0.424070 0.367787 0.397732
v 0.397727 0.358229 0.447768
v 0.445291 0.343299 0.431685
v 0.409667 0.441094 -0.417590
v 0.385546 0.425887 -0.469327
v 0.425107 0.383057 -0.439777
v 0.665331 0.260022 0.012139
v 0.687771 0.218696 -0.015924
v 0.689341 0.219987 0.038905
v -0.022176 -0.649034 0.286257
v 0.022104 -0.648745 0.286299
v 0.000232 -0.659281 0.348340
v -0.031500 -0.625755 -0.212851
v 0.031156 -0.625810 -0.212733
v -0.000380 -0.605632 -0.262850
v -0.424101 -0.445479 0.424317
v -0.400469 -0.440896 0.478898
v -0.440061 -0.396864 0.445574
v -0.405594 -0.366884 -0.387589
v -0.381941 -0.352992 -0.439696
v -0.430888 -0.331992 -0.426411
v -0.667105 -0.263586 0.011821
v -0.688669 -0.224359 -0.016357
v -0.689586 -0.224775 0.038597
v 0.424014 -0.445540 0.424542
v 0.400293 -0.441222 0.478562
v 0.440547 -0.396793 0.445333
v 0.405701 -0.366990 -0.387475
v 0.382725 -0.352640 -0.440594
v 0.430728 -0.332138 -0.426536
v 0.667117 -0.263608 0.011826
v 0.688712 -0.224300 -0.016338
v 0.689617 -0.224732 0.038597
v 0.258063 -0.025942 0.717342
v 0.258130 0.028880 0.715623
v 0.305787 0.001822 0.698379
v -0.258065 -0.026038 0.717383
v -0.258116 0.028754 0.715607
v -0.305769 0.001685 0.698352
v 0.251727 -0.023485 -0.706422
v 0.256138 0.037292 -0.720991
v 0.301044 0.005548 -0.693400
v -0.251357 -0.023178 -0.706701
v -0.255591 0.037070 -0.720602
v -0.300865 0.005913 -0.693464
f 1 647 644
f 1 644 643
f 1 643 645
f 1 645 646
f 1 646 647
f 2 649 652
f 6 672 670
f 12 702 699
f 11 696 695
f 8 679 681
f 4 662 659
f 4 659 658
f 4 658 660
f 4 660 661
f 4 661 662
f 5 666 665
f 3 654 657
f 7 673 677
f 9 685 686
f 10 692 688
f 12 701 698
f 6 669 668
f 2 650 648
f 8 682 678
f 11 697 693
f 6 671 669
f 12 700 701
f 11 694 697
f 8 680 682
f 2 651 650
f 10 690 689
f 5 663 664
f 3 655 653
f 7 676 674
f 9 687 684
f 10 691 690
f 5 667 663
f 3 656 655
f 7 675 676
f 9 683 687
f 6 668 672
f 2 648 649
f 8 678 679
f 11 693 696
f 12 698 702
f 10 688 691
f 5 665 667
f 3 657 656
f 7 677 675
f 9 686 683
f 5 664 666
f 3 653 654
f 7 674 673
f 9 684 685
f 10 689 692
f 6 670 671
f 12 699 700
f 11 695 694
f 8 681 680
f 2 652 651
f 35 837 838
f 18 735 736
f 19 742 741
f 40 868 867
f 42 880 879
f 34 832 831
f 33 827 828
f 25 778 780
f 36 844 846
f 20 749 747
f 32 819 820
f 23 765 767
f 24 773 771
f 37 850 849
f 41 876 875
f 34 833 834
f 33 826 825
f 25 779 777
f 36 845 843
f 20 748 750
f 17 729 727
f 14 711 709
f 13 706 703
f 15 718 715
f 16 724 721
f 18 737 733
f 35 839 835
f 42 882 878
f 40 870 866
f 19 744 740
f 30 807 805
f 27 789 787
f 22 762 758
f 28 797 793
f 29 802 799
f 32 821 817
f 23 766 763
f 24 774 770
f 37 852 848
f 41 874 872
f 35 838 836
f 18 736 734
f 19 741 739
f 40 867 865
f 42 879 877
f 34 831 829
f 33 828 824
f 25 780 776
f 36 846 842
f 20 747 745
f 32 820 818
f 23 767 764
f 24 771 769
f 37 849 847
f 41 875 871
f 34 834 830
f 33 825 823
f 25 777 775
f 36 843 841
f 20 750 746
f 14 714 710
f 13 707 704
f 15 719 716
f 16 725 722
f 17 732 728
f 21 755 752
f 31 814 811
f 26 784 781
f 38 857 853
f 39 862 860
f 27 792 788
f 22 759 757
f 28 796 794
f 29 803 800
f 30 810 806
f 31 815 812
f 26 785 782
f 38 856 854
f 39 863 859
f 21 754 751
f 14 712 714
f 13 705 707
f 15 717 719
f 16 723 725
f 17 730 732
f 21 753 755
f 31 816 814
f 26 786 784
f 38 858 857
f 39 861 862
f 27 791 792
f 22 761 759
f 28 795 796
f 29 801 803
f 30 808 810
f 31 813 815
f 26 783 785
f 38 855 856
f 39 864 863
f 21 756 754
f 14 709 712
f 13 703 705
f 15 715 717
f 16 721 723
f 17 727 730
f 21 751 753
f 31 812 816
f 26 782 786
f 38 854 858
f 39 859 861
f 27 787 791
f 22 758 761
f 28 793 795
f 29 799 801
f 30 805 808
f 31 811 813
f 26 781 783
f 38 853 855
f 39 860 864
f 21 752 756
f 17 728 731
f 14 710 713
f 13 704 708
f 15 716 720
f 16 722 726
f 18 734 738
f 35 836 840
f 42 877 881
f 40 865 869
f 19 739 743
f 30 806 809
f 27 788 790
f 22 757 760
f 28 794 798
f 29 800 804
f 32 818 822
f 23 764 768
f 24 769 772
f 37 847 851
f 41 871 873
f 35 835 837
f 18 733 735
f 19 740 742
f 40 866 868
f 42 878 880
f 34 830 832
f 33 823 827
f 25 775 778
f 36 841 844
f 20 746 749
f 32 817 819
f 23 763 765
f 24 770 773
f 37 848 850
f 41 872 876
f 34 829 833
f 33 824 826
f 25 776 779
f 36 842 845
f 20 745 748
f 17 731 729
f 14 713 711
f 13 708 706
f 15 720 718
f 16 726 724
f 18 738 737
f 35 840 839
f 42 881 882
f 40 869 870
f 19 743 744
f 30 809 807
f 27 790 789
f 22 760 762
f 28 798 797
f 29 804 802
f 32 822 821
f 23 768 766
f 24 772 774
f 37 851 852
f 41 873 874
f 107 1269 1270
f 103 1245 1246
f 104 1252 1251
f 110 1288 1287
f 113 1306 1305
f 118 1336 1335
f 154 1551 1552
f 141 1473 1474
f 162 1599 1600
f 121 1354 1353
f 142 1479 1480
f 129 1401 1402
f 130 1408 1407
f 144 1492 1491
f 146 1504 1503
f 151 1533 1534
f 131 1414 1413
f 136 1444 1443
f 161 1594 1593
f 126 1383 1384
f 116 1323 1324
f 108 1275 1276
f 106 1263 1264
f 112 1299 1300
f 115 1317 1318
f 119 1341 1342
f 156 1564 1563
f 139 1462 1461
f 160 1588 1587
f 120 1347 1348
f 149 1521 1522
f 132 1420 1419
f 128 1395 1396
f 145 1497 1498
f 148 1515 1516
f 155 1557 1558
f 133 1425 1426
f 134 1431 1432
f 157 1570 1569
f 124 1372 1371
f 109 1282 1281
f 105 1258 1257
f 111 1294 1293
f 114 1312 1311
f 117 1330 1329
f 125 1378 1377
f 152 1540 1539
f 137 1449 1450
f 158 1575 1576
f 123 1365 1366
f 143 1486 1485
f 127 1390 1389
f 135 1437 1438
f 147 1510 1509
f 150 1528 1527
f 153 1546 1545
f 140 1468 1467
f 138 1455 1456
f 159 1581 1582
f 122 1359 1360
f 107 1272 1271
f 103 1248 1247
f 104 1253 1254
f 110 1289 1290
f 113 1307 1308
f 118 1337 1338
f 154 1554 1553
f 141 1476 1475
f 162 1602 1601
f 121 1355 1356
f 142 1482 1481
f 129 1404 1403
f 130 1409 1410
f 144 1493 1494
f 146 1505 1506
f 151 1536 1535
f 131 1415 1416
f 136 1445 1446
f 161 1595 1596
f 126 1386 1385
f 47 909 907
f 44 891 889
f 43 886 883
f 45 898 895
f 46 904 901
f 49 922 919
f 72 1060 1057
f 102 1240 1237
f 96 1204 1201
f 79 1102 1099
f 62 999 997
f 59 981 979
f 58 976 973
f 60 988 985
f 61 994 991
f 66 1024 1021
f 54 952 949
f 73 1066 1063
f 85 1138 1135
f 92 1179 1177
f 101 1233 1231
f 69 1041 1039
f 50 927 925
f 82 1119 1117
f 97 1209 1207
f 71 1053 1051
f 100 1228 1225
f 94 1192 1189
f 80 1108 1105
f 51 933 931
f 90 1167 1165
f 63 1005 1003
f 55 957 955
f 76 1083 1081
f 87 1150 1147
f 91 1174 1171
f 67 1029 1027
f 56 963 961
f 75 1077 1075
f 83 1126 1123
f 68 1036 1033
f 48 915 913
f 78 1095 1093
f 93 1185 1183
f 98 1216 1213
f 88 1155 1153
f 65 1018 1015
f 57 970 967
f 77 1090 1087
f 86 1143 1141
f 64 1012 1009
f 53 945 943
f 74 1071 1069
f 84 1131 1129
f 89 1162 1159
f 70 1047 1045
f 99 1221 1219
f 95 1197 1195
f 81 1114 1111
f 52 940 937
f 109 1284 1280
f 105 1260 1256
f 111 1296 1292
f 114 1314 1310
f 117 1332 1328
f 125 1380 1376
f 152 1542 1538
f 137 1451 1447
f 158 1577 1573
f 123 1367 1363
f 143 1488 1484
f 127 1392 1388
f 135 1439 1435
f 147 1512 1508
f 150 1530 1526
f 153 1548 1544
f 140 1470 1466
f 138 1457 1453
f 159 1583 1579
f 122 1361 1357
f 107 1270 1268
f 103 1246 1244
f 104 1251 1249
f 110 1287 1285
f 113 1305 1303
f 118 1335 1333
f 154 1552 1550
f 141 1474 1472
f 162 1600 1598
f 121 1353 1351
f 142 1480 1478
f 129 1402 1400
f 130 1407 1405
f 144 1491 1489
f 146 1503 1501
f 151 1534 1532
f 131 1413 1411
f 136 1443 1441
f 161 1593 1591
f 126 1384 1382
f 116 1324 1322
f 108 1276 1274
f 106 1264 1262
f 112 1300 1298
f 115 1318 1316
f 119 1342 1340
f 156 1563 1561
f 139 1461 1459
f 160 1587 1585
f 120 1348 1346
f 149 1522 1520
f 132 1419 1417
f 128 1396 1394
f 145 1498 1496
f 148 1516 1514
f 155 1558 1556
f 133 1426 1424
f 134 1432 1430
f 157 1569 1567
f 124 1371 1369
f 109 1281 1279
f 105 1257 1255
f 111 1293 1291
f 114 1311 1309
f 117 1329 1327
f 125 1377 1375
f 152 1539 1537
f 137 1450 1448
f 158 1576 1574
f 123 1366 1364
f 143 1485 1483
f 127 1389 1387
f 135 1438 1436
f 147 1509 1507
f 150 1527 1525
f 153 1545 1543
f 140 1467 1465
f 138 1456 1454
f 159 1582 1580
f 122 1360 1358
f 107 1271 1267
f 103 1247 1243
f 104 1254 1250
f 110 1290 1286
f 113 1308 1304
f 118 1338 1334
f 154 1553 1549
f 141 1475 1471
f 162 1601 1597
f 121 1356 1352
f 142 1481 1477
f 129 1403 1399
f 130 1410 1406
f 144 1494 1490
f 146 1506 1502
f 151 1535 1531
f 131 1416 1412
f 136 1446 1442
f 161 1596 1592
f 126 1385 1381
f 44 894 890
f 43 887 884
f 45 899 896
f 46 905 902
f 47 912 908
f 52 941 938
f 70 1050 1046
f 99 1224 1220
f 95 1200 1196
f 81 1115 1112
f 59 984 980
f 58 977 974
f 60 989 986
f 61 995 992
f 62 1002 998
f 65 1019 1016
f 57 971 968
f 77 1091 1088
f 86 1146 1142
f 88 1158 1154
f 98 1217 1214
f 68 1037 1034
f 48 918 914
f 78 1098 1094
f 93 1188 1184
f 69 1044 1040
f 101 1236 1232
f 97 1212 1208
f 82 1122 1118
f 50 930 926
f 89 1163 1160
f 64 1013 1010
f 53 948 944
f 74 1074 1070
f 84 1134 1130
f 90 1170 1166
f 63 1008 1004
f 55 960 956
f 76 1086 1082
f 87 1151 1148
f 72 1061 1058
f 49 923 920
f 79 1103 1100
f 96 1205 1202
f 102 1241 1238
f 91 1175 1172
f 67 1032 1028
f 56 966 962
f 75 1080 1076
f 83 1127 1124
f 66 1025 1022
f 54 953 950
f 73 1067 1064
f 85 1139 1136
f 92 1182 1178
f 71 1056 1052
f 100 1229 1226
f 94 1193 1190
f 80 1109 1106
f 51 936 932
f 116 1325 1321
f 108 1277 1273
f 106 1265 1261
f 112 1301 1297
f 115 1319 1315
f 119 1343 1339
f 156 1566 1562
f 139 1464 1460
f 160 1590 1586
f 120 1349 1345
f 149 1523 1519
f 132 1422 1418
f 128 1397 1393
f 145 1499 1495
f 148 1517 1513
f 155 1559 1555
f 133 1427 1423
f 134 1433 1429
f 157 1572 1568
f 124 1374 1370
f 44 892 894
f 43 885 887
f 45 897 899
f 46 903 905
f 47 910 912
f 52 939 941
f 70 1048 1050
f 99 1222 1224
f 95 1198 1200
f 81 1113 1115
f 59 982 984
f 58 975 977
f 60 987 989
f 61 993 995
f 62 1000 1002
f 65 1017 1019
f 57 969 971
f 77 1089 1091
f 86 1144 1146
f 88 1156 1158
f 98 1215 1217
f 68 1035 1037
f 48 916 918
f 78 1096 1098
f 93 1186 1188
f 69 1042 1044
f 101 1234 1236
f 97 1210 1212
f 82 1120 1122
f 50 928 930
f 89 1161 1163
f 64 1011 1013
f 53 946 948
f 74 1072 1074
f 84 1132 1134
f 90 1168 1170
f 63 1006 1008
f 55 958 960
f 76 1084 1086
f 87 1149 1151
f 72 1059 1061
f 49 921 923
f 79 1101 1103
f 96 1203 1205
f 102 1239 1241
f 91 1173 1175
f 67 1030 1032
f 56 964 966
f 75 1078 1080
f 83 1125 1127
f 66 1023 1025
f 54 951 953
f 73 1065 1067
f 85 1137 1139
f 92 1180 1182
f 71 1054 1056
f 100 1227 1229
f 94 1191 1193
f 80 1107 1109
f 51 934 936
f 116 1326 1325
f 108 1278 1277
f 106 1266 1265
f 112 1302 1301
f 115 1320 1319
f 119 1344 1343
f 156 1565 1566
f 139 1463 1464
f 160 1589 1590
f 120 1350 1349
f 149 1524 1523
f 132 1421 1422
f 128 1398 1397
f 145 1500 1499
f 148 1518 1517
f 155 1560 1559
f 133 1428 1427
f 134 1434 1433
f 157 1571 1572
f 124 1373 1374
f 44 889 892
f 43 883 885
f 45 895 897
f 46 901 903
f 47 907 910
f 52 937 939
f 70 1045 1048
f 99 1219 1222
f 95 1195 1198
f 81 1111 1113
f 59 979 982
f 58 973 975
f 60 985 987
f 61 991 993
f 62 997 1000
f 65 1015 1017
f 57 967 969
f 77 1087 1089
f 86 1141 1144
f 88 1153 1156
f 98 1213 1215
f 68 1033 1035
f 48 913 916
f 78 1093 1096
f 93 1183 1186
f 69 1039 1042
f 101 1231 1234
f 97 1207 1210
f 82 1117 1120
f 50 925 928
f 89 1159 1161
f 64 1009 1011
f 53 943 946
f 74 1069 1072
f 84 1129 1132
f 90 1165 1168
f 63 1003 1006
f 55 955 958
f 76 1081 1084
f 87 1147 1149
f 72 1057 1059
f 49 919 921
f 79 1099 1101
f 96 1201 1203
f 102 1237 1239
f 91 1171 1173
f 67 1027 1030
f 56 961 964
f 75 1075 1078
f 83 1123 1125
f 66 1021 1023
f 54 949 951
f 73 1063 1065
f 85 1135 1137
f 92 1177 1180
f 71 1051 1054
f 100 1225 1227
f 94 1189 1191
f 80 1105 1107
f 51 931 934
f 116 1322 1326
f 108 1274 1278
f 106 1262 1266
f 112 1298 1302
f 115 1316 1320
f 119 1340 1344
f 156 1561 1565
f 139 1459 1463
f 160 1585 1589
f 120 1346 1350
f 149 1520 1524
f 132 1417 1421
f 128 1394 1398
f 145 1496 1500
f 148 1514 1518
f 155 1556 1560
f 133 1424 1428
f 134 1430 1434
f 157 1567 1571
f 124 1369 1373
f 47 908 911
f 44 890 893
f 43 884 888
f 45 896 900
f 46 902 906
f 49 920 924
f 72 1058 1062
f 102 1238 1242
f 96 1202 1206
f 79 1100 1104
f 62 998 1001
f 59 980 983
f 58 974 978
f 60 986 990
f 61 992 996
f 66 1022 1026
f 54 950 954
f 73 1064 1068
f 85 1136 1140
f 92 1178 1181
f 101 1232 1235
f 69 1040 1043
f 50 926 929
f 82 1118 1121
f 97 1208 1211
f 71 1052 1055
f 100 1226 1230
f 94 1190 1194
f 80 1106 1110
f 51 932 935
f 90 1166 1169
f 63 1004 1007
f 55 956 959
f 76 1082 1085
f 87 1148 1152
f 91 1172 1176
f 67 1028 1031
f 56 962 965
f 75 1076 1079
f 83 1124 1128
f 68 1034 1038
f 48 914 917
f 78 1094 1097
f 93 1184 1187
f 98 1214 1218
f 88 1154 1157
f 65 1016 1020
f 57 968 972
f 77 1088 1092
f 86 1142 1145
f 64 1010 1014
f 53 944 947
f 74 1070 1073
f 84 1130 1133
f 89 1160 1164
f 70 1046 1049
f 99 1220 1223
f 95 1196 1199
f 81 1112 1116
f 52 938 942
f 109 1279 1283
f 105 1255 1259
f 111 1291 1295
f 114 1309 1313
f 117 1327 1331
f 125 1375 1379
f 152 1537 1541
f 137 1448 1452
f 158 1574 1578
f 123 1364 1368
f 143 1483 1487
f 127 1387 1391
f 135 1436 1440
f 147 1507 1511
f 150 1525 1529
f 153 1543 1547
f 140 1465 1469
f 138 1454 1458
f 159 1580 1584
f 122 1358 1362
f 107 1267 1269
f 103 1243 1245
f 104 1250 1252
f 110 1286 1288
f 113 1304 1306
f 118 1334 1336
f 154 1549 1551
f 141 1471 1473
f 162 1597 1599
f 121 1352 1354
f 142 1477 1479
f 129 1399 1401
f 130 1406 1408
f 144 1490 1492
f 146 1502 1504
f 151 1531 1533
f 131 1412 1414
f 136 1442 1444
f 161 1592 1594
f 126 1381 1383
f 116 1321 1323
f 108 1273 1275
f 106 1261 1263
f 112 1297 1299
f 115 1315 1317
f 119 1339 1341
f 156 1562 1564
f 139 1460 1462
f 160 1586 1588
f 120 1345 1347
f 149 1519 1521
f 132 1418 1420
f 128 1393 1395
f 145 1495 1497
f 148 1513 1515
f 155 1555 1557
f 133 1423 1425
f 134 1429 1431
f 157 1568 1570
f 124 1370 1372
f 109 1280 1282
f 105 1256 1258
f 111 1292 1294
f 114 1310 1312
f 117 1328 1330
f 125 1376 1378
f 152 1538 1540
f 137 1447 1449
f 158 1573 1575
f 123 1363 1365
f 143 1484 1486
f 127 1388 1390
f 135 1435 1437
f 147 1508 1510
f 150 1526 1528
f 153 1544 1546
f 140 1466 1468
f 138 1453 1455
f 159 1579 1581
f 122 1357 1359
f 107 1268 1272
f 103 1244 1248
f 104 1249 1253
f 110 1285 1289
f 113 1303 1307
f 118 1333 1337
f 154 1550 1554
f 141 1472 1476
f 162 1598 1602
f 121 1351 1355
f 142 1478 1482
f 129 1400 1404
f 130 1405 1409
f 144 1489 1493
f 146 1501 1505
f 151 1532 1536
f 131 1411 1415
f 136 1441 1445
f 161 1591 1595
f 126 1382 1386
f 47 911 909
f 44 893 891
f 43 888 886
f 45 900 898
f 46 906 904
f 49 924 922
f 72 1062 1060
f 102 1242 1240
f 96 1206 1204
f 79 1104 1102
f 62 1001 999
f 59 983 981
f 58 978 976
f 60 990 988
f 61 996 994
f 66 1026 1024
f 54 954 952
f 73 1068 1066
f 85 1140 1138
f 92 1181 1179
f 101 1235 1233
f 69 1043 1041
f 50 929 927
f 82 1121 1119
f 97 1211 1209
f 71 1055 1053
f 100 1230 1228
f 94 1194 1192
f 80 1110 1108
f 51 935 933
f 90 1169 1167
f 63 1007 1005
f 55 959 957
f 76 1085 1083
f 87 1152 1150
f 91 1176 1174
f 67 1031 1029
f 56 965 963
f 75 1079 1077
f 83 1128 1126
f 68 1038 1036
f 48 917 915
f 78 1097 1095
f 93 1187 1185
f 98 1218 1216
f 88 1157 1155
f 65 1020 1018
f 57 972 970
f 77 1092 1090
f 86 1145 1143
f 64 1014 1012
f 53 947 945
f 74 1073 1071
f 84 1133 1131
f 89 1164 1162
f 70 1049 1047
f 99 1223 1221
f 95 1199 1197
f 81 1116 1114
f 52 942 940
f 109 1283 1284
f 105 1259 1260
f 111 1295 1296
f 114 1313 1314
f 117 1331 1332
f 125 1379 1380
f 152 1541 1542
f 137 1452 1451
f 158 1578 1577
f 123 1368 1367
f 143 1487 1488
f 127 1391 1392
f 135 1440 1439
f 147 1511 1512
f 150 1529 1530
f 153 1547 1548
f 140 1469 1470
f 138 1458 1457
f 159 1584 1583
f 122 1362 1361
f 407 1609 1616
f 403 1605 1608
f 404 1611 1606
f 410 1614 1612
f 413 1617 1615
f 422 1631 1624
f 486 1688 1692
f 573 1775 1782
f 561 1763 1765
f 512 1719 1714
f 452 1654 1661
f 448 1650 1653
f 449 1656 1651
f 455 1659 1657
f 458 1662 1660
f 470 1672 1675
f 437 1646 1639
f 494 1706 1696
f 531 1735 1733
f 539 1741 1751
f 568 1770 1779
f 478 1680 1683
f 419 1621 1626
f 509 1711 1721
f 554 1756 1766
f 482 1684 1689
f 576 1780 1778
f 558 1767 1760
f 516 1722 1718
f 425 1627 1629
f 542 1744 1747
f 463 1668 1665
f 434 1636 1641
f 497 1699 1704
f 528 1730 1737
f 546 1748 1750
f 464 1666 1676
f 440 1642 1644
f 500 1705 1702
f 524 1736 1726
f 479 1691 1681
f 418 1623 1620
f 508 1713 1710
f 553 1764 1755
f 569 1781 1771
f 538 1749 1740
f 471 1677 1673
f 443 1645 1647
f 501 1703 1707
f 523 1725 1734
f 467 1674 1669
f 433 1638 1635
f 493 1695 1698
f 527 1732 1729
f 543 1752 1745
f 485 1690 1687
f 572 1777 1774
f 557 1759 1762
f 515 1717 1720
f 428 1630 1632
f 591 2191 2189
f 587 1885 1883
f 588 1901 1903
f 594 2279 2281
f 597 2315 2317
f 600 2171 2173
f 634 2160 2158
f 619 2016 2012
f 639 2214 2210
f 602 1919 1924
f 624 2137 2135
f 608 1978 1973
f 610 1991 1996
f 627 2225 2227
f 630 2302 2304
f 635 2178 2176
f 615 2153 2155
f 617 2009 2014
f 637 2207 2212
f 604 1926 1922
f 416 1857 1864
f 408 1803 1810
f 406 1786 1795
f 412 1822 1831
f 415 1840 1849
f 424 1876 1887
f 492 2182 2193
f 582 2312 2321
f 565 2276 2285
f 514 1898 1907
f 461 2091 2098
f 453 2037 2044
f 451 1952 1961
f 457 2056 2067
f 460 2074 2083
f 475 2128 2139
f 439 1966 1975
f 496 1988 1997
f 533 2222 2231
f 551 2293 2298
f 579 2185 2190
f 483 1879 1884
f 426 1893 1900
f 521 2271 2278
f 566 2307 2314
f 489 2163 2170
f 578 2150 2159
f 560 2006 2015
f 518 2204 2213
f 429 1911 1918
f 547 2131 2136
f 465 1969 1977
f 441 1983 1990
f 504 2217 2224
f 537 2290 2301
f 550 2168 2177
f 476 2145 2152
f 444 2001 2008
f 502 2199 2206
f 526 1916 1925
f 481 1808 1817
f 420 1789 1797
f 510 1825 1833
f 555 1843 1851
f 571 1862 1871
f 540 1933 1941
f 473 2110 2119
f 447 2020 2029
f 507 2236 2247
f 534 2257 2262
f 469 2042 2051
f 435 1947 1954
f 498 2059 2064
f 529 2077 2085
f 545 2096 2105
f 487 2113 2121
f 574 2023 2031
f 562 2239 2244
f 520 2254 2265
f 432 1930 1939
f 589 1818 1814
f 583 1798 1793
f 586 1834 1829
f 593 1852 1847
f 596 1872 1868
f 599 1942 1937
f 633 2120 2124
f 620 2030 2034
f 640 2248 2250
f 603 2263 2261
f 622 2052 2050
f 607 1955 1960
f 612 2065 2063
f 626 2086 2081
f 629 2106 2102
f 631 2122 2117
f 614 2032 2027
f 618 2245 2243
f 641 2266 2268
f 605 1940 1944
f 409 1813 1804
f 405 1792 1785
f 411 1828 1821
f 414 1846 1839
f 417 1867 1858
f 431 1936 1929
f 488 2123 2114
f 575 2033 2024
f 563 2249 2240
f 519 2260 2253
f 454 2049 2038
f 450 1959 1951
f 456 2062 2055
f 459 2080 2073
f 462 2101 2092
f 472 2116 2109
f 446 2026 2019
f 506 2242 2235
f 535 2267 2258
f 541 1943 1934
f 570 1869 1861
f 480 1815 1807
f 421 1799 1790
f 511 1835 1826
f 556 1853 1844
f 484 1889 1880
f 580 2195 2186
f 567 2319 2308
f 522 2283 2272
f 427 1905 1894
f 544 2103 2095
f 468 2046 2041
f 436 1957 1948
f 499 2069 2060
f 530 2087 2078
f 548 2141 2132
f 466 1979 1970
f 442 1993 1984
f 505 2229 2218
f 536 2296 2289
f 491 2188 2181
f 423 1882 1875
f 513 1902 1897
f 564 2280 2275
f 581 2316 2311
f 549 2172 2167
f 477 2157 2146
f 445 2011 2002
f 503 2209 2200
f 525 1923 1915
f 474 2134 2127
f 438 1972 1965
f 495 1995 1987
f 532 2226 2221
f 552 2303 2294
f 490 2175 2164
f 577 2154 2149
f 559 2013 2005
f 517 2211 2203
f 430 1921 1912
f 590 1865 1870
f 584 1811 1816
f 585 1796 1800
f 592 1832 1836
f 595 1850 1854
f 598 1888 1890
f 636 2194 2196
f 621 2322 2320
f 642 2286 2284
f 601 1908 1906
f 623 2099 2104
f 611 2045 2047
f 609 1962 1958
f 625 2068 2070
f 628 2084 2088
f 632 2140 2142
f 613 1976 1980
f 616 1998 1994
f 638 2232 2230
f 606 2299 2297
f 407 2330 2329
f 403 2324 2323
f 404 2325 2326
f 410 2332 2333
f 413 2335 2336
f 422 2344 2345
f 486 2410 2409
f 573 2497 2496
f 561 2486 2485
f 512 2434 2435
f 452 2375 2374
f 448 2369 2368
f 449 2370 2371
f 455 2377 2378
f 458 2380 2381
f 470 2393 2392
f 437 2359 2360
f 494 2415 2416
f 531 2455 2456
f 539 2461 2460
f 568 2489 2488
f 478 2399 2398
f 419 2341 2340
f 509 2431 2430
f 554 2476 2475
f 482 2405 2404
f 576 2500 2501
f 558 2481 2482
f 516 2439 2440
f 425 2348 2347
f 542 2465 2464
f 463 2383 2384
f 434 2356 2355
f 497 2420 2419
f 528 2452 2451
f 546 2471 2470
f 464 2386 2385
f 440 2363 2362
f 500 2422 2423
f 524 2445 2446
f 479 2400 2401
f 418 2338 2339
f 508 2428 2429
f 553 2473 2474
f 569 2490 2491
f 538 2458 2459
f 471 2394 2395
f 443 2366 2365
f 501 2425 2424
f 523 2444 2443
f 467 2389 2390
f 433 2353 2354
f 493 2414 2413
f 527 2449 2450
f 543 2466 2467
f 485 2407 2408
f 572 2494 2495
f 557 2480 2479
f 515 2438 2437
f 428 2351 2350
f 591 2510 2511
f 587 2504 2505
f 588 2508 2507
f 594 2514 2513
f 597 2517 2516
f 600 2520 2519
f 634 2554 2556
f 619 2539 2540
f 639 2560 2561
f 602 2523 2521
f 624 2543 2544
f 608 2527 2529
f 610 2532 2530
f 627 2547 2546
f 630 2550 2549
f 635 2552 2553
f 615 2535 2534
f 617 2538 2536
f 637 2558 2557
f 604 2524 2525
f 167 1607 647
f 164 1603 644
f 163 1604 643
f 165 1610 645
f 166 1613 646
f 169 1622 649
f 192 1686 672
f 222 1773 702
f 216 1761 696
f 199 1712 679
f 182 1652 662
f 179 1648 659
f 178 1649 658
f 180 1655 660
f 181 1658 661
f 186 1670 666
f 174 1637 654
f 193 1694 673
f 205 1731 685
f 212 1739 692
f 221 1768 701
f 189 1678 669
f 170 1619 650
f 202 1709 682
f 217 1754 697
f 191 1682 671
f 220 1776 700
f 214 1758 694
f 200 1716 680
f 171 1625 651
f 210 1742 690
f 183 1663 663
f 175 1634 655
f 196 1697 676
f 207 1728 687
f 211 1746 691
f 187 1664 667
f 176 1640 656
f 195 1700 675
f 203 1724 683
f 188 1679 668
f 168 1618 648
f 198 1708 678
f 213 1753 693
f 218 1769 698
f 208 1738 688
f 185 1671 665
f 177 1643 657
f 197 1701 677
f 206 1723 686
f 184 1667 664
f 173 1633 653
f 194 1693 674
f 204 1727 684
f 209 1743 689
f 190 1685 670
f 219 1772 699
f 215 1757 695
f 201 1715 681
f 172 1628 652
f 357 2187 837
f 255 1881 735
f 262 1899 742
f 388 2277 868
f 400 2313 880
f 352 2169 832
f 347 2156 827
f 298 2010 778
f 364 2208 844
f 269 1917 749
f 339 2133 819
f 285 1971 765
f 293 1989 773
f 370 2223 850
f 396 2300 876
f 353 2174 833
f 346 2151 826
f 299 2007 779
f 365 2205 845
f 268 1920 748
f 249 1855 729
f 231 1801 711
f 226 1784 706
f 238 1820 718
f 244 1838 724
f 257 1874 737
f 359 2180 839
f 402 2310 882
f 390 2274 870
f 264 1896 744
f 327 2089 807
f 309 2035 789
f 282 1950 762
f 317 2054 797
f 322 2072 802
f 341 2126 821
f 286 1964 766
f 294 1986 774
f 372 2220 852
f 394 2291 874
f 358 2183 838
f 256 1877 736
f 261 1891 741
f 387 2269 867
f 399 2305 879
f 351 2161 831
f 348 2148 828
f 300 2004 780
f 366 2202 846
f 267 1909 747
f 340 2129 820
f 287 1967 767
f 291 1981 771
f 369 2215 849
f 395 2288 875
f 354 2166 834
f 345 2143 825
f 297 1999 777
f 363 2197 843
f 270 1914 750
f 234 1806 714
f 227 1787 707
f 239 1823 719
f 245 1841 725
f 252 1860 732
f 275 1931 755
f 334 2108 814
f 304 2018 784
f 377 2234 857
f 382 2255 862
f 312 2040 792
f 279 1945 759
f 316 2057 796
f 323 2075 803
f 330 2094 810
f 335 2111 815
f 305 2021 785
f 376 2237 856
f 383 2252 863
f 274 1928 754
f 232 1812 712
f 225 1791 705
f 237 1827 717
f 243 1845 723
f 250 1866 730
f 273 1935 753
f 336 2118 816
f 306 2028 786
f 378 2246 858
f 381 2259 861
f 311 2048 791
f 281 1953 761
f 315 2061 795
f 321 2079 801
f 328 2100 808
f 333 2115 813
f 303 2025 783
f 375 2241 855
f 384 2264 864
f 276 1938 756
f 229 1802 709
f 223 1783 703
f 235 1819 715
f 241 1837 721
f 247 1856 727
f 271 1927 751
f 332 2112 812
f 302 2022 782
f 374 2238 854
f 379 2251 859
f 307 2036 787
f 278 1949 758
f 313 2053 793
f 319 2071 799
f 325 2090 805
f 331 2107 811
f 301 2017 781
f 373 2233 853
f 380 2256 860
f 272 1932 752
f 248 1859 728
f 230 1805 710
f 224 1788 704
f 236 1824 716
f 242 1842 722
f 254 1878 734
f 356 2184 836
f 397 2306 877
f 385 2270 865
f 259 1892 739
f 326 2093 806
f 308 2039 788
f 277 1946 757
f 314 2058 794
f 320 2076 800
f 338 2130 818
f 284 1968 764
f 289 1982 769
f 367 2216 847
f 391 2287 871
f 355 2179 835
f 253 1873 733
f 260 1895 740
f 386 2273 866
f 398 2309 878
f 350 2165 830
f 343 2144 823
f 295 2000 775
f 361 2198 841
f 266 1913 746
f 337 2125 817
f 283 1963 763
f 290 1985 770
f 368 2219 848
f 392 2292 872
f 349 2162 829
f 344 2147 824
f 296 2003 776
f 362 2201 842
f 265 1910 745
f 251 1863 731
f 233 1809 713
f 228 1794 708
f 240 1830 720
f 246 1848 726
f 258 1886 738
f 360 2192 840
f 401 2318 881
f 389 2282 869
f 263 1904 743
f 329 2097 809
f 310 2043 790
f 280 1956 760
f 318 2066 798
f 324 2082 804
f 342 2138 822
f 288 1974 768
f 292 1992 772
f 371 2228 851
f 393 2295 873
f 409 2331 1269
f 405 2327 1245
f 411 2328 1252
f 414 2334 1288
f 417 2337 1306
f 431 2346 1336
f 488 2412 1551
f 575 2499 1473
f 563 2487 1599
f 519 2436 1354
f 454 2376 1479
f 450 2372 1401
f 456 2373 1408
f 459 2379 1492
f 462 2382 1504
f 472 2396 1533
f 446 2361 1414
f 506 2418 1444
f 535 2457 1594
f 541 2463 1383
f 570 2492 1323
f 480 2402 1275
f 421 2343 1263
f 511 2433 1299
f 556 2478 1317
f 484 2406 1341
f 580 2502 1564
f 567 2484 1462
f 522 2442 1588
f 427 2349 1347
f 544 2468 1521
f 468 2387 1420
f 436 2358 1395
f 499 2421 1497
f 530 2454 1515
f 548 2472 1557
f 466 2388 1425
f 442 2364 1431
f 505 2426 1570
f 536 2448 1372
f 491 2403 1282
f 423 2342 1258
f 513 2432 1294
f 564 2477 1312
f 581 2493 1330
f 549 2462 1378
f 477 2397 1540
f 445 2367 1449
f 503 2427 1575
f 525 2447 1365
f 474 2391 1486
f 438 2357 1390
f 495 2417 1437
f 532 2453 1510
f 552 2469 1528
f 490 2411 1546
f 577 2498 1468
f 559 2483 1455
f 517 2441 1581
f 430 2352 1359
f 590 2509 1272
f 584 2503 1248
f 585 2506 1253
f 592 2512 1289
f 595 2515 1307
f 598 2518 1337
f 636 2555 1554
f 621 2541 1476
f 642 2562 1602
f 601 2522 1355
f 623 2542 1482
f 611 2528 1404
f 609 2531 1409
f 625 2545 1493
f 628 2548 1505
f 632 2551 1536
f 613 2533 1415
f 616 2537 1445
f 638 2559 1595
f 606 2526 1386
f 407 1616 909
f 403 1608 891
f 404 1606 886
f 410 1612 898
f 413 1615 904
f 422 1624 922
f 486 1692 1060
f 573 1782 1240
f 561 1765 1204
f 512 1714 1102
f 452 1661 999
f 448 1653 981
f 449 1651 976
f 455 1657 988
f 458 1660 994
f 470 1675 1024
f 437 1639 952
f 494 1696 1066
f 531 1733 1138
f 539 1751 1179
f 568 1779 1233
f 478 1683 1041
f 419 1626 927
f 509 1721 1119
f 554 1766 1209
f 482 1689 1053
f 576 1778 1228
f 558 1760 1192
f 516 1718 1108
f 425 1629 933
f 542 1747 1167
f 463 1665 1005
f 434 1641 957
f 497 1704 1083
f 528 1737 1150
f 546 1750 1174
f 464 1676 1029
f 440 1644 963
f 500 1702 1077
f 524 1726 1126
f 479 1681 1036
f 418 1620 915
f 508 1710 1095
f 553 1755 1185
f 569 1771 1216
f 538 1740 1155
f 471 1673 1018
f 443 1647 970
f 501 1707 1090
f 523 1734 1143
f 467 1669 1012
f 433 1635 945
f 493 1698 1071
f 527 1729 1131
f 543 1745 1162
f 485 1687 1047
f 572 1774 1221
f 557 1762 1197
f 515 1720 1114
f 428 1632 940
f 591 2189 1284
f 587 1883 1260
f 588 1903 1296
f 594 2281 1314
f 597 2317 1332
f 600 2173 1380
f 634 2158 1542
f 619 2012 1451
f 639 2210 1577
f 602 1924 1367
f 624 2135 1488
f 608 1973 1392
f 610 1996 1439
f 627 2227 1512
f 630 2304 1530
f 635 2176 1548
f 615 2155 1470
f 617 2014 1457
f 637 2212 1583
f 604 1922 1361
f 416 1864 1270
f 408 1810 1246
f 406 1795 1251
f 412 1831 1287
f 415 1849 1305
f 424 1887 1335
f 492 2193 1552
f 582 2321 1474
f 565 2285 1600
f 514 1907 1353
f 461 2098 1480
f 453 2044 1402
f 451 1961 1407
f 457 2067 1491
f 460 2083 1503
f 475 2139 1534
f 439 1975 1413
f 496 1997 1443
f 533 2231 1593
f 551 2298 1384
f 579 2190 1324
f 483 1884 1276
f 426 1900 1264
f 521 2278 1300
f 566 2314 1318
f 489 2170 1342
f 578 2159 1563
f 560 2015 1461
f 518 2213 1587
f 429 1918 1348
f 547 2136 1522
f 465 1977 1419
f 441 1990 1396
f 504 2224 1498
f 537 2301 1516
f 550 2177 1558
f 476 2152 1426
f 444 2008 1432
f 502 2206 1569
f 526 1925 1371
f 481 1817 1281
f 420 1797 1257
f 510 1833 1293
f 555 1851 1311
f 571 1871 1329
f 540 1941 1377
f 473 2119 1539
f 447 2029 1450
f 507 2247 1576
f 534 2262 1366
f 469 2051 1485
f 435 1954 1389
f 498 2064 1438
f 529 2085 1509
f 545 2105 1527
f 487 2121 1545
f 574 2031 1467
f 562 2244 1456
f 520 2265 1582
f 432 1939 1360
f 589 1814 1271
f 583 1793 1247
f 586 1829 1254
f 593 1847 1290
f 596 1868 1308
f 599 1937 1338
f 633 2124 1553
f 620 2034 1475
f 640 2250 1601
f 603 2261 1356
f 622 2050 1481
f 607 1960 1403
f 612 2063 1410
f 626 2081 1494
f 629 2102 1506
f 631 2117 1535
f 614 2027 1416
f 618 2243 1446
f 641 2268 1596
f 605 1944 1385
f 409 1804 894
f 405 1785 887
f 411 1821 899
f 414 1839 905
f 417 1858 912
f 431 1929 941
f 488 2114 1050
f 575 2024 1224
f 563 2240 1200
f 519 2253 1115
f 454 2038 984
f 450 1951 977
f 456 2055 989
f 459 2073 995
f 462 2092 1002
f 472 2109 1019
f 446 2019 971
f 506 2235 1091
f 535 2258 1146
f 541 1934 1158
f 570 1861 1217
f 480 1807 1037
f 421 1790 918
f 511 1826 1098
f 556 1844 1188
f 484 1880 1044
f 580 2186 1236
f 567 2308 1212
f 522 2272 1122
f 427 1894 930
f 544 2095 1163
f 468 2041 1013
f 436 1948 948
f 499 2060 1074
f 530 2078 1134
f 548 2132 1170
f 466 1970 1008
f 442 1984 960
f 505 2218 1086
f 536 2289 1151
f 491 2181 1061
f 423 1875 923
f 513 1897 1103
f 564 2275 1205
f 581 2311 1241
f 549 2167 1175
f 477 2146 1032
f 445 2002 966
f 503 2200 1080
f 525 1915 1127
f 474 2127 1025
f 438 1965 953
f 495 1987 1067
f 532 2221 1139
f 552 2294 1182
f 490 2164 1056
f 577 2149 1229
f 559 2005 1193
f 517 2203 1109
f 430 1912 936
f 590 1870 1325
f 584 1816 1277
f 585 1800 1265
f 592 1836 1301
f 595 1854 1319
f 598 1890 1343
f 636 2196 1566
f 621 2320 1464
f 642 2284 1590
f 601 1906 1349
f 623 2104 1523
f 611 2047 1422
f 609 1958 1397
f 625 2070 1499
f 628 2088 1517
f 632 2142 1559
f 613 1980 1427
f 616 1994 1433
f 638 2230 1572
f 606 2297 1374
f 407 2329 892
f 403 2323 885
f 404 2326 897
f 410 2333 903
f 413 2336 910
f 422 2345 939
f 486 2409 1048
f 573 2496 1222
f 561 2485 1198
f 512 2435 1113
f 452 2374 982
f 448 2368 975
f 449 2371 987
f 455 2378 993
f 458 2381 1000
f 470 2392 1017
f 437 2360 969
f 494 2416 1089
f 531 2456 1144
f 539 2460 1156
f 568 2488 1215
f 478 2398 1035
f 419 2340 916
f 509 2430 1096
f 554 2475 1186
f 482 2404 1042
f 576 2501 1234
f 558 2482 1210
f 516 2440 1120
f 425 2347 928
f 542 2464 1161
f 463 2384 1011
f 434 2355 946
f 497 2419 1072
f 528 2451 1132
f 546 2470 1168
f 464 2385 1006
f 440 2362 958
f 500 2423 1084
f 524 2446 1149
f 479 2401 1059
f 418 2339 921
f 508 2429 1101
f 553 2474 1203
f 569 2491 1239
f 538 2459 1173
f 471 2395 1030
f 443 2365 964
f 501 2424 1078
f 523 2443 1125
f 467 2390 1023
f 433 2354 951
f 493 2413 1065
f 527 2450 1137
f 543 2467 1180
f 485 2408 1054
f 572 2495 1227
f 557 2479 1191
f 515 2437 1107
f 428 2350 934
f 591 2511 1326
f 587 2505 1278
f 588 2507 1266
f 594 2513 1302
f 597 2516 1320
f 600 2519 1344
f 634 2556 1565
f 619 2540 1463
f 639 2561 1589
f 602 2521 1350
f 624 2544 1524
f 608 2529 1421
f 610 2530 1398
f 627 2546 1500
f 630 2549 1518
f 635 2553 1560
f 615 2534 1428
f 617 2536 1434
f 637 2557 1571
f 604 2525 1373
f 164 1609 889
f 163 1605 883
f 165 1611 895
f 166 1614 901
f 167 1617 907
f 172 1631 937
f 190 1688 1045
f 219 1775 1219
f 215 1763 1195
f 201 1719 1111
f 179 1654 979
f 178 1650 973
f 180 1656 985
f 181 1659 991
f 182 1662 997
f 185 1672 1015
f 177 1646 967
f 197 1706 1087
f 206 1735 1141
f 208 1741 1153
f 218 1770 1213
f 188 1680 1033
f 168 1621 913
f 198 1711 1093
f 213 1756 1183
f 189 1684 1039
f 221 1780 1231
f 217 1767 1207
f 202 1722 1117
f 170 1627 925
f 209 1744 1159
f 184 1668 1009
f 173 1636 943
f 194 1699 1069
f 204 1730 1129
f 210 1748 1165
f 183 1666 1003
f 175 1642 955
f 196 1705 1081
f 207 1736 1147
f 192 1691 1057
f 169 1623 919
f 199 1713 1099
f 216 1764 1201
f 222 1781 1237
f 211 1749 1171
f 187 1677 1027
f 176 1645 961
f 195 1703 1075
f 203 1725 1123
f 186 1674 1021
f 174 1638 949
f 193 1695 1063
f 205 1732 1135
f 212 1752 1177
f 191 1690 1051
f 220 1777 1225
f 214 1759 1189
f 200 1717 1105
f 171 1630 931
f 358 2191 1322
f 256 1885 1274
f 261 1901 1262
f 387 2279 1298
f 399 2315 1316
f 351 2171 1340
f 348 2160 1561
f 300 2016 1459
f 366 2214 1585
f 267 1919 1346
f 340 2137 1520
f 287 1978 1417
f 291 1991 1394
f 369 2225 1496
f 395 2302 1514
f 354 2178 1556
f 345 2153 1424
f 297 2009 1430
f 363 2207 1567
f 270 1926 1369
f 247 1857 908
f 229 1803 890
f 223 1786 884
f 235 1822 896
f 241 1840 902
f 253 1876 920
f 355 2182 1058
f 398 2312 1238
f 386 2276 1202
f 260 1898 1100
f 325 2091 998
f 307 2037 980
f 278 1952 974
f 313 2056 986
f 319 2074 992
f 337 2128 1022
f 283 1966 950
f 290 1988 1064
f 368 2222 1136
f 392 2293 1178
f 356 2185 1232
f 254 1879 1040
f 259 1893 926
f 385 2271 1118
f 397 2307 1208
f 349 2163 1052
f 344 2150 1226
f 296 2006 1190
f 362 2204 1106
f 265 1911 932
f 338 2131 1166
f 284 1969 1004
f 289 1983 956
f 367 2217 1082
f 391 2290 1148
f 350 2168 1172
f 343 2145 1028
f 295 2001 962
f 361 2199 1076
f 266 1916 1124
f 230 1808 1034
f 224 1789 914
f 236 1825 1094
f 242 1843 1184
f 248 1862 1214
f 272 1933 1154
f 331 2110 1016
f 301 2020 968
f 373 2236 1088
f 380 2257 1142
f 308 2042 1010
f 277 1947 944
f 314 2059 1070
f 320 2077 1130
f 326 2096 1160
f 332 2113 1046
f 302 2023 1220
f 374 2239 1196
f 379 2254 1112
f 271 1930 938
f 234 1818 1279
f 227 1798 1255
f 239 1834 1291
f 245 1852 1309
f 252 1872 1327
f 275 1942 1375
f 334 2120 1537
f 304 2030 1448
f 377 2248 1574
f 382 2263 1364
f 312 2052 1483
f 279 1955 1387
f 316 2065 1436
f 323 2086 1507
f 330 2106 1525
f 335 2122 1543
f 305 2032 1465
f 376 2245 1454
f 383 2266 1580
f 274 1940 1358
f 232 1813 1267
f 225 1792 1243
f 237 1828 1250
f 243 1846 1286
f 250 1867 1304
f 273 1936 1334
f 336 2123 1549
f 306 2033 1471
f 378 2249 1597
f 381 2260 1352
f 311 2049 1477
f 281 1959 1399
f 315 2062 1406
f 321 2080 1490
f 328 2101 1502
f 333 2116 1531
f 303 2026 1412
f 375 2242 1442
f 384 2267 1592
f 276 1943 1381
f 251 1869 1321
f 233 1815 1273
f 228 1799 1261
f 240 1835 1297
f 246 1853 1315
f 258 1889 1339
f 360 2195 1562
f 401 2319 1460
f 389 2283 1586
f 263 1905 1345
f 329 2103 1519
f 310 2046 1418
f 280 1957 1393
f 318 2069 1495
f 324 2087 1513
f 342 2141 1555
f 288 1979 1423
f 292 1993 1429
f 371 2229 1568
f 393 2296 1370
f 357 2188 1280
f 255 1882 1256
f 262 1902 1292
f 388 2280 1310
f 400 2316 1328
f 352 2172 1376
f 347 2157 1538
f 298 2011 1447
f 364 2209 1573
f 269 1923 1363
f 339 2134 1484
f 285 1972 1388
f 293 1995 1435
f 370 2226 1508
f 396 2303 1526
f 353 2175 1544
f 346 2154 1466
f 299 2013 1453
f 365 2211 1579
f 268 1921 1357
f 249 1865 1268
f 231 1811 1244
f 226 1796 1249
f 238 1832 1285
f 244 1850 1303
f 257 1888 1333
f 359 2194 1550
f 402 2322 1472
f 390 2286 1598
f 264 1908 1351
f 327 2099 1478
f 309 2045 1400
f 282 1962 1405
f 317 2068 1489
f 322 2084 1501
f 341 2140 1532
f 286 1976 1411
f 294 1998 1441
f 372 2232 1591
f 394 2299 1382
f 416 2330 911
f 408 2324 893
f 406 2325 888
f 412 2332 900
f 415 2335 906
f 424 2344 924
f 492 2410 1062
f 582 2497 1242
f 565 2486 1206
f 514 2434 1104
f 461 2375 1001
f 453 2369 983
f 451 2370 978
f 457 2377 990
f 460 2380 996
f 475 2393 1026
f 439 2359 954
f 496 2415 1068
f 533 2455 1140
f 551 2461 1181
f 579 2489 1235
f 483 2399 1043
f 426 2341 929
f 521 2431 1121
f 566 2476 1211
f 489 2405 1055
f 578 2500 1230
f 560 2481 1194
f 518 2439 1110
f 429 2348 935
f 547 2465 1169
f 465 2383 1007
f 441 2356 959
f 504 2420 1085
f 537 2452 1152
f 550 2471 1176
f 476 2386 1031
f 444 2363 965
f 502 2422 1079
f 526 2445 1128
f 481 2400 1038
f 420 2338 917
f 510 2428 1097
f 555 2473 1187
f 571 2490 1218
f 540 2458 1157
f 473 2394 1020
f 447 2366 972
f 507 2425 1092
f 534 2444 1145
f 469 2389 1014
f 435 2353 947
f 498 2414 1073
f 529 2449 1133
f 545 2466 1164
f 487 2407 1049
f 574 2494 1223
f 562 2480 1199
f 520 2438 1116
f 432 2351 942
f 589 2510 1283
f 583 2504 1259
f 586 2508 1295
f 593 2514 1313
f 596 2517 1331
f 599 2520 1379
f 633 2554 1541
f 620 2539 1452
f 640 2560 1578
f 603 2523 1368
f 622 2543 1487
f 607 2527 1391
f 612 2532 1440
f 626 2547 1511
f 629 2550 1529
f 631 2552 1547
f 614 2535 1469
f 618 2538 1458
f 641 2558 1584
f 605 2524 1362
f 164 1607 1609
f 163 1603 1605
f 165 1604 1611
f 166 1610 1614
f 167 1613 1617
f 172 1622 1631
f 190 1686 1688
f 219 1773 1775
f 215 1761 1763
f 201 1712 1719
f 179 1652 1654
f 178 1648 1650
f 180 1649 1656
f 181 1655 1659
f 182 1658 1662
f 185 1670 1672
f 177 1637 1646
f 197 1694 1706
f 206 1731 1735
f 208 1739 1741
f 218 1768 1770
f 188 1678 1680
f 168 1619 1621
f 198 1709 1711
f 213 1754 1756
f 189 1682 1684
f 221 1776 1780
f 217 1758 1767
f 202 1716 1722
f 170 1625 1627
f 209 1742 1744
f 184 1663 1668
f 173 1634 1636
f 194 1697 1699
f 204 1728 1730
f 210 1746 1748
f 183 1664 1666
f 175 1640 1642
f 196 1700 1705
f 207 1724 1736
f 192 1679 1691
f 169 1618 1623
f 199 1708 1713
f 216 1753 1764
f 222 1769 1781
f 211 1738 1749
f 187 1671 1677
f 176 1643 1645
f 195 1701 1703
f 203 1723 1725
f 186 1667 1674
f 174 1633 1638
f 193 1693 1695
f 205 1727 1732
f 212 1743 1752
f 191 1685 1690
f 220 1772 1777
f 214 1757 1759
f 200 1715 1717
f 171 1628 1630
f 358 2187 2191
f 256 1881 1885
f 261 1899 1901
f 387 2277 2279
f 399 2313 2315
f 351 2169 2171
f 348 2156 2160
f 300 2010 2016
f 366 2208 2214
f 267 1917 1919
f 340 2133 2137
f 287 1971 1978
f 291 1989 1991
f 369 2223 2225
f 395 2300 2302
f 354 2174 2178
f 345 2151 2153
f 297 2007 2009
f 363 2205 2207
f 270 1920 1926
f 247 1855 1857
f 229 1801 1803
f 223 1784 1786
f 235 1820 1822
f 241 1838 1840
f 253 1874 1876
f 355 2180 2182
f 398 2310 2312
f 386 2274 2276
f 260 1896 1898
f 325 2089 2091
f 307 2035 2037
f 278 1950 1952
f 313 2054 2056
f 319 2072 2074
f 337 2126 2128
f 283 1964 1966
f 290 1986 1988
f 368 2220 2222
f 392 2291 2293
f 356 2183 2185
f 254 1877 1879
f 259 1891 1893
f 385 2269 2271
f 397 2305 2307
f 349 2161 2163
f 344 2148 2150
f 296 2004 2006
f 362 2202 2204
f 265 1909 1911
f 338 2129 2131
f 284 1967 1969
f 289 1981 1983
f 367 2215 2217
f 391 2288 2290
f 350 2166 2168
f 343 2143 2145
f 295 1999 2001
f 361 2197 2199
f 266 1914 1916
f 230 1806 1808
f 224 1787 1789
f 236 1823 1825
f 242 1841 1843
f 248 1860 1862
f 272 1931 1933
f 331 2108 2110
f 301 2018 2020
f 373 2234 2236
f 380 2255 2257
f 308 2040 2042
f 277 1945 1947
f 314 2057 2059
f 320 2075 2077
f 326 2094 2096
f 332 2111 2113
f 302 2021 2023
f 374 2237 2239
f 379 2252 2254
f 271 1928 1930
f 234 1812 1818
f 227 1791 1798
f 239 1827 1834
f 245 1845 1852
f 252 1866 1872
f 275 1935 1942
f 334 2118 2120
f 304 2028 2030
f 377 2246 2248
f 382 2259 2263
f 312 2048 2052
f 279 1953 1955
f 316 2061 2065
f 323 2079 2086
f 330 2100 2106
f 335 2115 2122
f 305 2025 2032
f 376 2241 2245
f 383 2264 2266
f 274 1938 1940
f 232 1802 1813
f 225 1783 1792
f 237 1819 1828
f 243 1837 1846
f 250 1856 1867
f 273 1927 1936
f 336 2112 2123
f 306 2022 2033
f 378 2238 2249
f 381 2251 2260
f 311 2036 2049
f 281 1949 1959
f 315 2053 2062
f 321 2071 2080
f 328 2090 2101
f 333 2107 2116
f 303 2017 2026
f 375 2233 2242
f 384 2256 2267
f 276 1932 1943
f 251 1859 1869
f 233 1805 1815
f 228 1788 1799
f 240 1824 1835
f 246 1842 1853
f 258 1878 1889
f 360 2184 2195
f 401 2306 2319
f 389 2270 2283
f 263 1892 1905
f 329 2093 2103
f 310 2039 2046
f 280 1946 1957
f 318 2058 2069
f 324 2076 2087
f 342 2130 2141
f 288 1968 1979
f 292 1982 1993
f 371 2216 2229
f 393 2287 2296
f 357 2179 2188
f 255 1873 1882
f 262 1895 1902
f 388 2273 2280
f 400 2309 2316
f 352 2165 2172
f 347 2144 2157
f 298 2000 2011
f 364 2198 2209
f 269 1913 1923
f 339 2125 2134
f 285 1963 1972
f 293 1985 1995
f 370 2219 2226
f 396 2292 2303
f 353 2162 2175
f 346 2147 2154
f 299 2003 2013
f 365 2201 2211
f 268 1910 1921
f 249 1863 1865
f 231 1809 1811
f 226 1794 1796
f 238 1830 1832
f 244 1848 1850
f 257 1886 1888
f 359 2192 2194
f 402 2318 2322
f 390 2282 2286
f 264 1904 1908
f 327 2097 2099
f 309 2043 2045
f 282 1956 1962
f 317 2066 2068
f 322 2082 2084
f 341 2138 2140
f 286 1974 1976
f 294 1992 1998
f 372 2228 2232
f 394 2295 2299
f 416 2331 2330
f 408 2327 2324
f 406 2328 2325
f 412 2334 2332
f 415 2337 2335
f 424 2346 2344
f 492 2412 2410
f 582 2499 2497
f 565 2487 2486
f 514 2436 2434
f 461 2376 2375
f 453 2372 2369
f 451 2373 2370
f 457 2379 2377
f 460 2382 2380
f 475 2396 2393
f 439 2361 2359
f 496 2418 2415
f 533 2457 2455
f 551 2463 2461
f 579 2492 2489
f 483 2402 2399
f 426 2343 2341
f 521 2433 2431
f 566 2478 2476
f 489 2406 2405
f 578 2502 2500
f 560 2484 2481
f 518 2442 2439
f 429 2349 2348
f 547 2468 2465
f 465 2387 2383
f 441 2358 2356
f 504 2421 2420
f 537 2454 2452
f 550 2472 2471
f 476 2388 2386
f 444 2364 2363
f 502 2426 2422
f 526 2448 2445
f 481 2403 2400
f 420 2342 2338
f 510 2432 2428
f 555 2477 2473
f 571 2493 2490
f 540 2462 2458
f 473 2397 2394
f 447 2367 2366
f 507 2427 2425
f 534 2447 2444
f 469 2391 2389
f 435 2357 2353
f 498 2417 2414
f 529 2453 2449
f 545 2469 2466
f 487 2411 2407
f 574 2498 2494
f 562 2483 2480
f 520 2441 2438
f 432 2352 2351
f 589 2509 2510
f 583 2503 2504
f 586 2506 2508
f 593 2512 2514
f 596 2515 2517
f 599 2518 2520
f 633 2555 2554
f 620 2541 2539
f 640 2562 2560
f 603 2522 2523
f 622 2542 2543
f 607 2528 2527
f 612 2531 2532
f 626 2545 2547
f 629 2548 2550
f 631 2551 2552
f 614 2533 2535
f 618 2537 2538
f 641 2559 2558
f 605 2526 2524
f 164 644 1607
f 163 643 1603
f 165 645 1604
f 166 646 1610
f 167 647 1613
f 172 652 1622
f 190 670 1686
f 219 699 1773
f 215 695 1761
f 201 681 1712
f 179 659 1652
f 178 658 1648
f 180 660 1649
f 181 661 1655
f 182 662 1658
f 185 665 1670
f 177 657 1637
f 197 677 1694
f 206 686 1731
f 208 688 1739
f 218 698 1768
f 188 668 1678
f 168 648 1619
f 198 678 1709
f 213 693 1754
f 189 669 1682
f 221 701 1776
f 217 697 1758
f 202 682 1716
f 170 650 1625
f 209 689 1742
f 184 664 1663
f 173 653 1634
f 194 674 1697
f 204 684 1728
f 210 690 1746
f 183 663 1664
f 175 655 1640
f 196 676 1700
f 207 687 1724
f 192 672 1679
f 169 649 1618
f 199 679 1708
f 216 696 1753
f 222 702 1769
f 211 691 1738
f 187 667 1671
f 176 656 1643
f 195 675 1701
f 203 683 1723
f 186 666 1667
f 174 654 1633
f 193 673 1693
f 205 685 1727
f 212 692 1743
f 191 671 1685
f 220 700 1772
f 214 694 1757
f 200 680 1715
f 171 651 1628
f 358 838 2187
f 256 736 1881
f 261 741 1899
f 387 867 2277
f 399 879 2313
f 351 831 2169
f 348 828 2156
f 300 780 2010
f 366 846 2208
f 267 747 1917
f 340 820 2133
f 287 767 1971
f 291 771 1989
f 369 849 2223
f 395 875 2300
f 354 834 2174
f 345 825 2151
f 297 777 2007
f 363 843 2205
f 270 750 1920
f 247 727 1855
f 229 709 1801
f 223 703 1784
f 235 715 1820
f 241 721 1838
f 253 733 1874
f 355 835 2180
f 398 878 2310
f 386 866 2274
f 260 740 1896
f 325 805 2089
f 307 787 2035
f 278 758 1950
f 313 793 2054
f 319 799 2072
f 337 817 2126
f 283 763 1964
f 290 770 1986
f 368 848 2220
f 392 872 2291
f 356 836 2183
f 254 734 1877
f 259 739 1891
f 385 865 2269
f 397 877 2305
f 349 829 2161
f 344 824 2148
f 296 776 2004
f 362 842 2202
f 265 745 1909
f 338 818 2129
f 284 764 1967
f 289 769 1981
f 367 847 2215
f 391 871 2288
f 350 830 2166
f 343 823 2143
f 295 775 1999
f 361 841 2197
f 266 746 1914
f 230 710 1806
f 224 704 1787
f 236 716 1823
f 242 722 1841
f 248 728 1860
f 272 752 1931
f 331 811 2108
f 301 781 2018
f 373 853 2234
f 380 860 2255
f 308 788 2040
f 277 757 1945
f 314 794 2057
f 320 800 2075
f 326 806 2094
f 332 812 2111
f 302 782 2021
f 374 854 2237
f 379 859 2252
f 271 751 1928
f 234 714 1812
f 227 707 1791
f 239 719 1827
f 245 725 1845
f 252 732 1866
f 275 755 1935
f 334 814 2118
f 304 784 2028
f 377 857 2246
f 382 862 2259
f 312 792 2048
f 279 759 1953
f 316 796 2061
f 323 803 2079
f 330 810 2100
f 335 815 2115
f 305 785 2025
f 376 856 2241
f 383 863 2264
f 274 754 1938
f 232 712 1802
f 225 705 1783
f 237 717 1819
f 243 723 1837
f 250 730 1856
f 273 753 1927
f 336 816 2112
f 306 786 2022
f 378 858 2238
f 381 861 2251
f 311 791 2036
f 281 761 1949
f 315 795 2053
f 321 801 2071
f 328 808 2090
f 333 813 2107
f 303 783 2017
f 375 855 2233
f 384 864 2256
f 276 756 1932
f 251 731 1859
f 233 713 1805
f 228 708 1788
f 240 720 1824
f 246 726 1842
f 258 738 1878
f 360 840 2184
f 401 881 2306
f 389 869 2270
f 263 743 1892
f 329 809 2093
f 310 790 2039
f 280 760 1946
f 318 798 2058
f 324 804 2076
f 342 822 2130
f 288 768 1968
f 292 772 1982
f 371 851 2216
f 393 873 2287
f 357 837 2179
f 255 735 1873
f 262 742 1895
f 388 868 2273
f 400 880 2309
f 352 832 2165
f 347 827 2144
f 298 778 2000
f 364 844 2198
f 269 749 1913
f 339 819 2125
f 285 765 1963
f 293 773 1985
f 370 850 2219
f 396 876 2292
f 353 833 2162
f 346 826 2147
f 299 779 2003
f 365 845 2201
f 268 748 1910
f 249 729 1863
f 231 711 1809
f 226 706 1794
f 238 718 1830
f 244 724 1848
f 257 737 1886
f 359 839 2192
f 402 882 2318
f 390 870 2282
f 264 744 1904
f 327 807 2097
f 309 789 2043
f 282 762 1956
f 317 797 2066
f 322 802 2082
f 341 821 2138
f 286 766 1974
f 294 774 1992
f 372 852 2228
f 394 874 2295
f 416 1270 2331
f 408 1246 2327
f 406 1251 2328
f 412 1287 2334
f 415 1305 2337
f 424 1335 2346
f 492 1552 2412
f 582 1474 2499
f 565 1600 2487
f 514 1353 2436
f 461 1480 2376
f 453 1402 2372
f 451 1407 2373
f 457 1491 2379
f 460 1503 2382
f 475 1534 2396
f 439 1413 2361
f 496 1443 2418
f 533 1593 2457
f 551 1384 2463
f 579 1324 2492
f 483 1276 2402
f 426 1264 2343
f 521 1300 2433
f 566 1318 2478
f 489 1342 2406
f 578 1563 2502
f 560 1461 2484
f 518 1587 2442
f 429 1348 2349
f 547 1522 2468
f 465 1419 2387
f 441 1396 2358
f 504 1498 2421
f 537 1516 2454
f 550 1558 2472
f 476 1426 2388
f 444 1432 2364
f 502 1569 2426
f 526 1371 2448
f 481 1281 2403
f 420 1257 2342
f 510 1293 2432
f 555 1311 2477
f 571 1329 2493
f 540 1377 2462
f 473 1539 2397
f 447 1450 2367
f 507 1576 2427
f 534 1366 2447
f 469 1485 2391
f 435 1389 2357
f 498 1438 2417
f 529 1509 2453
f 545 1527 2469
f 487 1545 2411
f 574 1467 2498
f 562 1456 2483
f 520 1582 2441
f 432 1360 2352
f 589 1271 2509
f 583 1247 2503
f 586 1254 2506
f 593 1290 2512
f 596 1308 2515
f 599 1338 2518
f 633 1553 2555
f 620 1475 2541
f 640 1601 2562
f 603 1356 2522
f 622 1481 2542
f 607 1403 2528
f 612 1410 2531
f 626 1494 2545
f 629 1506 2548
f 631 1535 2551
f 614 1416 2533
f 618 1446 2537
f 641 1596 2559
f 605 1385 2526
f 167 907 1616
f 164 889 1608
f 163 883 1606
f 165 895 1612
f 166 901 1615
f 169 919 1624
f 192 1057 1692
f 222 1237 1782
f 216 1201 1765
f 199 1099 1714
f 182 997 1661
f 179 979 1653
f 178 973 1651
f 180 985 1657
f 181 991 1660
f 186 1021 1675
f 174 949 1639
f 193 1063 1696
f 205 1135 1733
f 212 1177 1751
f 221 1231 1779
f 189 1039 1683
f 170 925 1626
f 202 1117 1721
f 217 1207 1766
f 191 1051 1689
f 220 1225 1778
f 214 1189 1760
f 200 1105 1718
f 171 931 1629
f 210 1165 1747
f 183 1003 1665
f 175 955 1641
f 196 1081 1704
f 207 1147 1737
f 211 1171 1750
f 187 1027 1676
f 176 961 1644
f 195 1075 1702
f 203 1123 1726
f 188 1033 1681
f 168 913 1620
f 198 1093 1710
f 213 1183 1755
f 218 1213 1771
f 208 1153 1740
f 185 1015 1673
f 177 967 1647
f 197 1087 1707
f 206 1141 1734
f 184 1009 1669
f 173 943 1635
f 194 1069 1698
f 204 1129 1729
f 209 1159 1745
f 190 1045 1687
f 219 1219 1774
f 215 1195 1762
f 201 1111 1720
f 172 937 1632
f 357 1280 2189
f 255 1256 1883
f 262 1292 1903
f 388 1310 2281
f 400 1328 2317
f 352 1376 2173
f 347 1538 2158
f 298 1447 2012
f 364 1573 2210
f 269 1363 1924
f 339 1484 2135
f 285 1388 1973
f 293 1435 1996
f 370 1508 2227
f 396 1526 2304
f 353 1544 2176
f 346 1466 2155
f 299 1453 2014
f 365 1579 2212
f 268 1357 1922
f 249 1268 1864
f 231 1244 1810
f 226 1249 1795
f 238 1285 1831
f 244 1303 1849
f 257 1333 1887
f 359 1550 2193
f 402 1472 2321
f 390 1598 2285
f 264 1351 1907
f 327 1478 2098
f 309 1400 2044
f 282 1405 1961
f 317 1489 2067
f 322 1501 2083
f 341 1532 2139
f 286 1411 1975
f 294 1441 1997
f 372 1591 2231
f 394 1382 2298
f 358 1322 2190
f 256 1274 1884
f 261 1262 1900
f 387 1298 2278
f 399 1316 2314
f 351 1340 2170
f 348 1561 2159
f 300 1459 2015
f 366 1585 2213
f 267 1346 1918
f 340 1520 2136
f 287 1417 1977
f 291 1394 1990
f 369 1496 2224
f 395 1514 2301
f 354 1556 2177
f 345 1424 2152
f 297 1430 2008
f 363 1567 2206
f 270 1369 1925
f 234 1279 1817
f 227 1255 1797
f 239 1291 1833
f 245 1309 1851
f 252 1327 1871
f 275 1375 1941
f 334 1537 2119
f 304 1448 2029
f 377 1574 2247
f 382 1364 2262
f 312 1483 2051
f 279 1387 1954
f 316 1436 2064
f 323 1507 2085
f 330 1525 2105
f 335 1543 2121
f 305 1465 2031
f 376 1454 2244
f 383 1580 2265
f 274 1358 1939
f 232 1267 1814
f 225 1243 1793
f 237 1250 1829
f 243 1286 1847
f 250 1304 1868
f 273 1334 1937
f 336 1549 2124
f 306 1471 2034
f 378 1597 2250
f 381 1352 2261
f 311 1477 2050
f 281 1399 1960
f 315 1406 2063
f 321 1490 2081
f 328 1502 2102
f 333 1531 2117
f 303 1412 2027
f 375 1442 2243
f 384 1592 2268
f 276 1381 1944
f 229 890 1804
f 223 884 1785
f 235 896 1821
f 241 902 1839
f 247 908 1858
f 271 938 1929
f 332 1046 2114
f 302 1220 2024
f 374 1196 2240
f 379 1112 2253
f 307 980 2038
f 278 974 1951
f 313 986 2055
f 319 992 2073
f 325 998 2092
f 331 1016 2109
f 301 968 2019
f 373 1088 2235
f 380 1142 2258
f 272 1154 1934
f 248 1214 1861
f 230 1034 1807
f 224 914 1790
f 236 1094 1826
f 242 1184 1844
f 254 1040 1880
f 356 1232 2186
f 397 1208 2308
f 385 1118 2272
f 259 926 1894
f 326 1160 2095
f 308 1010 2041
f 277 944 1948
f 314 1070 2060
f 320 1130 2078
f 338 1166 2132
f 284 1004 1970
f 289 956 1984
f 367 1082 2218
f 391 1148 2289
f 355 1058 2181
f 253 920 1875
f 260 1100 1897
f 386 1202 2275
f 398 1238 2311
f 350 1172 2167
f 343 1028 2146
f 295 962 2002
f 361 1076 2200
f 266 1124 1915
f 337 1022 2127
f 283 950 1965
f 290 1064 1987
f 368 1136 2221
f 392 1178 2294
f 349 1052 2164
f 344 1226 2149
f 296 1190 2005
f 362 1106 2203
f 265 932 1912
f 251 1321 1870
f 233 1273 1816
f 228 1261 1800
f 240 1297 1836
f 246 1315 1854
f 258 1339 1890
f 360 1562 2196
f 401 1460 2320
f 389 1586 2284
f 263 1345 1906
f 329 1519 2104
f 310 1418 2047
f 280 1393 1958
f 318 1495 2070
f 324 1513 2088
f 342 1555 2142
f 288 1423 1980
f 292 1429 1994
f 371 1568 2230
f 393 1370 2297
f 409 894 2329
f 405 887 2323
f 411 899 2326
f 414 905 2333
f 417 912 2336
f 431 941 2345
f 488 1050 2409
f 575 1224 2496
f 563 1200 2485
f 519 1115 2435
f 454 984 2374
f 450 977 2368
f 456 989 2371
f 459 995 2378
f 462 1002 2381
f 472 1019 2392
f 446 971 2360
f 506 1091 2416
f 535 1146 2456
f 541 1158 2460
f 570 1217 2488
f 480 1037 2398
f 421 918 2340
f 511 1098 2430
f 556 1188 2475
f 484 1044 2404
f 580 1236 2501
f 567 1212 2482
f 522 1122 2440
f 427 930 2347
f 544 1163 2464
f 468 1013 2384
f 436 948 2355
f 499 1074 2419
f 530 1134 2451
f 548 1170 2470
f 466 1008 2385
f 442 960 2362
f 505 1086 2423
f 536 1151 2446
f 491 1061 2401
f 423 923 2339
f 513 1103 2429
f 564 1205 2474
f 581 1241 2491
f 549 1175 2459
f 477 1032 2395
f 445 966 2365
f 503 1080 2424
f 525 1127 2443
f 474 1025 2390
f 438 953 2354
f 495 1067 2413
f 532 1139 2450
f 552 1182 2467
f 490 1056 2408
f 577 1229 2495
f 559 1193 2479
f 517 1109 2437
f 430 936 2350
f 590 1325 2511
f 584 1277 2505
f 585 1265 2507
f 592 1301 2513
f 595 1319 2516
f 598 1343 2519
f 636 1566 2556
f 621 1464 2540
f 642 1590 2561
f 601 1349 2521
f 623 1523 2544
f 611 1422 2529
f 609 1397 2530
f 625 1499 2546
f 628 1517 2549
f 632 1559 2553
f 613 1427 2534
f 616 1433 2536
f 638 1572 2557
f 606 1374 2525
f 407 892 1609
f 403 885 1605
f 404 897 1611
f 410 903 1614
f 413 910 1617
f 422 939 1631
f 486 1048 1688
f 573 1222 1775
f 561 1198 1763
f 512 1113 1719
f 452 982 1654
f 448 975 1650
f 449 987 1656
f 455 993 1659
f 458 1000 1662
f 470 1017 1672
f 437 969 1646
f 494 1089 1706
f 531 1144 1735
f 539 1156 1741
f 568 1215 1770
f 478 1035 1680
f 419 916 1621
f 509 1096 1711
f 554 1186 1756
f 482 1042 1684
f 576 1234 1780
f 558 1210 1767
f 516 1120 1722
f 425 928 1627
f 542 1161 1744
f 463 1011 1668
f 434 946 1636
f 497 1072 1699
f 528 1132 1730
f 546 1168 1748
f 464 1006 1666
f 440 958 1642
f 500 1084 1705
f 524 1149 1736
f 479 1059 1691
f 418 921 1623
f 508 1101 1713
f 553 1203 1764
f 569 1239 1781
f 538 1173 1749
f 471 1030 1677
f 443 964 1645
f 501 1078 1703
f 523 1125 1725
f 467 1023 1674
f 433 951 1638
f 493 1065 1695
f 527 1137 1732
f 543 1180 1752
f 485 1054 1690
f 572 1227 1777
f 557 1191 1759
f 515 1107 1717
f 428 934 1630
f 591 1326 2191
f 587 1278 1885
f 588 1266 1901
f 594 1302 2279
f 597 1320 2315
f 600 1344 2171
f 634 1565 2160
f 619 1463 2016
f 639 1589 2214
f 602 1350 1919
f 624 1524 2137
f 608 1421 1978
f 610 1398 1991
f 627 1500 2225
f 630 1518 2302
f 635 1560 2178
f 615 1428 2153
f 617 1434 2009
f 637 1571 2207
f 604 1373 1926
f 416 911 1857
f 408 893 1803
f 406 888 1786
f 412 900 1822
f 415 906 1840
f 424 924 1876
f 492 1062 2182
f 582 1242 2312
f 565 1206 2276
f 514 1104 1898
f 461 1001 2091
f 453 983 2037
f 451 978 1952
f 457 990 2056
f 460 996 2074
f 475 1026 2128
f 439 954 1966
f 496 1068 1988
f 533 1140 2222
f 551 1181 2293
f 579 1235 2185
f 483 1043 1879
f 426 929 1893
f 521 1121 2271
f 566 1211 2307
f 489 1055 2163
f 578 1230 2150
f 560 1194 2006
f 518 1110 2204
f 429 935 1911
f 547 1169 2131
f 465 1007 1969
f 441 959 1983
f 504 1085 2217
f 537 1152 2290
f 550 1176 2168
f 476 1031 2145
f 444 965 2001
f 502 1079 2199
f 526 1128 1916
f 481 1038 1808
f 420 917 1789
f 510 1097 1825
f 555 1187 1843
f 571 1218 1862
f 540 1157 1933
f 473 1020 2110
f 447 972 2020
f 507 1092 2236
f 534 1145 2257
f 469 1014 2042
f 435 947 1947
f 498 1073 2059
f 529 1133 2077
f 545 1164 2096
f 487 1049 2113
f 574 1223 2023
f 562 1199 2239
f 520 1116 2254
f 432 942 1930
f 589 1283 1818
f 583 1259 1798
f 586 1295 1834
f 593 1313 1852
f 596 1331 1872
f 599 1379 1942
f 633 1541 2120
f 620 1452 2030
f 640 1578 2248
f 603 1368 2263
f 622 1487 2052
f 607 1391 1955
f 612 1440 2065
f 626 1511 2086
f 629 1529 2106
f 631 1547 2122
f 614 1469 2032
f 618 1458 2245
f 641 1584 2266
f 605 1362 1940
f 409 1269 1813
f 405 1245 1792
f 411 1252 1828
f 414 1288 1846
f 417 1306 1867
f 431 1336 1936
f 488 1551 2123
f 575 1473 2033
f 563 1599 2249
f 519 1354 2260
f 454 1479 2049
f 450 1401 1959
f 456 1408 2062
f 459 1492 2080
f 462 1504 2101
f 472 1533 2116
f 446 1414 2026
f 506 1444 2242
f 535 1594 2267
f 541 1383 1943
f 570 1323 1869
f 480 1275 1815
f 421 1263 1799
f 511 1299 1835
f 556 1317 1853
f 484 1341 1889
f 580 1564 2195
f 567 1462 2319
f 522 1588 2283
f 427 1347 1905
f 544 1521 2103
f 468 1420 2046
f 436 1395 1957
f 499 1497 2069
f 530 1515 2087
f 548 1557 2141
f 466 1425 1979
f 442 1431 1993
f 505 1570 2229
f 536 1372 2296
f 491 1282 2188
f 423 1258 1882
f 513 1294 1902
f 564 1312 2280
f 581 1330 2316
f 549 1378 2172
f 477 1540 2157
f 445 1449 2011
f 503 1575 2209
f 525 1365 1923
f 474 1486 2134
f 438 1390 1972
f 495 1437 1995
f 532 1510 2226
f 552 1528 2303
f 490 1546 2175
f 577 1468 2154
f 559 1455 2013
f 517 1581 2211
f 430 1359 1921
f 590 1272 1865
f 584 1248 1811
f 585 1253 1796
f 592 1289 1832
f 595 1307 1850
f 598 1337 1888
f 636 1554 2194
f 621 1476 2322
f 642 1602 2286
f 601 1355 1908
f 623 1482 2099
f 611 1404 2045
f 609 1409 1962
f 625 1493 2068
f 628 1505 2084
f 632 1536 2140
f 613 1415 1976
f 616 1445 1998
f 638 1595 2232
f 606 1386 2299
f 407 909 2330
f 403 891 2324
f 404 886 2325
f 410 898 2332
f 413 904 2335
f 422 922 2344
f 486 1060 2410
f 573 1240 2497
f 561 1204 2486
f 512 1102 2434
f 452 999 2375
f 448 981 2369
f 449 976 2370
f 455 988 2377
f 458 994 2380
f 470 1024 2393
f 437 952 2359
f 494 1066 2415
f 531 1138 2455
f 539 1179 2461
f 568 1233 2489
f 478 1041 2399
f 419 927 2341
f 509 1119 2431
f 554 1209 2476
f 482 1053 2405
f 576 1228 2500
f 558 1192 2481
f 516 1108 2439
f 425 933 2348
f 542 1167 2465
f 463 1005 2383
f 434 957 2356
f 497 1083 2420
f 528 1150 2452
f 546 1174 2471
f 464 1029 2386
f 440 963 2363
f 500 1077 2422
f 524 1126 2445
f 479 1036 2400
f 418 915 2338
f 508 1095 2428
f 553 1185 2473
f 569 1216 2490
f 538 1155 2458
f 471 1018 2394
f 443 970 2366
f 501 1090 2425
f 523 1143 2444
f 467 1012 2389
f 433 945 2353
f 493 1071 2414
f 527 1131 2449
f 543 1162 2466
f 485 1047 2407
f 572 1221 2494
f 557 1197 2480
f 515 1114 2438
f 428 940 2351
f 591 1284 2510
f 587 1260 2504
f 588 1296 2508
f 594 1314 2514
f 597 1332 2517
f 600 1380 2520
f 634 1542 2554
f 619 1451 2539
f 639 1577 2560
f 602 1367 2523
f 624 1488 2543
f 608 1392 2527
f 610 1439 2532
f 627 1512 2547
f 630 1530 2550
f 635 1548 2552
f 615 1470 2535
f 617 1457 2538
f 637 1583 2558
f 604 1361 2524
f 167 1616 1607
f 164 1608 1603
f 163 1606 1604
f 165 1612 1610
f 166 1615 1613
f 169 1624 1622
f 192 1692 1686
f 222 1782 1773
f 216 1765 1761
f 199 1714 1712
f 182 1661 1652
f 179 1653 1648
f 178 1651 1649
f 180 1657 1655
f 181 1660 1658
f 186 1675 1670
f 174 1639 1637
f 193 1696 1694
f 205 1733 1731
f 212 1751 1739
f 221 1779 1768
f 189 1683 1678
f 170 1626 1619
f 202 1721 1709
f 217 1766 1754
f 191 1689 1682
f 220 1778 1776
f 214 1760 1758
f 200 1718 1716
f 171 1629 1625
f 210 1747 1742
f 183 1665 1663
f 175 1641 1634
f 196 1704 1697
f 207 1737 1728
f 211 1750 1746
f 187 1676 1664
f 176 1644 1640
f 195 1702 1700
f 203 1726 1724
f 188 1681 1679
f 168 1620 1618
f 198 1710 1708
f 213 1755 1753
f 218 1771 1769
f 208 1740 1738
f 185 1673 1671
f 177 1647 1643
f 197 1707 1701
f 206 1734 1723
f 184 1669 1667
f 173 1635 1633
f 194 1698 1693
f 204 1729 1727
f 209 1745 1743
f 190 1687 1685
f 219 1774 1772
f 215 1762 1757
f 201 1720 1715
f 172 1632 1628
f 357 2189 2187
f 255 1883 1881
f 262 1903 1899
f 388 2281 2277
f 400 2317 2313
f 352 2173 2169
f 347 2158 2156
f 298 2012 2010
f 364 2210 2208
f 269 1924 1917
f 339 2135 2133
f 285 1973 1971
f 293 1996 1989
f 370 2227 2223
f 396 2304 2300
f 353 2176 2174
f 346 2155 2151
f 299 2014 2007
f 365 2212 2205
f 268 1922 1920
f 249 1864 1855
f 231 1810 1801
f 226 1795 1784
f 238 1831 1820
f 244 1849 1838
f 257 1887 1874
f 359 2193 2180
f 402 2321 2310
f 390 2285 2274
f 264 1907 1896
f 327 2098 2089
f 309 2044 2035
f 282 1961 1950
f 317 2067 2054
f 322 2083 2072
f 341 2139 2126
f 286 1975 1964
f 294 1997 1986
f 372 2231 2220
f 394 2298 2291
f 358 2190 2183
f 256 1884 1877
f 261 1900 1891
f 387 2278 2269
f 399 2314 2305
f 351 2170 2161
f 348 2159 2148
f 300 2015 2004
f 366 2213 2202
f 267 1918 1909
f 340 2136 2129
f 287 1977 1967
f 291 1990 1981
f 369 2224 2215
f 395 2301 2288
f 354 2177 2166
f 345 2152 2143
f 297 2008 1999
f 363 2206 2197
f 270 1925 1914
f 234 1817 1806
f 227 1797 1787
f 239 1833 1823
f 245 1851 1841
f 252 1871 1860
f 275 1941 1931
f 334 2119 2108
f 304 2029 2018
f 377 2247 2234
f 382 2262 2255
f 312 2051 2040
f 279 1954 1945
f 316 2064 2057
f 323 2085 2075
f 330 2105 2094
f 335 2121 2111
f 305 2031 2021
f 376 2244 2237
f 383 2265 2252
f 274 1939 1928
f 232 1814 1812
f 225 1793 1791
f 237 1829 1827
f 243 1847 1845
f 250 1868 1866
f 273 1937 1935
f 336 2124 2118
f 306 2034 2028
f 378 2250 2246
f 381 2261 2259
f 311 2050 2048
f 281 1960 1953
f 315 2063 2061
f 321 2081 2079
f 328 2102 2100
f 333 2117 2115
f 303 2027 2025
f 375 2243 2241
f 384 2268 2264
f 276 1944 1938
f 229 1804 1802
f 223 1785 1783
f 235 1821 1819
f 241 1839 1837
f 247 1858 1856
f 271 1929 1927
f 332 2114 2112
f 302 2024 2022
f 374 2240 2238
f 379 2253 2251
f 307 2038 2036
f 278 1951 1949
f 313 2055 2053
f 319 2073 2071
f 325 2092 2090
f 331 2109 2107
f 301 2019 2017
f 373 2235 2233
f 380 2258 2256
f 272 1934 1932
f 248 1861 1859
f 230 1807 1805
f 224 1790 1788
f 236 1826 1824
f 242 1844 1842
f 254 1880 1878
f 356 2186 2184
f 397 2308 2306
f 385 2272 2270
f 259 1894 1892
f 326 2095 2093
f 308 2041 2039
f 277 1948 1946
f 314 2060 2058
f 320 2078 2076
f 338 2132 2130
f 284 1970 1968
f 289 1984 1982
f 367 2218 2216
f 391 2289 2287
f 355 2181 2179
f 253 1875 1873
f 260 1897 1895
f 386 2275 2273
f 398 2311 2309
f 350 2167 2165
f 343 2146 2144
f 295 2002 2000
f 361 2200 2198
f 266 1915 1913
f 337 2127 2125
f 283 1965 1963
f 290 1987 1985
f 368 2221 2219
f 392 2294 2292
f 349 2164 2162
f 344 2149 2147
f 296 2005 2003
f 362 2203 2201
f 265 1912 1910
f 251 1870 1863
f 233 1816 1809
f 228 1800 1794
f 240 1836 1830
f 246 1854 1848
f 258 1890 1886
f 360 2196 2192
f 401 2320 2318
f 389 2284 2282
f 263 1906 1904
f 329 2104 2097
f 310 2047 2043
f 280 1958 1956
f 318 2070 2066
f 324 2088 2082
f 342 2142 2138
f 288 1980 1974
f 292 1994 1992
f 371 2230 2228
f 393 2297 2295
f 409 2329 2331
f 405 2323 2327
f 411 2326 2328
f 414 2333 2334
f 417 2336 2337
f 431 2345 2346
f 488 2409 2412
f 575 2496 2499
f 563 2485 2487
f 519 2435 2436
f 454 2374 2376
f 450 2368 2372
f 456 2371 2373
f 459 2378 2379
f 462 2381 2382
f 472 2392 2396
f 446 2360 2361
f 506 2416 2418
f 535 2456 2457
f 541 2460 2463
f 570 2488 2492
f 480 2398 2402
f 421 2340 2343
f 511 2430 2433
f 556 2475 2478
f 484 2404 2406
f 580 2501 2502
f 567 2482 2484
f 522 2440 2442
f 427 2347 2349
f 544 2464 2468
f 468 2384 2387
f 436 2355 2358
f 499 2419 2421
f 530 2451 2454
f 548 2470 2472
f 466 2385 2388
f 442 2362 2364
f 505 2423 2426
f 536 2446 2448
f 491 2401 2403
f 423 2339 2342
f 513 2429 2432
f 564 2474 2477
f 581 2491 2493
f 549 2459 2462
f 477 2395 2397
f 445 2365 2367
f 503 2424 2427
f 525 2443 2447
f 474 2390 2391
f 438 2354 2357
f 495 2413 2417
f 532 2450 2453
f 552 2467 2469
f 490 2408 2411
f 577 2495 2498
f 559 2479 2483
f 517 2437 2441
f 430 2350 2352
f 590 2511 2509
f 584 2505 2503
f 585 2507 2506
f 592 2513 2512
f 595 2516 2515
f 598 2519 2518
f 636 2556 2555
f 621 2540 2541
f 642 2561 2562
f 601 2521 2522
f 623 2544 2542
f 611 2529 2528
f 609 2530 2531
f 625 2546 2545
f 628 2549 2548
f 632 2553 2551
f 613 2534 2533
f 616 2536 2537
f 638 2557 2559
f 606 2525 2526
f 1607 644 647
f 1603 643 644
f 1604 645 643
f 1610 646 645
f 1613 647 646
f 1622 652 649
f 1686 670 672
f 1773 699 702
f 1761 695 696
f 1712 681 679
f 1652 659 662
f 1648 658 659
f 1649 660 658
f 1655 661 660
f 1658 662 661
f 1670 665 666
f 1637 657 654
f 1694 677 673
f 1731 686 685
f 1739 688 692
f 1768 698 701
f 1678 668 669
f 1619 648 650
f 1709 678 682
f 1754 693 697
f 1682 669 671
f 1776 701 700
f 1758 697 694
f 1716 682 680
f 1625 650 651
f 1742 689 690
f 1663 664 663
f 1634 653 655
f 1697 674 676
f 1728 684 687
f 1746 690 691
f 1664 663 667
f 1640 655 656
f 1700 676 675
f 1724 687 683
f 1679 672 668
f 1618 649 648
f 1708 679 678
f 1753 696 693
f 1769 702 698
f 1738 691 688
f 1671 667 665
f 1643 656 657
f 1701 675 677
f 1723 683 686
f 1667 666 664
f 1633 654 653
f 1693 673 674
f 1727 685 684
f 1743 692 689
f 1685 671 670
f 1772 700 699
f 1757 694 695
f 1715 680 681
f 1628 651 652
f 2187 838 837
f 1881 736 735
f 1899 741 742
f 2277 867 868
f 2313 879 880
f 2169 831 832
f 2156 828 827
f 2010 780 778
f 2208 846 844
f 1917 747 749
f 2133 820 819
f 1971 767 765
f 1989 771 773
f 2223 849 850
f 2300 875 876
f 2174 834 833
f 2151 825 826
f 2007 777 779
f 2205 843 845
f 1920 750 748
f 1855 727 729
f 1801 709 711
f 1784 703 706
f 1820 715 718
f 1838 721 724
f 1874 733 737
f 2180 835 839
f 2310 878 882
f 2274 866 870
f 1896 740 744
f 2089 805 807
f 2035 787 789
f 1950 758 762
f 2054 793 797
f 2072 799 802
f 2126 817 821
f 1964 763 766
f 1986 770 774
f 2220 848 852
f 2291 872 874
f 2183 836 838
f 1877 734 736
f 1891 739 741
f 2269 865 867
f 2305 877 879
f 2161 829 831
f 2148 824 828
f 2004 776 780
f 2202 842 846
f 1909 745 747
f 2129 818 820
f 1967 764 767
f 1981 769 771
f 2215 847 849
f 2288 871 875
f 2166 830 834
f 2143 823 825
f 1999 775 777
f 2197 841 843
f 1914 746 750
f 1806 710 714
f 1787 704 707
f 1823 716 719
f 1841 722 725
f 1860 728 732
f 1931 752 755
f 2108 811 814
f 2018 781 784
f 2234 853 857
f 2255 860 862
f 2040 788 792
f 1945 757 759
f 2057 794 796
f 2075 800 803
f 2094 806 810
f 2111 812 815
f 2021 782 785
f 2237 854 856
f 2252 859 863
f 1928 751 754
f 1812 714 712
f 1791 707 705
f 1827 719 717
f 1845 725 723
f 1866 732 730
f 1935 755 753
f 2118 814 816
f 2028 784 786
f 2246 857 858
f 2259 862 861
f 2048 792 791
f 1953 759 761
f 2061 796 795
f 2079 803 801
f 2100 810 808
f 2115 815 813
f 2025 785 783
f 2241 856 855
f 2264 863 864
f 1938 754 756
f 1802 712 709
f 1783 705 703
f 1819 717 715
f 1837 723 721
f 1856 730 727
f 1927 753 751
f 2112 816 812
f 2022 786 782
f 2238 858 854
f 2251 861 859
f 2036 791 787
f 1949 761 758
f 2053 795 793
f 2071 801 799
f 2090 808 805
f 2107 813 811
f 2017 783 781
f 2233 855 853
f 2256 864 860
f 1932 756 752
f 1859 731 728
f 1805 713 710
f 1788 708 704
f 1824 720 716
f 1842 726 722
f 1878 738 734
f 2184 840 836
f 2306 881 877
f 2270 869 865
f 1892 743 739
f 2093 809 806
f 2039 790 788
f 1946 760 757
f 2058 798 794
f 2076 804 800
f 2130 822 818
f 1968 768 764
f 1982 772 769
f 2216 851 847
f 2287 873 871
f 2179 837 835
f 1873 735 733
f 1895 742 740
f 2273 868 866
f 2309 880 878
f 2165 832 830
f 2144 827 823
f 2000 778 775
f 2198 844 841
f 1913 749 746
f 2125 819 817
f 1963 765 763
f 1985 773 770
f 2219 850 848
f 2292 876 872
f 2162 833 829
f 2147 826 824
f 2003 779 776
f 2201 845 842
f 1910 748 745
f 1863 729 731
f 1809 711 713
f 1794 706 708
f 1830 718 720
f 1848 724 726
f 1886 737 738
f 2192 839 840
f 2318 882 881
f 2282 870 869
f 1904 744 743
f 2097 807 809
f 2043 789 790
f 1956 762 760
f 2066 797 798
f 2082 802 804
f 2138 821 822
f 1974 766 768
f 1992 774 772
f 2228 852 851
f 2295 874 873
f 2331 1270 1269
f 2327 1246 1245
f 2328 1251 1252
f 2334 1287 1288
f 2337 1305 1306
f 2346 1335 1336
f 2412 1552 1551
f 2499 1474 1473
f 2487 1600 1599
f 2436 1353 1354
f 2376 1480 1479
f 2372 1402 1401
f 2373 1407 1408
f 2379 1491 1492
f 2382 1503 1504
f 2396 1534 1533
f 2361 1413 1414
f 2418 1443 1444
f 2457 1593 1594
f 2463 1384 1383
f 2492 1324 1323
f 2402 1276 1275
f 2343 1264 1263
f 2433 1300 1299
f 2478 1318 1317
f 2406 1342 1341
f 2502 1563 1564
f 2484 1461 1462
f 2442 1587 1588
f 2349 1348 1347
f 2468 1522 1521
f 2387 1419 1420
f 2358 1396 1395
f 2421 1498 1497
f 2454 1516 1515
f 2472 1558 1557
f 2388 1426 1425
f 2364 1432 1431
f 2426 1569 1570
f 2448 1371 1372
f 2403 1281 1282
f 2342 1257 1258
f 2432 1293 1294
f 2477 1311 1312
f 2493 1329 1330
f 2462 1377 1378
f 2397 1539 1540
f 2367 1450 1449
f 2427 1576 1575
f 2447 1366 1365
f 2391 1485 1486
f 2357 1389 1390
f 2417 1438 1437
f 2453 1509 1510
f 2469 1527 1528
f 2411 1545 1546
f 2498 1467 1468
f 2483 1456 1455
f 2441 1582 1581
f 2352 1360 1359
f 2509 1271 1272
f 2503 1247 1248
f 2506 1254 1253
f 2512 1290 1289
f 2515 1308 1307
f 2518 1338 1337
f 2555 1553 1554
f 2541 1475 1476
f 2562 1601 1602
f 2522 1356 1355
f 2542 1481 1482
f 2528 1403 1404
f 2531 1410 1409
f 2545 1494 1493
f 2548 1506 1505
f 2551 1535 1536
f 2533 1416 1415
f 2537 1446 1445
f 2559 1596 1595
f 2526 1385 1386
f 1616 907 909
f 1608 889 891
f 1606 883 886
f 1612 895 898
f 1615 901 904
f 1624 919 922
f 1692 1057 1060
f 1782 1237 1240
f 1765 1201 1204
f 1714 1099 1102
f 1661 997 999
f 1653 979 981
f 1651 973 976
f 1657 985 988
f 1660 991 994
f 1675 1021 1024
f 1639 949 952
f 1696 1063 1066
f 1733 1135 1138
f 1751 1177 1179
f 1779 1231 1233
f 1683 1039 1041
f 1626 925 927
f 1721 1117 1119
f 1766 1207 1209
f 1689 1051 1053
f 1778 1225 1228
f 1760 1189 1192
f 1718 1105 1108
f 1629 931 933
f 1747 1165 1167
f 1665 1003 1005
f 1641 955 957
f 1704 1081 1083
f 1737 1147 1150
f 1750 1171 1174
f 1676 1027 1029
f 1644 961 963
f 1702 1075 1077
f 1726 1123 1126
f 1681 1033 1036
f 1620 913 915
f 1710 1093 1095
f 1755 1183 1185
f 1771 1213 1216
f 1740 1153 1155
f 1673 1015 1018
f 1647 967 970
f 1707 1087 1090
f 1734 1141 1143
f 1669 1009 1012
f 1635 943 945
f 1698 1069 1071
f 1729 1129 1131
f 1745 1159 1162
f 1687 1045 1047
f 1774 1219 1221
f 1762 1195 1197
f 1720 1111 1114
f 1632 937 940
f 2189 1280 1284
f 1883 1256 1260
f 1903 1292 1296
f 2281 1310 1314
f 2317 1328 1332
f 2173 1376 1380
f 2158 1538 1542
f 2012 1447 1451
f 2210 1573 1577
f 1924 1363 1367
f 2135 1484 1488
f 1973 1388 1392
f 1996 1435 1439
f 2227 1508 1512
f 2304 1526 1530
f 2176 1544 1548
f 2155 1466 1470
f 2014 1453 1457
f 2212 1579 1583
f 1922 1357 1361
f 1864 1268 1270
f 1810 1244 1246
f 1795 1249 1251
f 1831 1285 1287
f 1849 1303 1305
f 1887 1333 1335
f 2193 1550 1552
f 2321 1472 1474
f 2285 1598 1600
f 1907 1351 1353
f 2098 1478 1480
f 2044 1400 1402
f 1961 1405 1407
f 2067 1489 1491
f 2083 1501 1503
f 2139 1532 1534
f 1975 1411 1413
f 1997 1441 1443
f 2231 1591 1593
f 2298 1382 1384
f 2190 1322 1324
f 1884 1274 1276
f 1900 1262 1264
f 2278 1298 1300
f 2314 1316 1318
f 2170 1340 1342
f 2159 1561 1563
f 2015 1459 1461
f 2213 1585 1587
f 1918 1346 1348
f 2136 1520 1522
f 1977 1417 1419
f 1990 1394 1396
f 2224 1496 1498
f 2301 1514 1516
f 2177 1556 1558
f 2152 1424 1426
f 2008 1430 1432
f 2206 1567 1569
f 1925 1369 1371
f 1817 1279 1281
f 1797 1255 1257
f 1833 1291 1293
f 1851 1309 1311
f 1871 1327 1329
f 1941 1375 1377
f 2119 1537 1539
f 2029 1448 1450
f 2247 1574 1576
f 2262 1364 1366
f 2051 1483 1485
f 1954 1387 1389
f 2064 1436 1438
f 2085 1507 1509
f 2105 1525 1527
f 2121 1543 1545
f 2031 1465 1467
f 2244 1454 1456
f 2265 1580 1582
f 1939 1358 1360
f 1814 1267 1271
f 1793 1243 1247
f 1829 1250 1254
f 1847 1286 1290
f 1868 1304 1308
f 1937 1334 1338
f 2124 1549 1553
f 2034 1471 1475
f 2250 1597 1601
f 2261 1352 1356
f 2050 1477 1481
f 1960 1399 1403
f 2063 1406 1410
f 2081 1490 1494
f 2102 1502 1506
f 2117 1531 1535
f 2027 1412 1416
f 2243 1442 1446
f 2268 1592 1596
f 1944 1381 1385
f 1804 890 894
f 1785 884 887
f 1821 896 899
f 1839 902 905
f 1858 908 912
f 1929 938 941
f 2114 1046 1050
f 2024 1220 1224
f 2240 1196 1200
f 2253 1112 1115
f 2038 980 984
f 1951 974 977
f 2055 986 989
f 2073 992 995
f 2092 998 1002
f 2109 1016 1019
f 2019 968 971
f 2235 1088 1091
f 2258 1142 1146
f 1934 1154 1158
f 1861 1214 1217
f 1807 1034 1037
f 1790 914 918
f 1826 1094 1098
f 1844 1184 1188
f 1880 1040 1044
f 2186 1232 1236
f 2308 1208 1212
f 2272 1118 1122
f 1894 926 930
f 2095 1160 1163
f 2041 1010 1013
f 1948 944 948
f 2060 1070 1074
f 2078 1130 1134
f 2132 1166 1170
f 1970 1004 1008
f 1984 956 960
f 2218 1082 1086
f 2289 1148 1151
f 2181 1058 1061
f 1875 920 923
f 1897 1100 1103
f 2275 1202 1205
f 2311 1238 1241
f 2167 1172 1175
f 2146 1028 1032
f 2002 962 966
f 2200 1076 1080
f 1915 1124 1127
f 2127 1022 1025
f 1965 950 953
f 1987 1064 1067
f 2221 1136 1139
f 2294 1178 1182
f 2164 1052 1056
f 2149 1226 1229
f 2005 1190 1193
f 2203 1106 1109
f 1912 932 936
f 1870 1321 1325
f 1816 1273 1277
f 1800 1261 1265
f 1836 1297 1301
f 1854 1315 1319
f 1890 1339 1343
f 2196 1562 1566
f 2320 1460 1464
f 2284 1586 1590
f 1906 1345 1349
f 2104 1519 1523
f 2047 1418 1422
f 1958 1393 1397
f 2070 1495 1499
f 2088 1513 1517
f 2142 1555 1559
f 1980 1423 1427
f 1994 1429 1433
f 2230 1568 1572
f 2297 1370 1374
f 2329 894 892
f 2323 887 885
f 2326 899 897
f 2333 905 903
f 2336 912 910
f 2345 941 939
f 2409 1050 1048
f 2496 1224 1222
f 2485 1200 1198
f 2435 1115 1113
f 2374 984 982
f 2368 977 975
f 2371 989 987
f 2378 995 993
f 2381 1002 1000
f 2392 1019 1017
f 2360 971 969
f 2416 1091 1089
f 2456 1146 1144
f 2460 1158 1156
f 2488 1217 1215
f 2398 1037 1035
f 2340 918 916
f 2430 1098 1096
f 2475 1188 1186
f 2404 1044 1042
f 2501 1236 1234
f 2482 1212 1210
f 2440 1122 1120
f 2347 930 928
f 2464 1163 1161
f 2384 1013 1011
f 2355 948 946
f 2419 1074 1072
f 2451 1134 1132
f 2470 1170 1168
f 2385 1008 1006
f 2362 960 958
f 2423 1086 1084
f 2446 1151 1149
f 2401 1061 1059
f 2339 923 921
f 2429 1103 1101
f 2474 1205 1203
f 2491 1241 1239
f 2459 1175 1173
f 2395 1032 1030
f 2365 966 964
f 2424 1080 1078
f 2443 1127 1125
f 2390 1025 1023
f 2354 953 951
f 2413 1067 1065
f 2450 1139 1137
f 2467 1182 1180
f 2408 1056 1054
f 2495 1229 1227
f 2479 1193 1191
f 2437 1109 1107
f 2350 936 934
f 2511 1325 1326
f 2505 1277 1278
f 2507 1265 1266
f 2513 1301 1302
f 2516 1319 1320
f 2519 1343 1344
f 2556 1566 1565
f 2540 1464 1463
f 2561 1590 1589
f 2521 1349 1350
f 2544 1523 1524
f 2529 1422 1421
f 2530 1397 1398
f 2546 1499 1500
f 2549 1517 1518
f 2553 1559 1560
f 2534 1427 1428
f 2536 1433 1434
f 2557 1572 1571
f 2525 1374 1373
f 1609 892 889
f 1605 885 883
f 1611 897 895
f 1614 903 901
f 1617 910 907
f 1631 939 937
f 1688 1048 1045
f 1775 1222 1219
f 1763 1198 1195
f 1719 1113 1111
f 1654 982 979
f 1650 975 973
f 1656 987 985
f 1659 993 991
f 1662 1000 997
f 1672 1017 1015
f 1646 969 967
f 1706 1089 1087
f 1735 1144 1141
f 1741 1156 1153
f 1770 1215 1213
f 1680 1035 1033
f 1621 916 913
f 1711 1096 1093
f 1756 1186 1183
f 1684 1042 1039
f 1780 1234 1231
f 1767 1210 1207
f 1722 1120 1117
f 1627 928 925
f 1744 1161 1159
f 1668 1011 1009
f 1636 946 943
f 1699 1072 1069
f 1730 1132 1129
f 1748 1168 1165
f 1666 1006 1003
f 1642 958 955
f 1705 1084 1081
f 1736 1149 1147
f 1691 1059 1057
f 1623 921 919
f 1713 1101 1099
f 1764 1203 1201
f 1781 1239 1237
f 1749 1173 1171
f 1677 1030 1027
f 1645 964 961
f 1703 1078 1075
f 1725 1125 1123
f 1674 1023 1021
f 1638 951 949
f 1695 1065 1063
f 1732 1137 1135
f 1752 1180 1177
f 1690 1054 1051
f 1777 1227 1225
f 1759 1191 1189
f 1717 1107 1105
f 1630 934 931
f 2191 1326 1322
f 1885 1278 1274
f 1901 1266 1262
f 2279 1302 1298
f 2315 1320 1316
f 2171 1344 1340
f 2160 1565 1561
f 2016 1463 1459
f 2214 1589 1585
f 1919 1350 1346
f 2137 1524 1520
f 1978 1421 1417
f 1991 1398 1394
f 2225 1500 1496
f 2302 1518 1514
f 2178 1560 1556
f 2153 1428 1424
f 2009 1434 1430
f 2207 1571 1567
f 1926 1373 1369
f 1857 911 908
f 1803 893 890
f 1786 888 884
f 1822 900 896
f 1840 906 902
f 1876 924 920
f 2182 1062 1058
f 2312 1242 1238
f 2276 1206 1202
f 1898 1104 1100
f 2091 1001 998
f 2037 983 980
f 1952 978 974
f 2056 990 986
f 2074 996 992
f 2128 1026 1022
f 1966 954 950
f 1988 1068 1064
f 2222 1140 1136
f 2293 1181 1178
f 2185 1235 1232
f 1879 1043 1040
f 1893 929 926
f 2271 1121 1118
f 2307 1211 1208
f 2163 1055 1052
f 2150 1230 1226
f 2006 1194 1190
f 2204 1110 1106
f 1911 935 932
f 2131 1169 1166
f 1969 1007 1004
f 1983 959 956
f 2217 1085 1082
f 2290 1152 1148
f 2168 1176 1172
f 2145 1031 1028
f 2001 965 962
f 2199 1079 1076
f 1916 1128 1124
f 1808 1038 1034
f 1789 917 914
f 1825 1097 1094
f 1843 1187 1184
f 1862 1218 1214
f 1933 1157 1154
f 2110 1020 1016
f 2020 972 968
f 2236 1092 1088
f 2257 1145 1142
f 2042 1014 1010
f 1947 947 944
f 2059 1073 1070
f 2077 1133 1130
f 2096 1164 1160
f 2113 1049 1046
f 2023 1223 1220
f 2239 1199 1196
f 2254 1116 1112
f 1930 942 938
f 1818 1283 1279
f 1798 1259 1255
f 1834 1295 1291
f 1852 1313 1309
f 1872 1331 1327
f 1942 1379 1375
f 2120 1541 1537
f 2030 1452 1448
f 2248 1578 1574
f 2263 1368 1364
f 2052 1487 1483
f 1955 1391 1387
f 2065 1440 1436
f 2086 1511 1507
f 2106 1529 1525
f 2122 1547 1543
f 2032 1469 1465
f 2245 1458 1454
f 2266 1584 1580
f 1940 1362 1358
f 1813 1269 1267
f 1792 1245 1243
f 1828 1252 1250
f 1846 1288 1286
f 1867 1306 1304
f 1936 1336 1334
f 2123 1551 1549
f 2033 1473 1471
f 2249 1599 1597
f 2260 1354 1352
f 2049 1479 1477
f 1959 1401 1399
f 2062 1408 1406
f 2080 1492 1490
f 2101 1504 1502
f 2116 1533 1531
f 2026 1414 1412
f 2242 1444 1442
f 2267 1594 1592
f 1943 1383 1381
f 1869 1323 1321
f 1815 1275 1273
f 1799 1263 1261
f 1835 1299 1297
f 1853 1317 1315
f 1889 1341 1339
f 2195 1564 1562
f 2319 1462 1460
f 2283 1588 1586
f 1905 1347 1345
f 2103 1521 1519
f 2046 1420 1418
f 1957 1395 1393
f 2069 1497 1495
f 2087 1515 1513
f 2141 1557 1555
f 1979 1425 1423
f 1993 1431 1429
f 2229 1570 1568
f 2296 1372 1370
f 2188 1282 1280
f 1882 1258 1256
f 1902 1294 1292
f 2280 1312 1310
f 2316 1330 1328
f 2172 1378 1376
f 2157 1540 1538
f 2011 1449 1447
f 2209 1575 1573
f 1923 1365 1363
f 2134 1486 1484
f 1972 1390 1388
f 1995 1437 1435
f 2226 1510 1508
f 2303 1528 1526
f 2175 1546 1544
f 2154 1468 1466
f 2013 1455 1453
f 2211 1581 1579
f 1921 1359 1357
f 1865 1272 1268
f 1811 1248 1244
f 1796 1253 1249
f 1832 1289 1285
f 1850 1307 1303
f 1888 1337 1333
f 2194 1554 1550
f 2322 1476 1472
f 2286 1602 1598
f 1908 1355 1351
f 2099 1482 1478
f 2045 1404 1400
f 1962 1409 1405
f 2068 1493 1489
f 2084 1505 1501
f 2140 1536 1532
f 1976 1415 1411
f 1998 1445 1441
f 2232 1595 1591
f 2299 1386 1382
f 2330 909 911
f 2324 891 893
f 2325 886 888
f 2332 898 900
f 2335 904 906
f 2344 922 924
f 2410 1060 1062
f 2497 1240 1242
f 2486 1204 1206
f 2434 1102 1104
f 2375 999 1001
f 2369 981 983
f 2370 976 978
f 2377 988 990
f 2380 994 996
f 2393 1024 1026
f 2359 952 954
f 2415 1066 1068
f 2455 1138 1140
f 2461 1179 1181
f 2489 1233 1235
f 2399 1041 1043
f 2341 927 929
f 2431 1119 1121
f 2476 1209 1211
f 2405 1053 1055
f 2500 1228 1230
f 2481 1192 1194
f 2439 1108 1110
f 2348 933 935
f 2465 1167 1169
f 2383 1005 1007
f 2356 957 959
f 2420 1083 1085
f 2452 1150 1152
f 2471 1174 1176
f 2386 1029 1031
f 2363 963 965
f 2422 1077 1079
f 2445 1126 1128
f 2400 1036 1038
f 2338 915 917
f 2428 1095 1097
f 2473 1185 1187
f 2490 1216 1218
f 2458 1155 1157
f 2394 1018 1020
f 2366 970 972
f 2425 1090 1092
f 2444 1143 1145
f 2389 1012 1014
f 2353 945 947
f 2414 1071 1073
f 2449 1131 1133
f 2466 1162 1164
f 2407 1047 1049
f 2494 1221 1223
f 2480 1197 1199
f 2438 1114 1116
f 2351 940 942
f 2510 1284 1283
f 2504 1260 1259
f 2508 1296 1295
f 2514 1314 1313
f 2517 1332 1331
f 2520 1380 1379
f 2554 1542 1541
f 2539 1451 1452
f 2560 1577 1578
f 2523 1367 1368
f 2543 1488 1487
f 2527 1392 1391
f 2532 1439 1440
f 2547 1512 1511
f 2550 1530 1529
f 2552 1548 1547
f 2535 1470 1469
f 2538 1457 1458
f 2558 1583 1584
f 2524 1361 1362
f 1607 1616 1609
f 1603 1608 1605
f 1604 1606 1611
f 1610 1612 1614
f 1613 1615 1617
f 1622 1624 1631
f 1686 1692 1688
f 1773 1782 1775
f 1761 1765 1763
f 1712 1714 1719
f 1652 1661 1654
f 1648 1653 1650
f 1649 1651 1656
f 1655 1657 1659
f 1658 1660 1662
f 1670 1675 1672
f 1637 1639 1646
f 1694 1696 1706
f 1731 1733 1735
f 1739 1751 1741
f 1768 1779 1770
f 1678 1683 1680
f 1619 1626 1621
f 1709 1721 1711
f 1754 1766 1756
f 1682 1689 1684
f 1776 1778 1780
f 1758 1760 1767
f 1716 1718 1722
f 1625 1629 1627
f 1742 1747 1744
f 1663 1665 1668
f 1634 1641 1636
f 1697 1704 1699
f 1728 1737 1730
f 1746 1750 1748
f 1664 1676 1666
f 1640 1644 1642
f 1700 1702 1705
f 1724 1726 1736
f 1679 1681 1691
f 1618 1620 1623
f 1708 1710 1713
f 1753 1755 1764
f 1769 1771 1781
f 1738 1740 1749
f 1671 1673 1677
f 1643 1647 1645
f 1701 1707 1703
f 1723 1734 1725
f 1667 1669 1674
f 1633 1635 1638
f 1693 1698 1695
f 1727 1729 1732
f 1743 1745 1752
f 1685 1687 1690
f 1772 1774 1777
f 1757 1762 1759
f 1715 1720 1717
f 1628 1632 1630
f 2187 2189 2191
f 1881 1883 1885
f 1899 1903 1901
f 2277 2281 2279
f 2313 2317 2315
f 2169 2173 2171
f 2156 2158 2160
f 2010 2012 2016
f 2208 2210 2214
f 1917 1924 1919
f 2133 2135 2137
f 1971 1973 1978
f 1989 1996 1991
f 2223 2227 2225
f 2300 2304 2302
f 2174 2176 2178
f 2151 2155 2153
f 2007 2014 2009
f 2205 2212 2207
f 1920 1922 1926
f 1855 1864 1857
f 1801 1810 1803
f 1784 1795 1786
f 1820 1831 1822
f 1838 1849 1840
f 1874 1887 1876
f 2180 2193 2182
f 2310 2321 2312
f 2274 2285 2276
f 1896 1907 1898
f 2089 2098 2091
f 2035 2044 2037
f 1950 1961 1952
f 2054 2067 2056
f 2072 2083 2074
f 2126 2139 2128
f 1964 1975 1966
f 1986 1997 1988
f 2220 2231 2222
f 2291 2298 2293
f 2183 2190 2185
f 1877 1884 1879
f 1891 1900 1893
f 2269 2278 2271
f 2305 2314 2307
f 2161 2170 2163
f 2148 2159 2150
f 2004 2015 2006
f 2202 2213 2204
f 1909 1918 1911
f 2129 2136 2131
f 1967 1977 1969
f 1981 1990 1983
f 2215 2224 2217
f 2288 2301 2290
f 2166 2177 2168
f 2143 2152 2145
f 1999 2008 2001
f 2197 2206 2199
f 1914 1925 1916
f 1806 1817 1808
f 1787 1797 1789
f 1823 1833 1825
f 1841 1851 1843
f 1860 1871 1862
f 1931 1941 1933
f 2108 2119 2110
f 2018 2029 2020
f 2234 2247 2236
f 2255 2262 2257
f 2040 2051 2042
f 1945 1954 1947
f 2057 2064 2059
f 2075 2085 2077
f 2094 2105 2096
f 2111 2121 2113
f 2021 2031 2023
f 2237 2244 2239
f 2252 2265 2254
f 1928 1939 1930
f 1812 1814 1818
f 1791 1793 1798
f 1827 1829 1834
f 1845 1847 1852
f 1866 1868 1872
f 1935 1937 1942
f 2118 2124 2120
f 2028 2034 2030
f 2246 2250 2248
f 2259 2261 2263
f 2048 2050 2052
f 1953 1960 1955
f 2061 2063 2065
f 2079 2081 2086
f 2100 2102 2106
f 2115 2117 2122
f 2025 2027 2032
f 2241 2243 2245
f 2264 2268 2266
f 1938 1944 1940
f 1802 1804 1813
f 1783 1785 1792
f 1819 1821 1828
f 1837 1839 1846
f 1856 1858 1867
f 1927 1929 1936
f 2112 2114 2123
f 2022 2024 2033
f 2238 2240 2249
f 2251 2253 2260
f 2036 2038 2049
f 1949 1951 1959
f 2053 2055 2062
f 2071 2073 2080
f 2090 2092 2101
f 2107 2109 2116
f 2017 2019 2026
f 2233 2235 2242
f 2256 2258 2267
f 1932 1934 1943
f 1859 1861 1869
f 1805 1807 1815
f 1788 1790 1799
f 1824 1826 1835
f 1842 1844 1853
f 1878 1880 1889
f 2184 2186 2195
f 2306 2308 2319
f 2270 2272 2283
f 1892 1894 1905
f 2093 2095 2103
f 2039 2041 2046
f 1946 1948 1957
f 2058 2060 2069
f 2076 2078 2087
f 2130 2132 2141
f 1968 1970 1979
f 1982 1984 1993
f 2216 2218 2229
f 2287 2289 2296
f 2179 2181 2188
f 1873 1875 1882
f 1895 1897 1902
f 2273 2275 2280
f 2309 2311 2316
f 2165 2167 2172
f 2144 2146 2157
f 2000 2002 2011
f 2198 2200 2209
f 1913 1915 1923
f 2125 2127 2134
f 1963 1965 1972
f 1985 1987 1995
f 2219 2221 2226
f 2292 2294 2303
f 2162 2164 2175
f 2147 2149 2154
f 2003 2005 2013
f 2201 2203 2211
f 1910 1912 1921
f 1863 1870 1865
f 1809 1816 1811
f 1794 1800 1796
f 1830 1836 1832
f 1848 1854 1850
f 1886 1890 1888
f 2192 2196 2194
f 2318 2320 2322
f 2282 2284 2286
f 1904 1906 1908
f 2097 2104 2099
f 2043 2047 2045
f 1956 1958 1962
f 2066 2070 2068
f 2082 2088 2084
f 2138 2142 2140
f 1974 1980 1976
f 1992 1994 1998
f 2228 2230 2232
f 2295 2297 2299
f 2331 2329 2330
f 2327 2323 2324
f 2328 2326 2325
f 2334 2333 2332
f 2337 2336 2335
f 2346 2345 2344
f 2412 2409 2410
f 2499 2496 2497
f 2487 2485 2486
f 2436 2435 2434
f 2376 2374 2375
f 2372 2368 2369
f 2373 2371 2370
f 2379 2378 2377
f 2382 2381 2380
f 2396 2392 2393
f 2361 2360 2359
f 2418 2416 2415
f 2457 2456 2455
f 2463 2460 2461
f 2492 2488 2489
f 2402 2398 2399
f 2343 2340 2341
f 2433 2430 2431
f 2478 2475 2476
f 2406 2404 2405
f 2502 2501 2500
f 2484 2482 2481
f 2442 2440 2439
f 2349 2347 2348
f 2468 2464 2465
f 2387 2384 2383
f 2358 2355 2356
f 2421 2419 2420
f 2454 2451 2452
f 2472 2470 2471
f 2388 2385 2386
f 2364 2362 2363
f 2426 2423 2422
f 2448 2446 2445
f 2403 2401 2400
f 2342 2339 2338
f 2432 2429 2428
f 2477 2474 2473
f 2493 2491 2490
f 2462 2459 2458
f 2397 2395 2394
f 2367 2365 2366
f 2427 2424 2425
f 2447 2443 2444
f 2391 2390 2389
f 2357 2354 2353
f 2417 2413 2414
f 2453 2450 2449
f 2469 2467 2466
f 2411 2408 2407
f 2498 2495 2494
f 2483 2479 2480
f 2441 2437 2438
f 2352 2350 2351
f 2509 2511 2510
f 2503 2505 2504
f 2506 2507 2508
f 2512 2513 2514
f 2515 2516 2517
f 2518 2519 2520
f 2555 2556 2554
f 2541 2540 2539
f 2562 2561 2560
f 2522 2521 2523
f 2542 2544 2543
f 2528 2529 2527
f 2531 2530 2532
f 2545 2546 2547
f 2548 2549 2550
f 2551 2553 2552
f 2533 2534 2535
f 2537 2536 2538
f 2559 2557 2558
f 2526 2525 2524