v -0.268626 0.331782 -0.063344
v 0.268547 0.331493 -0.063244
v -0.333775 -0.537789 0.003802
v 0.333578 -0.538141 0.004066
v 0.000050 -0.443926 0.704691
v -0.000022 0.184441 0.557164
v 0.000034 -0.188312 -0.535291
v -0.000033 0.421193 -0.706849
v 0.517552 0.003979 -0.334442
v 0.540325 0.007086 0.325599
v -0.517580 0.003940 -0.334472
v -0.540379 0.006980 0.325752
v 0.000122 0.419936 -0.101206
v -0.177160 0.234307 0.266956
v -0.214885 0.657354 -0.447989
v -0.424843 0.224167 -0.195834
v -0.475444 0.179332 0.193777
v 0.176824 0.234355 0.266810
v 0.214952 0.657469 -0.447965
v 0.425331 0.224004 -0.195852
v 0.475529 0.179375 0.193655
v 0.000044 -0.597720 0.010736
v -0.239090 -0.668525 0.452664
v -0.194764 -0.477888 -0.303843
v -0.422444 -0.198348 -0.160704
v -0.441929 -0.242601 0.206185
v 0.238678 -0.667490 0.451774
v 0.194254 -0.478024 -0.303312
v 0.422326 -0.198287 -0.160906
v 0.441983 -0.242788 0.206372
v 0.000044 0.003489 0.694087
v 0.320177 -0.212535 0.562097
v -0.319759 -0.213119 0.562304
v 0.298867 0.144249 0.483795
v -0.298988 0.143762 0.483994
v 0.000124 0.028792 -0.689089
v 0.283686 -0.114496 -0.477201
v -0.283427 -0.114441 -0.477096
v 0.334677 0.209096 -0.607465
v -0.334423 0.208759 -0.607132
v 0.611902 0.002601 0.018680
v -0.611875 0.002592 0.018606
v -0.153428 0.390509 -0.091415
v -0.238315 0.284106 0.082511
v -0.238679 0.464446 -0.233911
v -0.341723 0.308777 -0.125807
v -0.371797 0.246753 0.063809
v 0.153484 0.390072 -0.091661
v 0.238188 0.284130 0.082581
v 0.239044 0.464844 -0.233005
v 0.341702 0.308052 -0.125725
v 0.371638 0.247012 0.063783
v -0.211374 -0.644763 0.000597
v -0.281621 -0.527956 0.188472
v -0.353271 -0.677862 -0.190006
v -0.375167 -0.394010 -0.071552
v -0.383181 -0.398832 0.114001
v 0.210994 -0.644883 -0.000119
v 0.281170 -0.527663 0.188505
v 0.353196 -0.678232 -0.189905
v 0.375166 -0.394340 -0.071209
v 0.383632 -0.398668 0.113794
v -0.132174 -0.645394 0.674395
v 0.132365 -0.645624 0.674275
v -0.000090 -0.229335 0.763495
v 0.186890 -0.365005 0.697017
v -0.187007 -0.364842 0.697415
v -0.089506 0.194501 0.458203
v 0.089603 0.194657 0.457870
v -0.000020 0.155755 0.570852
v 0.141264 0.182478 0.537834
v -0.141266 0.182515 0.537897
v -0.076762 -0.269127 -0.399477
v 0.076731 -0.269183 -0.399470
v -0.000020 -0.152183 -0.554395
v 0.128666 -0.179228 -0.517941
v -0.128705 -0.179231 -0.518006
v -0.125303 0.573160 -0.634309
v 0.125524 0.573072 -0.634379
v -0.000103 0.238002 -0.788243
v 0.189268 0.350495 -0.720391
v -0.188810 0.350708 -0.720549
v 0.504738 0.082268 -0.281886
v 0.501500 -0.067180 -0.271759
v 0.431640 -0.042189 -0.416542
v 0.448705 0.074509 -0.448788
v 0.558881 0.001979 -0.177573
v 0.522441 0.085170 0.274709
v 0.511793 -0.090953 0.274980
v 0.442123 -0.068987 0.420209
v 0.443705 0.062949 0.408211
v 0.596249 0.004873 0.196226
v -0.504185 0.082882 -0.281393
v -0.501507 -0.067112 -0.271827
v -0.431608 -0.042141 -0.416630
v -0.448589 0.074439 -0.448745
v -0.558806 0.001991 -0.177541
v -0.521772 0.085159 0.274278
v -0.512087 -0.090026 0.274591
v -0.441431 -0.069601 0.419951
v -0.443268 0.062761 0.408007
v -0.596221 0.004863 0.196227
v -0.082668 0.310976 0.080765
v -0.093366 0.575073 -0.265841
v 0.082716 0.311362 0.080648
v 0.093473 0.574982 -0.265724
v -0.345815 0.212424 0.248635
v -0.000124 0.240754 0.269042
v -0.270289 0.189318 0.437966
v -0.348523 0.456722 -0.329505
v -0.000052 0.700360 -0.457382
v -0.282731 0.435423 -0.540005
v -0.482763 0.194766 0.012537
v -0.372447 0.236910 -0.401346
v -0.548318 0.093238 -0.078808
v -0.411637 0.167417 0.361396
v -0.561160 0.092915 0.109922
v 0.345555 0.212701 0.248569
v 0.270212 0.189196 0.437978
v 0.348805 0.456577 -0.329758
v 0.283276 0.435457 -0.539753
v 0.482645 0.194865 0.012594
v 0.372533 0.236939 -0.401167
v 0.549366 0.092559 -0.078331
v 0.411554 0.167497 0.361386
v 0.562109 0.092901 0.110160
v -0.099878 -0.582999 0.232011
v -0.106113 -0.670382 -0.188799
v 0.099861 -0.582891 0.232251
v 0.104036 -0.667514 -0.188575
v -0.355460 -0.429661 0.329098
v 0.000035 -0.641268 0.470931
v -0.324680 -0.478636 0.568573
v -0.330541 -0.348982 -0.245372
v -0.000356 -0.465261 -0.294476
v -0.228453 -0.234175 -0.380108
v -0.450549 -0.222870 0.024207
v -0.372612 -0.155967 -0.337700
v -0.540717 -0.079157 -0.076938
v -0.396151 -0.250547 0.390156
v -0.550470 -0.088267 0.107952
v 0.355195 -0.429566 0.328949
v 0.324637 -0.479488 0.568277
v 0.330839 -0.349077 -0.245484
v 0.228378 -0.234028 -0.380086
v 0.450314 -0.222959 0.024282
v 0.372689 -0.155941 -0.337776
v 0.540776 -0.079195 -0.076984
v 0.396503 -0.251026 0.391104
v 0.550737 -0.087943 0.107871
v 0.191895 -0.110008 0.691872
v -0.192080 -0.109772 0.692062
v 0.160465 0.075296 0.581721
v -0.160347 0.075064 0.582253
v 0.326939 -0.006229 0.534518
v -0.327059 -0.006126 0.534379
v 0.161306 -0.054062 -0.578014
v -0.161236 -0.054217 -0.578512
v 0.225828 0.116144 -0.778010
v -0.226066 0.116255 -0.778237
v 0.329314 0.028299 -0.560206
v -0.328666 0.028490 -0.560227
v -0.219093 0.360243 -0.077958
v -0.257474 0.310087 0.001057
v -0.249292 0.378460 -0.139622
v -0.302538 0.325392 -0.092071
v -0.313151 0.290351 -0.006636
v 0.219312 0.360415 -0.078366
v 0.257373 0.309577 0.000781
v 0.249229 0.378233 -0.139621
v 0.302628 0.325023 -0.091825
v 0.312660 0.290671 -0.006688
v -0.292172 -0.600789 -0.003532
v -0.311590 -0.528134 0.076880
v -0.340706 -0.599673 -0.072577
v -0.359782 -0.485937 -0.031945
v -0.357608 -0.473139 0.055430
v 0.291719 -0.601287 -0.003884
v 0.311375 -0.528220 0.076963
v 0.340420 -0.600125 -0.072332
v 0.359668 -0.485749 -0.032106
v 0.357018 -0.472539 0.055744
v -0.056329 -0.520567 0.687974
v 0.056488 -0.520822 0.688181
v 0.000004 -0.348770 0.725033
v 0.085679 -0.414105 0.707805
v -0.085643 -0.413936 0.707849
v -0.040941 0.184828 0.539115
v 0.040968 0.185501 0.538733
v 0.000225 0.177838 0.565798
v 0.062945 0.182843 0.553711
v -0.063302 0.182938 0.553670
v -0.034552 -0.211313 -0.482971
v 0.034503 -0.211242 -0.482976
v 0.000019 -0.183677 -0.545376
v 0.057011 -0.186594 -0.534884
v -0.056949 -0.186585 -0.534879
v -0.053156 0.487427 -0.675901
v 0.053523 0.487308 -0.675406
v -0.000000 0.340166 -0.746463
v 0.084860 0.393120 -0.716517
v -0.084755 0.393473 -0.716524
v 0.522869 0.033749 -0.317156
v 0.517429 -0.026852 -0.310010
v 0.486373 -0.014186 -0.375032
v 0.491154 0.029913 -0.383616
v 0.538209 0.001971 -0.269556
v 0.542015 0.038265 0.307476
v 0.541229 -0.026542 0.305828
v 0.506037 -0.016726 0.366861
v 0.503984 0.029100 0.364978
v 0.567944 0.005973 0.270153
v -0.522853 0.033666 -0.317063
v -0.517450 -0.026890 -0.310086
v -0.486423 -0.014198 -0.374989
v -0.491209 0.029879 -0.383615
v -0.538270 0.001903 -0.269515
v -0.542010 0.038284 0.307443
v -0.541094 -0.026712 0.305623
v -0.506044 -0.016870 0.366932
v -0.504115 0.029209 0.365059
v -0.567952 0.005969 0.270233
v -0.078811 0.411858 -0.099019
v 0.078779 0.412246 -0.098973
v -0.040145 0.359884 -0.012169
v -0.041664 0.494339 -0.181833
v 0.039876 0.360464 -0.011138
v 0.041953 0.494310 -0.182019
v -0.211237 0.258933 0.172205
v -0.135771 0.212257 0.363413
v -0.128468 0.269588 0.173522
v -0.263141 0.225016 0.261296
v -0.088471 0.238908 0.268262
v -0.227081 0.206843 0.358889
v -0.244363 0.586312 -0.337909
v -0.182268 0.638102 -0.542748
v -0.162788 0.674343 -0.358209
v -0.415425 0.629452 -0.404783
v -0.153945 0.811196 -0.459021
v -0.280720 0.562335 -0.500622
v -0.383077 0.276892 -0.158806
v -0.465461 0.154488 -0.237533
v -0.349456 0.317453 -0.262961
v -0.461434 0.207992 -0.087540
v -0.395868 0.236762 -0.299012
v -0.492707 0.152939 -0.133930
v -0.431369 0.210843 0.134437
v -0.500682 0.135394 0.237562
v -0.415186 0.199908 0.224795
v -0.485102 0.185716 0.104350
v -0.449299 0.172447 0.279888
v -0.521645 0.141158 0.153580
v 0.211950 0.258474 0.172135
v 0.135622 0.211953 0.363171
v 0.127948 0.269628 0.173791
v 0.088613 0.239386 0.268667
v 0.264299 0.224507 0.262101
v 0.226860 0.207180 0.358644
v 0.243960 0.586299 -0.337673
v 0.182674 0.638121 -0.542891
v 0.162790 0.674174 -0.358028
v 0.153979 0.811146 -0.459069
v 0.415353 0.629625 -0.404571
v 0.281008 0.562202 -0.500342
v 0.382768 0.276944 -0.159143
v 0.465004 0.155123 -0.237562
v 0.349497 0.317397 -0.262998
v 0.460842 0.207979 -0.087987
v 0.395894 0.236815 -0.299228
v 0.493381 0.152976 -0.133731
v 0.431201 0.210742 0.134242
v 0.500570 0.135100 0.237328
v 0.415242 0.199768 0.224664
v 0.484981 0.185850 0.104265
v 0.449321 0.172535 0.279865
v 0.521803 0.141538 0.153806
v -0.107761 -0.620999 0.005480
v 0.107422 -0.619969 0.005012
v -0.050910 -0.589973 0.113761
v -0.066718 -0.603001 -0.083617
v 0.051256 -0.589137 0.113284
v 0.065980 -0.602304 -0.083593
v -0.249948 -0.549788 0.329534
v -0.197173 -0.801696 0.607475
v -0.152824 -0.582815 0.369049
v -0.305073 -0.534810 0.401128
v -0.116026 -0.696633 0.466838
v -0.308149 -0.627077 0.535174
v -0.289768 -0.628859 -0.293808
v -0.127312 -0.358428 -0.334808
v -0.161200 -0.625080 -0.275604
v -0.281047 -0.431306 -0.288395
v -0.096795 -0.475463 -0.298237
v -0.206580 -0.331726 -0.321535
v -0.386286 -0.287687 -0.109114
v -0.465450 -0.123733 -0.218551
v -0.365663 -0.265415 -0.197900
v -0.438053 -0.210478 -0.066772
v -0.402125 -0.177752 -0.252525
v -0.481958 -0.134697 -0.120904
v -0.410422 -0.321405 0.164398
v -0.477542 -0.164823 0.242402
v -0.397401 -0.333294 0.263970
v -0.451513 -0.233841 0.114363
v -0.423663 -0.249945 0.299259
v -0.494041 -0.159285 0.155023
v 0.249541 -0.550151 0.328995
v 0.197854 -0.802369 0.605700
v 0.153425 -0.582764 0.368575
v 0.115670 -0.694978 0.466200
v 0.304779 -0.534749 0.401271
v 0.308171 -0.627642 0.534801
v 0.289851 -0.629403 -0.293924
v 0.127131 -0.358644 -0.334672
v 0.160628 -0.624125 -0.274910
v 0.096711 -0.474659 -0.298419
v 0.281525 -0.431381 -0.288961
v 0.206568 -0.331720 -0.321530
v 0.386231 -0.287780 -0.109054
v 0.465025 -0.123857 -0.218254
v 0.365875 -0.265348 -0.197973
v 0.438098 -0.210677 -0.066677
v 0.401995 -0.177004 -0.252662
v 0.481272 -0.135704 -0.120776
v 0.410205 -0.321401 0.164306
v 0.477517 -0.164885 0.242414
v 0.397469 -0.332964 0.263995
v 0.451486 -0.233377 0.114258
v 0.423707 -0.249861 0.298872
v 0.494191 -0.159389 0.155194
v 0.000098 -0.103285 0.773456
v 0.000188 0.079120 0.613385
v 0.095286 -0.054750 0.705550
v -0.095139 -0.054592 0.705055
v 0.084631 0.036225 0.635111
v -0.084666 0.036078 0.634790
v 0.267154 -0.293611 0.647210
v 0.377203 -0.136229 0.484860
v 0.319272 -0.337007 0.567217
v 0.362468 -0.240439 0.480058
v 0.267349 -0.167188 0.637309
v 0.324515 -0.103158 0.551976
v -0.266770 -0.293218 0.646436
v -0.377072 -0.136983 0.484486
v -0.319337 -0.336616 0.567243
v -0.362429 -0.240388 0.479998
v -0.267219 -0.166992 0.637337
v -0.324069 -0.103165 0.551623
v 0.220848 0.176344 0.513959
v 0.373775 0.101209 0.448790
v 0.286830 0.180194 0.466915
v 0.360160 0.160014 0.429570
v 0.231361 0.113438 0.532916
v 0.312574 0.071891 0.506538
v -0.220836 0.176352 0.513975
v -0.373782 0.101046 0.448695
v -0.286862 0.180216 0.466867
v -0.360124 0.160041 0.429604
v -0.231454 0.112966 0.532615
v -0.312710 0.071598 0.506471
v -0.000198 -0.059376 -0.595867
v 0.000004 0.126122 -0.774056
v 0.088461 -0.015175 -0.636558
v -0.088522 -0.014031 -0.636082
v 0.107605 0.057044 -0.756337
v -0.106677 0.071766 -0.741236
v 0.206092 -0.153859 -0.499514
v 0.359516 -0.075414 -0.450142
v 0.259065 -0.170582 -0.441544
v 0.335130 -0.134982 -0.416866
v 0.226238 -0.089576 -0.530256
v 0.305558 -0.046437 -0.514314
v -0.206093 -0.153775 -0.499570
v -0.359431 -0.075773 -0.449969
v -0.259047 -0.170534 -0.441567
v -0.335113 -0.135112 -0.416872
v -0.225662 -0.088253 -0.531481
v -0.305768 -0.046492 -0.514434
v 0.274627 0.286795 -0.686190
v 0.403261 0.134915 -0.529828
v 0.298059 0.314427 -0.575664
v 0.355352 0.227128 -0.503854
v 0.306494 0.177767 -0.720299
v 0.347695 0.113229 -0.602188
v -0.274827 0.287177 -0.686901
v -0.403606 0.134618 -0.529931
v -0.297977 0.314418 -0.575930
v -0.355302 0.227311 -0.503982
v -0.306434 0.177938 -0.720223
v -0.347123 0.113155 -0.601949
v 0.588795 0.002147 -0.078742
v 0.606479 0.003755 0.110085
v 0.595592 0.041686 -0.027606
v 0.598255 0.043966 0.065958
v 0.588823 -0.034497 -0.030119
v 0.595763 -0.035248 0.063237
v -0.588862 0.002128 -0.078742
v -0.606464 0.003767 0.110062
v -0.595481 0.041621 -0.027572
v -0.598197 0.043986 0.065927
v -0.588971 -0.034567 -0.030109
v -0.595792 -0.035290 0.063215
v -0.192362 0.331479 -0.002563
v -0.191800 0.430849 -0.166059
v -0.118558 0.350044 -0.008309
v -0.121474 0.471180 -0.179344
v -0.308416 0.265851 0.077578
v -0.163325 0.299390 0.082531
v -0.291038 0.244550 0.166760
v -0.282495 0.379771 -0.191347
v -0.174676 0.532649 -0.257566
v -0.303526 0.484715 -0.291224
v -0.362614 0.271730 -0.028071
v -0.311897 0.364491 -0.230939
v -0.411376 0.246203 -0.055860
v -0.366826 0.227826 0.155174
v -0.427825 0.225387 0.040970
v 0.192041 0.331379 -0.002949
v 0.191575 0.430765 -0.166226
v 0.118788 0.349976 -0.008430
v 0.121792 0.471438 -0.179037
v 0.308323 0.265389 0.077643
v 0.162749 0.299789 0.082482
v 0.290769 0.244680 0.166547
v 0.282426 0.380162 -0.191500
v 0.174559 0.532608 -0.257576
v 0.303631 0.485183 -0.291367
v 0.362506 0.272183 -0.028363
v 0.312132 0.364721 -0.231145
v 0.411013 0.246536 -0.056468
v 0.366658 0.228017 0.155204
v 0.428015 0.225178 0.041193
v -0.240485 -0.556853 0.079645
v -0.298487 -0.747749 -0.082833
v -0.149119 -0.574964 0.094151
v -0.159243 -0.765762 -0.071588
v -0.358811 -0.479792 0.154322
v -0.195538 -0.561620 0.215981
v -0.324880 -0.489487 0.272268
v -0.361519 -0.510273 -0.127624
v -0.227667 -0.785058 -0.222686
v -0.359704 -0.508492 -0.234575
v -0.382314 -0.394475 0.019998
v -0.362770 -0.385398 -0.163705
v -0.403009 -0.301004 -0.019283
v -0.374746 -0.409762 0.217089
v -0.412547 -0.311126 0.070182
v 0.240327 -0.556880 0.079971
v 0.297540 -0.749175 -0.083065
v 0.149360 -0.574859 0.094365
v 0.156766 -0.764706 -0.073583
v 0.359388 -0.480271 0.154777
v 0.195760 -0.561793 0.216357
v 0.325403 -0.489439 0.271838
v 0.361397 -0.510300 -0.127605
v 0.226314 -0.785158 -0.222934
v 0.359510 -0.508587 -0.234340
v 0.381918 -0.394460 0.019567
v 0.363146 -0.385777 -0.163913
v 0.403216 -0.301053 -0.019499
v 0.374743 -0.409756 0.216942
v 0.412468 -0.311657 0.070205
v -0.000165 -0.595064 0.651314
v -0.177290 -0.508478 0.696591
v -0.058329 -0.664986 0.584226
v -0.282780 -0.630158 0.677263
v 0.176987 -0.508502 0.695496
v 0.058227 -0.664742 0.583871
v 0.283199 -0.630768 0.676966
v 0.095699 -0.293549 0.729315
v -0.095840 -0.293492 0.728916
v 0.100351 -0.168795 0.744847
v -0.100243 -0.169099 0.744447
v 0.281954 -0.441235 0.666211
v 0.191705 -0.232833 0.703098
v -0.281933 -0.440643 0.666350
v -0.191672 -0.232808 0.703122
v -0.000026 0.194925 0.457687
v -0.126094 0.185131 0.531164
v -0.045089 0.211678 0.364967
v -0.181839 0.192503 0.455194
v 0.126028 0.185011 0.531108
v 0.045316 0.211722 0.365144
v 0.181918 0.192483 0.455314
v 0.072299 0.177018 0.559923
v -0.072032 0.177920 0.558480
v 0.077529 0.118428 0.579891
v -0.077450 0.118405 0.580422
v 0.208462 0.184831 0.501652
v 0.151046 0.158313 0.548277
v -0.208512 0.184893 0.501592
v -0.150690 0.157915 0.548083
v 0.000007 -0.272006 -0.401051
v -0.106498 -0.207409 -0.476956
v -0.042918 -0.365818 -0.341173
v -0.153013 -0.255833 -0.391346
v 0.106544 -0.207480 -0.476974
v 0.042858 -0.365609 -0.341098
v 0.153035 -0.255749 -0.391369
v 0.067835 -0.175151 -0.543269
v -0.067906 -0.175138 -0.543316
v 0.076742 -0.103310 -0.568532
v -0.076942 -0.104189 -0.567824
v 0.182209 -0.195666 -0.462577
v 0.144504 -0.134942 -0.537935
v -0.182185 -0.195784 -0.462436
v -0.144592 -0.134688 -0.537828
v 0.000090 0.583911 -0.636286
v -0.162242 0.461475 -0.673840
v -0.067796 0.664934 -0.560387
v -0.223695 0.521296 -0.601630
v 0.161869 0.461313 -0.673433
v 0.068034 0.665123 -0.560702
v 0.223887 0.521340 -0.602012
v 0.106145 0.294601 -0.773128
v -0.105550 0.294691 -0.772384
v 0.120182 0.182323 -0.821001
v -0.120607 0.182801 -0.820973
v 0.247646 0.401523 -0.642511
v 0.223961 0.243556 -0.789241
v -0.247484 0.401885 -0.642943
v -0.223784 0.243957 -0.789029
v 0.485436 0.077359 -0.373617
v 0.542122 0.037467 -0.228071
v 0.441987 0.152791 -0.338282
v 0.523631 0.090326 -0.180895
v 0.468810 -0.058881 -0.347474
v 0.537999 -0.032407 -0.225490
v 0.444159 -0.108128 -0.310027
v 0.519593 -0.075330 -0.176094
v 0.449706 0.013136 -0.440601
v 0.406630 -0.095977 -0.384433
v 0.381962 -0.011900 -0.483702
v 0.423181 0.146236 -0.435295
v 0.400515 0.057043 -0.514098
v 0.566322 0.040809 -0.128405
v 0.560359 -0.034908 -0.128447
v 0.487533 0.077243 0.344657
v 0.571197 0.041636 0.236945
v 0.468770 0.128326 0.316095
v 0.547644 0.090153 0.195973
v 0.481407 -0.083797 0.350609
v 0.570095 -0.031414 0.233050
v 0.451270 -0.164668 0.327062
v 0.540347 -0.087129 0.193613
v 0.455997 0.005054 0.422551
v 0.418161 -0.156040 0.408481
v 0.391876 -0.041298 0.483301
v 0.425925 0.118069 0.385967
v 0.394159 0.038737 0.472362
v 0.590850 0.043531 0.155813
v 0.588840 -0.033992 0.151833
v -0.485237 0.077315 -0.373397
v -0.542119 0.037509 -0.228053
v -0.442200 0.153068 -0.338464
v -0.523606 0.090296 -0.180930
v -0.468831 -0.058831 -0.347512
v -0.537942 -0.032363 -0.225534
v -0.444062 -0.107842 -0.310012
v -0.519655 -0.075346 -0.176177
v -0.449681 0.013119 -0.440642
v -0.406627 -0.095926 -0.384619
v -0.382376 -0.012167 -0.483551
v -0.422465 0.146964 -0.434931
v -0.400373 0.057227 -0.513970
v -0.566359 0.040679 -0.128353
v -0.560416 -0.034897 -0.128484
v -0.487407 0.077200 0.344554
v -0.571143 0.041587 0.236938
v -0.468911 0.128834 0.316280
v -0.547855 0.090104 0.196052
v -0.481255 -0.083540 0.350555
v -0.570078 -0.031532 0.233014
v -0.451230 -0.164113 0.326929
v -0.540287 -0.087183 0.193686
v -0.456194 0.004977 0.422842
v -0.418002 -0.156456 0.408387
v -0.392328 -0.040914 0.483573
v -0.425974 0.118368 0.386127
v -0.394283 0.038718 0.472346
v -0.590691 0.043681 0.155803
v -0.588893 -0.034116 0.151905
v -0.000013 0.315284 0.080003
v -0.042873 0.274962 0.173506
v 0.000435 0.599646 -0.252522
v -0.059246 0.675530 -0.358943
v 0.043105 0.275020 0.173343
v 0.059469 0.675689 -0.358683
v -0.316830 0.198676 0.347883
v -0.386731 0.190952 0.316106
v -0.343761 0.184223 0.400505
v -0.344064 0.474006 -0.441899
v -0.322723 0.341587 -0.363674
v -0.307555 0.332753 -0.470308
v -0.523050 0.150070 -0.028883
v -0.527173 0.144672 0.063698
v -0.566031 0.093516 0.019342
v 0.316748 0.198555 0.347828
v 0.386760 0.190880 0.316141
v 0.343791 0.184208 0.400557
v 0.344323 0.473937 -0.441754
v 0.322880 0.341651 -0.363917
v 0.307703 0.332868 -0.470107
v 0.522831 0.149878 -0.028890
v 0.527151 0.144664 0.063796
v 0.565622 0.093632 0.019254
v 0.000190 -0.590832 0.235823
v -0.051142 -0.603341 0.362323
v -0.000608 -0.558527 -0.165108
v -0.053827 -0.554488 -0.244650
v 0.051560 -0.603327 0.362024
v 0.052932 -0.554353 -0.244520
v -0.338008 -0.461519 0.446018
v -0.377471 -0.345716 0.365921
v -0.352339 -0.352485 0.469476
v -0.274407 -0.284553 -0.304269
v -0.336201 -0.232365 -0.280565
v -0.301561 -0.198960 -0.363208
v -0.498523 -0.142011 -0.024827
v -0.502557 -0.151870 0.066151
v -0.559817 -0.080238 0.018462
v 0.338357 -0.461562 0.446177
v 0.377069 -0.346066 0.366220
v 0.352194 -0.352546 0.469462
v 0.274180 -0.284448 -0.304064
v 0.336254 -0.232316 -0.280702
v 0.301658 -0.199048 -0.363192
v 0.498590 -0.141934 -0.025063
v 0.502587 -0.151445 0.066161
v 0.559825 -0.080253 0.018394
v 0.174391 -0.010980 0.634064
v 0.256162 -0.060175 0.604077
v -0.174342 -0.011153 0.634168
v -0.256056 -0.060118 0.604065
v 0.243991 0.031215 0.565655
v -0.244233 0.031126 0.565843
v 0.187540 0.025582 -0.668507
v 0.248694 -0.010681 -0.584704
v -0.187665 0.026228 -0.668165
v -0.248609 -0.010498 -0.584525
v 0.279575 0.072587 -0.658936
v -0.279944 0.072435 -0.659232
v -0.247309 0.344099 -0.070331
v -0.264159 0.321620 -0.034769
v -0.259672 0.351165 -0.096327
v -0.284055 0.329424 -0.076290
v -0.287646 0.313180 -0.038443
v 0.246982 0.344735 -0.070426
v 0.264367 0.322007 -0.034876
v 0.259421 0.350448 -0.096605
v 0.284261 0.329104 -0.076423
v 0.287938 0.312402 -0.038180
v -0.317337 -0.567173 0.000075
v -0.323816 -0.533566 0.034834
v -0.334774 -0.562104 -0.028883
v -0.347246 -0.518408 -0.012323
v -0.343871 -0.507297 0.026824
v 0.317184 -0.567475 0.000165
v 0.324019 -0.533674 0.034946
v 0.334532 -0.562825 -0.028932
v 0.347356 -0.518298 -0.012282
v 0.343575 -0.507371 0.026922
v -0.024183 -0.477372 0.697515
v 0.024347 -0.477298 0.696959
v -0.000083 -0.402059 0.713237
v 0.038063 -0.430990 0.706450
v -0.038233 -0.431149 0.706637
v -0.017739 0.185526 0.550459
v 0.017693 0.184955 0.551182
v -0.000133 0.183108 0.563288
v 0.027877 0.184404 0.559180
v -0.028053 0.183800 0.557191
v -0.015538 -0.191869 -0.523416
v 0.015614 -0.191873 -0.523414
v 0.000036 -0.185716 -0.543036
v 0.025389 -0.186105 -0.541583
v -0.025350 -0.186112 -0.541565
v -0.023168 0.450235 -0.693107
v 0.023222 0.449958 -0.693208
v 0.000219 0.385241 -0.724113
v 0.037560 0.409503 -0.711915
v -0.037655 0.409091 -0.711707
v 0.522201 0.016809 -0.328118
v 0.519379 -0.009761 -0.324445
v 0.505419 -0.003449 -0.353328
v 0.507777 0.014293 -0.356396
v 0.528934 0.002589 -0.307886
v 0.543776 0.020567 0.318580
v 0.543950 -0.006757 0.317734
v 0.528243 -0.001601 0.344213
v 0.527478 0.016174 0.344041
v 0.553734 0.006626 0.301802
v -0.522243 0.016795 -0.328169
v -0.519399 -0.009861 -0.324491
v -0.505468 -0.003520 -0.353280
v -0.507787 0.014263 -0.356423
v -0.528919 0.002548 -0.307885
v -0.543731 0.020641 0.318582
v -0.544054 -0.006885 0.317903
v -0.528400 -0.001736 0.344452
v -0.527578 0.016062 0.344139
v -0.553730 0.006561 0.301965
v -0.039593 0.417462 -0.101077
v 0.039971 0.417743 -0.101032
v -0.019785 0.388170 -0.057278
v -0.019901 0.455151 -0.142547
v 0.019879 0.388477 -0.056935
v 0.020473 0.455616 -0.142304
v -0.195234 0.246693 0.219076
v -0.157034 0.223065 0.314983
v -0.152075 0.250790 0.220431
v -0.220353 0.230250 0.264707
v -0.132961 0.237433 0.267985
v -0.201750 0.219960 0.313010
v -0.232251 0.637357 -0.396824
v -0.203835 0.664886 -0.496217
v -0.199734 0.700022 -0.405548
v -0.291262 0.629755 -0.428126
v -0.218173 0.793795 -0.469700
v -0.259133 0.617224 -0.475230
v -0.404547 0.253090 -0.176374
v -0.445617 0.190222 -0.216032
v -0.387989 0.266734 -0.228994
v -0.442110 0.215671 -0.142625
v -0.409620 0.231663 -0.247829
v -0.460865 0.186700 -0.163914
v -0.455561 0.195519 0.165800
v -0.489791 0.159180 0.217189
v -0.447055 0.191329 0.210382
v -0.482630 0.182752 0.149696
v -0.464078 0.175811 0.237116
v -0.500293 0.162777 0.174803
v 0.195483 0.246281 0.218885
v 0.157507 0.222576 0.315019
v 0.152439 0.250959 0.220331
v 0.132814 0.237285 0.267809
v 0.220628 0.230215 0.264810
v 0.201818 0.219810 0.312973
v 0.232553 0.637418 -0.396806
v 0.203622 0.665036 -0.496010
v 0.200015 0.699968 -0.405249
v 0.218056 0.793779 -0.469824
v 0.291362 0.629735 -0.427906
v 0.258832 0.617106 -0.475573
v 0.404524 0.253205 -0.176725
v 0.444900 0.190479 -0.216364
v 0.387795 0.266707 -0.229015
v 0.442811 0.215664 -0.141780
v 0.409620 0.231331 -0.248183
v 0.460836 0.186796 -0.163854
v 0.455490 0.195477 0.165762
v 0.489858 0.159291 0.217205
v 0.447118 0.191199 0.210346
v 0.482695 0.182735 0.149606
v 0.464122 0.175905 0.237056
v 0.500380 0.162789 0.174750
v -0.055379 -0.604416 0.009194
v 0.054974 -0.603431 0.008537
v -0.026375 -0.595147 0.060405
v -0.031046 -0.595735 -0.037013
v 0.026181 -0.594272 0.060183
v 0.030428 -0.595737 -0.037236
v -0.240007 -0.580892 0.407049
v -0.240167 -0.784537 0.510989
v -0.193624 -0.629054 0.411534
v -0.277028 -0.594602 0.439331
v -0.188808 -0.739357 0.450380
v -0.295239 -0.683892 0.496806
v -0.238126 -0.551754 -0.297978
v -0.158358 -0.414419 -0.315479
v -0.182720 -0.556189 -0.294089
v -0.241317 -0.461219 -0.299428
v -0.145658 -0.480507 -0.301769
v -0.201996 -0.402418 -0.311429
v -0.402657 -0.240148 -0.133899
v -0.443350 -0.159132 -0.188965
v -0.393030 -0.230688 -0.179241
v -0.430659 -0.205142 -0.113772
v -0.413080 -0.189279 -0.207063
v -0.451662 -0.165723 -0.141106
v -0.425163 -0.281581 0.186222
v -0.459463 -0.203379 0.224883
v -0.418905 -0.287057 0.234140
v -0.447442 -0.238179 0.160388
v -0.433806 -0.246352 0.252499
v -0.466877 -0.200159 0.180124
v 0.239352 -0.580954 0.406855
v 0.239797 -0.784381 0.508549
v 0.193502 -0.627954 0.411176
v 0.188344 -0.735173 0.448537
v 0.276503 -0.594655 0.438764
v 0.294489 -0.684002 0.496045
v 0.237655 -0.551680 -0.297741
v 0.158503 -0.414507 -0.315753
v 0.182564 -0.556353 -0.293521
v 0.145514 -0.480535 -0.302095
v 0.241143 -0.461447 -0.299520
v 0.201593 -0.402792 -0.311439
v 0.402510 -0.239988 -0.133830
v 0.443447 -0.159265 -0.189042
v 0.393538 -0.231303 -0.179540
v 0.430420 -0.204904 -0.113857
v 0.413026 -0.188432 -0.207314
v 0.451706 -0.166420 -0.141163
v 0.425026 -0.282082 0.186392
v 0.459615 -0.203499 0.224771
v 0.418475 -0.286798 0.234340
v 0.447895 -0.238358 0.159918
v 0.433746 -0.246217 0.252847
v 0.466949 -0.199790 0.180299
v -0.000040 -0.047519 0.731584
v -0.000047 0.040611 0.647248
v 0.046967 -0.025518 0.703671
v -0.046744 -0.025664 0.703180
v 0.043912 0.018259 0.662897
v -0.043998 0.017858 0.662715
v 0.293647 -0.252891 0.604321
v 0.347452 -0.174007 0.521786
v 0.318601 -0.273086 0.564833
v 0.342789 -0.228837 0.522274
v 0.294241 -0.191989 0.599454
v 0.322649 -0.156026 0.558193
v -0.293941 -0.252980 0.604964
v -0.347654 -0.174092 0.521686
v -0.318552 -0.272771 0.565069
v -0.342568 -0.229385 0.522295
v -0.294730 -0.191952 0.599965
v -0.322347 -0.156532 0.557872
v 0.260186 0.170592 0.498203
v 0.336876 0.122182 0.467216
v 0.293723 0.171652 0.476215
v 0.331393 0.156453 0.459046
v 0.265612 0.130687 0.508461
v 0.305359 0.108780 0.493890
v -0.260143 0.170945 0.498169
v -0.336916 0.122340 0.467366
v -0.293733 0.171826 0.476139
v -0.331468 0.156563 0.458842
v -0.265397 0.129710 0.508263
v -0.305189 0.108117 0.493930
v -0.000395 -0.014673 -0.640483
v -0.000215 0.075086 -0.736166
v 0.046653 0.005423 -0.664755
v -0.046603 0.007364 -0.663333
v 0.050924 0.047444 -0.716396
v -0.051160 0.051764 -0.712769
v 0.245114 -0.134885 -0.488799
v 0.321550 -0.094194 -0.464345
v 0.271969 -0.143776 -0.460672
v 0.310081 -0.124874 -0.447913
v 0.255620 -0.102907 -0.504714
v 0.294362 -0.081204 -0.494747
v -0.244993 -0.134899 -0.488803
v -0.321836 -0.094636 -0.464402
v -0.271842 -0.143659 -0.460570
v -0.309892 -0.124874 -0.447773
v -0.255339 -0.102662 -0.505066
v -0.294657 -0.081639 -0.494938
v 0.305714 0.248169 -0.650025
v 0.369693 0.170880 -0.568911
v 0.316133 0.260152 -0.592817
v 0.346657 0.219234 -0.555396
v 0.320391 0.195849 -0.661037
v 0.348239 0.160093 -0.612294
v -0.304811 0.248003 -0.648652
v -0.370444 0.170334 -0.569842
v -0.316220 0.260151 -0.593090
v -0.346709 0.219055 -0.555741
v -0.320315 0.195701 -0.660908
v -0.348816 0.160125 -0.613077
v 0.603970 0.002190 -0.029104
v 0.609876 0.003285 0.064784
v 0.608307 0.020786 -0.003993
v 0.609310 0.022008 0.042738
v 0.605068 -0.015401 -0.005600
v 0.607521 -0.015433 0.040944
v -0.604001 0.002189 -0.029166
v -0.609874 0.003279 0.064758
v -0.608267 0.020869 -0.003990
v -0.609277 0.022089 0.042767
v -0.605005 -0.015440 -0.005677
v -0.607619 -0.015447 0.040905
v -0.187507 0.376186 -0.085109
v -0.117093 0.402624 -0.096329
v -0.171897 0.358436 -0.046638
v -0.171743 0.410458 -0.130607
v -0.135934 0.370273 -0.050426
v -0.136827 0.427372 -0.136602
v -0.249564 0.296580 0.040350
v -0.225558 0.271492 0.126718
v -0.214917 0.306445 0.040163
v -0.274067 0.275107 0.081050
v -0.201193 0.292337 0.082982
v -0.263956 0.263853 0.124790
v -0.240970 0.415350 -0.186573
v -0.242014 0.522126 -0.282747
v -0.214100 0.449060 -0.200377
v -0.261522 0.422481 -0.215964
v -0.209782 0.501097 -0.247290
v -0.268352 0.476852 -0.264417
v -0.322010 0.318423 -0.108982
v -0.361698 0.294386 -0.142023
v -0.310180 0.342958 -0.159606
v -0.353368 0.288161 -0.076064
v -0.327730 0.333330 -0.177776
v -0.375455 0.276257 -0.091329
v -0.341975 0.267767 0.028051
v -0.404487 0.227218 0.100874
v -0.341900 0.255617 0.072351
v -0.368356 0.258813 0.017844
v -0.371534 0.236624 0.109593
v -0.400609 0.236921 0.053426
v 0.187822 0.376144 -0.085296
v 0.117088 0.403034 -0.095881
v 0.172131 0.358732 -0.046785
v 0.171830 0.410889 -0.130083
v 0.136170 0.370216 -0.050203
v 0.136746 0.427527 -0.136475
v 0.248530 0.297249 0.040477
v 0.225513 0.271526 0.126724
v 0.214190 0.306457 0.040010
v 0.274199 0.275275 0.081046
v 0.200895 0.292589 0.082814
v 0.264007 0.263820 0.124755
v 0.240870 0.415804 -0.186796
v 0.241806 0.522290 -0.283376
v 0.214155 0.449319 -0.200449
v 0.261405 0.422891 -0.216093
v 0.209403 0.501322 -0.247640
v 0.268258 0.477168 -0.264599
v 0.322091 0.317668 -0.108986
v 0.361662 0.294625 -0.142425
v 0.310565 0.343383 -0.159508
v 0.353378 0.288413 -0.076252
v 0.327486 0.332916 -0.177671
v 0.375362 0.276175 -0.091541
v 0.341193 0.268129 0.027743
v 0.404122 0.227259 0.100625
v 0.340680 0.256732 0.071905
v 0.368978 0.258571 0.018102
v 0.372296 0.236686 0.109976
v 0.401572 0.236314 0.054218
v -0.257746 -0.631393 -0.002198
v -0.158934 -0.637016 0.001541
v -0.224258 -0.587164 0.030215
v -0.257693 -0.716847 -0.026068
v -0.177927 -0.593448 0.035922
v -0.192819 -0.703308 -0.034872
v -0.297758 -0.525887 0.128815
v -0.264544 -0.535401 0.255453
v -0.259548 -0.543453 0.137816
v -0.320372 -0.505293 0.172206
v -0.240025 -0.546395 0.203372
v -0.303898 -0.510156 0.233291
v -0.348935 -0.643115 -0.126015
v -0.330806 -0.673208 -0.254007
v -0.330653 -0.737895 -0.145463
v -0.358692 -0.585472 -0.158003
v -0.307037 -0.749097 -0.213065
v -0.362236 -0.597302 -0.219465
v -0.368733 -0.443445 -0.051978
v -0.380260 -0.341507 -0.089850
v -0.366927 -0.447945 -0.098744
v -0.379278 -0.394280 -0.025857
v -0.370172 -0.392436 -0.117528
v -0.387159 -0.345558 -0.044699
v -0.371763 -0.437158 0.085277
v -0.395981 -0.360092 0.140218
v -0.370475 -0.440544 0.134655
v -0.383762 -0.396102 0.065997
v -0.380561 -0.403621 0.164379
v -0.397565 -0.355935 0.092314
v 0.257029 -0.631939 -0.001869
v 0.158687 -0.637620 0.001653
v 0.224025 -0.587430 0.030170
v 0.256215 -0.719164 -0.026302
v 0.177342 -0.593513 0.035789
v 0.191740 -0.703713 -0.035772
v 0.297655 -0.525518 0.128516
v 0.264461 -0.535197 0.255910
v 0.259115 -0.543353 0.137583
v 0.319749 -0.505120 0.172236
v 0.240233 -0.546334 0.203101
v 0.304506 -0.510479 0.233537
v 0.349199 -0.644010 -0.125574
v 0.330742 -0.673503 -0.253973
v 0.330312 -0.738553 -0.145381
v 0.358698 -0.585812 -0.158002
v 0.306511 -0.749673 -0.213122
v 0.362228 -0.597525 -0.219331
v 0.368311 -0.443383 -0.052344
v 0.380473 -0.341634 -0.090039
v 0.366581 -0.447718 -0.098803
v 0.379305 -0.394167 -0.025638
v 0.370198 -0.392393 -0.117911
v 0.387158 -0.345834 -0.044827
v 0.370562 -0.436493 0.085056
v 0.396052 -0.360212 0.140105
v 0.370484 -0.440315 0.134699
v 0.383460 -0.395875 0.065863
v 0.380500 -0.403509 0.164478
v 0.397410 -0.355860 0.091977
v -0.093201 -0.573784 0.679587
v -0.166793 -0.753002 0.676519
v -0.063726 -0.610465 0.656976
v -0.160855 -0.582736 0.691036
v -0.092921 -0.675132 0.638284
v -0.214365 -0.677758 0.701731
v 0.093464 -0.573889 0.679659
v 0.168112 -0.753415 0.677082
v 0.063596 -0.610780 0.656757
v 0.160970 -0.583029 0.690743
v 0.092886 -0.674909 0.639024
v 0.215014 -0.677403 0.701578
v 0.000147 -0.290352 0.740078
v -0.000163 -0.166165 0.825471
v 0.048553 -0.260753 0.744516
v -0.048381 -0.260647 0.744354
v 0.049712 -0.198644 0.763953
v -0.049510 -0.198886 0.763643
v 0.136558 -0.392184 0.705288
v 0.233316 -0.332050 0.681077
v 0.183457 -0.434883 0.695594
v 0.141332 -0.328172 0.712658
v 0.235080 -0.403998 0.684243
v 0.190319 -0.298128 0.701985
v -0.136489 -0.392031 0.705410
v -0.233385 -0.331827 0.680920
v -0.183739 -0.434560 0.696245
v -0.141665 -0.327923 0.712662
v -0.234712 -0.403536 0.683964
v -0.190346 -0.297980 0.701959
v -0.065497 0.188694 0.502476
v -0.113112 0.202838 0.411079
v -0.044490 0.194768 0.458097
v -0.110313 0.188103 0.503012
v -0.067972 0.202509 0.411875
v -0.135304 0.193825 0.457081
v 0.065395 0.188498 0.502579
v 0.112941 0.202472 0.411233
v 0.044639 0.194673 0.457856
v 0.110286 0.188130 0.503068
v 0.067647 0.202301 0.412489
v 0.135194 0.193922 0.456899
v 0.000225 0.178029 0.570591
v -0.000090 0.119018 0.586270
v 0.036979 0.170510 0.567423
v -0.036727 0.171014 0.566303
v 0.038038 0.137650 0.575509
v -0.037904 0.137585 0.575768
v 0.101443 0.182920 0.546588
v 0.181153 0.180982 0.527092
v 0.135067 0.183990 0.536190
v 0.106917 0.180537 0.549046
v 0.175403 0.183715 0.523682
v 0.146495 0.178395 0.540861
v -0.101599 0.182885 0.546974
v -0.181231 0.181167 0.527270
v -0.135030 0.183992 0.536150
v -0.106948 0.181216 0.548947
v -0.175510 0.183863 0.523630
v -0.146421 0.178626 0.540733
v -0.054942 -0.236847 -0.440821
v -0.100510 -0.309949 -0.362936
v -0.038422 -0.271316 -0.400743
v -0.092051 -0.233720 -0.438396
v -0.060682 -0.314408 -0.365907
v -0.114867 -0.263198 -0.395876
v 0.054938 -0.236782 -0.440752
v 0.100407 -0.309799 -0.363004
v 0.038413 -0.271418 -0.400800
v 0.092106 -0.233659 -0.438416
v 0.060535 -0.314342 -0.365956
v 0.114820 -0.263188 -0.395928
v 0.000004 -0.179230 -0.547991
v -0.000087 -0.107228 -0.569677
v 0.035109 -0.177015 -0.547527
v -0.035155 -0.176949 -0.547582
v 0.037348 -0.129204 -0.561216
v -0.037466 -0.129502 -0.561089
v 0.091824 -0.184571 -0.526681
v 0.167022 -0.169008 -0.509166
v 0.119141 -0.190567 -0.506356
v 0.098990 -0.175872 -0.533200
v 0.156645 -0.185656 -0.495397
v 0.136981 -0.163760 -0.527209
v -0.091815 -0.184574 -0.526760
v -0.167023 -0.169001 -0.509089
v -0.119108 -0.190552 -0.506356
v -0.099063 -0.175849 -0.533256
v -0.156624 -0.185659 -0.495353
v -0.137031 -0.163665 -0.527163
v -0.087803 0.529302 -0.656116
v -0.159758 0.612264 -0.601318
v -0.062590 0.580857 -0.635302
v -0.145537 0.517481 -0.654099
v -0.098776 0.624418 -0.605527
v -0.185847 0.559225 -0.630726
v 0.087639 0.529148 -0.656149
v 0.159745 0.612204 -0.601276
v 0.062790 0.580835 -0.635252
v 0.145761 0.517527 -0.653967
v 0.098910 0.624292 -0.605518
v 0.186082 0.559207 -0.630704
v -0.000261 0.291256 -0.770455
v -0.000144 0.182256 -0.791529
v 0.055240 0.266211 -0.783630
v -0.055200 0.266349 -0.783590
v 0.058593 0.211190 -0.799688
v -0.058713 0.211321 -0.799027
v 0.136583 0.373597 -0.720302
v 0.240392 0.323896 -0.715200
v 0.175673 0.405483 -0.694844
v 0.150160 0.322395 -0.750402
v 0.224679 0.379500 -0.687481
v 0.206405 0.298609 -0.754752
v -0.136153 0.373607 -0.720335
v -0.239808 0.324125 -0.715127
v -0.175196 0.405391 -0.694332
v -0.149875 0.322568 -0.750100
v -0.224474 0.379538 -0.687552
v -0.206420 0.298892 -0.754964
v 0.517554 0.054604 -0.301655
v 0.484714 0.118844 -0.259676
v 0.496067 0.078856 -0.329563
v 0.526848 0.057188 -0.254743
v 0.474685 0.115966 -0.309081
v 0.513339 0.086853 -0.231860
v 0.511702 -0.045987 -0.292448
v 0.485980 -0.092220 -0.247223
v 0.486953 -0.063584 -0.311801
v 0.522089 -0.049417 -0.249055
v 0.475201 -0.086662 -0.292138
v 0.510470 -0.071740 -0.225000
v 0.462187 -0.027431 -0.396798
v 0.396473 -0.058024 -0.434315
v 0.451483 -0.051900 -0.382787
v 0.442552 -0.015075 -0.430087
v 0.419747 -0.069008 -0.401333
v 0.407874 -0.028667 -0.449682
v 0.471258 0.049962 -0.414567
v 0.425751 0.103029 -0.486984
v 0.468798 0.077344 -0.412533
v 0.450031 0.043349 -0.446353
v 0.443874 0.106598 -0.447180
v 0.426524 0.067776 -0.483024
v 0.547967 0.001810 -0.225319
v 0.573295 0.002011 -0.128559
v 0.552574 0.019560 -0.202479
v 0.550181 -0.015484 -0.201727
v 0.565061 0.020445 -0.153367
v 0.561941 -0.016117 -0.153182
v 0.532076 0.061002 0.291456
v 0.511088 0.109975 0.256336
v 0.506507 0.081808 0.311107
v 0.546566 0.063529 0.255033
v 0.496288 0.106922 0.294943
v 0.536116 0.087931 0.236385
v 0.527303 -0.056956 0.290477
v 0.495210 -0.127236 0.259051
v 0.496923 -0.088194 0.313479
v 0.542666 -0.058383 0.252857
v 0.481112 -0.126366 0.299322
v 0.526879 -0.090120 0.235165
v 0.475112 -0.040419 0.392272
v 0.408306 -0.101445 0.450889
v 0.462842 -0.077936 0.386252
v 0.450740 -0.030341 0.422833
v 0.430058 -0.111613 0.415402
v 0.417530 -0.057366 0.452674
v 0.474664 0.045098 0.386305
v 0.409608 0.081355 0.429029
v 0.466768 0.071273 0.377009
v 0.451748 0.034774 0.417093
v 0.434707 0.090726 0.397758
v 0.419349 0.052114 0.439911
v 0.583134 0.005457 0.234657
v 0.602360 0.004231 0.154181
v 0.588009 0.022350 0.217310
v 0.587316 -0.011985 0.214598
v 0.597748 0.022563 0.177032
v 0.596582 -0.013357 0.174160
v -0.517498 0.054620 -0.301608
v -0.485466 0.117619 -0.259466
v -0.495720 0.079067 -0.329384
v -0.526796 0.057156 -0.254674
v -0.475590 0.114373 -0.309182
v -0.513095 0.087026 -0.231820
v -0.511728 -0.045960 -0.292456
v -0.485972 -0.092084 -0.247340
v -0.487004 -0.063483 -0.311842
v -0.522066 -0.049370 -0.249097
v -0.475203 -0.086537 -0.292205
v -0.510476 -0.071666 -0.225039
v -0.462178 -0.027444 -0.396808
v -0.396244 -0.058214 -0.434037
v -0.451491 -0.051906 -0.382909
v -0.442542 -0.015040 -0.430196
v -0.419618 -0.068960 -0.401505
v -0.407451 -0.028818 -0.449321
v -0.470988 0.049957 -0.414435
v -0.426035 0.102749 -0.487116
v -0.468716 0.077366 -0.412466
v -0.449780 0.043398 -0.446234
v -0.444087 0.106628 -0.447169
v -0.426184 0.067708 -0.482774
v -0.548030 0.001806 -0.225296
v -0.573270 0.001993 -0.128546
v -0.552549 0.019557 -0.202487
v -0.550186 -0.015469 -0.201703
v -0.565006 0.020385 -0.153345
v -0.561940 -0.016097 -0.153165
v -0.532368 0.060891 0.291550
v -0.511739 0.110146 0.256653
v -0.506073 0.081616 0.310756
v -0.547294 0.063141 0.255288
v -0.495485 0.106827 0.294567
v -0.536191 0.087853 0.236276
v -0.527693 -0.056615 0.290492
v -0.495133 -0.126490 0.258828
v -0.497643 -0.086815 0.313328
v -0.542527 -0.058348 0.252868
v -0.481196 -0.125648 0.299547
v -0.526445 -0.090291 0.234771
v -0.475349 -0.040123 0.392244
v -0.408246 -0.101908 0.450616
v -0.462855 -0.077778 0.386122
v -0.450784 -0.030347 0.422870
v -0.429918 -0.111566 0.415147
v -0.417314 -0.057398 0.452598
v -0.474921 0.045076 0.386556
v -0.409467 0.081264 0.428806
v -0.466328 0.070838 0.376573
v -0.451958 0.034828 0.417255
v -0.434648 0.090492 0.397562
v -0.419456 0.052168 0.439881
v -0.583112 0.005439 0.234666
v -0.602327 0.004238 0.154157
v -0.587978 0.022436 0.217310
v -0.587499 -0.012131 0.214612
v -0.597679 0.022649 0.176975
v -0.596634 -0.013394 0.174206
v -0.060824 0.334543 0.034607
v -0.104990 0.289269 0.127335
v -0.100735 0.330202 0.036099
v -0.123080 0.306064 0.081517
v -0.041471 0.314245 0.080353
v -0.063181 0.293037 0.126824
v -0.065760 0.534073 -0.222355
v -0.125504 0.620711 -0.311274
v -0.107857 0.521422 -0.222136
v -0.135576 0.557685 -0.263912
v -0.047493 0.586188 -0.263335
v -0.077755 0.629896 -0.311100
v 0.061037 0.334885 0.034464
v 0.105089 0.289608 0.126900
v 0.101058 0.329835 0.035167
v 0.123482 0.306405 0.081482
v 0.041258 0.314324 0.080189
v 0.063213 0.292455 0.126392
v 0.065752 0.533970 -0.222600
v 0.125437 0.620483 -0.311124
v 0.107834 0.520801 -0.222251
v 0.135433 0.558248 -0.264095
v 0.047829 0.585846 -0.262931
v 0.078366 0.630518 -0.311178
v -0.305317 0.219014 0.256104
v -0.381758 0.206784 0.237823
v -0.318239 0.227576 0.208266
v -0.357352 0.220295 0.201273
v -0.332370 0.205151 0.297651
v -0.368417 0.200928 0.284899
v -0.044295 0.240374 0.268765
v 0.044443 0.240255 0.268647
v -0.022112 0.224832 0.317384
v 0.022524 0.224834 0.317315
v -0.022048 0.257583 0.220909
v 0.021883 0.257373 0.220984
v -0.252125 0.196188 0.403744
v -0.279370 0.185106 0.455012
v -0.227500 0.191006 0.449349
v -0.240707 0.186599 0.473805
v -0.296141 0.193382 0.395410
v -0.307601 0.187699 0.419020
v -0.457613 0.573804 -0.348079
v -0.308746 0.383023 -0.297883
v -0.343705 0.484333 -0.310539
v -0.305109 0.409604 -0.283800
v -0.368861 0.481865 -0.385747
v -0.314679 0.404706 -0.348407
v -0.074540 0.715435 -0.455020
v 0.074755 0.715445 -0.455086
v -0.035991 0.691905 -0.510382
v 0.035955 0.692201 -0.510730
v -0.033513 0.697950 -0.407225
v 0.033453 0.697528 -0.407249
v -0.284309 0.499807 -0.521336
v -0.286581 0.372956 -0.558644
v -0.257517 0.480916 -0.572573
v -0.264637 0.418982 -0.591860
v -0.308220 0.453339 -0.489654
v -0.297920 0.386359 -0.506270
v -0.476577 0.200881 -0.034797
v -0.485107 0.189634 0.058643
v -0.447907 0.219403 -0.021005
v -0.455564 0.211317 0.027573
v -0.506456 0.174734 -0.005684
v -0.507969 0.170353 0.039889
v -0.382969 0.238703 -0.350284
v -0.363493 0.232951 -0.452463
v -0.407841 0.193482 -0.369205
v -0.397956 0.190543 -0.418971
v -0.347059 0.286736 -0.382577
v -0.338008 0.283067 -0.435043
v -0.522092 0.121987 -0.105587
v -0.574328 0.065611 -0.052351
v -0.535560 0.092255 -0.129913
v -0.560802 0.064989 -0.103161
v -0.535084 0.121852 -0.054449
v -0.561097 0.093252 -0.028309
v -0.432345 0.170173 0.322151
v -0.386935 0.163373 0.396765
v -0.441827 0.150267 0.339351
v -0.418668 0.144905 0.374581
v -0.401214 0.181066 0.341976
v -0.378550 0.177926 0.381463
v -0.542689 0.117568 0.132512
v -0.580535 0.068313 0.088259
v -0.556135 0.091766 0.153918
v -0.576500 0.067759 0.132810
v -0.545113 0.118449 0.087171
v -0.564900 0.093539 0.065121
v 0.305301 0.219073 0.255964
v 0.381880 0.206631 0.237556
v 0.318163 0.227725 0.208123
v 0.357421 0.220317 0.201230
v 0.332242 0.205237 0.297650
v 0.368392 0.200754 0.284705
v 0.252290 0.196079 0.403758
v 0.279345 0.185050 0.455047
v 0.227550 0.191048 0.449453
v 0.240630 0.186465 0.473824
v 0.296058 0.193177 0.395430
v 0.307527 0.187652 0.419033
v 0.457688 0.573552 -0.347985
v 0.309076 0.382895 -0.298283
v 0.343634 0.484169 -0.310566
v 0.305380 0.409556 -0.283969
v 0.369314 0.482084 -0.386091
v 0.315014 0.404592 -0.348700
v 0.284884 0.499706 -0.521171
v 0.286557 0.373173 -0.557813
v 0.257395 0.480219 -0.572114
v 0.264876 0.418980 -0.591725
v 0.308272 0.453548 -0.490383
v 0.298404 0.386454 -0.505672
v 0.476314 0.200882 -0.034882
v 0.484953 0.189784 0.058636
v 0.447846 0.219370 -0.021039
v 0.455399 0.211358 0.027439
v 0.506313 0.174837 -0.005732
v 0.507803 0.170564 0.039809
v 0.382934 0.238100 -0.350036
v 0.363377 0.232519 -0.452533
v 0.407776 0.192959 -0.369128
v 0.398024 0.190533 -0.419057
v 0.346956 0.286686 -0.382598
v 0.337666 0.282977 -0.434591
v 0.522386 0.121616 -0.105433
v 0.573944 0.065838 -0.052535
v 0.536557 0.091414 -0.129473
v 0.560168 0.065311 -0.103250
v 0.535126 0.121523 -0.054403
v 0.561209 0.093166 -0.028343
v 0.432304 0.170229 0.322109
v 0.386884 0.163315 0.396721
v 0.441711 0.150262 0.339282
v 0.418703 0.144547 0.374536
v 0.401229 0.181058 0.342064
v 0.378522 0.177918 0.381434
v 0.541127 0.117371 0.131514
v 0.580140 0.068377 0.087846
v 0.556226 0.091670 0.153959
v 0.576424 0.067877 0.132923
v 0.544731 0.118474 0.086976
v 0.565064 0.093287 0.065363
v -0.075392 -0.585130 0.170317
v -0.125513 -0.581954 0.297573
v -0.124230 -0.578061 0.163817
v -0.148724 -0.574180 0.225714
v -0.050218 -0.588434 0.234889
v -0.075362 -0.590386 0.299090
v -0.087357 -0.641589 -0.133888
v -0.131140 -0.667796 -0.241834
v -0.117731 -0.750295 -0.147494
v -0.151223 -0.766005 -0.218390
v -0.065729 -0.590924 -0.172007
v -0.082676 -0.604716 -0.218800
v 0.075249 -0.585503 0.170543
v 0.125512 -0.582027 0.298037
v 0.124236 -0.578264 0.164005
v 0.148749 -0.574202 0.225916
v 0.050430 -0.588593 0.234887
v 0.075995 -0.591180 0.299042
v 0.086986 -0.639035 -0.133817
v 0.130360 -0.665408 -0.240968
v 0.116398 -0.744522 -0.147011
v 0.146468 -0.762252 -0.218584
v 0.064947 -0.589629 -0.171961
v 0.081596 -0.603697 -0.218214
v -0.331534 -0.480521 0.364188
v -0.376888 -0.380803 0.295356
v -0.343616 -0.463187 0.304420
v -0.365815 -0.418114 0.272568
v -0.346492 -0.444861 0.386993
v -0.366898 -0.390122 0.349669
v -0.057033 -0.657434 0.471055
v 0.056650 -0.656850 0.470794
v -0.031278 -0.638344 0.525906
v 0.031077 -0.638087 0.525561
v -0.027138 -0.629133 0.416148
v 0.027316 -0.628799 0.415922
v -0.320969 -0.554774 0.558335
v -0.322619 -0.405499 0.569778
v -0.319229 -0.556608 0.629947
v -0.314464 -0.469173 0.628833
v -0.331143 -0.474625 0.506577
v -0.335870 -0.411680 0.515960
v -0.311116 -0.392502 -0.269314
v -0.346531 -0.305895 -0.220312
v -0.347157 -0.423161 -0.241368
v -0.351521 -0.371774 -0.207860
v -0.302629 -0.319658 -0.276271
v -0.325602 -0.282461 -0.256549
v -0.048508 -0.468051 -0.295577
v 0.048159 -0.468110 -0.295586
v -0.023047 -0.416750 -0.318030
v 0.022815 -0.416660 -0.318009
v -0.025701 -0.510536 -0.270106
v 0.025133 -0.510208 -0.269588
v -0.215066 -0.274742 -0.346960
v -0.243859 -0.198971 -0.413821
v -0.191068 -0.247352 -0.386277
v -0.205602 -0.214042 -0.420420
v -0.250467 -0.255925 -0.340214
v -0.265294 -0.217867 -0.372583
v -0.444899 -0.216298 -0.020751
v -0.452706 -0.228813 0.069048
v -0.425070 -0.260443 0.003121
v -0.429716 -0.266649 0.047561
v -0.473398 -0.181221 -0.000039
v -0.476234 -0.186595 0.045098
v -0.388565 -0.166887 -0.295950
v -0.355665 -0.144692 -0.379760
v -0.408398 -0.132020 -0.323932
v -0.391036 -0.123948 -0.363812
v -0.353912 -0.192155 -0.309332
v -0.337283 -0.178405 -0.351522
v -0.511368 -0.106377 -0.099316
v -0.567253 -0.055324 -0.053874
v -0.529666 -0.077801 -0.126422
v -0.553285 -0.055703 -0.103041
v -0.522055 -0.107347 -0.050730
v -0.552245 -0.079325 -0.028439
v -0.411088 -0.251223 0.345121
v -0.379884 -0.247292 0.435950
v -0.422899 -0.205972 0.357162
v -0.406389 -0.202748 0.400215
v -0.387294 -0.298528 0.379855
v -0.372794 -0.298928 0.428053
v -0.522655 -0.121660 0.130960
v -0.575842 -0.059340 0.085537
v -0.546443 -0.088078 0.151333
v -0.572092 -0.059310 0.129567
v -0.527600 -0.118842 0.087044
v -0.555522 -0.085300 0.063465
v 0.331489 -0.480571 0.364264
v 0.376655 -0.380600 0.295092
v 0.342765 -0.462865 0.303834
v 0.365367 -0.417953 0.272325
v 0.345547 -0.444752 0.386431
v 0.367012 -0.390723 0.349362
v 0.321637 -0.555410 0.558468
v 0.322660 -0.406312 0.569460
v 0.319277 -0.557359 0.629482
v 0.314786 -0.469750 0.628714
v 0.331777 -0.474913 0.506720
v 0.336326 -0.411591 0.515557
v 0.310848 -0.392449 -0.269317
v 0.346264 -0.306101 -0.219908
v 0.346845 -0.423062 -0.241091
v 0.351399 -0.371487 -0.207755
v 0.303186 -0.319719 -0.276362
v 0.325270 -0.282470 -0.256423
v 0.215096 -0.274779 -0.346972
v 0.243786 -0.199087 -0.413591
v 0.191093 -0.247266 -0.386304
v 0.205603 -0.213670 -0.420674
v 0.250368 -0.256007 -0.340233
v 0.265310 -0.217709 -0.372580
v 0.444946 -0.215868 -0.020533
v 0.452549 -0.228337 0.069059
v 0.425413 -0.259991 0.002934
v 0.429868 -0.266278 0.047676
v 0.473703 -0.181146 0.000010
v 0.476209 -0.186719 0.045229
v 0.388546 -0.166211 -0.296011
v 0.355863 -0.144911 -0.379908
v 0.408568 -0.132029 -0.324045
v 0.391150 -0.124169 -0.363939
v 0.353706 -0.192180 -0.309007
v 0.337302 -0.178469 -0.351367
v 0.511532 -0.106437 -0.099285
v 0.567094 -0.055260 -0.053839
v 0.529654 -0.077875 -0.126372
v 0.553189 -0.055677 -0.102958
v 0.521920 -0.107510 -0.050719
v 0.552292 -0.079321 -0.028467
v 0.410817 -0.251659 0.344886
v 0.379792 -0.247277 0.436034
v 0.422756 -0.206456 0.357349
v 0.406689 -0.202772 0.400544
v 0.386893 -0.299089 0.379835
v 0.372643 -0.299641 0.428084
v 0.522810 -0.121790 0.131089
v 0.575758 -0.059267 0.085516
v 0.546509 -0.087906 0.151369
v 0.572041 -0.059263 0.129579
v 0.527590 -0.118748 0.086934
v 0.555377 -0.085402 0.063463
v 0.146244 -0.080926 0.706037
v 0.230463 -0.140151 0.665050
v 0.153136 -0.137321 0.731768
v 0.194888 -0.169431 0.704966
v 0.184283 -0.056849 0.666769
v 0.223680 -0.085506 0.645802
v -0.146309 -0.080886 0.706145
v -0.230424 -0.140101 0.664788
v -0.153106 -0.137538 0.731815
v -0.194702 -0.169590 0.704823
v -0.184624 -0.056612 0.667222
v -0.223574 -0.085450 0.645638
v 0.123979 0.055668 0.607620
v 0.196367 0.094739 0.557117
v 0.118708 0.097297 0.583034
v 0.155383 0.116546 0.562852
v 0.166601 0.033015 0.605826
v 0.202270 0.053021 0.575837
v -0.123311 0.055138 0.608509
v -0.196217 0.094127 0.557266
v -0.118769 0.096844 0.583032
v -0.155327 0.116224 0.562969
v -0.166835 0.032880 0.606089
v -0.202407 0.052689 0.576254
v 0.326256 -0.053042 0.543891
v 0.320314 0.033687 0.520600
v 0.364490 -0.022141 0.512199
v 0.362842 0.018829 0.503637
v 0.290254 -0.033457 0.567140
v 0.285215 0.010787 0.551335
v -0.326414 -0.052946 0.543830
v -0.320021 0.033717 0.520176
v -0.364452 -0.022084 0.512304
v -0.362597 0.018782 0.503477
v -0.290182 -0.033805 0.566854
v -0.285104 0.010800 0.551814
v 0.126018 -0.033930 -0.604949
v 0.194311 -0.072476 -0.555233
v 0.118198 -0.077750 -0.574819
v 0.152466 -0.095579 -0.555254
v 0.172349 -0.012626 -0.617865
v 0.205181 -0.031901 -0.585040
v -0.126465 -0.034330 -0.605971
v -0.194175 -0.072208 -0.556016
v -0.118300 -0.078457 -0.574556
v -0.152356 -0.096117 -0.554592
v -0.172949 -0.012482 -0.618288
v -0.205339 -0.031838 -0.585471
v 0.166966 0.084867 -0.775215
v 0.276015 0.148239 -0.762809
v 0.175976 0.148119 -0.809710
v 0.231458 0.180778 -0.799420
v 0.208737 0.062867 -0.728871
v 0.261168 0.090708 -0.725765
v -0.167989 0.086541 -0.775185
v -0.276042 0.148278 -0.762854
v -0.176411 0.148654 -0.809927
v -0.231488 0.180991 -0.799373
v -0.209322 0.061215 -0.730245
v -0.260527 0.090655 -0.725592
v 0.317532 -0.009993 -0.536119
v 0.339479 0.069346 -0.583232
v 0.355667 0.007257 -0.520245
v 0.366607 0.044528 -0.539521
v 0.289822 0.009809 -0.575887
v 0.302945 0.050854 -0.605644
v -0.317309 -0.010127 -0.536662
v -0.339307 0.069301 -0.583172
v -0.355833 0.007261 -0.520346
v -0.366272 0.044442 -0.539386
v -0.289831 0.009726 -0.575736
v -0.303325 0.050636 -0.605603
v -0.236708 0.333675 -0.037406
v -0.233581 0.371518 -0.110510
v -0.205688 0.346661 -0.041958
v -0.204360 0.391466 -0.121756
v -0.286510 0.299931 -0.000771
v -0.226093 0.320647 -0.000563
v -0.281619 0.287013 0.039444
v -0.275695 0.351951 -0.118554
v -0.221564 0.404256 -0.155610
v -0.266189 0.381386 -0.166405
v -0.309718 0.306147 -0.048610
v -0.292645 0.348981 -0.139789
v -0.331354 0.298514 -0.061756
v -0.312854 0.277008 0.035168
v -0.337860 0.282114 -0.016518
v 0.236399 0.333811 -0.037640
v 0.233456 0.371440 -0.110450
v 0.205930 0.346306 -0.042293
v 0.204091 0.391825 -0.121576
v 0.286121 0.299761 -0.000665
v 0.225844 0.320606 -0.000515
v 0.281489 0.287528 0.039102
v 0.275697 0.351659 -0.118894
v 0.221633 0.404832 -0.155459
v 0.265854 0.381267 -0.166703
v 0.309795 0.305301 -0.048272
v 0.292915 0.349462 -0.139614
v 0.331391 0.298081 -0.061499
v 0.312530 0.277564 0.035119
v 0.337948 0.281812 -0.016432
v -0.298809 -0.556683 0.033396
v -0.319501 -0.612353 -0.038412
v -0.265956 -0.573327 0.027703
v -0.293659 -0.664576 -0.039453
v -0.337952 -0.503198 0.068761
v -0.279247 -0.547149 0.080671
v -0.331095 -0.502878 0.117045
v -0.350170 -0.538375 -0.054380
v -0.334978 -0.678811 -0.084021
v -0.354260 -0.563113 -0.102696
v -0.359035 -0.476994 0.011358
v -0.360367 -0.498297 -0.077815
v -0.370445 -0.438970 -0.006601
v -0.357245 -0.473838 0.102148
v -0.371240 -0.436225 0.038543
v 0.298772 -0.557307 0.033730
v 0.319002 -0.612994 -0.038293
v 0.265537 -0.573508 0.027758
v 0.292867 -0.665816 -0.039519
v 0.337979 -0.503312 0.068787
v 0.279173 -0.546760 0.079898
v 0.331316 -0.502961 0.117094
v 0.349814 -0.538583 -0.054729
v 0.335027 -0.679809 -0.083718
v 0.353788 -0.563102 -0.102742
v 0.359110 -0.476857 0.011489
v 0.360249 -0.498130 -0.078142
v 0.370484 -0.439131 -0.006346
v 0.358340 -0.474841 0.102679
v 0.370739 -0.435599 0.038435
v 0.000163 -0.520841 0.686144
v -0.074964 -0.469783 0.699040
v -0.030317 -0.563855 0.672862
v -0.115249 -0.518832 0.692476
v 0.074625 -0.469605 0.698913
v 0.030379 -0.563915 0.672537
v 0.115122 -0.518704 0.691877
v 0.043721 -0.378853 0.716964
v -0.043820 -0.378757 0.716694
v 0.046751 -0.321422 0.729157
v -0.046615 -0.321222 0.729129
v 0.128806 -0.456118 0.699939
v 0.091873 -0.354984 0.717271
v -0.129274 -0.456454 0.699998
v -0.091898 -0.354819 0.717563
v -0.000055 0.184984 0.538644
v -0.054755 0.183652 0.548553
v -0.021802 0.188945 0.501499
v -0.083119 0.185059 0.537824
v 0.054368 0.184503 0.547369
v 0.021453 0.188947 0.501334
v 0.083156 0.185153 0.537691
v 0.032843 0.182216 0.561558
v -0.032270 0.181018 0.560909
v 0.034616 0.178069 0.564614
v -0.034818 0.178448 0.563568
v 0.094424 0.184513 0.544840
v 0.068614 0.181296 0.556971
v -0.094435 0.183217 0.545888
v -0.068433 0.180810 0.556519
v -0.000003 -0.212570 -0.483017
v -0.048034 -0.191684 -0.521986
v -0.018228 -0.237991 -0.441506
v -0.070004 -0.209490 -0.481532
v 0.048125 -0.191704 -0.521963
v 0.018253 -0.237998 -0.441429
v 0.069998 -0.209493 -0.481572
v 0.029715 -0.184953 -0.543296
v -0.029672 -0.184960 -0.543282
v 0.032638 -0.182109 -0.545485
v -0.032643 -0.182086 -0.545512
v 0.083157 -0.190218 -0.519623
v 0.063057 -0.182446 -0.538996
v -0.083038 -0.190246 -0.519648
v -0.063073 -0.182425 -0.539014
v 0.000034 0.491025 -0.674969
v -0.071852 0.440691 -0.695007
v -0.029273 0.535181 -0.656629
v -0.107337 0.477229 -0.675341
v 0.071601 0.440490 -0.694434
v 0.029397 0.534966 -0.656636
v 0.107564 0.476947 -0.675395
v 0.044839 0.364884 -0.733350
v -0.044823 0.364967 -0.733729
v 0.050169 0.316951 -0.758304
v -0.050238 0.317234 -0.758859
v 0.123175 0.425687 -0.696074
v 0.095300 0.344281 -0.742186
v -0.122973 0.426084 -0.696724
v -0.095429 0.344488 -0.742187
v 0.509316 0.032757 -0.352787
v 0.532681 0.017617 -0.292236
v 0.507066 0.052977 -0.344309
v 0.532218 0.035614 -0.274679
v 0.502199 -0.022077 -0.343333
v 0.530914 -0.012802 -0.289851
v 0.495969 -0.042127 -0.328961
v 0.528635 -0.030062 -0.270525
v 0.489936 0.007689 -0.381916
v 0.478913 -0.036164 -0.363014
v 0.469388 -0.002641 -0.407177
v 0.490821 0.052867 -0.381000
v 0.471607 0.023253 -0.412812
v 0.542227 0.018488 -0.249467
v 0.540137 -0.014492 -0.247893
v 0.525116 0.034970 0.337593
v 0.558154 0.022013 0.288428
v 0.516987 0.057324 0.325804
v 0.556096 0.040630 0.273223
v 0.527109 -0.021501 0.337912
v 0.557603 -0.009685 0.286871
v 0.514298 -0.051479 0.326709
v 0.554728 -0.030434 0.270548
v 0.507083 0.006771 0.368626
v 0.498513 -0.045375 0.360785
v 0.481799 -0.008075 0.394923
v 0.497073 0.052476 0.356555
v 0.481434 0.019246 0.393011
v 0.572874 0.022531 0.254185
v 0.572079 -0.011324 0.252071
v -0.509334 0.032710 -0.352830
v -0.532749 0.017576 -0.292137
v -0.506947 0.052865 -0.344137
v -0.532193 0.035679 -0.274589
v -0.502251 -0.022143 -0.343325
v -0.530842 -0.012879 -0.289885
v -0.495951 -0.042087 -0.329023
v -0.528610 -0.030059 -0.270560
v -0.490042 0.007602 -0.381874
v -0.478954 -0.036171 -0.363009
v -0.469460 -0.002623 -0.407152
v -0.490777 0.052761 -0.380901
v -0.471603 0.023192 -0.412808
v -0.542236 0.018479 -0.249393
v -0.540171 -0.014466 -0.247907
v -0.525203 0.035052 0.337603
v -0.558052 0.022113 0.288452
v -0.517284 0.057203 0.325954
v -0.556193 0.040712 0.273299
v -0.527042 -0.021566 0.337875
v -0.557683 -0.009881 0.286942
v -0.513840 -0.051871 0.326583
v -0.554607 -0.030658 0.270496
v -0.507170 0.006668 0.368798
v -0.498436 -0.045450 0.360570
v -0.482019 -0.008270 0.395057
v -0.496956 0.052450 0.356561
v -0.481561 0.019329 0.393229
v -0.572729 0.022582 0.254181
v -0.572185 -0.011481 0.252104
v -0.059713 0.384727 -0.056218
v -0.060355 0.450360 -0.141703
v -0.098186 0.378634 -0.054162
v -0.099504 0.440703 -0.140261
v 0.059492 0.384755 -0.056424
v 0.060442 0.450558 -0.141394
v 0.098159 0.378966 -0.054062
v 0.099494 0.441028 -0.139822
v -0.000087 0.361769 -0.012081
v -0.079641 0.355968 -0.010445
v -0.020455 0.337167 0.033716
v 0.000188 0.497052 -0.181332
v -0.082872 0.485267 -0.181473
v -0.022179 0.542395 -0.220301
v 0.079764 0.356346 -0.010058
v 0.020327 0.336999 0.033441
v 0.082635 0.485320 -0.181242
v 0.022354 0.542454 -0.220066
v -0.170163 0.264644 0.173428
v -0.236790 0.240933 0.216760
v -0.186751 0.278331 0.127464
v -0.251316 0.252215 0.170132
v -0.111604 0.224935 0.315840
v -0.181014 0.210316 0.361230
v -0.090241 0.213025 0.364212
v -0.158671 0.201798 0.409442
v -0.108880 0.254074 0.220786
v -0.146531 0.284653 0.127459
v -0.085935 0.273115 0.173878
v -0.247002 0.214998 0.310595
v -0.277932 0.234656 0.213282
v -0.290348 0.210678 0.305299
v -0.066863 0.225382 0.316756
v -0.065278 0.256417 0.221185
v -0.205355 0.199540 0.407190
v -0.273356 0.202971 0.355484
v -0.200533 0.625791 -0.351853
v -0.299877 0.627256 -0.379548
v -0.206508 0.560635 -0.297484
v -0.284613 0.542471 -0.316445
v -0.166135 0.712387 -0.504657
v -0.229904 0.600617 -0.523412
v -0.130383 0.659511 -0.553534
v -0.204882 0.578895 -0.575501
v -0.171485 0.811444 -0.408207
v -0.167270 0.595274 -0.306857
v -0.115972 0.691210 -0.359611
v -0.335399 0.589788 -0.454834
v -0.350691 0.557140 -0.341693
v -0.433156 0.574436 -0.444483
v -0.107637 0.705071 -0.505849
v -0.101340 0.733907 -0.407772
v -0.247461 0.540636 -0.549505
v -0.330703 0.525543 -0.475377
v -0.366052 0.296149 -0.211082
v -0.421916 0.240007 -0.123160
v -0.345748 0.317875 -0.194117
v -0.398447 0.260103 -0.106781
v -0.431641 0.192997 -0.267579
v -0.478371 0.154242 -0.185962
v -0.453195 0.154053 -0.288526
v -0.496547 0.120169 -0.208574
v -0.372574 0.278604 -0.280257
v -0.327394 0.346243 -0.246539
v -0.334520 0.334249 -0.313279
v -0.477604 0.182381 -0.110374
v -0.436465 0.228842 -0.071219
v -0.495568 0.178754 -0.055921
v -0.418854 0.194532 -0.318699
v -0.358723 0.285815 -0.331217
v -0.508384 0.121763 -0.157413
v -0.508092 0.151345 -0.081160
v -0.426062 0.205196 0.180013
v -0.459691 0.200064 0.120695
v -0.401711 0.219650 0.146698
v -0.431594 0.217467 0.088168
v -0.475769 0.155436 0.258756
v -0.513155 0.138936 0.196304
v -0.485541 0.131575 0.277388
v -0.524948 0.113093 0.216605
v -0.434853 0.187458 0.254814
v -0.392945 0.213011 0.191671
v -0.402213 0.195146 0.270283
v -0.505286 0.164801 0.130346
v -0.459179 0.205166 0.074446
v -0.507300 0.166977 0.085117
v -0.459991 0.152615 0.299826
v -0.419365 0.183844 0.298849
v -0.534700 0.115627 0.174937
v -0.525084 0.142440 0.108853
v 0.170211 0.264527 0.173293
v 0.237210 0.240758 0.216990
v 0.186710 0.278416 0.127490
v 0.251175 0.252157 0.170074
v 0.111973 0.224586 0.316074
v 0.181061 0.210396 0.361202
v 0.090097 0.212840 0.364068
v 0.158632 0.201607 0.409486
v 0.108854 0.254446 0.220878
v 0.146288 0.284654 0.127613
v 0.085635 0.273075 0.173533
v 0.067150 0.225251 0.316864
v 0.065450 0.256379 0.220867
v 0.246761 0.215564 0.310223
v 0.278622 0.234589 0.213627
v 0.290408 0.210789 0.305541
v 0.204865 0.199427 0.406852
v 0.273368 0.202988 0.355388
v 0.200718 0.625813 -0.351882
v 0.299716 0.626984 -0.379419
v 0.206133 0.560661 -0.297475
v 0.284722 0.543064 -0.316473
v 0.166060 0.712104 -0.504692
v 0.229658 0.600176 -0.523413
v 0.130460 0.659377 -0.553516
v 0.204924 0.578650 -0.574914
v 0.171554 0.811508 -0.408167
v 0.167775 0.595412 -0.306928
v 0.116085 0.691172 -0.359439
v 0.107452 0.704821 -0.505548
v 0.100862 0.734250 -0.407789
v 0.335314 0.590073 -0.455201
v 0.350963 0.557123 -0.341975
v 0.433127 0.574295 -0.443883
v 0.246887 0.540291 -0.548651
v 0.330896 0.525700 -0.476020
v 0.365929 0.296100 -0.211362
v 0.421062 0.240603 -0.124003
v 0.345755 0.318127 -0.194738
v 0.398160 0.260401 -0.107192
v 0.431299 0.192829 -0.267321
v 0.478566 0.154202 -0.185639
v 0.452872 0.154473 -0.288423
v 0.496080 0.120325 -0.208638
v 0.372470 0.278682 -0.280685
v 0.327309 0.346352 -0.246604
v 0.334781 0.334215 -0.313371
v 0.478094 0.182098 -0.109968
v 0.436703 0.228904 -0.070938
v 0.495231 0.178234 -0.055958
v 0.418706 0.194216 -0.318464
v 0.358676 0.285665 -0.331268
v 0.509086 0.121537 -0.156874
v 0.508293 0.151175 -0.081082
v 0.426058 0.205043 0.179877
v 0.459550 0.200162 0.120583
v 0.401856 0.219541 0.146488
v 0.431460 0.217355 0.087993
v 0.475772 0.155421 0.258767
v 0.513385 0.138812 0.196430
v 0.485608 0.131658 0.277475
v 0.524929 0.113458 0.216670
v 0.434948 0.187376 0.254780
v 0.392922 0.212992 0.191448
v 0.402224 0.195030 0.270268
v 0.505398 0.164801 0.130369
v 0.459072 0.205088 0.074346
v 0.507267 0.167105 0.085095
v 0.459927 0.152801 0.299916
v 0.419415 0.183807 0.298936
v 0.535087 0.115860 0.175121
v 0.525146 0.142620 0.108956
v -0.078597 -0.597340 0.056265
v -0.088069 -0.623191 -0.039413
v -0.128960 -0.594330 0.044533
v -0.136425 -0.670762 -0.037794
v 0.078392 -0.595726 0.055322
v 0.087099 -0.622323 -0.040222
v 0.128680 -0.594192 0.044484
v 0.135119 -0.670115 -0.038217
v 0.000317 -0.590956 0.115842
v -0.101065 -0.584415 0.106022
v -0.025223 -0.588382 0.174047
v -0.000392 -0.579056 -0.080474
v -0.109378 -0.675671 -0.085604
v -0.038255 -0.573624 -0.124291
v 0.100919 -0.584763 0.106196
v 0.025474 -0.588841 0.174118
v 0.108782 -0.673477 -0.086186
v 0.037104 -0.573347 -0.124373
v -0.203188 -0.564985 0.361014
v -0.279687 -0.543937 0.373748
v -0.221357 -0.554489 0.275771
v -0.289750 -0.522138 0.300388
v -0.143819 -0.795104 0.519396
v -0.287972 -0.753706 0.581476
v -0.104358 -0.764411 0.611247
v -0.254465 -0.742030 0.660274
v -0.139002 -0.646255 0.414495
v -0.174376 -0.569453 0.291085
v -0.101871 -0.593889 0.368346
v -0.305122 -0.579381 0.465423
v -0.312883 -0.505526 0.336445
v -0.324643 -0.505705 0.425820
v -0.085062 -0.703159 0.529839
v -0.081904 -0.637489 0.416676
v -0.316128 -0.655965 0.618783
v -0.321620 -0.533688 0.489778
v -0.228070 -0.660363 -0.300864
v -0.289952 -0.522989 -0.292851
v -0.268760 -0.732710 -0.273008
v -0.336371 -0.576518 -0.270583
v -0.113886 -0.418162 -0.317635
v -0.167978 -0.348032 -0.328110
v -0.085739 -0.363896 -0.339882
v -0.139635 -0.301150 -0.357439
v -0.128025 -0.541473 -0.283235
v -0.190989 -0.736193 -0.274154
v -0.105652 -0.586066 -0.256309
v -0.241299 -0.381902 -0.303824
v -0.327266 -0.477518 -0.271290
v -0.274993 -0.353096 -0.292582
v -0.068541 -0.418170 -0.318216
v -0.076514 -0.522728 -0.274620
v -0.177950 -0.289291 -0.352042
v -0.242385 -0.310251 -0.314213
v -0.377678 -0.278702 -0.154715
v -0.410137 -0.247014 -0.087415
v -0.373020 -0.334842 -0.136052
v -0.394719 -0.294753 -0.063869
v -0.434597 -0.150143 -0.236600
v -0.472887 -0.131170 -0.169301
v -0.458815 -0.113227 -0.268513
v -0.493070 -0.099133 -0.197690
v -0.382166 -0.218888 -0.223565
v -0.362643 -0.323452 -0.179963
v -0.350983 -0.248603 -0.239148
v -0.459824 -0.171196 -0.093385
v -0.418028 -0.253596 -0.041578
v -0.467472 -0.175697 -0.046034
v -0.424960 -0.138884 -0.283704
v -0.368974 -0.205997 -0.266904
v -0.501449 -0.103877 -0.148355
v -0.490276 -0.138946 -0.072274
v -0.405045 -0.327033 0.213579
v -0.429598 -0.277096 0.139180
v -0.392162 -0.366086 0.190347
v -0.412978 -0.316125 0.116656
v -0.449685 -0.205916 0.269834
v -0.487154 -0.162627 0.199170
v -0.465451 -0.165646 0.284905
v -0.507372 -0.125616 0.217141
v -0.410449 -0.292212 0.282954
v -0.385458 -0.372605 0.242221
v -0.388580 -0.339539 0.314856
v -0.472564 -0.195998 0.134927
v -0.431322 -0.272079 0.092717
v -0.475775 -0.191685 0.089975
v -0.437142 -0.206956 0.313971
v -0.399587 -0.296362 0.331411
v -0.516305 -0.124027 0.174542
v -0.499310 -0.155900 0.110537
v 0.203329 -0.565198 0.360453
v 0.279478 -0.543969 0.373844
v 0.221401 -0.554581 0.276187
v 0.289490 -0.522371 0.300309
v 0.143245 -0.794313 0.517643
v 0.287286 -0.753713 0.580510
v 0.103774 -0.764338 0.610768
v 0.255761 -0.741843 0.659479
v 0.139269 -0.644833 0.413787
v 0.174929 -0.569674 0.291040
v 0.102447 -0.593864 0.367919
v 0.085319 -0.701945 0.529488
v 0.082254 -0.637069 0.416050
v 0.304738 -0.579634 0.465596
v 0.312589 -0.505577 0.336601
v 0.324604 -0.505967 0.425615
v 0.316018 -0.656940 0.618175
v 0.321515 -0.534338 0.489766
v 0.227895 -0.660939 -0.301125
v 0.290007 -0.523507 -0.292686
v 0.268348 -0.733053 -0.272976
v 0.336476 -0.576663 -0.270583
v 0.113688 -0.418512 -0.317830
v 0.168014 -0.348002 -0.328042
v 0.085699 -0.364142 -0.339819
v 0.139594 -0.301005 -0.357545
v 0.127584 -0.540722 -0.283389
v 0.190633 -0.735803 -0.273437
v 0.104803 -0.585122 -0.255936
v 0.067994 -0.418096 -0.318055
v 0.076121 -0.522467 -0.274500
v 0.241394 -0.381731 -0.303714
v 0.327165 -0.477305 -0.271197
v 0.275532 -0.353167 -0.292470
v 0.177908 -0.289254 -0.352119
v 0.242239 -0.310323 -0.314217
v 0.377767 -0.278563 -0.154640
v 0.410216 -0.247381 -0.087423
v 0.373043 -0.334870 -0.135648
v 0.394539 -0.294922 -0.063846
v 0.434703 -0.150009 -0.236819
v 0.473217 -0.130710 -0.169525
v 0.458762 -0.113460 -0.268288
v 0.493184 -0.099045 -0.197770
v 0.381910 -0.218636 -0.223891
v 0.362573 -0.323550 -0.179769
v 0.351528 -0.248554 -0.239575
v 0.459824 -0.171212 -0.093372
v 0.418363 -0.253529 -0.041667
v 0.467472 -0.175579 -0.046078
v 0.424673 -0.139065 -0.283431
v 0.368828 -0.204863 -0.267106
v 0.501883 -0.103774 -0.148565
v 0.490353 -0.138650 -0.072271
v 0.404426 -0.326654 0.213752
v 0.429565 -0.276850 0.139426
v 0.391834 -0.366093 0.190326
v 0.412804 -0.316277 0.116477
v 0.449576 -0.205946 0.269695
v 0.487255 -0.162250 0.199085
v 0.465457 -0.165803 0.284887
v 0.507723 -0.125345 0.217131
v 0.409971 -0.291811 0.282403
v 0.385688 -0.372318 0.241961
v 0.387886 -0.339763 0.314884
v 0.472523 -0.196130 0.135179
v 0.431383 -0.271658 0.093125
v 0.475763 -0.192007 0.090014
v 0.437111 -0.206837 0.313422
v 0.399773 -0.296128 0.331519
v 0.516659 -0.123845 0.174509
v 0.499210 -0.156354 0.110702
v 0.049229 -0.078161 0.738674
v -0.049156 -0.078149 0.738530
v 0.050014 -0.136763 0.765027
v -0.050171 -0.136941 0.764911
v 0.041557 0.058557 0.626790
v -0.041675 0.058364 0.626319
v 0.039475 0.098670 0.596719
v -0.039357 0.098936 0.596797
v 0.089660 -0.007497 0.669168
v 0.099788 -0.108631 0.734709
v 0.137285 -0.032124 0.671541
v -0.089983 -0.007413 0.669851
v -0.099866 -0.108689 0.734202
v -0.137179 -0.032575 0.670767
v 0.080860 0.077470 0.604672
v 0.129471 0.012697 0.637000
v -0.080790 0.077506 0.604571
v -0.129381 0.012313 0.637476
v 0.296177 -0.318316 0.609942
v 0.266324 -0.228317 0.642711
v 0.274741 -0.364522 0.658173
v 0.232655 -0.264275 0.678748
v 0.369590 -0.187476 0.483315
v 0.352516 -0.121214 0.519727
v 0.398696 -0.148358 0.447569
v 0.384271 -0.088215 0.484806
v 0.339172 -0.287046 0.521981
v 0.302114 -0.389336 0.617475
v 0.337640 -0.348717 0.519731
v 0.389190 -0.196732 0.442488
v 0.356468 -0.295878 0.475448
v 0.294423 -0.135013 0.591829
v 0.234186 -0.199849 0.676912
v 0.260875 -0.111524 0.621020
v 0.357672 -0.071221 0.516106
v 0.292198 -0.082607 0.580040
v -0.296722 -0.318259 0.610903
v -0.266668 -0.228047 0.642710
v -0.274600 -0.364025 0.657990
v -0.232735 -0.264243 0.678841
v -0.369751 -0.187508 0.483055
v -0.352373 -0.121595 0.519343
v -0.398566 -0.148294 0.447447
v -0.384245 -0.087905 0.484734
v -0.338989 -0.287319 0.521670
v -0.302187 -0.389167 0.617205
v -0.337572 -0.347762 0.519982
v -0.388839 -0.197084 0.442392
v -0.356075 -0.295371 0.475556
v -0.293766 -0.135366 0.591534
v -0.233922 -0.200003 0.676493
v -0.260881 -0.111764 0.620842
v -0.357598 -0.071377 0.516228
v -0.292211 -0.082799 0.580121
v 0.254577 0.178919 0.492317
v 0.225875 0.152735 0.521025
v 0.214995 0.181976 0.507852
v 0.186206 0.175103 0.531842
v 0.366414 0.132189 0.438763
v 0.344390 0.088092 0.477944
v 0.400644 0.110514 0.418208
v 0.383251 0.070032 0.460099
v 0.324324 0.173221 0.449115
v 0.248089 0.183511 0.484246
v 0.316640 0.181824 0.436330
v 0.393273 0.138777 0.407521
v 0.352509 0.174976 0.417092
v 0.271841 0.091520 0.520803
v 0.191063 0.135012 0.542353
v 0.237251 0.073091 0.547686
v 0.353656 0.054005 0.490238
v 0.278422 0.052037 0.535353
v -0.254530 0.178996 0.492226
v -0.226105 0.152184 0.520916
v -0.214965 0.181967 0.507654
v -0.186139 0.174713 0.531894
v -0.366357 0.132464 0.438690
v -0.344414 0.088203 0.478135
v -0.400539 0.110468 0.417756
v -0.383352 0.070005 0.460271
v -0.324396 0.173271 0.449068
v -0.248107 0.183582 0.484196
v -0.316672 0.181818 0.436313
v -0.393186 0.138518 0.407400
v -0.352583 0.175038 0.417123
v -0.271821 0.091332 0.520916
v -0.190873 0.135411 0.542381
v -0.237740 0.072301 0.548217
v -0.353112 0.053884 0.490340
v -0.278946 0.052103 0.535308
v 0.042444 -0.036202 -0.615501
v -0.042939 -0.036256 -0.616080
v 0.039676 -0.082704 -0.580346
v -0.039963 -0.082960 -0.580414
v 0.055392 0.095976 -0.763139
v -0.055796 0.099601 -0.759744
v 0.058618 0.152486 -0.792437
v -0.058775 0.153677 -0.792414
v 0.097323 0.023761 -0.690823
v 0.081648 -0.057735 -0.593807
v 0.137030 0.005391 -0.655000
v -0.097116 0.027903 -0.686335
v -0.082152 -0.058157 -0.594381
v -0.137277 0.006876 -0.653667
v 0.116381 0.116668 -0.801144
v 0.150963 0.042248 -0.713120
v -0.117335 0.119334 -0.800879
v -0.151266 0.046238 -0.709362
v 0.233388 -0.161251 -0.472461
v 0.216413 -0.125445 -0.513307
v 0.194801 -0.175582 -0.484000
v 0.176428 -0.145847 -0.520741
v 0.347577 -0.105749 -0.433766
v 0.332942 -0.061764 -0.482009
v 0.384502 -0.087103 -0.418328
v 0.370899 -0.044123 -0.466596
v 0.297469 -0.153591 -0.430204
v 0.220452 -0.185194 -0.451948
v 0.282006 -0.182438 -0.405451
v 0.371566 -0.115520 -0.401274
v 0.319649 -0.164427 -0.394574
v 0.266258 -0.066862 -0.524283
v 0.185126 -0.110842 -0.535357
v 0.236578 -0.050209 -0.554229
v 0.344115 -0.027879 -0.500619
v 0.277445 -0.029255 -0.548204
v -0.233284 -0.161187 -0.472323
v -0.216326 -0.125468 -0.513510
v -0.194761 -0.175688 -0.483828
v -0.176398 -0.145677 -0.520775
v -0.347562 -0.105708 -0.433816
v -0.333722 -0.062865 -0.481850
v -0.384464 -0.086946 -0.418352
v -0.371237 -0.044827 -0.466879
v -0.297452 -0.153504 -0.430224
v -0.220440 -0.185304 -0.451812
v -0.282142 -0.182454 -0.405658
v -0.371515 -0.115702 -0.401396
v -0.319625 -0.164426 -0.394506
v -0.266438 -0.066817 -0.524627
v -0.184895 -0.110752 -0.535521
v -0.236297 -0.049886 -0.554708
v -0.344823 -0.028744 -0.500352
v -0.277327 -0.029342 -0.548309
v 0.287758 0.301614 -0.629985
v 0.295860 0.234278 -0.712837
v 0.258557 0.342294 -0.662127
v 0.257625 0.269211 -0.744937
v 0.379573 0.179576 -0.518567
v 0.381710 0.126821 -0.569783
v 0.413280 0.141144 -0.482660
v 0.402539 0.095476 -0.523540
v 0.324045 0.269715 -0.540228
v 0.274116 0.358644 -0.609818
v 0.302166 0.324061 -0.523015
v 0.388871 0.186159 -0.468762
v 0.330342 0.276686 -0.487338
v 0.323365 0.143906 -0.655101
v 0.272994 0.211263 -0.767219
v 0.296720 0.121012 -0.695847
v 0.374096 0.084184 -0.555925
v 0.315788 0.094967 -0.634024
v -0.287791 0.301918 -0.629719
v -0.295672 0.234139 -0.712964
v -0.258478 0.342593 -0.663074
v -0.257771 0.269716 -0.745529
v -0.379922 0.179517 -0.518755
v -0.380304 0.126425 -0.569034
v -0.414001 0.141220 -0.483013
v -0.402715 0.095443 -0.523678
v -0.323746 0.269516 -0.540345
v -0.273760 0.358947 -0.610519
v -0.302280 0.323717 -0.523606
v -0.388867 0.186022 -0.468902
v -0.330179 0.277014 -0.487806
v -0.322866 0.143710 -0.654971
v -0.273131 0.211412 -0.767329
v -0.295875 0.121070 -0.695314
v -0.373800 0.084142 -0.555910
v -0.316336 0.094917 -0.634680
v 0.595989 0.020684 -0.052933
v 0.591978 -0.015811 -0.054252
v 0.579723 0.020880 -0.103254
v 0.576438 -0.016175 -0.103867
v 0.605904 0.022846 0.088487
v 0.604595 -0.015271 0.086552
v 0.602105 0.022986 0.133474
v 0.600788 -0.014662 0.131114
v 0.601662 0.042555 0.020081
v 0.581240 0.041500 -0.077547
v 0.585236 0.066353 -0.003327
v 0.594608 0.044235 0.111310
v 0.583628 0.067928 0.042805
v 0.597913 -0.034144 0.017284
v 0.574666 -0.034870 -0.078956
v 0.578749 -0.055160 -0.005928
v 0.592129 -0.035363 0.108168
v 0.580711 -0.056851 0.040472
v -0.595992 0.020647 -0.052896
v -0.591945 -0.015822 -0.054290
v -0.579742 0.020766 -0.103227
v -0.576463 -0.016165 -0.103862
v -0.605868 0.022932 0.088495
v -0.604604 -0.015315 0.086549
v -0.601984 0.023087 0.133390
v -0.600816 -0.014664 0.131133
v -0.601419 0.042597 0.020227
v -0.581269 0.041366 -0.077532
v -0.585124 0.066205 -0.003198
v -0.594402 0.044314 0.111283
v -0.583904 0.067690 0.042745
v -0.597977 -0.034205 0.017281
v -0.574739 -0.034934 -0.078986
v -0.578955 -0.055281 -0.005926
v -0.592162 -0.035407 0.108209
v -0.580724 -0.056848 0.040462
v -0.156518 0.341327 -0.005365
v -0.177950 0.315616 0.039017
v -0.158389 0.452910 -0.174779
v -0.182104 0.478094 -0.211280
v -0.140703 0.323549 0.037048
v -0.146453 0.501926 -0.218901
v -0.301714 0.254633 0.121479
v -0.337309 0.245981 0.116724
v -0.329188 0.236483 0.161803
v -0.280737 0.425225 -0.244326
v -0.298084 0.375048 -0.213121
v -0.296439 0.422331 -0.268325
v -0.386695 0.260561 -0.041989
v -0.394906 0.247877 0.006168
v -0.420828 0.235146 -0.007271
v 0.156490 0.341462 -0.005513
v 0.178325 0.315745 0.038820
v 0.158022 0.452950 -0.174840
v 0.182338 0.478128 -0.211180
v 0.140224 0.323140 0.036718
v 0.146833 0.502290 -0.218461
v 0.301001 0.254847 0.121546
v 0.336773 0.246107 0.116464
v 0.329463 0.236730 0.162037
v 0.280810 0.425379 -0.244419
v 0.298097 0.375239 -0.213266
v 0.296632 0.422356 -0.268536
v 0.386561 0.260679 -0.042035
v 0.396282 0.247030 0.007277
v 0.421355 0.234714 -0.006822
v -0.196008 -0.566100 0.084777
v -0.217201 -0.556915 0.145662
v -0.233079 -0.784365 -0.077947
v -0.271898 -0.788571 -0.153842
v -0.172262 -0.568580 0.155256
v -0.186218 -0.799369 -0.149090
v -0.342175 -0.481917 0.211512
v -0.365750 -0.445865 0.188712
v -0.356431 -0.452822 0.245251
v -0.361506 -0.515731 -0.180749
v -0.363705 -0.449144 -0.147744
v -0.357810 -0.442266 -0.196218
v -0.392472 -0.348675 0.000227
v -0.396571 -0.352220 0.045094
v -0.409349 -0.306489 0.024648
v 0.196131 -0.565996 0.084699
v 0.217165 -0.557125 0.146042
v 0.230476 -0.785484 -0.079381
v 0.270601 -0.789125 -0.154152
v 0.171484 -0.568290 0.155101
v 0.181521 -0.798662 -0.150233
v 0.342486 -0.482267 0.211921
v 0.366377 -0.445904 0.188393
v 0.356539 -0.452625 0.245462
v 0.361854 -0.515801 -0.180630
v 0.363948 -0.449354 -0.147773
v 0.358323 -0.442262 -0.196115
v 0.392957 -0.348962 0.000002
v 0.396303 -0.352269 0.045452
v 0.409833 -0.306851 0.024701
v -0.033107 -0.612083 0.623565
v 0.032792 -0.611730 0.623603
v -0.232223 -0.571921 0.698781
v -0.235861 -0.482475 0.690629
v -0.000118 -0.602551 0.576011
v -0.285975 -0.529077 0.673752
v 0.232584 -0.572614 0.698609
v 0.236339 -0.483070 0.690638
v 0.286141 -0.529720 0.673635
v 0.098358 -0.231134 0.739864
v 0.145779 -0.264337 0.722153
v -0.098557 -0.231269 0.739715
v -0.145694 -0.264176 0.722022
v 0.149377 -0.200607 0.729173
v -0.149733 -0.200548 0.729418
v -0.022649 0.201509 0.413045
v 0.022760 0.201446 0.412745
v -0.155294 0.187516 0.498622
v -0.168364 0.185250 0.519217
v -0.000154 0.209759 0.365782
v -0.199244 0.187118 0.488973
v 0.155294 0.187666 0.498702
v 0.168268 0.185192 0.519258
v 0.199188 0.187180 0.488970
v 0.074379 0.159092 0.562581
v 0.110941 0.178223 0.549557
v -0.074534 0.158867 0.562579
v -0.110923 0.178855 0.549739
v 0.114696 0.138108 0.564248
v -0.114540 0.138117 0.563992
v -0.020294 -0.315891 -0.366934
v 0.020256 -0.315971 -0.367010
v -0.129638 -0.229507 -0.433944
v -0.144029 -0.202609 -0.470693
v -0.000347 -0.366326 -0.341476
v -0.167612 -0.223958 -0.427585
v 0.129681 -0.229447 -0.433947
v 0.144074 -0.202655 -0.470678
v 0.167597 -0.223843 -0.427696
v 0.072219 -0.149518 -0.550564
v 0.105111 -0.161913 -0.539786
v -0.072318 -0.149794 -0.550359
v -0.105222 -0.161958 -0.539697
v 0.111571 -0.120839 -0.554146
v -0.111549 -0.121779 -0.553381
v -0.033584 0.632322 -0.611660
v 0.033693 0.632224 -0.611514
v -0.204360 0.501914 -0.651250
v -0.214596 0.439808 -0.668077
v -0.000046 0.675886 -0.574729
v -0.240572 0.464730 -0.627177
v 0.204707 0.501928 -0.651194
v 0.214907 0.439815 -0.667952
v 0.240661 0.464658 -0.626971
v 0.116491 0.243317 -0.808928
v 0.165900 0.272189 -0.789283
v -0.116374 0.243573 -0.808766
v -0.165920 0.272293 -0.789107
v 0.176403 0.213844 -0.815453
v -0.176523 0.214231 -0.815369
v 0.465728 0.112130 -0.357458
v 0.456986 0.108171 -0.404099
v 0.536721 0.060246 -0.205102
v 0.552917 0.039597 -0.178826
v 0.432460 0.150135 -0.387326
v 0.547843 0.063121 -0.154237
v 0.457448 -0.082720 -0.329916
v 0.439009 -0.076927 -0.366196
v 0.531535 -0.052300 -0.201825
v 0.548137 -0.034093 -0.177581
v 0.425291 -0.103076 -0.347376
v 0.541731 -0.054367 -0.152682
v 0.418802 0.001348 -0.464007
v 0.425808 0.033324 -0.475740
v 0.393546 0.021452 -0.500429
v 0.478311 0.103190 0.331368
v 0.457341 0.097313 0.365024
v 0.560809 0.065006 0.216777
v 0.584294 0.042247 0.198158
v 0.449074 0.124022 0.352483
v 0.571455 0.066487 0.176320
v 0.465745 -0.122226 0.338697
v 0.449032 -0.118599 0.377828
v 0.558236 -0.057201 0.213253
v 0.582908 -0.032139 0.193621
v 0.435542 -0.161280 0.367997
v 0.568477 -0.057209 0.172388
v 0.425475 -0.015209 0.452405
v 0.427492 0.021544 0.448841
v 0.399502 0.003611 0.481176
v -0.465641 0.112175 -0.357312
v -0.457284 0.108027 -0.404183
v -0.536871 0.060056 -0.204910
v -0.552912 0.039538 -0.178739
v -0.432288 0.150374 -0.387181
v -0.548196 0.062930 -0.154174
v -0.457431 -0.082549 -0.329917
v -0.439059 -0.076845 -0.366325
v -0.531522 -0.052275 -0.201847
v -0.548130 -0.034038 -0.177601
v -0.425303 -0.102811 -0.347329
v -0.541777 -0.054369 -0.152751
v -0.418469 0.001570 -0.463978
v -0.425689 0.033325 -0.475805
v -0.392857 0.021584 -0.500088
v -0.477554 0.102740 0.330840
v -0.456985 0.097488 0.364759
v -0.560882 0.065173 0.216935
v -0.584227 0.042362 0.198144
v -0.448847 0.124143 0.352326
v -0.571460 0.066388 0.176319
v -0.465967 -0.122748 0.339077
v -0.448839 -0.118615 0.377729
v -0.558133 -0.057302 0.213433
v -0.583064 -0.032203 0.193589
v -0.435240 -0.161150 0.368070
v -0.568573 -0.057262 0.172427
v -0.425847 -0.015254 0.452553
v -0.427730 0.021636 0.449093
v -0.399461 0.003537 0.481223
v -0.021079 0.294678 0.126895
v 0.021349 0.294551 0.126407
v 0.000070 0.275649 0.173433
v -0.026225 0.632396 -0.308846
v 0.026445 0.632504 -0.308845
v 0.000195 0.668195 -0.358043
v -0.352503 0.195584 0.332436
v -0.331967 0.190986 0.377407
v -0.367591 0.187287 0.360345
v -0.314935 0.408929 -0.401589
v -0.307328 0.399796 -0.454747
v -0.315049 0.340039 -0.416897
v -0.528438 0.147478 0.018933
v -0.546089 0.121419 -0.004279
v -0.546546 0.119886 0.041659
v 0.352464 0.195459 0.332361
v 0.331992 0.190893 0.377463
v 0.367628 0.187310 0.360348
v 0.315144 0.408803 -0.401429
v 0.307695 0.399689 -0.454588
v 0.315059 0.340218 -0.416792
v 0.528399 0.147712 0.018733
v 0.545849 0.121424 -0.004418
v 0.546371 0.119941 0.041663
v -0.025141 -0.596142 0.298450
v 0.025503 -0.596273 0.298228
v -0.000026 -0.608775 0.359144
v -0.031191 -0.561661 -0.206968
v 0.030335 -0.561336 -0.206853
v -0.000468 -0.542126 -0.240362
v -0.356605 -0.400144 0.404325
v -0.346991 -0.408556 0.460203
v -0.365329 -0.351050 0.418113
v -0.304495 -0.257967 -0.292710
v -0.285210 -0.237287 -0.332122
v -0.319749 -0.216167 -0.321593
v -0.502781 -0.146437 0.021208
v -0.533042 -0.106509 -0.002938
v -0.532249 -0.113276 0.042156
v 0.356731 -0.400396 0.404566
v 0.347183 -0.408955 0.459993
v 0.365550 -0.351023 0.417876
v 0.304402 -0.257837 -0.292779
v 0.285585 -0.237282 -0.332336
v 0.319872 -0.215952 -0.321627
v 0.502986 -0.146527 0.020966
v 0.533083 -0.106402 -0.002854
v 0.532178 -0.113011 0.042274
v 0.217315 -0.035582 0.623338
v 0.209189 0.009824 0.598491
v 0.250518 -0.012753 0.585208
v -0.217023 -0.035684 0.622748
v -0.209074 0.009660 0.598492
v -0.250709 -0.012344 0.585430
v 0.219441 0.008280 -0.624444
v 0.236686 0.048363 -0.671281
v 0.263134 0.029565 -0.620512
v -0.219308 0.008207 -0.624383
v -0.236695 0.048168 -0.671600
v -0.262707 0.029891 -0.620346
f 1 647 644
f 1 644 643
f 1 643 645
f 1 645 646
f 1 646 647
f 2 649 652
f 6 672 670
f 12 702 699
f 11 696 695
f 8 679 681
f 4 662 659
f 4 659 658
f 4 658 660
f 4 660 661
f 4 661 662
f 5 666 665
f 3 654 657
f 7 673 677
f 9 685 686
f 10 692 688
f 12 701 698
f 6 669 668
f 2 650 648
f 8 682 678
f 11 697 693
f 6 671 669
f 12 700 701
f 11 694 697
f 8 680 682
f 2 651 650
f 10 690 689
f 5 663 664
f 3 655 653
f 7 676 674
f 9 687 684
f 10 691 690
f 5 667 663
f 3 656 655
f 7 675 676
f 9 683 687
f 6 668 672
f 2 648 649
f 8 678 679
f 11 693 696
f 12 698 702
f 10 688 691
f 5 665 667
f 3 657 656
f 7 677 675
f 9 686 683
f 5 664 666
f 3 653 654
f 7 674 673
f 9 684 685
f 10 689 692
f 6 670 671
f 12 699 700
f 11 695 694
f 8 681 680
f 2 652 651
f 35 837 838
f 18 735 736
f 19 742 741
f 40 868 867
f 42 880 879
f 34 832 831
f 33 827 828
f 25 778 780
f 36 844 846
f 20 749 747
f 32 819 820
f 23 765 767
f 24 773 771
f 37 850 849
f 41 876 875
f 34 833 834
f 33 826 825
f 25 779 777
f 36 845 843
f 20 748 750
f 17 729 727
f 14 711 709
f 13 706 703
f 15 718 715
f 16 724 721
f 18 737 733
f 35 839 835
f 42 882 878
f 40 870 866
f 19 744 740
f 30 807 805
f 27 789 787
f 22 762 758
f 28 797 793
f 29 802 799
f 32 821 817
f 23 766 763
f 24 774 770
f 37 852 848
f 41 874 872
f 35 838 836
f 18 736 734
f 19 741 739
f 40 867 865
f 42 879 877
f 34 831 829
f 33 828 824
f 25 780 776
f 36 846 842
f 20 747 745
f 32 820 818
f 23 767 764
f 24 771 769
f 37 849 847
f 41 875 871
f 34 834 830
f 33 825 823
f 25 777 775
f 36 843 841
f 20 750 746
f 14 714 710
f 13 707 704
f 15 719 716
f 16 725 722
f 17 732 728
f 21 755 752
f 31 814 811
f 26 784 781
f 38 857 853
f 39 862 860
f 27 792 788
f 22 759 757
f 28 796 794
f 29 803 800
f 30 810 806
f 31 815 812
f 26 785 782
f 38 856 854
f 39 863 859
f 21 754 751
f 14 712 714
f 13 705 707
f 15 717 719
f 16 723 725
f 17 730 732
f 21 753 755
f 31 816 814
f 26 786 784
f 38 858 857
f 39 861 862
f 27 791 792
f 22 761 759
f 28 795 796
f 29 801 803
f 30 808 810
f 31 813 815
f 26 783 785
f 38 855 856
f 39 864 863
f 21 756 754
f 14 709 712
f 13 703 705
f 15 715 717
f 16 721 723
f 17 727 730
f 21 751 753
f 31 812 816
f 26 782 786
f 38 854 858
f 39 859 861
f 27 787 791
f 22 758 761
f 28 793 795
f 29 799 801
f 30 805 808
f 31 811 813
f 26 781 783
f 38 853 855
f 39 860 864
f 21 752 756
f 17 728 731
f 14 710 713
f 13 704 708
f 15 716 720
f 16 722 726
f 18 734 738
f 35 836 840
f 42 877 881
f 40 865 869
f 19 739 743
f 30 806 809
f 27 788 790
f 22 757 760
f 28 794 798
f 29 800 804
f 32 818 822
f 23 764 768
f 24 769 772
f 37 847 851
f 41 871 873
f 35 835 837
f 18 733 735
f 19 740 742
f 40 866 868
f 42 878 880
f 34 830 832
f 33 823 827
f 25 775 778
f 36 841 844
f 20 746 749
f 32 817 819
f 23 763 765
f 24 770 773
f 37 848 850
f 41 872 876
f 34 829 833
f 33 824 826
f 25 776 779
f 36 842 845
f 20 745 748
f 17 731 729
f 14 713 711
f 13 708 706
f 15 720 718
f 16 726 724
f 18 738 737
f 35 840 839
f 42 881 882
f 40 869 870
f 19 743 744
f 30 809 807
f 27 790 789
f 22 760 762
f 28 798 797
f 29 804 802
f 32 822 821
f 23 768 766
f 24 772 774
f 37 851 852
f 41 873 874
f 107 1269 1270
f 103 1245 1246
f 104 1252 1251
f 110 1288 1287
f 113 1306 1305
f 118 1336 1335
f 154 1551 1552
f 141 1473 1474
f 162 1599 1600
f 121 1354 1353
f 142 1479 1480
f 129 1401 1402
f 130 1408 1407
f 144 1492 1491
f 146 1504 1503
f 151 1533 1534
f 131 1414 1413
f 136 1444 1443
f 161 1594 1593
f 126 1383 1384
f 116 1323 1324
f 108 1275 1276
f 106 1263 1264
f 112 1299 1300
f 115 1317 1318
f 119 1341 1342
f 156 1564 1563
f 139 1462 1461
f 160 1588 1587
f 120 1347 1348
f 149 1521 1522
f 132 1420 1419
f 128 1395 1396
f 145 1497 1498
f 148 1515 1516
f 155 1557 1558
f 133 1425 1426
f 134 1431 1432
f 157 1570 1569
f 124 1372 1371
f 109 1282 1281
f 105 1258 1257
f 111 1294 1293
f 114 1312 1311
f 117 1330 1329
f 125 1378 1377
f 152 1540 1539
f 137 1449 1450
f 158 1575 1576
f 123 1365 1366
f 143 1486 1485
f 127 1390 1389
f 135 1437 1438
f 147 1510 1509
f 150 1528 1527
f 153 1546 1545
f 140 1468 1467
f 138 1455 1456
f 159 1581 1582
f 122 1359 1360
f 107 1272 1271
f 103 1248 1247
f 104 1253 1254
f 110 1289 1290
f 113 1307 1308
f 118 1337 1338
f 154 1554 1553
f 141 1476 1475
f 162 1602 1601
f 121 1355 1356
f 142 1482 1481
f 129 1404 1403
f 130 1409 1410
f 144 1493 1494
f 146 1505 1506
f 151 1536 1535
f 131 1415 1416
f 136 1445 1446
f 161 1595 1596
f 126 1386 1385
f 47 909 907
f 44 891 889
f 43 886 883
f 45 898 895
f 46 904 901
f 49 922 919
f 72 1060 1057
f 102 1240 1237
f 96 1204 1201
f 79 1102 1099
f 62 999 997
f 59 981 979
f 58 976 973
f 60 988 985
f 61 994 991
f 66 1024 1021
f 54 952 949
f 73 1066 1063
f 85 1138 1135
f 92 1179 1177
f 101 1233 1231
f 69 1041 1039
f 50 927 925
f 82 1119 1117
f 97 1209 1207
f 71 1053 1051
f 100 1228 1225
f 94 1192 1189
f 80 1108 1105
f 51 933 931
f 90 1167 1165
f 63 1005 1003
f 55 957 955
f 76 1083 1081
f 87 1150 1147
f 91 1174 1171
f 67 1029 1027
f 56 963 961
f 75 1077 1075
f 83 1126 1123
f 68 1036 1033
f 48 915 913
f 78 1095 1093
f 93 1185 1183
f 98 1216 1213
f 88 1155 1153
f 65 1018 1015
f 57 970 967
f 77 1090 1087
f 86 1143 1141
f 64 1012 1009
f 53 945 943
f 74 1071 1069
f 84 1131 1129
f 89 1162 1159
f 70 1047 1045
f 99 1221 1219
f 95 1197 1195
f 81 1114 1111
f 52 940 937
f 109 1284 1280
f 105 1260 1256
f 111 1296 1292
f 114 1314 1310
f 117 1332 1328
f 125 1380 1376
f 152 1542 1538
f 137 1451 1447
f 158 1577 1573
f 123 1367 1363
f 143 1488 1484
f 127 1392 1388
f 135 1439 1435
f 147 1512 1508
f 150 1530 1526
f 153 1548 1544
f 140 1470 1466
f 138 1457 1453
f 159 1583 1579
f 122 1361 1357
f 107 1270 1268
f 103 1246 1244
f 104 1251 1249
f 110 1287 1285
f 113 1305 1303
f 118 1335 1333
f 154 1552 1550
f 141 1474 1472
f 162 1600 1598
f 121 1353 1351
f 142 1480 1478
f 129 1402 1400
f 130 1407 1405
f 144 1491 1489
f 146 1503 1501
f 151 1534 1532
f 131 1413 1411
f 136 1443 1441
f 161 1593 1591
f 126 1384 1382
f 116 1324 1322
f 108 1276 1274
f 106 1264 1262
f 112 1300 1298
f 115 1318 1316
f 119 1342 1340
f 156 1563 1561
f 139 1461 1459
f 160 1587 1585
f 120 1348 1346
f 149 1522 1520
f 132 1419 1417
f 128 1396 1394
f 145 1498 1496
f 148 1516 1514
f 155 1558 1556
f 133 1426 1424
f 134 1432 1430
f 157 1569 1567
f 124 1371 1369
f 109 1281 1279
f 105 1257 1255
f 111 1293 1291
f 114 1311 1309
f 117 1329 1327
f 125 1377 1375
f 152 1539 1537
f 137 1450 1448
f 158 1576 1574
f 123 1366 1364
f 143 1485 1483
f 127 1389 1387
f 135 1438 1436
f 147 1509 1507
f 150 1527 1525
f 153 1545 1543
f 140 1467 1465
f 138 1456 1454
f 159 1582 1580
f 122 1360 1358
f 107 1271 1267
f 103 1247 1243
f 104 1254 1250
f 110 1290 1286
f 113 1308 1304
f 118 1338 1334
f 154 1553 1549
f 141 1475 1471
f 162 1601 1597
f 121 1356 1352
f 142 1481 1477
f 129 1403 1399
f 130 1410 1406
f 144 1494 1490
f 146 1506 1502
f 151 1535 1531
f 131 1416 1412
f 136 1446 1442
f 161 1596 1592
f 126 1385 1381
f 44 894 890
f 43 887 884
f 45 899 896
f 46 905 902
f 47 912 908
f 52 941 938
f 70 1050 1046
f 99 1224 1220
f 95 1200 1196
f 81 1115 1112
f 59 984 980
f 58 977 974
f 60 989 986
f 61 995 992
f 62 1002 998
f 65 1019 1016
f 57 971 968
f 77 1091 1088
f 86 1146 1142
f 88 1158 1154
f 98 1217 1214
f 68 1037 1034
f 48 918 914
f 78 1098 1094
f 93 1188 1184
f 69 1044 1040
f 101 1236 1232
f 97 1212 1208
f 82 1122 1118
f 50 930 926
f 89 1163 1160
f 64 1013 1010
f 53 948 944
f 74 1074 1070
f 84 1134 1130
f 90 1170 1166
f 63 1008 1004
f 55 960 956
f 76 1086 1082
f 87 1151 1148
f 72 1061 1058
f 49 923 920
f 79 1103 1100
f 96 1205 1202
f 102 1241 1238
f 91 1175 1172
f 67 1032 1028
f 56 966 962
f 75 1080 1076
f 83 1127 1124
f 66 1025 1022
f 54 953 950
f 73 1067 1064
f 85 1139 1136
f 92 1182 1178
f 71 1056 1052
f 100 1229 1226
f 94 1193 1190
f 80 1109 1106
f 51 936 932
f 116 1325 1321
f 108 1277 1273
f 106 1265 1261
f 112 1301 1297
f 115 1319 1315
f 119 1343 1339
f 156 1566 1562
f 139 1464 1460
f 160 1590 1586
f 120 1349 1345
f 149 1523 1519
f 132 1422 1418
f 128 1397 1393
f 145 1499 1495
f 148 1517 1513
f 155 1559 1555
f 133 1427 1423
f 134 1433 1429
f 157 1572 1568
f 124 1374 1370
f 44 892 894
f 43 885 887
f 45 897 899
f 46 903 905
f 47 910 912
f 52 939 941
f 70 1048 1050
f 99 1222 1224
f 95 1198 1200
f 81 1113 1115
f 59 982 984
f 58 975 977
f 60 987 989
f 61 993 995
f 62 1000 1002
f 65 1017 1019
f 57 969 971
f 77 1089 1091
f 86 1144 1146
f 88 1156 1158
f 98 1215 1217
f 68 1035 1037
f 48 916 918
f 78 1096 1098
f 93 1186 1188
f 69 1042 1044
f 101 1234 1236
f 97 1210 1212
f 82 1120 1122
f 50 928 930
f 89 1161 1163
f 64 1011 1013
f 53 946 948
f 74 1072 1074
f 84 1132 1134
f 90 1168 1170
f 63 1006 1008
f 55 958 960
f 76 1084 1086
f 87 1149 1151
f 72 1059 1061
f 49 921 923
f 79 1101 1103
f 96 1203 1205
f 102 1239 1241
f 91 1173 1175
f 67 1030 1032
f 56 964 966
f 75 1078 1080
f 83 1125 1127
f 66 1023 1025
f 54 951 953
f 73 1065 1067
f 85 1137 1139
f 92 1180 1182
f 71 1054 1056
f 100 1227 1229
f 94 1191 1193
f 80 1107 1109
f 51 934 936
f 116 1326 1325
f 108 1278 1277
f 106 1266 1265
f 112 1302 1301
f 115 1320 1319
f 119 1344 1343
f 156 1565 1566
f 139 1463 1464
f 160 1589 1590
f 120 1350 1349
f 149 1524 1523
f 132 1421 1422
f 128 1398 1397
f 145 1500 1499
f 148 1518 1517
f 155 1560 1559
f 133 1428 1427
f 134 1434 1433
f 157 1571 1572
f 124 1373 1374
f 44 889 892
f 43 883 885
f 45 895 897
f 46 901 903
f 47 907 910
f 52 937 939
f 70 1045 1048
f 99 1219 1222
f 95 1195 1198
f 81 1111 1113
f 59 979 982
f 58 973 975
f 60 985 987
f 61 991 993
f 62 997 1000
f 65 1015 1017
f 57 967 969
f 77 1087 1089
f 86 1141 1144
f 88 1153 1156
f 98 1213 1215
f 68 1033 1035
f 48 913 916
f 78 1093 1096
f 93 1183 1186
f 69 1039 1042
f 101 1231 1234
f 97 1207 1210
f 82 1117 1120
f 50 925 928
f 89 1159 1161
f 64 1009 1011
f 53 943 946
f 74 1069 1072
f 84 1129 1132
f 90 1165 1168
f 63 1003 1006
f 55 955 958
f 76 1081 1084
f 87 1147 1149
f 72 1057 1059
f 49 919 921
f 79 1099 1101
f 96 1201 1203
f 102 1237 1239
f 91 1171 1173
f 67 1027 1030
f 56 961 964
f 75 1075 1078
f 83 1123 1125
f 66 1021 1023
f 54 949 951
f 73 1063 1065
f 85 1135 1137
f 92 1177 1180
f 71 1051 1054
f 100 1225 1227
f 94 1189 1191
f 80 1105 1107
f 51 931 934
f 116 1322 1326
f 108 1274 1278
f 106 1262 1266
f 112 1298 1302
f 115 1316 1320
f 119 1340 1344
f 156 1561 1565
f 139 1459 1463
f 160 1585 1589
f 120 1346 1350
f 149 1520 1524
f 132 1417 1421
f 128 1394 1398
f 145 1496 1500
f 148 1514 1518
f 155 1556 1560
f 133 1424 1428
f 134 1430 1434
f 157 1567 1571
f 124 1369 1373
f 47 908 911
f 44 890 893
f 43 884 888
f 45 896 900
f 46 902 906
f 49 920 924
f 72 1058 1062
f 102 1238 1242
f 96 1202 1206
f 79 1100 1104
f 62 998 1001
f 59 980 983
f 58 974 978
f 60 986 990
f 61 992 996
f 66 1022 1026
f 54 950 954
f 73 1064 1068
f 85 1136 1140
f 92 1178 1181
f 101 1232 1235
f 69 1040 1043
f 50 926 929
f 82 1118 1121
f 97 1208 1211
f 71 1052 1055
f 100 1226 1230
f 94 1190 1194
f 80 1106 1110
f 51 932 935
f 90 1166 1169
f 63 1004 1007
f 55 956 959
f 76 1082 1085
f 87 1148 1152
f 91 1172 1176
f 67 1028 1031
f 56 962 965
f 75 1076 1079
f 83 1124 1128
f 68 1034 1038
f 48 914 917
f 78 1094 1097
f 93 1184 1187
f 98 1214 1218
f 88 1154 1157
f 65 1016 1020
f 57 968 972
f 77 1088 1092
f 86 1142 1145
f 64 1010 1014
f 53 944 947
f 74 1070 1073
f 84 1130 1133
f 89 1160 1164
f 70 1046 1049
f 99 1220 1223
f 95 1196 1199
f 81 1112 1116
f 52 938 942
f 109 1279 1283
f 105 1255 1259
f 111 1291 1295
f 114 1309 1313
f 117 1327 1331
f 125 1375 1379
f 152 1537 1541
f 137 1448 1452
f 158 1574 1578
f 123 1364 1368
f 143 1483 1487
f 127 1387 1391
f 135 1436 1440
f 147 1507 1511
f 150 1525 1529
f 153 1543 1547
f 140 1465 1469
f 138 1454 1458
f 159 1580 1584
f 122 1358 1362
f 107 1267 1269
f 103 1243 1245
f 104 1250 1252
f 110 1286 1288
f 113 1304 1306
f 118 1334 1336
f 154 1549 1551
f 141 1471 1473
f 162 1597 1599
f 121 1352 1354
f 142 1477 1479
f 129 1399 1401
f 130 1406 1408
f 144 1490 1492
f 146 1502 1504
f 151 1531 1533
f 131 1412 1414
f 136 1442 1444
f 161 1592 1594
f 126 1381 1383
f 116 1321 1323
f 108 1273 1275
f 106 1261 1263
f 112 1297 1299
f 115 1315 1317
f 119 1339 1341
f 156 1562 1564
f 139 1460 1462
f 160 1586 1588
f 120 1345 1347
f 149 1519 1521
f 132 1418 1420
f 128 1393 1395
f 145 1495 1497
f 148 1513 1515
f 155 1555 1557
f 133 1423 1425
f 134 1429 1431
f 157 1568 1570
f 124 1370 1372
f 109 1280 1282
f 105 1256 1258
f 111 1292 1294
f 114 1310 1312
f 117 1328 1330
f 125 1376 1378
f 152 1538 1540
f 137 1447 1449
f 158 1573 1575
f 123 1363 1365
f 143 1484 1486
f 127 1388 1390
f 135 1435 1437
f 147 1508 1510
f 150 1526 1528
f 153 1544 1546
f 140 1466 1468
f 138 1453 1455
f 159 1579 1581
f 122 1357 1359
f 107 1268 1272
f 103 1244 1248
f 104 1249 1253
f 110 1285 1289
f 113 1303 1307
f 118 1333 1337
f 154 1550 1554
f 141 1472 1476
f 162 1598 1602
f 121 1351 1355
f 142 1478 1482
f 129 1400 1404
f 130 1405 1409
f 144 1489 1493
f 146 1501 1505
f 151 1532 1536
f 131 1411 1415
f 136 1441 1445
f 161 1591 1595
f 126 1382 1386
f 47 911 909
f 44 893 891
f 43 888 886
f 45 900 898
f 46 906 904
f 49 924 922
f 72 1062 1060
f 102 1242 1240
f 96 1206 1204
f 79 1104 1102
f 62 1001 999
f 59 983 981
f 58 978 976
f 60 990 988
f 61 996 994
f 66 1026 1024
f 54 954 952
f 73 1068 1066
f 85 1140 1138
f 92 1181 1179
f 101 1235 1233
f 69 1043 1041
f 50 929 927
f 82 1121 1119
f 97 1211 1209
f 71 1055 1053
f 100 1230 1228
f 94 1194 1192
f 80 1110 1108
f 51 935 933
f 90 1169 1167
f 63 1007 1005
f 55 959 957
f 76 1085 1083
f 87 1152 1150
f 91 1176 1174
f 67 1031 1029
f 56 965 963
f 75 1079 1077
f 83 1128 1126
f 68 1038 1036
f 48 917 915
f 78 1097 1095
f 93 1187 1185
f 98 1218 1216
f 88 1157 1155
f 65 1020 1018
f 57 972 970
f 77 1092 1090
f 86 1145 1143
f 64 1014 1012
f 53 947 945
f 74 1073 1071
f 84 1133 1131
f 89 1164 1162
f 70 1049 1047
f 99 1223 1221
f 95 1199 1197
f 81 1116 1114
f 52 942 940
f 109 1283 1284
f 105 1259 1260
f 111 1295 1296
f 114 1313 1314
f 117 1331 1332
f 125 1379 1380
f 152 1541 1542
f 137 1452 1451
f 158 1578 1577
f 123 1368 1367
f 143 1487 1488
f 127 1391 1392
f 135 1440 1439
f 147 1511 1512
f 150 1529 1530
f 153 1547 1548
f 140 1469 1470
f 138 1458 1457
f 159 1584 1583
f 122 1362 1361
f 407 1609 1616
f 403 1605 1608
f 404 1611 1606
f 410 1614 1612
f 413 1617 1615
f 422 1631 1624
f 486 1688 1692
f 573 1775 1782
f 561 1763 1765
f 512 1719 1714
f 452 1654 1661
f 448 1650 1653
f 449 1656 1651
f 455 1659 1657
f 458 1662 1660
f 470 1672 1675
f 437 1646 1639
f 494 1706 1696
f 531 1735 1733
f 539 1741 1751
f 568 1770 1779
f 478 1680 1683
f 419 1621 1626
f 509 1711 1721
f 554 1756 1766
f 482 1684 1689
f 576 1780 1778
f 558 1767 1760
f 516 1722 1718
f 425 1627 1629
f 542 1744 1747
f 463 1668 1665
f 434 1636 1641
f 497 1699 1704
f 528 1730 1737
f 546 1748 1750
f 464 1666 1676
f 440 1642 1644
f 500 1705 1702
f 524 1736 1726
f 479 1691 1681
f 418 1623 1620
f 508 1713 1710
f 553 1764 1755
f 569 1781 1771
f 538 1749 1740
f 471 1677 1673
f 443 1645 1647
f 501 1703 1707
f 523 1725 1734
f 467 1674 1669
f 433 1638 1635
f 493 1695 1698
f 527 1732 1729
f 543 1752 1745
f 485 1690 1687
f 572 1777 1774
f 557 1759 1762
f 515 1717 1720
f 428 1630 1632
f 591 2191 2189
f 587 1885 1883
f 588 1901 1903
f 594 2279 2281
f 597 2315 2317
f 600 2171 2173
f 634 2160 2158
f 619 2016 2012
f 639 2214 2210
f 602 1919 1924
f 624 2137 2135
f 608 1978 1973
f 610 1991 1996
f 627 2225 2227
f 630 2302 2304
f 635 2178 2176
f 615 2153 2155
f 617 2009 2014
f 637 2207 2212
f 604 1926 1922
f 416 1857 1864
f 408 1803 1810
f 406 1786 1795
f 412 1822 1831
f 415 1840 1849
f 424 1876 1887
f 492 2182 2193
f 582 2312 2321
f 565 2276 2285
f 514 1898 1907
f 461 2091 2098
f 453 2037 2044
f 451 1952 1961
f 457 2056 2067
f 460 2074 2083
f 475 2128 2139
f 439 1966 1975
f 496 1988 1997
f 533 2222 2231
f 551 2293 2298
f 579 2185 2190
f 483 1879 1884
f 426 1893 1900
f 521 2271 2278
f 566 2307 2314
f 489 2163 2170
f 578 2150 2159
f 560 2006 2015
f 518 2204 2213
f 429 1911 1918
f 547 2131 2136
f 465 1969 1977
f 441 1983 1990
f 504 2217 2224
f 537 2290 2301
f 550 2168 2177
f 476 2145 2152
f 444 2001 2008
f 502 2199 2206
f 526 1916 1925
f 481 1808 1817
f 420 1789 1797
f 510 1825 1833
f 555 1843 1851
f 571 1862 1871
f 540 1933 1941
f 473 2110 2119
f 447 2020 2029
f 507 2236 2247
f 534 2257 2262
f 469 2042 2051
f 435 1947 1954
f 498 2059 2064
f 529 2077 2085
f 545 2096 2105
f 487 2113 2121
f 574 2023 2031
f 562 2239 2244
f 520 2254 2265
f 432 1930 1939
f 589 1818 1814
f 583 1798 1793
f 586 1834 1829
f 593 1852 1847
f 596 1872 1868
f 599 1942 1937
f 633 2120 2124
f 620 2030 2034
f 640 2248 2250
f 603 2263 2261
f 622 2052 2050
f 607 1955 1960
f 612 2065 2063
f 626 2086 2081
f 629 2106 2102
f 631 2122 2117
f 614 2032 2027
f 618 2245 2243
f 641 2266 2268
f 605 1940 1944
f 409 1813 1804
f 405 1792 1785
f 411 1828 1821
f 414 1846 1839
f 417 1867 1858
f 431 1936 1929
f 488 2123 2114
f 575 2033 2024
f 563 2249 2240
f 519 2260 2253
f 454 2049 2038
f 450 1959 1951
f 456 2062 2055
f 459 2080 2073
f 462 2101 2092
f 472 2116 2109
f 446 2026 2019
f 506 2242 2235
f 535 2267 2258
f 541 1943 1934
f 570 1869 1861
f 480 1815 1807
f 421 1799 1790
f 511 1835 1826
f 556 1853 1844
f 484 1889 1880
f 580 2195 2186
f 567 2319 2308
f 522 2283 2272
f 427 1905 1894
f 544 2103 2095
f 468 2046 2041
f 436 1957 1948
f 499 2069 2060
f 530 2087 2078
f 548 2141 2132
f 466 1979 1970
f 442 1993 1984
f 505 2229 2218
f 536 2296 2289
f 491 2188 2181
f 423 1882 1875
f 513 1902 1897
f 564 2280 2275
f 581 2316 2311
f 549 2172 2167
f 477 2157 2146
f 445 2011 2002
f 503 2209 2200
f 525 1923 1915
f 474 2134 2127
f 438 1972 1965
f 495 1995 1987
f 532 2226 2221
f 552 2303 2294
f 490 2175 2164
f 577 2154 2149
f 559 2013 2005
f 517 2211 2203
f 430 1921 1912
f 590 1865 1870
f 584 1811 1816
f 585 1796 1800
f 592 1832 1836
f 595 1850 1854
f 598 1888 1890
f 636 2194 2196
f 621 2322 2320
f 642 2286 2284
f 601 1908 1906
f 623 2099 2104
f 611 2045 2047
f 609 1962 1958
f 625 2068 2070
f 628 2084 2088
f 632 2140 2142
f 613 1976 1980
f 616 1998 1994
f 638 2232 2230
f 606 2299 2297
f 407 2330 2329
f 403 2324 2323
f 404 2325 2326
f 410 2332 2333
f 413 2335 2336
f 422 2344 2345
f 486 2410 2409
f 573 2497 2496
f 561 2486 2485
f 512 2434 2435
f 452 2375 2374
f 448 2369 2368
f 449 2370 2371
f 455 2377 2378
f 458 2380 2381
f 470 2393 2392
f 437 2359 2360
f 494 2415 2416
f 531 2455 2456
f 539 2461 2460
f 568 2489 2488
f 478 2399 2398
f 419 2341 2340
f 509 2431 2430
f 554 2476 2475
f 482 2405 2404
f 576 2500 2501
f 558 2481 2482
f 516 2439 2440
f 425 2348 2347
f 542 2465 2464
f 463 2383 2384
f 434 2356 2355
f 497 2420 2419
f 528 2452 2451
f 546 2471 2470
f 464 2386 2385
f 440 2363 2362
f 500 2422 2423
f 524 2445 2446
f 479 2400 2401
f 418 2338 2339
f 508 2428 2429
f 553 2473 2474
f 569 2490 2491
f 538 2458 2459
f 471 2394 2395
f 443 2366 2365
f 501 2425 2424
f 523 2444 2443
f 467 2389 2390
f 433 2353 2354
f 493 2414 2413
f 527 2449 2450
f 543 2466 2467
f 485 2407 2408
f 572 2494 2495
f 557 2480 2479
f 515 2438 2437
f 428 2351 2350
f 591 2510 2511
f 587 2504 2505
f 588 2508 2507
f 594 2514 2513
f 597 2517 2516
f 600 2520 2519
f 634 2554 2556
f 619 2539 2540
f 639 2560 2561
f 602 2523 2521
f 624 2543 2544
f 608 2527 2529
f 610 2532 2530
f 627 2547 2546
f 630 2550 2549
f 635 2552 2553
f 615 2535 2534
f 617 2538 2536
f 637 2558 2557
f 604 2524 2525
f 167 1607 647
f 164 1603 644
f 163 1604 643
f 165 1610 645
f 166 1613 646
f 169 1622 649
f 192 1686 672
f 222 1773 702
f 216 1761 696
f 199 1712 679
f 182 1652 662
f 179 1648 659
f 178 1649 658
f 180 1655 660
f 181 1658 661
f 186 1670 666
f 174 1637 654
f 193 1694 673
f 205 1731 685
f 212 1739 692
f 221 1768 701
f 189 1678 669
f 170 1619 650
f 202 1709 682
f 217 1754 697
f 191 1682 671
f 220 1776 700
f 214 1758 694
f 200 1716 680
f 171 1625 651
f 210 1742 690
f 183 1663 663
f 175 1634 655
f 196 1697 676
f 207 1728 687
f 211 1746 691
f 187 1664 667
f 176 1640 656
f 195 1700 675
f 203 1724 683
f 188 1679 668
f 168 1618 648
f 198 1708 678
f 213 1753 693
f 218 1769 698
f 208 1738 688
f 185 1671 665
f 177 1643 657
f 197 1701 677
f 206 1723 686
f 184 1667 664
f 173 1633 653
f 194 1693 674
f 204 1727 684
f 209 1743 689
f 190 1685 670
f 219 1772 699
f 215 1757 695
f 201 1715 681
f 172 1628 652
f 357 2187 837
f 255 1881 735
f 262 1899 742
f 388 2277 868
f 400 2313 880
f 352 2169 832
f 347 2156 827
f 298 2010 778
f 364 2208 844
f 269 1917 749
f 339 2133 819
f 285 1971 765
f 293 1989 773
f 370 2223 850
f 396 2300 876
f 353 2174 833
f 346 2151 826
f 299 2007 779
f 365 2205 845
f 268 1920 748
f 249 1855 729
f 231 1801 711
f 226 1784 706
f 238 1820 718
f 244 1838 724
f 257 1874 737
f 359 2180 839
f 402 2310 882
f 390 2274 870
f 264 1896 744
f 327 2089 807
f 309 2035 789
f 282 1950 762
f 317 2054 797
f 322 2072 802
f 341 2126 821
f 286 1964 766
f 294 1986 774
f 372 2220 852
f 394 2291 874
f 358 2183 838
f 256 1877 736
f 261 1891 741
f 387 2269 867
f 399 2305 879
f 351 2161 831
f 348 2148 828
f 300 2004 780
f 366 2202 846
f 267 1909 747
f 340 2129 820
f 287 1967 767
f 291 1981 771
f 369 2215 849
f 395 2288 875
f 354 2166 834
f 345 2143 825
f 297 1999 777
f 363 2197 843
f 270 1914 750
f 234 1806 714
f 227 1787 707
f 239 1823 719
f 245 1841 725
f 252 1860 732
f 275 1931 755
f 334 2108 814
f 304 2018 784
f 377 2234 857
f 382 2255 862
f 312 2040 792
f 279 1945 759
f 316 2057 796
f 323 2075 803
f 330 2094 810
f 335 2111 815
f 305 2021 785
f 376 2237 856
f 383 2252 863
f 274 1928 754
f 232 1812 712
f 225 1791 705
f 237 1827 717
f 243 1845 723
f 250 1866 730
f 273 1935 753
f 336 2118 816
f 306 2028 786
f 378 2246 858
f 381 2259 861
f 311 2048 791
f 281 1953 761
f 315 2061 795
f 321 2079 801
f 328 2100 808
f 333 2115 813
f 303 2025 783
f 375 2241 855
f 384 2264 864
f 276 1938 756
f 229 1802 709
f 223 1783 703
f 235 1819 715
f 241 1837 721
f 247 1856 727
f 271 1927 751
f 332 2112 812
f 302 2022 782
f 374 2238 854
f 379 2251 859
f 307 2036 787
f 278 1949 758
f 313 2053 793
f 319 2071 799
f 325 2090 805
f 331 2107 811
f 301 2017 781
f 373 2233 853
f 380 2256 860
f 272 1932 752
f 248 1859 728
f 230 1805 710
f 224 1788 704
f 236 1824 716
f 242 1842 722
f 254 1878 734
f 356 2184 836
f 397 2306 877
f 385 2270 865
f 259 1892 739
f 326 2093 806
f 308 2039 788
f 277 1946 757
f 314 2058 794
f 320 2076 800
f 338 2130 818
f 284 1968 764
f 289 1982 769
f 367 2216 847
f 391 2287 871
f 355 2179 835
f 253 1873 733
f 260 1895 740
f 386 2273 866
f 398 2309 878
f 350 2165 830
f 343 2144 823
f 295 2000 775
f 361 2198 841
f 266 1913 746
f 337 2125 817
f 283 1963 763
f 290 1985 770
f 368 2219 848
f 392 2292 872
f 349 2162 829
f 344 2147 824
f 296 2003 776
f 362 2201 842
f 265 1910 745
f 251 1863 731
f 233 1809 713
f 228 1794 708
f 240 1830 720
f 246 1848 726
f 258 1886 738
f 360 2192 840
f 401 2318 881
f 389 2282 869
f 263 1904 743
f 329 2097 809
f 310 2043 790
f 280 1956 760
f 318 2066 798
f 324 2082 804
f 342 2138 822
f 288 1974 768
f 292 1992 772
f 371 2228 851
f 393 2295 873
f 409 2331 1269
f 405 2327 1245
f 411 2328 1252
f 414 2334 1288
f 417 2337 1306
f 431 2346 1336
f 488 2412 1551
f 575 2499 1473
f 563 2487 1599
f 519 2436 1354
f 454 2376 1479
f 450 2372 1401
f 456 2373 1408
f 459 2379 1492
f 462 2382 1504
f 472 2396 1533
f 446 2361 1414
f 506 2418 1444
f 535 2457 1594
f 541 2463 1383
f 570 2492 1323
f 480 2402 1275
f 421 2343 1263
f 511 2433 1299
f 556 2478 1317
f 484 2406 1341
f 580 2502 1564
f 567 2484 1462
f 522 2442 1588
f 427 2349 1347
f 544 2468 1521
f 468 2387 1420
f 436 2358 1395
f 499 2421 1497
f 530 2454 1515
f 548 2472 1557
f 466 2388 1425
f 442 2364 1431
f 505 2426 1570
f 536 2448 1372
f 491 2403 1282
f 423 2342 1258
f 513 2432 1294
f 564 2477 1312
f 581 2493 1330
f 549 2462 1378
f 477 2397 1540
f 445 2367 1449
f 503 2427 1575
f 525 2447 1365
f 474 2391 1486
f 438 2357 1390
f 495 2417 1437
f 532 2453 1510
f 552 2469 1528
f 490 2411 1546
f 577 2498 1468
f 559 2483 1455
f 517 2441 1581
f 430 2352 1359
f 590 2509 1272
f 584 2503 1248
f 585 2506 1253
f 592 2512 1289
f 595 2515 1307
f 598 2518 1337
f 636 2555 1554
f 621 2541 1476
f 642 2562 1602
f 601 2522 1355
f 623 2542 1482
f 611 2528 1404
f 609 2531 1409
f 625 2545 1493
f 628 2548 1505
f 632 2551 1536
f 613 2533 1415
f 616 2537 1445
f 638 2559 1595
f 606 2526 1386
f 407 1616 909
f 403 1608 891
f 404 1606 886
f 410 1612 898
f 413 1615 904
f 422 1624 922
f 486 1692 1060
f 573 1782 1240
f 561 1765 1204
f 512 1714 1102
f 452 1661 999
f 448 1653 981
f 449 1651 976
f 455 1657 988
f 458 1660 994
f 470 1675 1024
f 437 1639 952
f 494 1696 1066
f 531 1733 1138
f 539 1751 1179
f 568 1779 1233
f 478 1683 1041
f 419 1626 927
f 509 1721 1119
f 554 1766 1209
f 482 1689 1053
f 576 1778 1228
f 558 1760 1192
f 516 1718 1108
f 425 1629 933
f 542 1747 1167
f 463 1665 1005
f 434 1641 957
f 497 1704 1083
f 528 1737 1150
f 546 1750 1174
f 464 1676 1029
f 440 1644 963
f 500 1702 1077
f 524 1726 1126
f 479 1681 1036
f 418 1620 915
f 508 1710 1095
f 553 1755 1185
f 569 1771 1216
f 538 1740 1155
f 471 1673 1018
f 443 1647 970
f 501 1707 1090
f 523 1734 1143
f 467 1669 1012
f 433 1635 945
f 493 1698 1071
f 527 1729 1131
f 543 1745 1162
f 485 1687 1047
f 572 1774 1221
f 557 1762 1197
f 515 1720 1114
f 428 1632 940
f 591 2189 1284
f 587 1883 1260
f 588 1903 1296
f 594 2281 1314
f 597 2317 1332
f 600 2173 1380
f 634 2158 1542
f 619 2012 1451
f 639 2210 1577
f 602 1924 1367
f 624 2135 1488
f 608 1973 1392
f 610 1996 1439
f 627 2227 1512
f 630 2304 1530
f 635 2176 1548
f 615 2155 1470
f 617 2014 1457
f 637 2212 1583
f 604 1922 1361
f 416 1864 1270
f 408 1810 1246
f 406 1795 1251
f 412 1831 1287
f 415 1849 1305
f 424 1887 1335
f 492 2193 1552
f 582 2321 1474
f 565 2285 1600
f 514 1907 1353
f 461 2098 1480
f 453 2044 1402
f 451 1961 1407
f 457 2067 1491
f 460 2083 1503
f 475 2139 1534
f 439 1975 1413
f 496 1997 1443
f 533 2231 1593
f 551 2298 1384
f 579 2190 1324
f 483 1884 1276
f 426 1900 1264
f 521 2278 1300
f 566 2314 1318
f 489 2170 1342
f 578 2159 1563
f 560 2015 1461
f 518 2213 1587
f 429 1918 1348
f 547 2136 1522
f 465 1977 1419
f 441 1990 1396
f 504 2224 1498
f 537 2301 1516
f 550 2177 1558
f 476 2152 1426
f 444 2008 1432
f 502 2206 1569
f 526 1925 1371
f 481 1817 1281
f 420 1797 1257
f 510 1833 1293
f 555 1851 1311
f 571 1871 1329
f 540 1941 1377
f 473 2119 1539
f 447 2029 1450
f 507 2247 1576
f 534 2262 1366
f 469 2051 1485
f 435 1954 1389
f 498 2064 1438
f 529 2085 1509
f 545 2105 1527
f 487 2121 1545
f 574 2031 1467
f 562 2244 1456
f 520 2265 1582
f 432 1939 1360
f 589 1814 1271
f 583 1793 1247
f 586 1829 1254
f 593 1847 1290
f 596 1868 1308
f 599 1937 1338
f 633 2124 1553
f 620 2034 1475
f 640 2250 1601
f 603 2261 1356
f 622 2050 1481
f 607 1960 1403
f 612 2063 1410
f 626 2081 1494
f 629 2102 1506
f 631 2117 1535
f 614 2027 1416
f 618 2243 1446
f 641 2268 1596
f 605 1944 1385
f 409 1804 894
f 405 1785 887
f 411 1821 899
f 414 1839 905
f 417 1858 912
f 431 1929 941
f 488 2114 1050
f 575 2024 1224
f 563 2240 1200
f 519 2253 1115
f 454 2038 984
f 450 1951 977
f 456 2055 989
f 459 2073 995
f 462 2092 1002
f 472 2109 1019
f 446 2019 971
f 506 2235 1091
f 535 2258 1146
f 541 1934 1158
f 570 1861 1217
f 480 1807 1037
f 421 1790 918
f 511 1826 1098
f 556 1844 1188
f 484 1880 1044
f 580 2186 1236
f 567 2308 1212
f 522 2272 1122
f 427 1894 930
f 544 2095 1163
f 468 2041 1013
f 436 1948 948
f 499 2060 1074
f 530 2078 1134
f 548 2132 1170
f 466 1970 1008
f 442 1984 960
f 505 2218 1086
f 536 2289 1151
f 491 2181 1061
f 423 1875 923
f 513 1897 1103
f 564 2275 1205
f 581 2311 1241
f 549 2167 1175
f 477 2146 1032
f 445 2002 966
f 503 2200 1080
f 525 1915 1127
f 474 2127 1025
f 438 1965 953
f 495 1987 1067
f 532 2221 1139
f 552 2294 1182
f 490 2164 1056
f 577 2149 1229
f 559 2005 1193
f 517 2203 1109
f 430 1912 936
f 590 1870 1325
f 584 1816 1277
f 585 1800 1265
f 592 1836 1301
f 595 1854 1319
f 598 1890 1343
f 636 2196 1566
f 621 2320 1464
f 642 2284 1590
f 601 1906 1349
f 623 2104 1523
f 611 2047 1422
f 609 1958 1397
f 625 2070 1499
f 628 2088 1517
f 632 2142 1559
f 613 1980 1427
f 616 1994 1433
f 638 2230 1572
f 606 2297 1374
f 407 2329 892
f 403 2323 885
f 404 2326 897
f 410 2333 903
f 413 2336 910
f 422 2345 939
f 486 2409 1048
f 573 2496 1222
f 561 2485 1198
f 512 2435 1113
f 452 2374 982
f 448 2368 975
f 449 2371 987
f 455 2378 993
f 458 2381 1000
f 470 2392 1017
f 437 2360 969
f 494 2416 1089
f 531 2456 1144
f 539 2460 1156
f 568 2488 1215
f 478 2398 1035
f 419 2340 916
f 509 2430 1096
f 554 2475 1186
f 482 2404 1042
f 576 2501 1234
f 558 2482 1210
f 516 2440 1120
f 425 2347 928
f 542 2464 1161
f 463 2384 1011
f 434 2355 946
f 497 2419 1072
f 528 2451 1132
f 546 2470 1168
f 464 2385 1006
f 440 2362 958
f 500 2423 1084
f 524 2446 1149
f 479 2401 1059
f 418 2339 921
f 508 2429 1101
f 553 2474 1203
f 569 2491 1239
f 538 2459 1173
f 471 2395 1030
f 443 2365 964
f 501 2424 1078
f 523 2443 1125
f 467 2390 1023
f 433 2354 951
f 493 2413 1065
f 527 2450 1137
f 543 2467 1180
f 485 2408 1054
f 572 2495 1227
f 557 2479 1191
f 515 2437 1107
f 428 2350 934
f 591 2511 1326
f 587 2505 1278
f 588 2507 1266
f 594 2513 1302
f 597 2516 1320
f 600 2519 1344
f 634 2556 1565
f 619 2540 1463
f 639 2561 1589
f 602 2521 1350
f 624 2544 1524
f 608 2529 1421
f 610 2530 1398
f 627 2546 1500
f 630 2549 1518
f 635 2553 1560
f 615 2534 1428
f 617 2536 1434
f 637 2557 1571
f 604 2525 1373
f 164 1609 889
f 163 1605 883
f 165 1611 895
f 166 1614 901
f 167 1617 907
f 172 1631 937
f 190 1688 1045
f 219 1775 1219
f 215 1763 1195
f 201 1719 1111
f 179 1654 979
f 178 1650 973
f 180 1656 985
f 181 1659 991
f 182 1662 997
f 185 1672 1015
f 177 1646 967
f 197 1706 1087
f 206 1735 1141
f 208 1741 1153
f 218 1770 1213
f 188 1680 1033
f 168 1621 913
f 198 1711 1093
f 213 1756 1183
f 189 1684 1039
f 221 1780 1231
f 217 1767 1207
f 202 1722 1117
f 170 1627 925
f 209 1744 1159
f 184 1668 1009
f 173 1636 943
f 194 1699 1069
f 204 1730 1129
f 210 1748 1165
f 183 1666 1003
f 175 1642 955
f 196 1705 1081
f 207 1736 1147
f 192 1691 1057
f 169 1623 919
f 199 1713 1099
f 216 1764 1201
f 222 1781 1237
f 211 1749 1171
f 187 1677 1027
f 176 1645 961
f 195 1703 1075
f 203 1725 1123
f 186 1674 1021
f 174 1638 949
f 193 1695 1063
f 205 1732 1135
f 212 1752 1177
f 191 1690 1051
f 220 1777 1225
f 214 1759 1189
f 200 1717 1105
f 171 1630 931
f 358 2191 1322
f 256 1885 1274
f 261 1901 1262
f 387 2279 1298
f 399 2315 1316
f 351 2171 1340
f 348 2160 1561
f 300 2016 1459
f 366 2214 1585
f 267 1919 1346
f 340 2137 1520
f 287 1978 1417
f 291 1991 1394
f 369 2225 1496
f 395 2302 1514
f 354 2178 1556
f 345 2153 1424
f 297 2009 1430
f 363 2207 1567
f 270 1926 1369
f 247 1857 908
f 229 1803 890
f 223 1786 884
f 235 1822 896
f 241 1840 902
f 253 1876 920
f 355 2182 1058
f 398 2312 1238
f 386 2276 1202
f 260 1898 1100
f 325 2091 998
f 307 2037 980
f 278 1952 974
f 313 2056 986
f 319 2074 992
f 337 2128 1022
f 283 1966 950
f 290 1988 1064
f 368 2222 1136
f 392 2293 1178
f 356 2185 1232
f 254 1879 1040
f 259 1893 926
f 385 2271 1118
f 397 2307 1208
f 349 2163 1052
f 344 2150 1226
f 296 2006 1190
f 362 2204 1106
f 265 1911 932
f 338 2131 1166
f 284 1969 1004
f 289 1983 956
f 367 2217 1082
f 391 2290 1148
f 350 2168 1172
f 343 2145 1028
f 295 2001 962
f 361 2199 1076
f 266 1916 1124
f 230 1808 1034
f 224 1789 914
f 236 1825 1094
f 242 1843 1184
f 248 1862 1214
f 272 1933 1154
f 331 2110 1016
f 301 2020 968
f 373 2236 1088
f 380 2257 1142
f 308 2042 1010
f 277 1947 944
f 314 2059 1070
f 320 2077 1130
f 326 2096 1160
f 332 2113 1046
f 302 2023 1220
f 374 2239 1196
f 379 2254 1112
f 271 1930 938
f 234 1818 1279
f 227 1798 1255
f 239 1834 1291
f 245 1852 1309
f 252 1872 1327
f 275 1942 1375
f 334 2120 1537
f 304 2030 1448
f 377 2248 1574
f 382 2263 1364
f 312 2052 1483
f 279 1955 1387
f 316 2065 1436
f 323 2086 1507
f 330 2106 1525
f 335 2122 1543
f 305 2032 1465
f 376 2245 1454
f 383 2266 1580
f 274 1940 1358
f 232 1813 1267
f 225 1792 1243
f 237 1828 1250
f 243 1846 1286
f 250 1867 1304
f 273 1936 1334
f 336 2123 1549
f 306 2033 1471
f 378 2249 1597
f 381 2260 1352
f 311 2049 1477
f 281 1959 1399
f 315 2062 1406
f 321 2080 1490
f 328 2101 1502
f 333 2116 1531
f 303 2026 1412
f 375 2242 1442
f 384 2267 1592
f 276 1943 1381
f 251 1869 1321
f 233 1815 1273
f 228 1799 1261
f 240 1835 1297
f 246 1853 1315
f 258 1889 1339
f 360 2195 1562
f 401 2319 1460
f 389 2283 1586
f 263 1905 1345
f 329 2103 1519
f 310 2046 1418
f 280 1957 1393
f 318 2069 1495
f 324 2087 1513
f 342 2141 1555
f 288 1979 1423
f 292 1993 1429
f 371 2229 1568
f 393 2296 1370
f 357 2188 1280
f 255 1882 1256
f 262 1902 1292
f 388 2280 1310
f 400 2316 1328
f 352 2172 1376
f 347 2157 1538
f 298 2011 1447
f 364 2209 1573
f 269 1923 1363
f 339 2134 1484
f 285 1972 1388
f 293 1995 1435
f 370 2226 1508
f 396 2303 1526
f 353 2175 1544
f 346 2154 1466
f 299 2013 1453
f 365 2211 1579
f 268 1921 1357
f 249 1865 1268
f 231 1811 1244
f 226 1796 1249
f 238 1832 1285
f 244 1850 1303
f 257 1888 1333
f 359 2194 1550
f 402 2322 1472
f 390 2286 1598
f 264 1908 1351
f 327 2099 1478
f 309 2045 1400
f 282 1962 1405
f 317 2068 1489
f 322 2084 1501
f 341 2140 1532
f 286 1976 1411
f 294 1998 1441
f 372 2232 1591
f 394 2299 1382
f 416 2330 911
f 408 2324 893
f 406 2325 888
f 412 2332 900
f 415 2335 906
f 424 2344 924
f 492 2410 1062
f 582 2497 1242
f 565 2486 1206
f 514 2434 1104
f 461 2375 1001
f 453 2369 983
f 451 2370 978
f 457 2377 990
f 460 2380 996
f 475 2393 1026
f 439 2359 954
f 496 2415 1068
f 533 2455 1140
f 551 2461 1181
f 579 2489 1235
f 483 2399 1043
f 426 2341 929
f 521 2431 1121
f 566 2476 1211
f 489 2405 1055
f 578 2500 1230
f 560 2481 1194
f 518 2439 1110
f 429 2348 935
f 547 2465 1169
f 465 2383 1007
f 441 2356 959
f 504 2420 1085
f 537 2452 1152
f 550 2471 1176
f 476 2386 1031
f 444 2363 965
f 502 2422 1079
f 526 2445 1128
f 481 2400 1038
f 420 2338 917
f 510 2428 1097
f 555 2473 1187
f 571 2490 1218
f 540 2458 1157
f 473 2394 1020
f 447 2366 972
f 507 2425 1092
f 534 2444 1145
f 469 2389 1014
f 435 2353 947
f 498 2414 1073
f 529 2449 1133
f 545 2466 1164
f 487 2407 1049
f 574 2494 1223
f 562 2480 1199
f 520 2438 1116
f 432 2351 942
f 589 2510 1283
f 583 2504 1259
f 586 2508 1295
f 593 2514 1313
f 596 2517 1331
f 599 2520 1379
f 633 2554 1541
f 620 2539 1452
f 640 2560 1578
f 603 2523 1368
f 622 2543 1487
f 607 2527 1391
f 612 2532 1440
f 626 2547 1511
f 629 2550 1529
f 631 2552 1547
f 614 2535 1469
f 618 2538 1458
f 641 2558 1584
f 605 2524 1362
f 164 1607 1609
f 163 1603 1605
f 165 1604 1611
f 166 1610 1614
f 167 1613 1617
f 172 1622 1631
f 190 1686 1688
f 219 1773 1775
f 215 1761 1763
f 201 1712 1719
f 179 1652 1654
f 178 1648 1650
f 180 1649 1656
f 181 1655 1659
f 182 1658 1662
f 185 1670 1672
f 177 1637 1646
f 197 1694 1706
f 206 1731 1735
f 208 1739 1741
f 218 1768 1770
f 188 1678 1680
f 168 1619 1621
f 198 1709 1711
f 213 1754 1756
f 189 1682 1684
f 221 1776 1780
f 217 1758 1767
f 202 1716 1722
f 170 1625 1627
f 209 1742 1744
f 184 1663 1668
f 173 1634 1636
f 194 1697 1699
f 204 1728 1730
f 210 1746 1748
f 183 1664 1666
f 175 1640 1642
f 196 1700 1705
f 207 1724 1736
f 192 1679 1691
f 169 1618 1623
f 199 1708 1713
f 216 1753 1764
f 222 1769 1781
f 211 1738 1749
f 187 1671 1677
f 176 1643 1645
f 195 1701 1703
f 203 1723 1725
f 186 1667 1674
f 174 1633 1638
f 193 1693 1695
f 205 1727 1732
f 212 1743 1752
f 191 1685 1690
f 220 1772 1777
f 214 1757 1759
f 200 1715 1717
f 171 1628 1630
f 358 2187 2191
f 256 1881 1885
f 261 1899 1901
f 387 2277 2279
f 399 2313 2315
f 351 2169 2171
f 348 2156 2160
f 300 2010 2016
f 366 2208 2214
f 267 1917 1919
f 340 2133 2137
f 287 1971 1978
f 291 1989 1991
f 369 2223 2225
f 395 2300 2302
f 354 2174 2178
f 345 2151 2153
f 297 2007 2009
f 363 2205 2207
f 270 1920 1926
f 247 1855 1857
f 229 1801 1803
f 223 1784 1786
f 235 1820 1822
f 241 1838 1840
f 253 1874 1876
f 355 2180 2182
f 398 2310 2312
f 386 2274 2276
f 260 1896 1898
f 325 2089 2091
f 307 2035 2037
f 278 1950 1952
f 313 2054 2056
f 319 2072 2074
f 337 2126 2128
f 283 1964 1966
f 290 1986 1988
f 368 2220 2222
f 392 2291 2293
f 356 2183 2185
f 254 1877 1879
f 259 1891 1893
f 385 2269 2271
f 397 2305 2307
f 349 2161 2163
f 344 2148 2150
f 296 2004 2006
f 362 2202 2204
f 265 1909 1911
f 338 2129 2131
f 284 1967 1969
f 289 1981 1983
f 367 2215 2217
f 391 2288 2290
f 350 2166 2168
f 343 2143 2145
f 295 1999 2001
f 361 2197 2199
f 266 1914 1916
f 230 1806 1808
f 224 1787 1789
f 236 1823 1825
f 242 1841 1843
f 248 1860 1862
f 272 1931 1933
f 331 2108 2110
f 301 2018 2020
f 373 2234 2236
f 380 2255 2257
f 308 2040 2042
f 277 1945 1947
f 314 2057 2059
f 320 2075 2077
f 326 2094 2096
f 332 2111 2113
f 302 2021 2023
f 374 2237 2239
f 379 2252 2254
f 271 1928 1930
f 234 1812 1818
f 227 1791 1798
f 239 1827 1834
f 245 1845 1852
f 252 1866 1872
f 275 1935 1942
f 334 2118 2120
f 304 2028 2030
f 377 2246 2248
f 382 2259 2263
f 312 2048 2052
f 279 1953 1955
f 316 2061 2065
f 323 2079 2086
f 330 2100 2106
f 335 2115 2122
f 305 2025 2032
f 376 2241 2245
f 383 2264 2266
f 274 1938 1940
f 232 1802 1813
f 225 1783 1792
f 237 1819 1828
f 243 1837 1846
f 250 1856 1867
f 273 1927 1936
f 336 2112 2123
f 306 2022 2033
f 378 2238 2249
f 381 2251 2260
f 311 2036 2049
f 281 1949 1959
f 315 2053 2062
f 321 2071 2080
f 328 2090 2101
f 333 2107 2116
f 303 2017 2026
f 375 2233 2242
f 384 2256 2267
f 276 1932 1943
f 251 1859 1869
f 233 1805 1815
f 228 1788 1799
f 240 1824 1835
f 246 1842 1853
f 258 1878 1889
f 360 2184 2195
f 401 2306 2319
f 389 2270 2283
f 263 1892 1905
f 329 2093 2103
f 310 2039 2046
f 280 1946 1957
f 318 2058 2069
f 324 2076 2087
f 342 2130 2141
f 288 1968 1979
f 292 1982 1993
f 371 2216 2229
f 393 2287 2296
f 357 2179 2188
f 255 1873 1882
f 262 1895 1902
f 388 2273 2280
f 400 2309 2316
f 352 2165 2172
f 347 2144 2157
f 298 2000 2011
f 364 2198 2209
f 269 1913 1923
f 339 2125 2134
f 285 1963 1972
f 293 1985 1995
f 370 2219 2226
f 396 2292 2303
f 353 2162 2175
f 346 2147 2154
f 299 2003 2013
f 365 2201 2211
f 268 1910 1921
f 249 1863 1865
f 231 1809 1811
f 226 1794 1796
f 238 1830 1832
f 244 1848 1850
f 257 1886 1888
f 359 2192 2194
f 402 2318 2322
f 390 2282 2286
f 264 1904 1908
f 327 2097 2099
f 309 2043 2045
f 282 1956 1962
f 317 2066 2068
f 322 2082 2084
f 341 2138 2140
f 286 1974 1976
f 294 1992 1998
f 372 2228 2232
f 394 2295 2299
f 416 2331 2330
f 408 2327 2324
f 406 2328 2325
f 412 2334 2332
f 415 2337 2335
f 424 2346 2344
f 492 2412 2410
f 582 2499 2497
f 565 2487 2486
f 514 2436 2434
f 461 2376 2375
f 453 2372 2369
f 451 2373 2370
f 457 2379 2377
f 460 2382 2380
f 475 2396 2393
f 439 2361 2359
f 496 2418 2415
f 533 2457 2455
f 551 2463 2461
f 579 2492 2489
f 483 2402 2399
f 426 2343 2341
f 521 2433 2431
f 566 2478 2476
f 489 2406 2405
f 578 2502 2500
f 560 2484 2481
f 518 2442 2439
f 429 2349 2348
f 547 2468 2465
f 465 2387 2383
f 441 2358 2356
f 504 2421 2420
f 537 2454 2452
f 550 2472 2471
f 476 2388 2386
f 444 2364 2363
f 502 2426 2422
f 526 2448 2445
f 481 2403 2400
f 420 2342 2338
f 510 2432 2428
f 555 2477 2473
f 571 2493 2490
f 540 2462 2458
f 473 2397 2394
f 447 2367 2366
f 507 2427 2425
f 534 2447 2444
f 469 2391 2389
f 435 2357 2353
f 498 2417 2414
f 529 2453 2449
f 545 2469 2466
f 487 2411 2407
f 574 2498 2494
f 562 2483 2480
f 520 2441 2438
f 432 2352 2351
f 589 2509 2510
f 583 2503 2504
f 586 2506 2508
f 593 2512 2514
f 596 2515 2517
f 599 2518 2520
f 633 2555 2554
f 620 2541 2539
f 640 2562 2560
f 603 2522 2523
f 622 2542 2543
f 607 2528 2527
f 612 2531 2532
f 626 2545 2547
f 629 2548 2550
f 631 2551 2552
f 614 2533 2535
f 618 2537 2538
f 641 2559 2558
f 605 2526 2524
f 164 644 1607
f 163 643 1603
f 165 645 1604
f 166 646 1610
f 167 647 1613
f 172 652 1622
f 190 670 1686
f 219 699 1773
f 215 695 1761
f 201 681 1712
f 179 659 1652
f 178 658 1648
f 180 660 1649
f 181 661 1655
f 182 662 1658
f 185 665 1670
f 177 657 1637
f 197 677 1694
f 206 686 1731
f 208 688 1739
f 218 698 1768
f 188 668 1678
f 168 648 1619
f 198 678 1709
f 213 693 1754
f 189 669 1682
f 221 701 1776
f 217 697 1758
f 202 682 1716
f 170 650 1625
f 209 689 1742
f 184 664 1663
f 173 653 1634
f 194 674 1697
f 204 684 1728
f 210 690 1746
f 183 663 1664
f 175 655 1640
f 196 676 1700
f 207 687 1724
f 192 672 1679
f 169 649 1618
f 199 679 1708
f 216 696 1753
f 222 702 1769
f 211 691 1738
f 187 667 1671
f 176 656 1643
f 195 675 1701
f 203 683 1723
f 186 666 1667
f 174 654 1633
f 193 673 1693
f 205 685 1727
f 212 692 1743
f 191 671 1685
f 220 700 1772
f 214 694 1757
f 200 680 1715
f 171 651 1628
f 358 838 2187
f 256 736 1881
f 261 741 1899
f 387 867 2277
f 399 879 2313
f 351 831 2169
f 348 828 2156
f 300 780 2010
f 366 846 2208
f 267 747 1917
f 340 820 2133
f 287 767 1971
f 291 771 1989
f 369 849 2223
f 395 875 2300
f 354 834 2174
f 345 825 2151
f 297 777 2007
f 363 843 2205
f 270 750 1920
f 247 727 1855
f 229 709 1801
f 223 703 1784
f 235 715 1820
f 241 721 1838
f 253 733 1874
f 355 835 2180
f 398 878 2310
f 386 866 2274
f 260 740 1896
f 325 805 2089
f 307 787 2035
f 278 758 1950
f 313 793 2054
f 319 799 2072
f 337 817 2126
f 283 763 1964
f 290 770 1986
f 368 848 2220
f 392 872 2291
f 356 836 2183
f 254 734 1877
f 259 739 1891
f 385 865 2269
f 397 877 2305
f 349 829 2161
f 344 824 2148
f 296 776 2004
f 362 842 2202
f 265 745 1909
f 338 818 2129
f 284 764 1967
f 289 769 1981
f 367 847 2215
f 391 871 2288
f 350 830 2166
f 343 823 2143
f 295 775 1999
f 361 841 2197
f 266 746 1914
f 230 710 1806
f 224 704 1787
f 236 716 1823
f 242 722 1841
f 248 728 1860
f 272 752 1931
f 331 811 2108
f 301 781 2018
f 373 853 2234
f 380 860 2255
f 308 788 2040
f 277 757 1945
f 314 794 2057
f 320 800 2075
f 326 806 2094
f 332 812 2111
f 302 782 2021
f 374 854 2237
f 379 859 2252
f 271 751 1928
f 234 714 1812
f 227 707 1791
f 239 719 1827
f 245 725 1845
f 252 732 1866
f 275 755 1935
f 334 814 2118
f 304 784 2028
f 377 857 2246
f 382 862 2259
f 312 792 2048
f 279 759 1953
f 316 796 2061
f 323 803 2079
f 330 810 2100
f 335 815 2115
f 305 785 2025
f 376 856 2241
f 383 863 2264
f 274 754 1938
f 232 712 1802
f 225 705 1783
f 237 717 1819
f 243 723 1837
f 250 730 1856
f 273 753 1927
f 336 816 2112
f 306 786 2022
f 378 858 2238
f 381 861 2251
f 311 791 2036
f 281 761 1949
f 315 795 2053
f 321 801 2071
f 328 808 2090
f 333 813 2107
f 303 783 2017
f 375 855 2233
f 384 864 2256
f 276 756 1932
f 251 731 1859
f 233 713 1805
f 228 708 1788
f 240 720 1824
f 246 726 1842
f 258 738 1878
f 360 840 2184
f 401 881 2306
f 389 869 2270
f 263 743 1892
f 329 809 2093
f 310 790 2039
f 280 760 1946
f 318 798 2058
f 324 804 2076
f 342 822 2130
f 288 768 1968
f 292 772 1982
f 371 851 2216
f 393 873 2287
f 357 837 2179
f 255 735 1873
f 262 742 1895
f 388 868 2273
f 400 880 2309
f 352 832 2165
f 347 827 2144
f 298 778 2000
f 364 844 2198
f 269 749 1913
f 339 819 2125
f 285 765 1963
f 293 773 1985
f 370 850 2219
f 396 876 2292
f 353 833 2162
f 346 826 2147
f 299 779 2003
f 365 845 2201
f 268 748 1910
f 249 729 1863
f 231 711 1809
f 226 706 1794
f 238 718 1830
f 244 724 1848
f 257 737 1886
f 359 839 2192
f 402 882 2318
f 390 870 2282
f 264 744 1904
f 327 807 2097
f 309 789 2043
f 282 762 1956
f 317 797 2066
f 322 802 2082
f 341 821 2138
f 286 766 1974
f 294 774 1992
f 372 852 2228
f 394 874 2295
f 416 1270 2331
f 408 1246 2327
f 406 1251 2328
f 412 1287 2334
f 415 1305 2337
f 424 1335 2346
f 492 1552 2412
f 582 1474 2499
f 565 1600 2487
f 514 1353 2436
f 461 1480 2376
f 453 1402 2372
f 451 1407 2373
f 457 1491 2379
f 460 1503 2382
f 475 1534 2396
f 439 1413 2361
f 496 1443 2418
f 533 1593 2457
f 551 1384 2463
f 579 1324 2492
f 483 1276 2402
f 426 1264 2343
f 521 1300 2433
f 566 1318 2478
f 489 1342 2406
f 578 1563 2502
f 560 1461 2484
f 518 1587 2442
f 429 1348 2349
f 547 1522 2468
f 465 1419 2387
f 441 1396 2358
f 504 1498 2421
f 537 1516 2454
f 550 1558 2472
f 476 1426 2388
f 444 1432 2364
f 502 1569 2426
f 526 1371 2448
f 481 1281 2403
f 420 1257 2342
f 510 1293 2432
f 555 1311 2477
f 571 1329 2493
f 540 1377 2462
f 473 1539 2397
f 447 1450 2367
f 507 1576 2427
f 534 1366 2447
f 469 1485 2391
f 435 1389 2357
f 498 1438 2417
f 529 1509 2453
f 545 1527 2469
f 487 1545 2411
f 574 1467 2498
f 562 1456 2483
f 520 1582 2441
f 432 1360 2352
f 589 1271 2509
f 583 1247 2503
f 586 1254 2506
f 593 1290 2512
f 596 1308 2515
f 599 1338 2518
f 633 1553 2555
f 620 1475 2541
f 640 1601 2562
f 603 1356 2522
f 622 1481 2542
f 607 1403 2528
f 612 1410 2531
f 626 1494 2545
f 629 1506 2548
f 631 1535 2551
f 614 1416 2533
f 618 1446 2537
f 641 1596 2559
f 605 1385 2526
f 167 907 1616
f 164 889 1608
f 163 883 1606
f 165 895 1612
f 166 901 1615
f 169 919 1624
f 192 1057 1692
f 222 1237 1782
f 216 1201 1765
f 199 1099 1714
f 182 997 1661
f 179 979 1653
f 178 973 1651
f 180 985 1657
f 181 991 1660
f 186 1021 1675
f 174 949 1639
f 193 1063 1696
f 205 1135 1733
f 212 1177 1751
f 221 1231 1779
f 189 1039 1683
f 170 925 1626
f 202 1117 1721
f 217 1207 1766
f 191 1051 1689
f 220 1225 1778
f 214 1189 1760
f 200 1105 1718
f 171 931 1629
f 210 1165 1747
f 183 1003 1665
f 175 955 1641
f 196 1081 1704
f 207 1147 1737
f 211 1171 1750
f 187 1027 1676
f 176 961 1644
f 195 1075 1702
f 203 1123 1726
f 188 1033 1681
f 168 913 1620
f 198 1093 1710
f 213 1183 1755
f 218 1213 1771
f 208 1153 1740
f 185 1015 1673
f 177 967 1647
f 197 1087 1707
f 206 1141 1734
f 184 1009 1669
f 173 943 1635
f 194 1069 1698
f 204 1129 1729
f 209 1159 1745
f 190 1045 1687
f 219 1219 1774
f 215 1195 1762
f 201 1111 1720
f 172 937 1632
f 357 1280 2189
f 255 1256 1883
f 262 1292 1903
f 388 1310 2281
f 400 1328 2317
f 352 1376 2173
f 347 1538 2158
f 298 1447 2012
f 364 1573 2210
f 269 1363 1924
f 339 1484 2135
f 285 1388 1973
f 293 1435 1996
f 370 1508 2227
f 396 1526 2304
f 353 1544 2176
f 346 1466 2155
f 299 1453 2014
f 365 1579 2212
f 268 1357 1922
f 249 1268 1864
f 231 1244 1810
f 226 1249 1795
f 238 1285 1831
f 244 1303 1849
f 257 1333 1887
f 359 1550 2193
f 402 1472 2321
f 390 1598 2285
f 264 1351 1907
f 327 1478 2098
f 309 1400 2044
f 282 1405 1961
f 317 1489 2067
f 322 1501 2083
f 341 1532 2139
f 286 1411 1975
f 294 1441 1997
f 372 1591 2231
f 394 1382 2298
f 358 1322 2190
f 256 1274 1884
f 261 1262 1900
f 387 1298 2278
f 399 1316 2314
f 351 1340 2170
f 348 1561 2159
f 300 1459 2015
f 366 1585 2213
f 267 1346 1918
f 340 1520 2136
f 287 1417 1977
f 291 1394 1990
f 369 1496 2224
f 395 1514 2301
f 354 1556 2177
f 345 1424 2152
f 297 1430 2008
f 363 1567 2206
f 270 1369 1925
f 234 1279 1817
f 227 1255 1797
f 239 1291 1833
f 245 1309 1851
f 252 1327 1871
f 275 1375 1941
f 334 1537 2119
f 304 1448 2029
f 377 1574 2247
f 382 1364 2262
f 312 1483 2051
f 279 1387 1954
f 316 1436 2064
f 323 1507 2085
f 330 1525 2105
f 335 1543 2121
f 305 1465 2031
f 376 1454 2244
f 383 1580 2265
f 274 1358 1939
f 232 1267 1814
f 225 1243 1793
f 237 1250 1829
f 243 1286 1847
f 250 1304 1868
f 273 1334 1937
f 336 1549 2124
f 306 1471 2034
f 378 1597 2250
f 381 1352 2261
f 311 1477 2050
f 281 1399 1960
f 315 1406 2063
f 321 1490 2081
f 328 1502 2102
f 333 1531 2117
f 303 1412 2027
f 375 1442 2243
f 384 1592 2268
f 276 1381 1944
f 229 890 1804
f 223 884 1785
f 235 896 1821
f 241 902 1839
f 247 908 1858
f 271 938 1929
f 332 1046 2114
f 302 1220 2024
f 374 1196 2240
f 379 1112 2253
f 307 980 2038
f 278 974 1951
f 313 986 2055
f 319 992 2073
f 325 998 2092
f 331 1016 2109
f 301 968 2019
f 373 1088 2235
f 380 1142 2258
f 272 1154 1934
f 248 1214 1861
f 230 1034 1807
f 224 914 1790
f 236 1094 1826
f 242 1184 1844
f 254 1040 1880
f 356 1232 2186
f 397 1208 2308
f 385 1118 2272
f 259 926 1894
f 326 1160 2095
f 308 1010 2041
f 277 944 1948
f 314 1070 2060
f 320 1130 2078
f 338 1166 2132
f 284 1004 1970
f 289 956 1984
f 367 1082 2218
f 391 1148 2289
f 355 1058 2181
f 253 920 1875
f 260 1100 1897
f 386 1202 2275
f 398 1238 2311
f 350 1172 2167
f 343 1028 2146
f 295 962 2002
f 361 1076 2200
f 266 1124 1915
f 337 1022 2127
f 283 950 1965
f 290 1064 1987
f 368 1136 2221
f 392 1178 2294
f 349 1052 2164
f 344 1226 2149
f 296 1190 2005
f 362 1106 2203
f 265 932 1912
f 251 1321 1870
f 233 1273 1816
f 228 1261 1800
f 240 1297 1836
f 246 1315 1854
f 258 1339 1890
f 360 1562 2196
f 401 1460 2320
f 389 1586 2284
f 263 1345 1906
f 329 1519 2104
f 310 1418 2047
f 280 1393 1958
f 318 1495 2070
f 324 1513 2088
f 342 1555 2142
f 288 1423 1980
f 292 1429 1994
f 371 1568 2230
f 393 1370 2297
f 409 894 2329
f 405 887 2323
f 411 899 2326
f 414 905 2333
f 417 912 2336
f 431 941 2345
f 488 1050 2409
f 575 1224 2496
f 563 1200 2485
f 519 1115 2435
f 454 984 2374
f 450 977 2368
f 456 989 2371
f 459 995 2378
f 462 1002 2381
f 472 1019 2392
f 446 971 2360
f 506 1091 2416
f 535 1146 2456
f 541 1158 2460
f 570 1217 2488
f 480 1037 2398
f 421 918 2340
f 511 1098 2430
f 556 1188 2475
f 484 1044 2404
f 580 1236 2501
f 567 1212 2482
f 522 1122 2440
f 427 930 2347
f 544 1163 2464
f 468 1013 2384
f 436 948 2355
f 499 1074 2419
f 530 1134 2451
f 548 1170 2470
f 466 1008 2385
f 442 960 2362
f 505 1086 2423
f 536 1151 2446
f 491 1061 2401
f 423 923 2339
f 513 1103 2429
f 564 1205 2474
f 581 1241 2491
f 549 1175 2459
f 477 1032 2395
f 445 966 2365
f 503 1080 2424
f 525 1127 2443
f 474 1025 2390
f 438 953 2354
f 495 1067 2413
f 532 1139 2450
f 552 1182 2467
f 490 1056 2408
f 577 1229 2495
f 559 1193 2479
f 517 1109 2437
f 430 936 2350
f 590 1325 2511
f 584 1277 2505
f 585 1265 2507
f 592 1301 2513
f 595 1319 2516
f 598 1343 2519
f 636 1566 2556
f 621 1464 2540
f 642 1590 2561
f 601 1349 2521
f 623 1523 2544
f 611 1422 2529
f 609 1397 2530
f 625 1499 2546
f 628 1517 2549
f 632 1559 2553
f 613 1427 2534
f 616 1433 2536
f 638 1572 2557
f 606 1374 2525
f 407 892 1609
f 403 885 1605
f 404 897 1611
f 410 903 1614
f 413 910 1617
f 422 939 1631
f 486 1048 1688
f 573 1222 1775
f 561 1198 1763
f 512 1113 1719
f 452 982 1654
f 448 975 1650
f 449 987 1656
f 455 993 1659
f 458 1000 1662
f 470 1017 1672
f 437 969 1646
f 494 1089 1706
f 531 1144 1735
f 539 1156 1741
f 568 1215 1770
f 478 1035 1680
f 419 916 1621
f 509 1096 1711
f 554 1186 1756
f 482 1042 1684
f 576 1234 1780
f 558 1210 1767
f 516 1120 1722
f 425 928 1627
f 542 1161 1744
f 463 1011 1668
f 434 946 1636
f 497 1072 1699
f 528 1132 1730
f 546 1168 1748
f 464 1006 1666
f 440 958 1642
f 500 1084 1705
f 524 1149 1736
f 479 1059 1691
f 418 921 1623
f 508 1101 1713
f 553 1203 1764
f 569 1239 1781
f 538 1173 1749
f 471 1030 1677
f 443 964 1645
f 501 1078 1703
f 523 1125 1725
f 467 1023 1674
f 433 951 1638
f 493 1065 1695
f 527 1137 1732
f 543 1180 1752
f 485 1054 1690
f 572 1227 1777
f 557 1191 1759
f 515 1107 1717
f 428 934 1630
f 591 1326 2191
f 587 1278 1885
f 588 1266 1901
f 594 1302 2279
f 597 1320 2315
f 600 1344 2171
f 634 1565 2160
f 619 1463 2016
f 639 1589 2214
f 602 1350 1919
f 624 1524 2137
f 608 1421 1978
f 610 1398 1991
f 627 1500 2225
f 630 1518 2302
f 635 1560 2178
f 615 1428 2153
f 617 1434 2009
f 637 1571 2207
f 604 1373 1926
f 416 911 1857
f 408 893 1803
f 406 888 1786
f 412 900 1822
f 415 906 1840
f 424 924 1876
f 492 1062 2182
f 582 1242 2312
f 565 1206 2276
f 514 1104 1898
f 461 1001 2091
f 453 983 2037
f 451 978 1952
f 457 990 2056
f 460 996 2074
f 475 1026 2128
f 439 954 1966
f 496 1068 1988
f 533 1140 2222
f 551 1181 2293
f 579 1235 2185
f 483 1043 1879
f 426 929 1893
f 521 1121 2271
f 566 1211 2307
f 489 1055 2163
f 578 1230 2150
f 560 1194 2006
f 518 1110 2204
f 429 935 1911
f 547 1169 2131
f 465 1007 1969
f 441 959 1983
f 504 1085 2217
f 537 1152 2290
f 550 1176 2168
f 476 1031 2145
f 444 965 2001
f 502 1079 2199
f 526 1128 1916
f 481 1038 1808
f 420 917 1789
f 510 1097 1825
f 555 1187 1843
f 571 1218 1862
f 540 1157 1933
f 473 1020 2110
f 447 972 2020
f 507 1092 2236
f 534 1145 2257
f 469 1014 2042
f 435 947 1947
f 498 1073 2059
f 529 1133 2077
f 545 1164 2096
f 487 1049 2113
f 574 1223 2023
f 562 1199 2239
f 520 1116 2254
f 432 942 1930
f 589 1283 1818
f 583 1259 1798
f 586 1295 1834
f 593 1313 1852
f 596 1331 1872
f 599 1379 1942
f 633 1541 2120
f 620 1452 2030
f 640 1578 2248
f 603 1368 2263
f 622 1487 2052
f 607 1391 1955
f 612 1440 2065
f 626 1511 2086
f 629 1529 2106
f 631 1547 2122
f 614 1469 2032
f 618 1458 2245
f 641 1584 2266
f 605 1362 1940
f 409 1269 1813
f 405 1245 1792
f 411 1252 1828
f 414 1288 1846
f 417 1306 1867
f 431 1336 1936
f 488 1551 2123
f 575 1473 2033
f 563 1599 2249
f 519 1354 2260
f 454 1479 2049
f 450 1401 1959
f 456 1408 2062
f 459 1492 2080
f 462 1504 2101
f 472 1533 2116
f 446 1414 2026
f 506 1444 2242
f 535 1594 2267
f 541 1383 1943
f 570 1323 1869
f 480 1275 1815
f 421 1263 1799
f 511 1299 1835
f 556 1317 1853
f 484 1341 1889
f 580 1564 2195
f 567 1462 2319
f 522 1588 2283
f 427 1347 1905
f 544 1521 2103
f 468 1420 2046
f 436 1395 1957
f 499 1497 2069
f 530 1515 2087
f 548 1557 2141
f 466 1425 1979
f 442 1431 1993
f 505 1570 2229
f 536 1372 2296
f 491 1282 2188
f 423 1258 1882
f 513 1294 1902
f 564 1312 2280
f 581 1330 2316
f 549 1378 2172
f 477 1540 2157
f 445 1449 2011
f 503 1575 2209
f 525 1365 1923
f 474 1486 2134
f 438 1390 1972
f 495 1437 1995
f 532 1510 2226
f 552 1528 2303
f 490 1546 2175
f 577 1468 2154
f 559 1455 2013
f 517 1581 2211
f 430 1359 1921
f 590 1272 1865
f 584 1248 1811
f 585 1253 1796
f 592 1289 1832
f 595 1307 1850
f 598 1337 1888
f 636 1554 2194
f 621 1476 2322
f 642 1602 2286
f 601 1355 1908
f 623 1482 2099
f 611 1404 2045
f 609 1409 1962
f 625 1493 2068
f 628 1505 2084
f 632 1536 2140
f 613 1415 1976
f 616 1445 1998
f 638 1595 2232
f 606 1386 2299
f 407 909 2330
f 403 891 2324
f 404 886 2325
f 410 898 2332
f 413 904 2335
f 422 922 2344
f 486 1060 2410
f 573 1240 2497
f 561 1204 2486
f 512 1102 2434
f 452 999 2375
f 448 981 2369
f 449 976 2370
f 455 988 2377
f 458 994 2380
f 470 1024 2393
f 437 952 2359
f 494 1066 2415
f 531 1138 2455
f 539 1179 2461
f 568 1233 2489
f 478 1041 2399
f 419 927 2341
f 509 1119 2431
f 554 1209 2476
f 482 1053 2405
f 576 1228 2500
f 558 1192 2481
f 516 1108 2439
f 425 933 2348
f 542 1167 2465
f 463 1005 2383
f 434 957 2356
f 497 1083 2420
f 528 1150 2452
f 546 1174 2471
f 464 1029 2386
f 440 963 2363
f 500 1077 2422
f 524 1126 2445
f 479 1036 2400
f 418 915 2338
f 508 1095 2428
f 553 1185 2473
f 569 1216 2490
f 538 1155 2458
f 471 1018 2394
f 443 970 2366
f 501 1090 2425
f 523 1143 2444
f 467 1012 2389
f 433 945 2353
f 493 1071 2414
f 527 1131 2449
f 543 1162 2466
f 485 1047 2407
f 572 1221 2494
f 557 1197 2480
f 515 1114 2438
f 428 940 2351
f 591 1284 2510
f 587 1260 2504
f 588 1296 2508
f 594 1314 2514
f 597 1332 2517
f 600 1380 2520
f 634 1542 2554
f 619 1451 2539
f 639 1577 2560
f 602 1367 2523
f 624 1488 2543
f 608 1392 2527
f 610 1439 2532
f 627 1512 2547
f 630 1530 2550
f 635 1548 2552
f 615 1470 2535
f 617 1457 2538
f 637 1583 2558
f 604 1361 2524
f 167 1616 1607
f 164 1608 1603
f 163 1606 1604
f 165 1612 1610
f 166 1615 1613
f 169 1624 1622
f 192 1692 1686
f 222 1782 1773
f 216 1765 1761
f 199 1714 1712
f 182 1661 1652
f 179 1653 1648
f 178 1651 1649
f 180 1657 1655
f 181 1660 1658
f 186 1675 1670
f 174 1639 1637
f 193 1696 1694
f 205 1733 1731
f 212 1751 1739
f 221 1779 1768
f 189 1683 1678
f 170 1626 1619
f 202 1721 1709
f 217 1766 1754
f 191 1689 1682
f 220 1778 1776
f 214 1760 1758
f 200 1718 1716
f 171 1629 1625
f 210 1747 1742
f 183 1665 1663
f 175 1641 1634
f 196 1704 1697
f 207 1737 1728
f 211 1750 1746
f 187 1676 1664
f 176 1644 1640
f 195 1702 1700
f 203 1726 1724
f 188 1681 1679
f 168 1620 1618
f 198 1710 1708
f 213 1755 1753
f 218 1771 1769
f 208 1740 1738
f 185 1673 1671
f 177 1647 1643
f 197 1707 1701
f 206 1734 1723
f 184 1669 1667
f 173 1635 1633
f 194 1698 1693
f 204 1729 1727
f 209 1745 1743
f 190 1687 1685
f 219 1774 1772
f 215 1762 1757
f 201 1720 1715
f 172 1632 1628
f 357 2189 2187
f 255 1883 1881
f 262 1903 1899
f 388 2281 2277
f 400 2317 2313
f 352 2173 2169
f 347 2158 2156
f 298 2012 2010
f 364 2210 2208
f 269 1924 1917
f 339 2135 2133
f 285 1973 1971
f 293 1996 1989
f 370 2227 2223
f 396 2304 2300
f 353 2176 2174
f 346 2155 2151
f 299 2014 2007
f 365 2212 2205
f 268 1922 1920
f 249 1864 1855
f 231 1810 1801
f 226 1795 1784
f 238 1831 1820
f 244 1849 1838
f 257 1887 1874
f 359 2193 2180
f 402 2321 2310
f 390 2285 2274
f 264 1907 1896
f 327 2098 2089
f 309 2044 2035
f 282 1961 1950
f 317 2067 2054
f 322 2083 2072
f 341 2139 2126
f 286 1975 1964
f 294 1997 1986
f 372 2231 2220
f 394 2298 2291
f 358 2190 2183
f 256 1884 1877
f 261 1900 1891
f 387 2278 2269
f 399 2314 2305
f 351 2170 2161
f 348 2159 2148
f 300 2015 2004
f 366 2213 2202
f 267 1918 1909
f 340 2136 2129
f 287 1977 1967
f 291 1990 1981
f 369 2224 2215
f 395 2301 2288
f 354 2177 2166
f 345 2152 2143
f 297 2008 1999
f 363 2206 2197
f 270 1925 1914
f 234 1817 1806
f 227 1797 1787
f 239 1833 1823
f 245 1851 1841
f 252 1871 1860
f 275 1941 1931
f 334 2119 2108
f 304 2029 2018
f 377 2247 2234
f 382 2262 2255
f 312 2051 2040
f 279 1954 1945
f 316 2064 2057
f 323 2085 2075
f 330 2105 2094
f 335 2121 2111
f 305 2031 2021
f 376 2244 2237
f 383 2265 2252
f 274 1939 1928
f 232 1814 1812
f 225 1793 1791
f 237 1829 1827
f 243 1847 1845
f 250 1868 1866
f 273 1937 1935
f 336 2124 2118
f 306 2034 2028
f 378 2250 2246
f 381 2261 2259
f 311 2050 2048
f 281 1960 1953
f 315 2063 2061
f 321 2081 2079
f 328 2102 2100
f 333 2117 2115
f 303 2027 2025
f 375 2243 2241
f 384 2268 2264
f 276 1944 1938
f 229 1804 1802
f 223 1785 1783
f 235 1821 1819
f 241 1839 1837
f 247 1858 1856
f 271 1929 1927
f 332 2114 2112
f 302 2024 2022
f 374 2240 2238
f 379 2253 2251
f 307 2038 2036
f 278 1951 1949
f 313 2055 2053
f 319 2073 2071
f 325 2092 2090
f 331 2109 2107
f 301 2019 2017
f 373 2235 2233
f 380 2258 2256
f 272 1934 1932
f 248 1861 1859
f 230 1807 1805
f 224 1790 1788
f 236 1826 1824
f 242 1844 1842
f 254 1880 1878
f 356 2186 2184
f 397 2308 2306
f 385 2272 2270
f 259 1894 1892
f 326 2095 2093
f 308 2041 2039
f 277 1948 1946
f 314 2060 2058
f 320 2078 2076
f 338 2132 2130
f 284 1970 1968
f 289 1984 1982
f 367 2218 2216
f 391 2289 2287
f 355 2181 2179
f 253 1875 1873
f 260 1897 1895
f 386 2275 2273
f 398 2311 2309
f 350 2167 2165
f 343 2146 2144
f 295 2002 2000
f 361 2200 2198
f 266 1915 1913
f 337 2127 2125
f 283 1965 1963
f 290 1987 1985
f 368 2221 2219
f 392 2294 2292
f 349 2164 2162
f 344 2149 2147
f 296 2005 2003
f 362 2203 2201
f 265 1912 1910
f 251 1870 1863
f 233 1816 1809
f 228 1800 1794
f 240 1836 1830
f 246 1854 1848
f 258 1890 1886
f 360 2196 2192
f 401 2320 2318
f 389 2284 2282
f 263 1906 1904
f 329 2104 2097
f 310 2047 2043
f 280 1958 1956
f 318 2070 2066
f 324 2088 2082
f 342 2142 2138
f 288 1980 1974
f 292 1994 1992
f 371 2230 2228
f 393 2297 2295
f 409 2329 2331
f 405 2323 2327
f 411 2326 2328
f 414 2333 2334
f 417 2336 2337
f 431 2345 2346
f 488 2409 2412
f 575 2496 2499
f 563 2485 2487
f 519 2435 2436
f 454 2374 2376
f 450 2368 2372
f 456 2371 2373
f 459 2378 2379
f 462 2381 2382
f 472 2392 2396
f 446 2360 2361
f 506 2416 2418
f 535 2456 2457
f 541 2460 2463
f 570 2488 2492
f 480 2398 2402
f 421 2340 2343
f 511 2430 2433
f 556 2475 2478
f 484 2404 2406
f 580 2501 2502
f 567 2482 2484
f 522 2440 2442
f 427 2347 2349
f 544 2464 2468
f 468 2384 2387
f 436 2355 2358
f 499 2419 2421
f 530 2451 2454
f 548 2470 2472
f 466 2385 2388
f 442 2362 2364
f 505 2423 2426
f 536 2446 2448
f 491 2401 2403
f 423 2339 2342
f 513 2429 2432
f 564 2474 2477
f 581 2491 2493
f 549 2459 2462
f 477 2395 2397
f 445 2365 2367
f 503 2424 2427
f 525 2443 2447
f 474 2390 2391
f 438 2354 2357
f 495 2413 2417
f 532 2450 2453
f 552 2467 2469
f 490 2408 2411
f 577 2495 2498
f 559 2479 2483
f 517 2437 2441
f 430 2350 2352
f 590 2511 2509
f 584 2505 2503
f 585 2507 2506
f 592 2513 2512
f 595 2516 2515
f 598 2519 2518
f 636 2556 2555
f 621 2540 2541
f 642 2561 2562
f 601 2521 2522
f 623 2544 2542
f 611 2529 2528
f 609 2530 2531
f 625 2546 2545
f 628 2549 2548
f 632 2553 2551
f 613 2534 2533
f 616 2536 2537
f 638 2557 2559
f 606 2525 2526
f 1607 644 647
f 1603 643 644
f 1604 645 643
f 1610 646 645
f 1613 647 646
f 1622 652 649
f 1686 670 672
f 1773 699 702
f 1761 695 696
f 1712 681 679
f 1652 659 662
f 1648 658 659
f 1649 660 658
f 1655 661 660
f 1658 662 661
f 1670 665 666
f 1637 657 654
f 1694 677 673
f 1731 686 685
f 1739 688 692
f 1768 698 701
f 1678 668 669
f 1619 648 650
f 1709 678 682
f 1754 693 697
f 1682 669 671
f 1776 701 700
f 1758 697 694
f 1716 682 680
f 1625 650 651
f 1742 689 690
f 1663 664 663
f 1634 653 655
f 1697 674 676
f 1728 684 687
f 1746 690 691
f 1664 663 667
f 1640 655 656
f 1700 676 675
f 1724 687 683
f 1679 672 668
f 1618 649 648
f 1708 679 678
f 1753 696 693
f 1769 702 698
f 1738 691 688
f 1671 667 665
f 1643 656 657
f 1701 675 677
f 1723 683 686
f 1667 666 664
f 1633 654 653
f 1693 673 674
f 1727 685 684
f 1743 692 689
f 1685 671 670
f 1772 700 699
f 1757 694 695
f 1715 680 681
f 1628 651 652
f 2187 838 837
f 1881 736 735
f 1899 741 742
f 2277 867 868
f 2313 879 880
f 2169 831 832
f 2156 828 827
f 2010 780 778
f 2208 846 844
f 1917 747 749
f 2133 820 819
f 1971 767 765
f 1989 771 773
f 2223 849 850
f 2300 875 876
f 2174 834 833
f 2151 825 826
f 2007 777 779
f 2205 843 845
f 1920 750 748
f 1855 727 729
f 1801 709 711
f 1784 703 706
f 1820 715 718
f 1838 721 724
f 1874 733 737
f 2180 835 839
f 2310 878 882
f 2274 866 870
f 1896 740 744
f 2089 805 807
f 2035 787 789
f 1950 758 762
f 2054 793 797
f 2072 799 802
f 2126 817 821
f 1964 763 766
f 1986 770 774
f 2220 848 852
f 2291 872 874
f 2183 836 838
f 1877 734 736
f 1891 739 741
f 2269 865 867
f 2305 877 879
f 2161 829 831
f 2148 824 828
f 2004 776 780
f 2202 842 846
f 1909 745 747
f 2129 818 820
f 1967 764 767
f 1981 769 771
f 2215 847 849
f 2288 871 875
f 2166 830 834
f 2143 823 825
f 1999 775 777
f 2197 841 843
f 1914 746 750
f 1806 710 714
f 1787 704 707
f 1823 716 719
f 1841 722 725
f 1860 728 732
f 1931 752 755
f 2108 811 814
f 2018 781 784
f 2234 853 857
f 2255 860 862
f 2040 788 792
f 1945 757 759
f 2057 794 796
f 2075 800 803
f 2094 806 810
f 2111 812 815
f 2021 782 785
f 2237 854 856
f 2252 859 863
f 1928 751 754
f 1812 714 712
f 1791 707 705
f 1827 719 717
f 1845 725 723
f 1866 732 730
f 1935 755 753
f 2118 814 816
f 2028 784 786
f 2246 857 858
f 2259 862 861
f 2048 792 791
f 1953 759 761
f 2061 796 795
f 2079 803 801
f 2100 810 808
f 2115 815 813
f 2025 785 783
f 2241 856 855
f 2264 863 864
f 1938 754 756
f 1802 712 709
f 1783 705 703
f 1819 717 715
f 1837 723 721
f 1856 730 727
f 1927 753 751
f 2112 816 812
f 2022 786 782
f 2238 858 854
f 2251 861 859
f 2036 791 787
f 1949 761 758
f 2053 795 793
f 2071 801 799
f 2090 808 805
f 2107 813 811
f 2017 783 781
f 2233 855 853
f 2256 864 860
f 1932 756 752
f 1859 731 728
f 1805 713 710
f 1788 708 704
f 1824 720 716
f 1842 726 722
f 1878 738 734
f 2184 840 836
f 2306 881 877
f 2270 869 865
f 1892 743 739
f 2093 809 806
f 2039 790 788
f 1946 760 757
f 2058 798 794
f 2076 804 800
f 2130 822 818
f 1968 768 764
f 1982 772 769
f 2216 851 847
f 2287 873 871
f 2179 837 835
f 1873 735 733
f 1895 742 740
f 2273 868 866
f 2309 880 878
f 2165 832 830
f 2144 827 823
f 2000 778 775
f 2198 844 841
f 1913 749 746
f 2125 819 817
f 1963 765 763
f 1985 773 770
f 2219 850 848
f 2292 876 872
f 2162 833 829
f 2147 826 824
f 2003 779 776
f 2201 845 842
f 1910 748 745
f 1863 729 731
f 1809 711 713
f 1794 706 708
f 1830 718 720
f 1848 724 726
f 1886 737 738
f 2192 839 840
f 2318 882 881
f 2282 870 869
f 1904 744 743
f 2097 807 809
f 2043 789 790
f 1956 762 760
f 2066 797 798
f 2082 802 804
f 2138 821 822
f 1974 766 768
f 1992 774 772
f 2228 852 851
f 2295 874 873
f 2331 1270 1269
f 2327 1246 1245
f 2328 1251 1252
f 2334 1287 1288
f 2337 1305 1306
f 2346 1335 1336
f 2412 1552 1551
f 2499 1474 1473
f 2487 1600 1599
f 2436 1353 1354
f 2376 1480 1479
f 2372 1402 1401
f 2373 1407 1408
f 2379 1491 1492
f 2382 1503 1504
f 2396 1534 1533
f 2361 1413 1414
f 2418 1443 1444
f 2457 1593 1594
f 2463 1384 1383
f 2492 1324 1323
f 2402 1276 1275
f 2343 1264 1263
f 2433 1300 1299
f 2478 1318 1317
f 2406 1342 1341
f 2502 1563 1564
f 2484 1461 1462
f 2442 1587 1588
f 2349 1348 1347
f 2468 1522 1521
f 2387 1419 1420
f 2358 1396 1395
f 2421 1498 1497
f 2454 1516 1515
f 2472 1558 1557
f 2388 1426 1425
f 2364 1432 1431
f 2426 1569 1570
f 2448 1371 1372
f 2403 1281 1282
f 2342 1257 1258
f 2432 1293 1294
f 2477 1311 1312
f 2493 1329 1330
f 2462 1377 1378
f 2397 1539 1540
f 2367 1450 1449
f 2427 1576 1575
f 2447 1366 1365
f 2391 1485 1486
f 2357 1389 1390
f 2417 1438 1437
f 2453 1509 1510
f 2469 1527 1528
f 2411 1545 1546
f 2498 1467 1468
f 2483 1456 1455
f 2441 1582 1581
f 2352 1360 1359
f 2509 1271 1272
f 2503 1247 1248
f 2506 1254 1253
f 2512 1290 1289
f 2515 1308 1307
f 2518 1338 1337
f 2555 1553 1554
f 2541 1475 1476
f 2562 1601 1602
f 2522 1356 1355
f 2542 1481 1482
f 2528 1403 1404
f 2531 1410 1409
f 2545 1494 1493
f 2548 1506 1505
f 2551 1535 1536
f 2533 1416 1415
f 2537 1446 1445
f 2559 1596 1595
f 2526 1385 1386
f 1616 907 909
f 1608 889 891
f 1606 883 886
f 1612 895 898
f 1615 901 904
f 1624 919 922
f 1692 1057 1060
f 1782 1237 1240
f 1765 1201 1204
f 1714 1099 1102
f 1661 997 999
f 1653 979 981
f 1651 973 976
f 1657 985 988
f 1660 991 994
f 1675 1021 1024
f 1639 949 952
f 1696 1063 1066
f 1733 1135 1138
f 1751 1177 1179
f 1779 1231 1233
f 1683 1039 1041
f 1626 925 927
f 1721 1117 1119
f 1766 1207 1209
f 1689 1051 1053
f 1778 1225 1228
f 1760 1189 1192
f 1718 1105 1108
f 1629 931 933
f 1747 1165 1167
f 1665 1003 1005
f 1641 955 957
f 1704 1081 1083
f 1737 1147 1150
f 1750 1171 1174
f 1676 1027 1029
f 1644 961 963
f 1702 1075 1077
f 1726 1123 1126
f 1681 1033 1036
f 1620 913 915
f 1710 1093 1095
f 1755 1183 1185
f 1771 1213 1216
f 1740 1153 1155
f 1673 1015 1018
f 1647 967 970
f 1707 1087 1090
f 1734 1141 1143
f 1669 1009 1012
f 1635 943 945
f 1698 1069 1071
f 1729 1129 1131
f 1745 1159 1162
f 1687 1045 1047
f 1774 1219 1221
f 1762 1195 1197
f 1720 1111 1114
f 1632 937 940
f 2189 1280 1284
f 1883 1256 1260
f 1903 1292 1296
f 2281 1310 1314
f 2317 1328 1332
f 2173 1376 1380
f 2158 1538 1542
f 2012 1447 1451
f 2210 1573 1577
f 1924 1363 1367
f 2135 1484 1488
f 1973 1388 1392
f 1996 1435 1439
f 2227 1508 1512
f 2304 1526 1530
f 2176 1544 1548
f 2155 1466 1470
f 2014 1453 1457
f 2212 1579 1583
f 1922 1357 1361
f 1864 1268 1270
f 1810 1244 1246
f 1795 1249 1251
f 1831 1285 1287
f 1849 1303 1305
f 1887 1333 1335
f 2193 1550 1552
f 2321 1472 1474
f 2285 1598 1600
f 1907 1351 1353
f 2098 1478 1480
f 2044 1400 1402
f 1961 1405 1407
f 2067 1489 1491
f 2083 1501 1503
f 2139 1532 1534
f 1975 1411 1413
f 1997 1441 1443
f 2231 1591 1593
f 2298 1382 1384
f 2190 1322 1324
f 1884 1274 1276
f 1900 1262 1264
f 2278 1298 1300
f 2314 1316 1318
f 2170 1340 1342
f 2159 1561 1563
f 2015 1459 1461
f 2213 1585 1587
f 1918 1346 1348
f 2136 1520 1522
f 1977 1417 1419
f 1990 1394 1396
f 2224 1496 1498
f 2301 1514 1516
f 2177 1556 1558
f 2152 1424 1426
f 2008 1430 1432
f 2206 1567 1569
f 1925 1369 1371
f 1817 1279 1281
f 1797 1255 1257
f 1833 1291 1293
f 1851 1309 1311
f 1871 1327 1329
f 1941 1375 1377
f 2119 1537 1539
f 2029 1448 1450
f 2247 1574 1576
f 2262 1364 1366
f 2051 1483 1485
f 1954 1387 1389
f 2064 1436 1438
f 2085 1507 1509
f 2105 1525 1527
f 2121 1543 1545
f 2031 1465 1467
f 2244 1454 1456
f 2265 1580 1582
f 1939 1358 1360
f 1814 1267 1271
f 1793 1243 1247
f 1829 1250 1254
f 1847 1286 1290
f 1868 1304 1308
f 1937 1334 1338
f 2124 1549 1553
f 2034 1471 1475
f 2250 1597 1601
f 2261 1352 1356
f 2050 1477 1481
f 1960 1399 1403
f 2063 1406 1410
f 2081 1490 1494
f 2102 1502 1506
f 2117 1531 1535
f 2027 1412 1416
f 2243 1442 1446
f 2268 1592 1596
f 1944 1381 1385
f 1804 890 894
f 1785 884 887
f 1821 896 899
f 1839 902 905
f 1858 908 912
f 1929 938 941
f 2114 1046 1050
f 2024 1220 1224
f 2240 1196 1200
f 2253 1112 1115
f 2038 980 984
f 1951 974 977
f 2055 986 989
f 2073 992 995
f 2092 998 1002
f 2109 1016 1019
f 2019 968 971
f 2235 1088 1091
f 2258 1142 1146
f 1934 1154 1158
f 1861 1214 1217
f 1807 1034 1037
f 1790 914 918
f 1826 1094 1098
f 1844 1184 1188
f 1880 1040 1044
f 2186 1232 1236
f 2308 1208 1212
f 2272 1118 1122
f 1894 926 930
f 2095 1160 1163
f 2041 1010 1013
f 1948 944 948
f 2060 1070 1074
f 2078 1130 1134
f 2132 1166 1170
f 1970 1004 1008
f 1984 956 960
f 2218 1082 1086
f 2289 1148 1151
f 2181 1058 1061
f 1875 920 923
f 1897 1100 1103
f 2275 1202 1205
f 2311 1238 1241
f 2167 1172 1175
f 2146 1028 1032
f 2002 962 966
f 2200 1076 1080
f 1915 1124 1127
f 2127 1022 1025
f 1965 950 953
f 1987 1064 1067
f 2221 1136 1139
f 2294 1178 1182
f 2164 1052 1056
f 2149 1226 1229
f 2005 1190 1193
f 2203 1106 1109
f 1912 932 936
f 1870 1321 1325
f 1816 1273 1277
f 1800 1261 1265
f 1836 1297 1301
f 1854 1315 1319
f 1890 1339 1343
f 2196 1562 1566
f 2320 1460 1464
f 2284 1586 1590
f 1906 1345 1349
f 2104 1519 1523
f 2047 1418 1422
f 1958 1393 1397
f 2070 1495 1499
f 2088 1513 1517
f 2142 1555 1559
f 1980 1423 1427
f 1994 1429 1433
f 2230 1568 1572
f 2297 1370 1374
f 2329 894 892
f 2323 887 885
f 2326 899 897
f 2333 905 903
f 2336 912 910
f 2345 941 939
f 2409 1050 1048
f 2496 1224 1222
f 2485 1200 1198
f 2435 1115 1113
f 2374 984 982
f 2368 977 975
f 2371 989 987
f 2378 995 993
f 2381 1002 1000
f 2392 1019 1017
f 2360 971 969
f 2416 1091 1089
f 2456 1146 1144
f 2460 1158 1156
f 2488 1217 1215
f 2398 1037 1035
f 2340 918 916
f 2430 1098 1096
f 2475 1188 1186
f 2404 1044 1042
f 2501 1236 1234
f 2482 1212 1210
f 2440 1122 1120
f 2347 930 928
f 2464 1163 1161
f 2384 1013 1011
f 2355 948 946
f 2419 1074 1072
f 2451 1134 1132
f 2470 1170 1168
f 2385 1008 1006
f 2362 960 958
f 2423 1086 1084
f 2446 1151 1149
f 2401 1061 1059
f 2339 923 921
f 2429 1103 1101
f 2474 1205 1203
f 2491 1241 1239
f 2459 1175 1173
f 2395 1032 1030
f 2365 966 964
f 2424 1080 1078
f 2443 1127 1125
f 2390 1025 1023
f 2354 953 951
f 2413 1067 1065
f 2450 1139 1137
f 2467 1182 1180
f 2408 1056 1054
f 2495 1229 1227
f 2479 1193 1191
f 2437 1109 1107
f 2350 936 934
f 2511 1325 1326
f 2505 1277 1278
f 2507 1265 1266
f 2513 1301 1302
f 2516 1319 1320
f 2519 1343 1344
f 2556 1566 1565
f 2540 1464 1463
f 2561 1590 1589
f 2521 1349 1350
f 2544 1523 1524
f 2529 1422 1421
f 2530 1397 1398
f 2546 1499 1500
f 2549 1517 1518
f 2553 1559 1560
f 2534 1427 1428
f 2536 1433 1434
f 2557 1572 1571
f 2525 1374 1373
f 1609 892 889
f 1605 885 883
f 1611 897 895
f 1614 903 901
f 1617 910 907
f 1631 939 937
f 1688 1048 1045
f 1775 1222 1219
f 1763 1198 1195
f 1719 1113 1111
f 1654 982 979
f 1650 975 973
f 1656 987 985
f 1659 993 991
f 1662 1000 997
f 1672 1017 1015
f 1646 969 967
f 1706 1089 1087
f 1735 1144 1141
f 1741 1156 1153
f 1770 1215 1213
f 1680 1035 1033
f 1621 916 913
f 1711 1096 1093
f 1756 1186 1183
f 1684 1042 1039
f 1780 1234 1231
f 1767 1210 1207
f 1722 1120 1117
f 1627 928 925
f 1744 1161 1159
f 1668 1011 1009
f 1636 946 943
f 1699 1072 1069
f 1730 1132 1129
f 1748 1168 1165
f 1666 1006 1003
f 1642 958 955
f 1705 1084 1081
f 1736 1149 1147
f 1691 1059 1057
f 1623 921 919
f 1713 1101 1099
f 1764 1203 1201
f 1781 1239 1237
f 1749 1173 1171
f 1677 1030 1027
f 1645 964 961
f 1703 1078 1075
f 1725 1125 1123
f 1674 1023 1021
f 1638 951 949
f 1695 1065 1063
f 1732 1137 1135
f 1752 1180 1177
f 1690 1054 1051
f 1777 1227 1225
f 1759 1191 1189
f 1717 1107 1105
f 1630 934 931
f 2191 1326 1322
f 1885 1278 1274
f 1901 1266 1262
f 2279 1302 1298
f 2315 1320 1316
f 2171 1344 1340
f 2160 1565 1561
f 2016 1463 1459
f 2214 1589 1585
f 1919 1350 1346
f 2137 1524 1520
f 1978 1421 1417
f 1991 1398 1394
f 2225 1500 1496
f 2302 1518 1514
f 2178 1560 1556
f 2153 1428 1424
f 2009 1434 1430
f 2207 1571 1567
f 1926 1373 1369
f 1857 911 908
f 1803 893 890
f 1786 888 884
f 1822 900 896
f 1840 906 902
f 1876 924 920
f 2182 1062 1058
f 2312 1242 1238
f 2276 1206 1202
f 1898 1104 1100
f 2091 1001 998
f 2037 983 980
f 1952 978 974
f 2056 990 986
f 2074 996 992
f 2128 1026 1022
f 1966 954 950
f 1988 1068 1064
f 2222 1140 1136
f 2293 1181 1178
f 2185 1235 1232
f 1879 1043 1040
f 1893 929 926
f 2271 1121 1118
f 2307 1211 1208
f 2163 1055 1052
f 2150 1230 1226
f 2006 1194 1190
f 2204 1110 1106
f 1911 935 932
f 2131 1169 1166
f 1969 1007 1004
f 1983 959 956
f 2217 1085 1082
f 2290 1152 1148
f 2168 1176 1172
f 2145 1031 1028
f 2001 965 962
f 2199 1079 1076
f 1916 1128 1124
f 1808 1038 1034
f 1789 917 914
f 1825 1097 1094
f 1843 1187 1184
f 1862 1218 1214
f 1933 1157 1154
f 2110 1020 1016
f 2020 972 968
f 2236 1092 1088
f 2257 1145 1142
f 2042 1014 1010
f 1947 947 944
f 2059 1073 1070
f 2077 1133 1130
f 2096 1164 1160
f 2113 1049 1046
f 2023 1223 1220
f 2239 1199 1196
f 2254 1116 1112
f 1930 942 938
f 1818 1283 1279
f 1798 1259 1255
f 1834 1295 1291
f 1852 1313 1309
f 1872 1331 1327
f 1942 1379 1375
f 2120 1541 1537
f 2030 1452 1448
f 2248 1578 1574
f 2263 1368 1364
f 2052 1487 1483
f 1955 1391 1387
f 2065 1440 1436
f 2086 1511 1507
f 2106 1529 1525
f 2122 1547 1543
f 2032 1469 1465
f 2245 1458 1454
f 2266 1584 1580
f 1940 1362 1358
f 1813 1269 1267
f 1792 1245 1243
f 1828 1252 1250
f 1846 1288 1286
f 1867 1306 1304
f 1936 1336 1334
f 2123 1551 1549
f 2033 1473 1471
f 2249 1599 1597
f 2260 1354 1352
f 2049 1479 1477
f 1959 1401 1399
f 2062 1408 1406
f 2080 1492 1490
f 2101 1504 1502
f 2116 1533 1531
f 2026 1414 1412
f 2242 1444 1442
f 2267 1594 1592
f 1943 1383 1381
f 1869 1323 1321
f 1815 1275 1273
f 1799 1263 1261
f 1835 1299 1297
f 1853 1317 1315
f 1889 1341 1339
f 2195 1564 1562
f 2319 1462 1460
f 2283 1588 1586
f 1905 1347 1345
f 2103 1521 1519
f 2046 1420 1418
f 1957 1395 1393
f 2069 1497 1495
f 2087 1515 1513
f 2141 1557 1555
f 1979 1425 1423
f 1993 1431 1429
f 2229 1570 1568
f 2296 1372 1370
f 2188 1282 1280
f 1882 1258 1256
f 1902 1294 1292
f 2280 1312 1310
f 2316 1330 1328
f 2172 1378 1376
f 2157 1540 1538
f 2011 1449 1447
f 2209 1575 1573
f 1923 1365 1363
f 2134 1486 1484
f 1972 1390 1388
f 1995 1437 1435
f 2226 1510 1508
f 2303 1528 1526
f 2175 1546 1544
f 2154 1468 1466
f 2013 1455 1453
f 2211 1581 1579
f 1921 1359 1357
f 1865 1272 1268
f 1811 1248 1244
f 1796 1253 1249
f 1832 1289 1285
f 1850 1307 1303
f 1888 1337 1333
f 2194 1554 1550
f 2322 1476 1472
f 2286 1602 1598
f 1908 1355 1351
f 2099 1482 1478
f 2045 1404 1400
f 1962 1409 1405
f 2068 1493 1489
f 2084 1505 1501
f 2140 1536 1532
f 1976 1415 1411
f 1998 1445 1441
f 2232 1595 1591
f 2299 1386 1382
f 2330 909 911
f 2324 891 893
f 2325 886 888
f 2332 898 900
f 2335 904 906
f 2344 922 924
f 2410 1060 1062
f 2497 1240 1242
f 2486 1204 1206
f 2434 1102 1104
f 2375 999 1001
f 2369 981 983
f 2370 976 978
f 2377 988 990
f 2380 994 996
f 2393 1024 1026
f 2359 952 954
f 2415 1066 1068
f 2455 1138 1140
f 2461 1179 1181
f 2489 1233 1235
f 2399 1041 1043
f 2341 927 929
f 2431 1119 1121
f 2476 1209 1211
f 2405 1053 1055
f 2500 1228 1230
f 2481 1192 1194
f 2439 1108 1110
f 2348 933 935
f 2465 1167 1169
f 2383 1005 1007
f 2356 957 959
f 2420 1083 1085
f 2452 1150 1152
f 2471 1174 1176
f 2386 1029 1031
f 2363 963 965
f 2422 1077 1079
f 2445 1126 1128
f 2400 1036 1038
f 2338 915 917
f 2428 1095 1097
f 2473 1185 1187
f 2490 1216 1218
f 2458 1155 1157
f 2394 1018 1020
f 2366 970 972
f 2425 1090 1092
f 2444 1143 1145
f 2389 1012 1014
f 2353 945 947
f 2414 1071 1073
f 2449 1131 1133
f 2466 1162 1164
f 2407 1047 1049
f 2494 1221 1223
f 2480 1197 1199
f 2438 1114 1116
f 2351 940 942
f 2510 1284 1283
f 2504 1260 1259
f 2508 1296 1295
f 2514 1314 1313
f 2517 1332 1331
f 2520 1380 1379
f 2554 1542 1541
f 2539 1451 1452
f 2560 1577 1578
f 2523 1367 1368
f 2543 1488 1487
f 2527 1392 1391
f 2532 1439 1440
f 2547 1512 1511
f 2550 1530 1529
f 2552 1548 1547
f 2535 1470 1469
f 2538 1457 1458
f 2558 1583 1584
f 2524 1361 1362
f 1607 1616 1609
f 1603 1608 1605
f 1604 1606 1611
f 1610 1612 1614
f 1613 1615 1617
f 1622 1624 1631
f 1686 1692 1688
f 1773 1782 1775
f 1761 1765 1763
f 1712 1714 1719
f 1652 1661 1654
f 1648 1653 1650
f 1649 1651 1656
f 1655 1657 1659
f 1658 1660 1662
f 1670 1675 1672
f 1637 1639 1646
f 1694 1696 1706
f 1731 1733 1735
f 1739 1751 1741
f 1768 1779 1770
f 1678 1683 1680
f 1619 1626 1621
f 1709 1721 1711
f 1754 1766 1756
f 1682 1689 1684
f 1776 1778 1780
f 1758 1760 1767
f 1716 1718 1722
f 1625 1629 1627
f 1742 1747 1744
f 1663 1665 1668
f 1634 1641 1636
f 1697 1704 1699
f 1728 1737 1730
f 1746 1750 1748
f 1664 1676 1666
f 1640 1644 1642
f 1700 1702 1705
f 1724 1726 1736
f 1679 1681 1691
f 1618 1620 1623
f 1708 1710 1713
f 1753 1755 1764
f 1769 1771 1781
f 1738 1740 1749
f 1671 1673 1677
f 1643 1647 1645
f 1701 1707 1703
f 1723 1734 1725
f 1667 1669 1674
f 1633 1635 1638
f 1693 1698 1695
f 1727 1729 1732
f 1743 1745 1752
f 1685 1687 1690
f 1772 1774 1777
f 1757 1762 1759
f 1715 1720 1717
f 1628 1632 1630
f 2187 2189 2191
f 1881 1883 1885
f 1899 1903 1901
f 2277 2281 2279
f 2313 2317 2315
f 2169 2173 2171
f 2156 2158 2160
f 2010 2012 2016
f 2208 2210 2214
f 1917 1924 1919
f 2133 2135 2137
f 1971 1973 1978
f 1989 1996 1991
f 2223 2227 2225
f 2300 2304 2302
f 2174 2176 2178
f 2151 2155 2153
f 2007 2014 2009
f 2205 2212 2207
f 1920 1922 1926
f 1855 1864 1857
f 1801 1810 1803
f 1784 1795 1786
f 1820 1831 1822
f 1838 1849 1840
f 1874 1887 1876
f 2180 2193 2182
f 2310 2321 2312
f 2274 2285 2276
f 1896 1907 1898
f 2089 2098 2091
f 2035 2044 2037
f 1950 1961 1952
f 2054 2067 2056
f 2072 2083 2074
f 2126 2139 2128
f 1964 1975 1966
f 1986 1997 1988
f 2220 2231 2222
f 2291 2298 2293
f 2183 2190 2185
f 1877 1884 1879
f 1891 1900 1893
f 2269 2278 2271
f 2305 2314 2307
f 2161 2170 2163
f 2148 2159 2150
f 2004 2015 2006
f 2202 2213 2204
f 1909 1918 1911
f 2129 2136 2131
f 1967 1977 1969
f 1981 1990 1983
f 2215 2224 2217
f 2288 2301 2290
f 2166 2177 2168
f 2143 2152 2145
f 1999 2008 2001
f 2197 2206 2199
f 1914 1925 1916
f 1806 1817 1808
f 1787 1797 1789
f 1823 1833 1825
f 1841 1851 1843
f 1860 1871 1862
f 1931 1941 1933
f 2108 2119 2110
f 2018 2029 2020
f 2234 2247 2236
f 2255 2262 2257
f 2040 2051 2042
f 1945 1954 1947
f 2057 2064 2059
f 2075 2085 2077
f 2094 2105 2096
f 2111 2121 2113
f 2021 2031 2023
f 2237 2244 2239
f 2252 2265 2254
f 1928 1939 1930
f 1812 1814 1818
f 1791 1793 1798
f 1827 1829 1834
f 1845 1847 1852
f 1866 1868 1872
f 1935 1937 1942
f 2118 2124 2120
f 2028 2034 2030
f 2246 2250 2248
f 2259 2261 2263
f 2048 2050 2052
f 1953 1960 1955
f 2061 2063 2065
f 2079 2081 2086
f 2100 2102 2106
f 2115 2117 2122
f 2025 2027 2032
f 2241 2243 2245
f 2264 2268 2266
f 1938 1944 1940
f 1802 1804 1813
f 1783 1785 1792
f 1819 1821 1828
f 1837 1839 1846
f 1856 1858 1867
f 1927 1929 1936
f 2112 2114 2123
f 2022 2024 2033
f 2238 2240 2249
f 2251 2253 2260
f 2036 2038 2049
f 1949 1951 1959
f 2053 2055 2062
f 2071 2073 2080
f 2090 2092 2101
f 2107 2109 2116
f 2017 2019 2026
f 2233 2235 2242
f 2256 2258 2267
f 1932 1934 1943
f 1859 1861 1869
f 1805 1807 1815
f 1788 1790 1799
f 1824 1826 1835
f 1842 1844 1853
f 1878 1880 1889
f 2184 2186 2195
f 2306 2308 2319
f 2270 2272 2283
f 1892 1894 1905
f 2093 2095 2103
f 2039 2041 2046
f 1946 1948 1957
f 2058 2060 2069
f 2076 2078 2087
f 2130 2132 2141
f 1968 1970 1979
f 1982 1984 1993
f 2216 2218 2229
f 2287 2289 2296
f 2179 2181 2188
f 1873 1875 1882
f 1895 1897 1902
f 2273 2275 2280
f 2309 2311 2316
f 2165 2167 2172
f 2144 2146 2157
f 2000 2002 2011
f 2198 2200 2209
f 1913 1915 1923
f 2125 2127 2134
f 1963 1965 1972
f 1985 1987 1995
f 2219 2221 2226
f 2292 2294 2303
f 2162 2164 2175
f 2147 2149 2154
f 2003 2005 2013
f 2201 2203 2211
f 1910 1912 1921
f 1863 1870 1865
f 1809 1816 1811
f 1794 1800 1796
f 1830 1836 1832
f 1848 1854 1850
f 1886 1890 1888
f 2192 2196 2194
f 2318 2320 2322
f 2282 2284 2286
f 1904 1906 1908
f 2097 2104 2099
f 2043 2047 2045
f 1956 1958 1962
f 2066 2070 2068
f 2082 2088 2084
f 2138 2142 2140
f 1974 1980 1976
f 1992 1994 1998
f 2228 2230 2232
f 2295 2297 2299
f 2331 2329 2330
f 2327 2323 2324
f 2328 2326 2325
f 2334 2333 2332
f 2337 2336 2335
f 2346 2345 2344
f 2412 2409 2410
f 2499 2496 2497
f 2487 2485 2486
f 2436 2435 2434
f 2376 2374 2375
f 2372 2368 2369
f 2373 2371 2370
f 2379 2378 2377
f 2382 2381 2380
f 2396 2392 2393
f 2361 2360 2359
f 2418 2416 2415
f 2457 2456 2455
f 2463 2460 2461
f 2492 2488 2489
f 2402 2398 2399
f 2343 2340 2341
f 2433 2430 2431
f 2478 2475 2476
f 2406 2404 2405
f 2502 2501 2500
f 2484 2482 2481
f 2442 2440 2439
f 2349 2347 2348
f 2468 2464 2465
f 2387 2384 2383
f 2358 2355 2356
f 2421 2419 2420
f 2454 2451 2452
f 2472 2470 2471
f 2388 2385 2386
f 2364 2362 2363
f 2426 2423 2422
f 2448 2446 2445
f 2403 2401 2400
f 2342 2339 2338
f 2432 2429 2428
f 2477 2474 2473
f 2493 2491 2490
f 2462 2459 2458
f 2397 2395 2394
f 2367 2365 2366
f 2427 2424 2425
f 2447 2443 2444
f 2391 2390 2389
f 2357 2354 2353
f 2417 2413 2414
f 2453 2450 2449
f 2469 2467 2466
f 2411 2408 2407
f 2498 2495 2494
f 2483 2479 2480
f 2441 2437 2438
f 2352 2350 2351
f 2509 2511 2510
f 2503 2505 2504
f 2506 2507 2508
f 2512 2513 2514
f 2515 2516 2517
f 2518 2519 2520
f 2555 2556 2554
f 2541 2540 2539
f 2562 2561 2560
f 2522 2521 2523
f 2542 2544 2543
f 2528 2529 2527
f 2531 2530 2532
f 2545 2546 2547
f 2548 2549 2550
f 2551 2553 2552
f 2533 2534 2535
f 2537 2536 2538
f 2559 2557 2558
f 2526 2525 2524