v -0.408010 0.613818 0.004040
v 0.407905 0.613704 0.004081
v -0.413365 -0.633570 0.005717
v 0.413188 -0.633509 0.005659
v -0.000017 -0.458734 0.730118
v -0.000002 0.432233 0.720579
v 0.000002 -0.426760 -0.718854
v -0.000457 0.428737 -0.716882
v 0.726774 0.001385 -0.455171
v 0.742861 -0.000212 0.457975
v -0.726713 0.001392 -0.455124
v -0.742856 -0.000222 0.457981
v 0.000015 0.729981 -0.009912
v -0.239800 0.573398 0.387609
v -0.220279 0.650633 -0.436895
v -0.651609 0.387924 -0.247364
v -0.671094 0.402345 0.256161
v 0.239795 0.573416 0.387604
v 0.220158 0.650366 -0.436847
v 0.651683 0.387815 -0.247318
v 0.671101 0.402369 0.256171
v -0.000013 -0.759826 0.034469
v -0.263747 -0.701667 0.461824
v -0.238927 -0.588513 -0.388570
v -0.652745 -0.389776 -0.245484
v -0.669769 -0.404342 0.256640
v 0.263758 -0.701762 0.461773
v 0.238712 -0.588615 -0.388419
v 0.652711 -0.389790 -0.245491
v 0.669751 -0.404280 0.256629
v -0.000017 -0.003363 0.852618
v 0.425827 -0.255430 0.688041
v -0.425747 -0.255320 0.688146
v 0.426284 0.259946 0.692426
v -0.426314 0.259968 0.692469
v 0.000002 0.003027 -0.851883
v 0.422754 -0.258209 -0.687311
v -0.422748 -0.258210 -0.687307
v 0.420707 0.256529 -0.685444
v -0.420681 0.256538 -0.685436
v 0.856767 0.000319 0.004105
v -0.856765 0.000322 0.004097
v -0.191037 0.680514 0.000591
v -0.334028 0.609665 0.177980
v -0.340056 0.639555 -0.186273
v -0.546067 0.540159 -0.110772
v -0.547310 0.532508 0.118936
v 0.190988 0.680472 0.000570
v 0.334009 0.609670 0.177949
v 0.339576 0.639793 -0.186463
v 0.546124 0.540151 -0.110787
v 0.547285 0.532493 0.118935
v -0.206421 -0.723044 0.006008
v -0.345607 -0.651814 0.198571
v -0.350857 -0.671211 -0.189320
v -0.543765 -0.530816 -0.106752
v -0.553815 -0.550830 0.125354
v 0.206389 -0.723127 0.005860
v 0.345731 -0.651799 0.198703
v 0.350929 -0.671115 -0.188753
v 0.543656 -0.530810 -0.106763
v 0.553865 -0.550837 0.125374
v -0.150789 -0.678724 0.703121
v 0.149712 -0.678637 0.702937
v 0.000139 -0.241256 0.813020
v 0.199128 -0.375940 0.728146
v -0.198928 -0.375705 0.728440
v -0.119735 0.509900 0.583020
v 0.119727 0.509903 0.583011
v 0.000000 0.250175 0.817753
v 0.202616 0.366918 0.731296
v -0.202614 0.366913 0.731295
v -0.118107 -0.502976 -0.582411
v 0.118102 -0.502919 -0.582432
v 0.000002 -0.250340 -0.818699
v 0.203607 -0.367517 -0.731571
v -0.203611 -0.367515 -0.731556
v -0.129844 0.577834 -0.625825
v 0.129944 0.577164 -0.625533
v -0.000017 0.248417 -0.817622
v 0.203660 0.360799 -0.729187
v -0.203928 0.360726 -0.729076
v 0.719102 0.191046 -0.373875
v 0.719285 -0.194272 -0.373725
v 0.607647 -0.123822 -0.584102
v 0.608032 0.123814 -0.584643
v 0.806467 0.000508 -0.243694
v 0.740885 0.197888 0.377341
v 0.739522 -0.201247 0.378071
v 0.615112 -0.127558 0.589122
v 0.616231 0.124703 0.588812
v 0.829641 0.000447 0.252511
v -0.719103 0.191047 -0.373882
v -0.719287 -0.194276 -0.373726
v -0.607632 -0.123826 -0.584107
v -0.608036 0.123814 -0.584645
v -0.806592 0.000521 -0.243714
v -0.740875 0.197875 0.377340
v -0.739545 -0.201231 0.378069
v -0.615105 -0.127579 0.589160
v -0.616232 0.124696 0.588805
v -0.829656 0.000446 0.252511
v -0.099767 0.665128 0.172718
v -0.096381 0.709704 -0.203507
v 0.099768 0.665147 0.172720
v 0.096528 0.709763 -0.203669
v -0.474865 0.511019 0.350901
v 0.000002 0.598115 0.387470
v -0.358587 0.460949 0.564523
v -0.471863 0.541640 -0.360169
v 0.000206 0.712725 -0.442351
v -0.354990 0.467890 -0.567289
v -0.699821 0.409823 0.006418
v -0.560055 0.344490 -0.492150
v -0.794504 0.214652 -0.119934
v -0.571712 0.357489 0.495004
v -0.805430 0.219742 0.129463
v 0.474872 0.511065 0.350893
v 0.358584 0.460935 0.564502
v 0.471179 0.541967 -0.359841
v 0.355091 0.467829 -0.566890
v 0.699831 0.409825 0.006415
v 0.560024 0.344547 -0.492182
v 0.794519 0.214651 -0.119930
v 0.571719 0.357491 0.495006
v 0.805435 0.219740 0.129475
v -0.095738 -0.726594 0.215153
v -0.116437 -0.732688 -0.192927
v 0.095545 -0.726670 0.215377
v 0.116508 -0.732335 -0.192773
v -0.483866 -0.547851 0.367822
v 0.000394 -0.730682 0.467791
v -0.364678 -0.507069 0.590601
v -0.463592 -0.499666 -0.344219
v -0.000027 -0.623951 -0.400414
v -0.354003 -0.449344 -0.564380
v -0.700427 -0.410490 0.006664
v -0.560430 -0.348904 -0.491508
v -0.793932 -0.218756 -0.119045
v -0.570270 -0.357749 0.492354
v -0.804478 -0.222572 0.130205
v 0.484205 -0.547949 0.367822
v 0.364443 -0.507074 0.590246
v 0.462907 -0.499995 -0.343535
v 0.354018 -0.449276 -0.564376
v 0.700436 -0.410513 0.006661
v 0.560430 -0.348904 -0.491501
v 0.793936 -0.218749 -0.119052
v 0.570224 -0.357785 0.492429
v 0.804482 -0.222572 0.130205
v 0.230674 -0.130631 0.813703
v -0.230674 -0.130628 0.813689
v 0.231524 0.128961 0.814082
v -0.231520 0.128947 0.814083
v 0.441811 -0.001364 0.734910
v -0.441850 -0.001342 0.734853
v 0.230752 -0.128813 -0.812713
v -0.230751 -0.128815 -0.812714
v 0.228208 0.131807 -0.811586
v -0.228201 0.131813 -0.811585
v 0.440477 0.001973 -0.732320
v -0.440472 0.001970 -0.732320
v -0.314214 0.643835 0.003000
v -0.376330 0.616756 0.081742
v -0.378725 0.626027 -0.076725
v -0.476341 0.586531 -0.046238
v -0.473334 0.580637 0.053438
v 0.314266 0.643817 0.003003
v 0.376331 0.616710 0.081761
v 0.378734 0.625968 -0.076859
v 0.476387 0.586475 -0.046128
v 0.473331 0.580657 0.053428
v -0.324209 -0.676201 0.003993
v -0.386231 -0.644276 0.089667
v -0.383015 -0.649432 -0.077966
v -0.476016 -0.592414 -0.044033
v -0.487212 -0.602790 0.057940
v 0.324430 -0.676167 0.003962
v 0.386463 -0.644105 0.089430
v 0.382922 -0.649205 -0.078089
v 0.475704 -0.592189 -0.043988
v 0.487201 -0.602838 0.057871
v -0.059258 -0.543453 0.709294
v 0.059294 -0.543510 0.708351
v 0.000305 -0.357728 0.762597
v 0.089963 -0.425615 0.734859
v -0.089609 -0.425206 0.734887
v -0.054541 0.470674 0.664667
v 0.054539 0.470674 0.664669
v -0.000002 0.359149 0.768866
v 0.090500 0.409823 0.733469
v -0.090502 0.409807 0.733452
v -0.054708 -0.463993 -0.663407
v 0.054705 -0.463977 -0.663405
v -0.000001 -0.358889 -0.769559
v 0.090837 -0.403979 -0.729540
v -0.090833 -0.403976 -0.729535
v -0.055859 0.495814 -0.676859
v 0.056316 0.496201 -0.677118
v 0.000059 0.350612 -0.768843
v 0.089684 0.400642 -0.726086
v -0.089397 0.401001 -0.726056
v 0.730854 0.086886 -0.423394
v 0.729708 -0.086132 -0.422558
v 0.679711 -0.053388 -0.516558
v 0.680721 0.055424 -0.517506
v 0.766575 0.000906 -0.365756
v 0.748798 0.088436 0.425425
v 0.746583 -0.090142 0.425463
v 0.690617 -0.056741 0.520874
v 0.692051 0.055036 0.520987
v 0.790163 0.000175 0.369849
v -0.730895 0.086896 -0.423419
v -0.729783 -0.086132 -0.422608
v -0.679708 -0.053388 -0.516548
v -0.680754 0.055425 -0.517530
v -0.766532 0.000922 -0.365716
v -0.748825 0.088433 0.425436
v -0.746601 -0.090150 0.425474
v -0.690611 -0.056735 0.520859
v -0.692029 0.055030 0.520972
v -0.790183 0.000176 0.369853
v -0.062414 0.718904 -0.005363
v 0.062441 0.718970 -0.005351
v -0.033089 0.709897 0.056016
v -0.025088 0.735610 -0.070407
v 0.033100 0.709877 0.056009
v 0.025032 0.735463 -0.070351
v -0.288956 0.594969 0.281509
v -0.182839 0.544237 0.488607
v -0.169716 0.619952 0.283044
v -0.360014 0.545831 0.376796
v -0.118799 0.591359 0.388096
v -0.304078 0.521548 0.481000
v -0.290514 0.651117 -0.312486
v -0.192301 0.639597 -0.540459
v -0.162611 0.690993 -0.347808
v -0.370529 0.616640 -0.407403
v -0.157503 0.807909 -0.465166
v -0.309500 0.572950 -0.509376
v -0.602639 0.471427 -0.178398
v -0.691646 0.294426 -0.313899
v -0.562271 0.457482 -0.303174
v -0.686654 0.405967 -0.119818
v -0.611402 0.369765 -0.375796
v -0.730049 0.310131 -0.184626
v -0.615133 0.475344 0.189011
v -0.715018 0.307334 0.319808
v -0.580292 0.465602 0.309599
v -0.695907 0.410369 0.131693
v -0.627616 0.384479 0.376935
v -0.745257 0.317433 0.194356
v 0.288953 0.594979 0.281507
v 0.182831 0.544197 0.488587
v 0.169724 0.619956 0.283055
v 0.118805 0.591359 0.388114
v 0.360005 0.545814 0.376769
v 0.304092 0.521553 0.481008
v 0.290923 0.651213 -0.312526
v 0.191987 0.639029 -0.539987
v 0.162709 0.690868 -0.347930
v 0.157380 0.807894 -0.465024
v 0.371331 0.616665 -0.406914
v 0.311680 0.574668 -0.511056
v 0.602411 0.471212 -0.178120
v 0.691618 0.294450 -0.313912
v 0.562113 0.457573 -0.303324
v 0.686651 0.405982 -0.119848
v 0.611524 0.369566 -0.375803
v 0.730043 0.310139 -0.184643
v 0.615147 0.475348 0.189008
v 0.715012 0.307339 0.319812
v 0.580320 0.465640 0.309615
v 0.695893 0.410352 0.131690
v 0.627611 0.384472 0.376928
v 0.745263 0.317451 0.194355
v -0.076674 -0.749354 0.020965
v 0.076738 -0.749345 0.020890
v -0.024704 -0.758788 0.103919
v -0.051492 -0.738752 -0.061130
v 0.024701 -0.758792 0.103952
v 0.051465 -0.738688 -0.061337
v -0.296693 -0.656298 0.322144
v -0.240409 -0.779070 0.623305
v -0.172362 -0.698340 0.342918
v -0.368109 -0.610551 0.414427
v -0.137015 -0.752199 0.475472
v -0.329836 -0.629860 0.545752
v -0.298439 -0.643305 -0.293470
v -0.180282 -0.543370 -0.489483
v -0.182024 -0.678417 -0.303291
v -0.353028 -0.547085 -0.371299
v -0.120913 -0.611595 -0.395816
v -0.298267 -0.514339 -0.478658
v -0.603418 -0.465549 -0.176153
v -0.692392 -0.298210 -0.312547
v -0.564960 -0.449859 -0.302080
v -0.687205 -0.406247 -0.118068
v -0.611641 -0.373293 -0.373895
v -0.730827 -0.313958 -0.183103
v -0.616383 -0.484469 0.192510
v -0.714011 -0.308827 0.319855
v -0.584770 -0.481526 0.316473
v -0.695713 -0.411382 0.131512
v -0.625863 -0.386567 0.377213
v -0.744414 -0.319162 0.194431
v 0.296673 -0.656715 0.322048
v 0.241018 -0.778785 0.622988
v 0.172260 -0.698417 0.342571
v 0.138709 -0.753301 0.475853
v 0.368145 -0.610669 0.414033
v 0.329664 -0.630206 0.545590
v 0.298686 -0.643528 -0.293637
v 0.180703 -0.543274 -0.489480
v 0.181431 -0.678662 -0.303643
v 0.120647 -0.611268 -0.395303
v 0.352962 -0.547467 -0.371320
v 0.298285 -0.514283 -0.478500
v 0.603428 -0.465579 -0.176154
v 0.692389 -0.298217 -0.312549
v 0.564881 -0.449739 -0.301979
v 0.687222 -0.406227 -0.118062
v 0.611637 -0.373290 -0.373899
v 0.730823 -0.313951 -0.183107
v 0.616416 -0.484487 0.192481
v 0.714013 -0.308821 0.319882
v 0.584780 -0.481562 0.316462
v 0.695712 -0.411412 0.131523
v 0.625893 -0.386484 0.377250
v 0.744394 -0.319179 0.194427
v -0.000011 -0.128787 0.845709
v 0.000012 0.126391 0.846519
v 0.117351 -0.067492 0.842477
v -0.117330 -0.067521 0.842473
v 0.117618 0.062154 0.842769
v -0.117621 0.062169 0.842765
v 0.311944 -0.316427 0.710945
v 0.526276 -0.195598 0.647290
v 0.393527 -0.378475 0.632540
v 0.499879 -0.311645 0.594208
v 0.336293 -0.193514 0.762672
v 0.439261 -0.134115 0.724520
v -0.311973 -0.316249 0.710683
v -0.526300 -0.195611 0.647285
v -0.393557 -0.378713 0.632591
v -0.500185 -0.312008 0.593977
v -0.336196 -0.193481 0.762727
v -0.439232 -0.134134 0.724512
v 0.318414 0.317623 0.719480
v 0.526028 0.195193 0.647956
v 0.398288 0.372043 0.634899
v 0.503210 0.313397 0.599489
v 0.335798 0.196291 0.763176
v 0.439196 0.133121 0.724696
v -0.318405 0.317624 0.719479
v -0.526041 0.195195 0.647960
v -0.398274 0.372003 0.634865
v -0.503199 0.313401 0.599495
v -0.335794 0.196294 0.763189
v -0.439183 0.133099 0.724689
v -0.000000 -0.126312 -0.845435
v -0.000005 0.128208 -0.844540
v 0.117736 -0.061991 -0.842893
v -0.117734 -0.061990 -0.842910
v 0.117164 0.067101 -0.842597
v -0.117167 0.067103 -0.842590
v 0.314764 -0.315274 -0.715442
v 0.521217 -0.194288 -0.644051
v 0.395352 -0.368267 -0.632734
v 0.497248 -0.310087 -0.596618
v 0.333684 -0.195778 -0.760895
v 0.437149 -0.131805 -0.721584
v -0.314768 -0.315275 -0.715440
v -0.521251 -0.194299 -0.644093
v -0.395357 -0.368263 -0.632731
v -0.497255 -0.310092 -0.596616
v -0.333684 -0.195776 -0.760895
v -0.437150 -0.131805 -0.721588
v 0.313280 0.312041 -0.713606
v 0.520085 0.193347 -0.642698
v 0.395099 0.364167 -0.630169
v 0.496612 0.306514 -0.595958
v 0.330380 0.196591 -0.759460
v 0.436249 0.133884 -0.721096
v -0.313293 0.312043 -0.713580
v -0.520082 0.193332 -0.642703
v -0.395083 0.364098 -0.630218
v -0.496604 0.306468 -0.595894
v -0.330377 0.196586 -0.759456
v -0.436246 0.133880 -0.721096
v 0.840761 0.000459 -0.117828
v 0.852017 0.000506 0.127266
v 0.838535 0.109368 -0.056989
v 0.843685 0.111007 0.065614
v 0.836353 -0.111010 -0.056466
v 0.841494 -0.112541 0.066413
v -0.840740 0.000452 -0.117815
v -0.852028 0.000496 0.127308
v -0.838533 0.109362 -0.056998
v -0.843690 0.111009 0.065619
v -0.836362 -0.110996 -0.056462
v -0.841512 -0.112541 0.066414
v -0.260558 0.648876 0.088615
v -0.262452 0.663477 -0.089432
v -0.135807 0.683743 0.081016
v -0.134633 0.701708 -0.088234
v -0.447554 0.575121 0.157367
v -0.214283 0.640897 0.181596
v -0.407967 0.563580 0.267157
v -0.452945 0.595245 -0.155512
v -0.214142 0.676342 -0.202512
v -0.416611 0.608744 -0.282710
v -0.556214 0.536986 0.004408
v -0.513263 0.538437 -0.232845
v -0.628111 0.480527 -0.055579
v -0.517814 0.523996 0.234977
v -0.632432 0.480746 0.067179
v 0.260538 0.648875 0.088618
v 0.262315 0.663420 -0.089561
v 0.135797 0.683754 0.080999
v 0.134876 0.701813 -0.088242
v 0.447555 0.575129 0.157369
v 0.214280 0.640869 0.181565
v 0.407986 0.563570 0.267174
v 0.452806 0.595384 -0.155734
v 0.214333 0.676411 -0.202765
v 0.416580 0.607406 -0.283125
v 0.556169 0.537005 0.004384
v 0.513307 0.538623 -0.232677
v 0.628119 0.480545 -0.055606
v 0.517730 0.523963 0.234940
v 0.632443 0.480735 0.067181
v -0.269694 -0.684131 0.103159
v -0.294766 -0.748640 -0.094387
v -0.139368 -0.722906 0.107452
v -0.166205 -0.768047 -0.090720
v -0.465693 -0.613757 0.170661
v -0.219065 -0.689547 0.214502
v -0.421294 -0.610814 0.289482
v -0.443107 -0.586700 -0.149872
v -0.244409 -0.780438 -0.227039
v -0.401764 -0.575082 -0.261269
v -0.558432 -0.542145 0.007807
v -0.506675 -0.517414 -0.224159
v -0.629007 -0.478457 -0.053790
v -0.528333 -0.552974 0.247326
v -0.633622 -0.485054 0.068758
v 0.269945 -0.683605 0.103197
v 0.294888 -0.748820 -0.094330
v 0.139342 -0.723140 0.107263
v 0.166199 -0.767728 -0.090747
v 0.465679 -0.613736 0.170710
v 0.219106 -0.689502 0.214491
v 0.421280 -0.610768 0.289600
v 0.443260 -0.586716 -0.149964
v 0.243934 -0.780890 -0.227112
v 0.401698 -0.574841 -0.261112
v 0.558440 -0.542217 0.007788
v 0.505986 -0.517385 -0.223997
v 0.629001 -0.478466 -0.053805
v 0.528331 -0.552977 0.247339
v 0.633604 -0.485082 0.068770
v -0.000342 -0.643822 0.667058
v -0.179428 -0.516447 0.704035
v -0.075402 -0.723975 0.593962
v -0.286954 -0.621965 0.676607
v 0.179629 -0.515873 0.704183
v 0.076205 -0.724768 0.593695
v 0.286776 -0.622590 0.677066
v 0.105330 -0.302168 0.778617
v -0.105232 -0.302243 0.778515
v 0.115715 -0.186538 0.826676
v -0.115791 -0.186461 0.826661
v 0.288331 -0.451958 0.672176
v 0.219443 -0.249208 0.776634
v -0.288498 -0.451723 0.671989
v -0.219603 -0.249126 0.776724
v -0.000003 0.516659 0.583365
v -0.169381 0.453621 0.665845
v -0.060854 0.556836 0.489986
v -0.240813 0.491363 0.578848
v 0.169367 0.453588 0.665819
v 0.060852 0.556846 0.489978
v 0.240818 0.491408 0.578861
v 0.108284 0.310230 0.787844
v -0.108281 0.310231 0.787843
v 0.116391 0.190294 0.827635
v -0.116393 0.190293 0.827636
v 0.287698 0.421435 0.657218
v 0.223439 0.254658 0.784181
v -0.287680 0.421429 0.657210
v -0.223447 0.254659 0.784179
v -0.000018 -0.510070 -0.582211
v -0.168855 -0.446332 -0.664183
v -0.060107 -0.559391 -0.492614
v -0.238073 -0.481321 -0.579378
v 0.168848 -0.446230 -0.664096
v 0.060210 -0.559360 -0.492681
v 0.238081 -0.481262 -0.579369
v 0.107372 -0.308604 -0.783745
v -0.107370 -0.308593 -0.783742
v 0.115540 -0.190537 -0.825853
v -0.115541 -0.190536 -0.825853
v 0.283768 -0.412746 -0.653771
v 0.222879 -0.255554 -0.783152
v -0.283782 -0.412741 -0.653775
v -0.222882 -0.255553 -0.783151
v -0.000348 0.601504 -0.634576
v -0.168678 0.464283 -0.669938
v -0.070909 0.669518 -0.551104
v -0.247286 0.529687 -0.603093
v 0.168578 0.463855 -0.669843
v 0.071362 0.668976 -0.550281
v 0.247583 0.530120 -0.603761
v 0.106877 0.303737 -0.782151
v -0.106806 0.303828 -0.782151
v 0.114271 0.190785 -0.824960
v -0.114268 0.190783 -0.824965
v 0.281441 0.416573 -0.652535
v 0.220198 0.254298 -0.782159
v -0.281678 0.416698 -0.652753
v -0.220196 0.254310 -0.782168
v 0.670056 0.166367 -0.487438
v 0.772634 0.099439 -0.307956
v 0.647100 0.275015 -0.438081
v 0.759441 0.204839 -0.247551
v 0.669891 -0.168058 -0.487015
v 0.770984 -0.100058 -0.307284
v 0.648163 -0.278668 -0.437713
v 0.759225 -0.208579 -0.246658
v 0.614472 0.001128 -0.598135
v 0.589987 -0.243324 -0.546994
v 0.530857 -0.064639 -0.666567
v 0.588846 0.240234 -0.546522
v 0.531516 0.066828 -0.667096
v 0.813111 0.105965 -0.181328
v 0.811198 -0.107336 -0.180930
v 0.683860 0.169643 0.489899
v 0.796705 0.103178 0.313619
v 0.663320 0.282963 0.439821
v 0.781629 0.212809 0.255371
v 0.682528 -0.172983 0.490540
v 0.794293 -0.104728 0.314335
v 0.661911 -0.284088 0.438941
v 0.780452 -0.215605 0.256550
v 0.621172 -0.001084 0.603150
v 0.601156 -0.247829 0.551760
v 0.534440 -0.067909 0.670316
v 0.601576 0.247305 0.553031
v 0.535502 0.065518 0.671239
v 0.829167 0.109611 0.190464
v 0.827376 -0.110655 0.191562
v -0.670048 0.166362 -0.487432
v -0.772586 0.099424 -0.307943
v -0.647108 0.275002 -0.438080
v -0.759465 0.204834 -0.247559
v -0.669889 -0.168060 -0.487015
v -0.771014 -0.100065 -0.307277
v -0.648159 -0.278659 -0.437713
v -0.759200 -0.208567 -0.246643
v -0.614479 0.001122 -0.598154
v -0.590021 -0.243329 -0.547011
v -0.530863 -0.064636 -0.666569
v -0.588868 0.240239 -0.546543
v -0.531519 0.066825 -0.667098
v -0.813149 0.105962 -0.181329
v -0.811196 -0.107338 -0.180917
v -0.683893 0.169646 0.489917
v -0.796702 0.103173 0.313611
v -0.663320 0.282952 0.439827
v -0.781610 0.212801 0.255350
v -0.682536 -0.172962 0.490536
v -0.794294 -0.104732 0.314331
v -0.661851 -0.284112 0.438971
v -0.780451 -0.215611 0.256542
v -0.621169 -0.001086 0.603154
v -0.601136 -0.247852 0.551770
v -0.534461 -0.067889 0.670319
v -0.601595 0.247301 0.553027
v -0.535488 0.065512 0.671246
v -0.829178 0.109620 0.190491
v -0.827374 -0.110656 0.191553
v 0.000010 0.675860 0.164299
v -0.055384 0.634144 0.279357
v 0.000122 0.728528 -0.189993
v -0.058813 0.727864 -0.333929
v 0.055388 0.634177 0.279354
v 0.058513 0.728057 -0.333690
v -0.421144 0.490607 0.461899
v -0.529790 0.447264 0.426676
v -0.468889 0.416357 0.535873
v -0.419428 0.511420 -0.469487
v -0.516670 0.438237 -0.423719
v -0.459558 0.405825 -0.531826
v -0.754485 0.318929 -0.057369
v -0.760707 0.322437 0.068658
v -0.809515 0.218725 0.004689
v 0.421115 0.490558 0.461866
v 0.529760 0.447252 0.426653
v 0.468921 0.416392 0.535894
v 0.419340 0.511271 -0.468837
v 0.517647 0.437806 -0.423804
v 0.460190 0.405618 -0.532070
v 0.754470 0.318925 -0.057367
v 0.760737 0.322460 0.068653
v 0.809521 0.218730 0.004690
v -0.000156 -0.750078 0.208102
v -0.056598 -0.733373 0.340695
v 0.000090 -0.702944 -0.173496
v -0.060419 -0.669087 -0.292834
v 0.056525 -0.733439 0.340586
v 0.060244 -0.669063 -0.292805
v -0.425666 -0.532378 0.482883
v -0.531261 -0.460917 0.431821
v -0.467290 -0.427962 0.539166
v -0.414893 -0.476274 -0.461677
v -0.520112 -0.432827 -0.425924
v -0.461690 -0.405713 -0.534859
v -0.754655 -0.321630 -0.056773
v -0.760697 -0.324714 0.068456
v -0.808933 -0.222391 0.005298
v 0.425404 -0.532247 0.482718
v 0.531179 -0.460971 0.431838
v 0.467178 -0.428273 0.539111
v 0.415005 -0.476159 -0.461692
v 0.520111 -0.432765 -0.425917
v 0.461649 -0.405723 -0.534822
v 0.754658 -0.321647 -0.056767
v 0.760740 -0.324720 0.068458
v 0.808928 -0.222386 0.005298
v 0.231790 -0.002459 0.821336
v 0.339789 -0.068183 0.781932
v -0.231793 -0.002447 0.821362
v -0.339793 -0.068179 0.781895
v 0.340428 0.065163 0.782630
v -0.340434 0.065166 0.782610
v 0.231080 0.002553 -0.819992
v 0.339144 -0.064352 -0.779977
v -0.231070 0.002550 -0.819968
v -0.339145 -0.064357 -0.779979
v 0.338193 0.068520 -0.779909
v -0.338191 0.068518 -0.779911
v -0.367053 0.627325 0.003752
v -0.394474 0.616153 0.038553
v -0.395155 0.619292 -0.031176
v -0.439327 0.602662 -0.017769
v -0.437193 0.599709 0.025508
v 0.367091 0.627372 0.003786
v 0.394537 0.616098 0.038577
v 0.395204 0.619259 -0.031188
v 0.439332 0.602613 -0.017716
v 0.437207 0.599679 0.025530
v -0.373969 -0.652426 0.004736
v -0.402254 -0.639197 0.042136
v -0.399253 -0.639104 -0.031337
v -0.442463 -0.616851 -0.016169
v -0.447002 -0.619665 0.028655
v 0.374135 -0.652207 0.005162
v 0.402325 -0.639014 0.042062
v 0.399340 -0.639547 -0.031177
v 0.442409 -0.616692 -0.016306
v 0.447023 -0.619641 0.028531
v -0.025736 -0.495497 0.720026
v 0.025148 -0.495816 0.720250
v 0.000032 -0.413614 0.743465
v 0.039746 -0.444911 0.733573
v -0.039828 -0.444568 0.733353
v -0.024345 0.451002 0.697930
v 0.024339 0.451004 0.697934
v -0.000002 0.403687 0.744228
v 0.039887 0.423865 0.727757
v -0.039891 0.423862 0.727756
v -0.024580 -0.444810 -0.696268
v 0.024590 -0.444809 -0.696261
v 0.000001 -0.400553 -0.743313
v 0.039959 -0.418222 -0.725481
v -0.039958 -0.418220 -0.725484
v -0.024682 0.457983 -0.699421
v 0.024664 0.458221 -0.699092
v -0.000031 0.393477 -0.738367
v 0.040179 0.417377 -0.722111
v -0.039664 0.416696 -0.722163
v 0.731861 0.039387 -0.443220
v 0.731186 -0.036983 -0.442596
v 0.709164 -0.022323 -0.484281
v 0.709518 0.025252 -0.484639
v 0.747135 0.001304 -0.417933
v 0.748833 0.039270 0.445365
v 0.747478 -0.039884 0.445266
v 0.722222 -0.024959 0.487476
v 0.722998 0.024108 0.487556
v 0.765369 -0.000016 0.420020
v -0.731793 0.039384 -0.443161
v -0.731188 -0.036983 -0.442602
v -0.709106 -0.022329 -0.484218
v -0.709540 0.025257 -0.484654
v -0.747120 0.001314 -0.417939
v -0.748838 0.039262 0.445365
v -0.747419 -0.039909 0.445237
v -0.722222 -0.024968 0.487478
v -0.723002 0.024098 0.487555
v -0.765369 -0.000026 0.420023
v -0.027366 0.726858 -0.008713
v 0.027437 0.726896 -0.008716
v -0.014408 0.721420 0.019650
v -0.012739 0.734260 -0.038781
v 0.014387 0.721404 0.019634
v 0.012770 0.734311 -0.038769
v -0.264994 0.584951 0.334553
v -0.212401 0.559647 0.438908
v -0.204848 0.597124 0.336122
v -0.299817 0.560064 0.383164
v -0.178997 0.583463 0.388258
v -0.273090 0.548177 0.435755
v -0.255014 0.647468 -0.373794
v -0.205277 0.656044 -0.491115
v -0.200331 0.691732 -0.398716
v -0.297716 0.627969 -0.418786
v -0.214425 0.783942 -0.478689
v -0.269667 0.617292 -0.473263
v -0.626932 0.430403 -0.212653
v -0.673533 0.342847 -0.281621
v -0.607277 0.422418 -0.275851
v -0.669978 0.396894 -0.183175
v -0.632010 0.378851 -0.311788
v -0.692406 0.351287 -0.216718
v -0.644453 0.441530 0.223110
v -0.694546 0.357053 0.288316
v -0.628587 0.437675 0.284393
v -0.684608 0.405951 0.193835
v -0.653023 0.396469 0.317361
v -0.709525 0.361554 0.225844
v 0.264988 0.584949 0.334521
v 0.212408 0.559653 0.438916
v 0.204862 0.597126 0.336119
v 0.178988 0.583462 0.388250
v 0.299806 0.560068 0.383137
v 0.273111 0.548199 0.435774
v 0.254762 0.646899 -0.373673
v 0.205094 0.656033 -0.490992
v 0.200359 0.691641 -0.398709
v 0.214462 0.784170 -0.478528
v 0.297839 0.627593 -0.418484
v 0.269939 0.616901 -0.473529
v 0.626619 0.430382 -0.212595
v 0.673504 0.342852 -0.281606
v 0.607335 0.422287 -0.276098
v 0.670080 0.396879 -0.183208
v 0.632086 0.378612 -0.311716
v 0.692370 0.351311 -0.216724
v 0.644441 0.441519 0.223108
v 0.694519 0.357046 0.288316
v 0.628592 0.437682 0.284397
v 0.684563 0.405913 0.193828
v 0.653043 0.396502 0.317371
v 0.709553 0.361584 0.225854
v -0.034263 -0.757954 0.031214
v 0.034276 -0.757985 0.031228
v -0.013897 -0.761930 0.068551
v -0.020276 -0.752315 -0.001710
v 0.013868 -0.761957 0.068552
v 0.020296 -0.752296 -0.001659
v -0.273010 -0.663812 0.392668
v -0.271243 -0.769169 0.542317
v -0.214821 -0.696261 0.406906
v -0.310589 -0.646422 0.441924
v -0.209925 -0.758698 0.472339
v -0.302576 -0.678245 0.510026
v -0.268038 -0.614058 -0.339169
v -0.209917 -0.564966 -0.438598
v -0.210463 -0.631670 -0.345324
v -0.296639 -0.569240 -0.381494
v -0.180469 -0.602574 -0.392805
v -0.268546 -0.549275 -0.433227
v -0.628785 -0.429090 -0.210887
v -0.673967 -0.345950 -0.279497
v -0.609557 -0.420865 -0.274694
v -0.671209 -0.398392 -0.181249
v -0.632846 -0.381346 -0.310041
v -0.693061 -0.354119 -0.214704
v -0.643716 -0.446008 0.224737
v -0.693167 -0.357921 0.288302
v -0.628483 -0.443975 0.286943
v -0.683946 -0.407814 0.194163
v -0.651787 -0.398800 0.318096
v -0.708259 -0.362646 0.225822
v 0.273352 -0.663860 0.392868
v 0.271499 -0.768752 0.542309
v 0.215117 -0.696004 0.406712
v 0.210708 -0.758772 0.472060
v 0.311006 -0.646539 0.441969
v 0.302526 -0.678216 0.510056
v 0.267878 -0.613834 -0.338744
v 0.209832 -0.565212 -0.438645
v 0.210447 -0.632024 -0.345483
v 0.179953 -0.601907 -0.393216
v 0.296332 -0.569445 -0.381025
v 0.268556 -0.549698 -0.433148
v 0.628741 -0.429100 -0.210887
v 0.673978 -0.345949 -0.279495
v 0.609569 -0.420843 -0.274692
v 0.671210 -0.398392 -0.181250
v 0.632833 -0.381353 -0.310047
v 0.693049 -0.354078 -0.214698
v 0.643700 -0.445956 0.224702
v 0.693174 -0.357897 0.288299
v 0.628504 -0.443940 0.286910
v 0.683930 -0.407821 0.194165
v 0.651767 -0.398778 0.318036
v 0.708239 -0.362658 0.225824
v -0.000012 -0.067567 0.851156
v 0.000016 0.061782 0.851430
v 0.058883 -0.035516 0.849639
v -0.058906 -0.035523 0.849637
v 0.059000 0.029255 0.849734
v -0.059009 0.029270 0.849735
v 0.369473 -0.285422 0.700578
v 0.476918 -0.226132 0.669361
v 0.408996 -0.316229 0.658019
v 0.462816 -0.284849 0.641669
v 0.384007 -0.224814 0.728654
v 0.435663 -0.196213 0.711362
v -0.369595 -0.285443 0.700531
v -0.476854 -0.226067 0.669373
v -0.408959 -0.316262 0.658246
v -0.462895 -0.284842 0.641621
v -0.383914 -0.224739 0.728715
v -0.435680 -0.196181 0.711381
v 0.374277 0.290400 0.709320
v 0.476919 0.228111 0.671743
v 0.413738 0.317924 0.665638
v 0.465878 0.287790 0.647938
v 0.383596 0.229435 0.731270
v 0.434703 0.198011 0.711992
v -0.374284 0.290410 0.709331
v -0.476894 0.228079 0.671686
v -0.413738 0.317917 0.665632
v -0.465830 0.287752 0.647855
v -0.383596 0.229435 0.731272
v -0.434716 0.198012 0.712002
v -0.000000 -0.061782 -0.850629
v -0.000004 0.066330 -0.850455
v 0.058996 -0.029323 -0.848869
v -0.058991 -0.029319 -0.848824
v 0.058867 0.034888 -0.848803
v -0.058863 0.034886 -0.848766
v 0.369781 -0.287627 -0.703275
v 0.473592 -0.227435 -0.668099
v 0.410565 -0.315764 -0.661895
v 0.462943 -0.287235 -0.645535
v 0.379873 -0.227798 -0.726319
v 0.431890 -0.196768 -0.707868
v -0.369779 -0.287628 -0.703273
v -0.473578 -0.227428 -0.668082
v -0.410567 -0.315769 -0.661894
v -0.462937 -0.287242 -0.645528
v -0.379872 -0.227797 -0.726321
v -0.431885 -0.196767 -0.707869
v 0.367853 0.285263 -0.701312
v 0.471811 0.226237 -0.666461
v 0.409684 0.312329 -0.660037
v 0.461536 0.284286 -0.643930
v 0.377239 0.227470 -0.724767
v 0.429786 0.196893 -0.706387
v -0.367826 0.285274 -0.701295
v -0.471817 0.226220 -0.666467
v -0.409684 0.312370 -0.660066
v -0.461535 0.284306 -0.643929
v -0.377228 0.227473 -0.724772
v -0.429789 0.196879 -0.706390
v 0.851605 0.000409 -0.056642
v 0.856196 0.000373 0.065285
v 0.852084 0.055284 -0.026421
v 0.853300 0.055692 0.034584
v 0.850189 -0.055494 -0.026059
v 0.851319 -0.055853 0.035121
v -0.851626 0.000409 -0.056650
v -0.856195 0.000376 0.065272
v -0.852098 0.055282 -0.026421
v -0.853304 0.055696 0.034576
v -0.850191 -0.055496 -0.026073
v -0.851320 -0.055848 0.035119
v -0.254890 0.661259 0.001634
v -0.123061 0.701417 -0.000525
v -0.224682 0.666283 0.044521
v -0.225495 0.673386 -0.042761
v -0.160143 0.684766 0.041278
v -0.159780 0.693554 -0.042046
v -0.356221 0.615200 0.129076
v -0.311902 0.603405 0.229233
v -0.297110 0.630494 0.133330
v -0.392095 0.593157 0.170058
v -0.274347 0.625451 0.181582
v -0.371243 0.587419 0.222776
v -0.360384 0.633254 -0.128421
v -0.317451 0.646850 -0.248736
v -0.300544 0.652126 -0.137559
v -0.397637 0.617707 -0.173306
v -0.277226 0.658526 -0.196030
v -0.378292 0.625142 -0.235399
v -0.513472 0.566802 -0.077870
v -0.577708 0.509363 -0.144146
v -0.501738 0.569196 -0.134754
v -0.554445 0.539238 -0.052934
v -0.532211 0.540442 -0.170526
v -0.588987 0.511115 -0.084370
v -0.510415 0.557819 0.085067
v -0.582888 0.505351 0.154080
v -0.498936 0.554666 0.140073
v -0.553846 0.534701 0.061529
v -0.534525 0.528701 0.176710
v -0.591086 0.507737 0.094313
v 0.254916 0.661256 0.001681
v 0.123052 0.701391 -0.000516
v 0.224672 0.666256 0.044539
v 0.225490 0.673362 -0.042688
v 0.160135 0.684758 0.041304
v 0.159783 0.693576 -0.042083
v 0.356226 0.615268 0.129082
v 0.311915 0.603464 0.229248
v 0.297133 0.630478 0.133331
v 0.392091 0.593179 0.170044
v 0.274329 0.625484 0.181577
v 0.371268 0.587443 0.222796
v 0.360224 0.633335 -0.128346
v 0.318311 0.647154 -0.249094
v 0.300483 0.652425 -0.137512
v 0.397285 0.617970 -0.173270
v 0.277441 0.658901 -0.195971
v 0.378412 0.625281 -0.235703
v 0.513502 0.566762 -0.077712
v 0.577693 0.509318 -0.144174
v 0.501882 0.569087 -0.134732
v 0.554453 0.539303 -0.052893
v 0.532362 0.540301 -0.170632
v 0.588974 0.511180 -0.084317
v 0.510402 0.557831 0.085046
v 0.582889 0.505363 0.154082
v 0.498990 0.554685 0.140079
v 0.553882 0.534724 0.061515
v 0.534563 0.528713 0.176724
v 0.591102 0.507725 0.094317
v -0.268653 -0.702346 0.004085
v -0.140784 -0.737241 0.010559
v -0.235440 -0.701856 0.054588
v -0.249255 -0.736332 -0.043169
v -0.168975 -0.720101 0.056246
v -0.186330 -0.750833 -0.040110
v -0.367370 -0.648757 0.142416
v -0.321293 -0.653374 0.258436
v -0.306717 -0.667532 0.151366
v -0.408940 -0.634160 0.186440
v -0.282343 -0.670580 0.208131
v -0.386087 -0.634760 0.245379
v -0.367106 -0.661440 -0.130954
v -0.328548 -0.666200 -0.244940
v -0.325096 -0.717001 -0.146903
v -0.393645 -0.620595 -0.168393
v -0.318050 -0.741744 -0.218129
v -0.374045 -0.619023 -0.224064
v -0.509594 -0.562415 -0.074307
v -0.575138 -0.498908 -0.141181
v -0.493061 -0.557657 -0.129673
v -0.554133 -0.537178 -0.049501
v -0.526289 -0.524489 -0.164906
v -0.587828 -0.505426 -0.081508
v -0.521570 -0.579713 0.091232
v -0.586999 -0.519808 0.159712
v -0.511934 -0.583614 0.149859
v -0.558541 -0.546807 0.065867
v -0.542995 -0.552586 0.185915
v -0.594731 -0.518333 0.098272
v 0.268407 -0.702606 0.004665
v 0.140713 -0.737150 0.010463
v 0.235286 -0.701726 0.054126
v 0.249099 -0.736319 -0.043418
v 0.169193 -0.720143 0.056442
v 0.186483 -0.750993 -0.040398
v 0.367579 -0.648852 0.142115
v 0.321247 -0.653503 0.258272
v 0.306563 -0.667989 0.151165
v 0.408624 -0.634305 0.186486
v 0.282483 -0.670085 0.207998
v 0.385959 -0.634656 0.245624
v 0.366650 -0.661342 -0.131003
v 0.328550 -0.666345 -0.244698
v 0.324516 -0.716918 -0.146877
v 0.393749 -0.620360 -0.168205
v 0.317963 -0.741808 -0.216990
v 0.374146 -0.619085 -0.224108
v 0.509530 -0.562200 -0.074238
v 0.575131 -0.498957 -0.141169
v 0.493368 -0.557641 -0.129667
v 0.554265 -0.537213 -0.049471
v 0.526474 -0.524334 -0.165072
v 0.587879 -0.505496 -0.081498
v 0.521681 -0.579697 0.091243
v 0.586981 -0.519851 0.159689
v 0.511937 -0.583647 0.149916
v 0.558558 -0.546829 0.065843
v 0.542985 -0.552567 0.185936
v 0.594704 -0.518414 0.098259
v -0.100894 -0.600812 0.698532
v -0.199082 -0.749633 0.678976
v -0.073317 -0.652339 0.674744
v -0.167829 -0.594362 0.701453
v -0.114720 -0.713444 0.653483
v -0.224717 -0.663406 0.698640
v 0.100401 -0.600672 0.698830
v 0.197680 -0.750376 0.678818
v 0.072555 -0.652669 0.674843
v 0.167592 -0.594801 0.702135
v 0.114605 -0.713704 0.653018
v 0.223626 -0.664074 0.698630
v -0.000174 -0.298738 0.787434
v -0.000033 -0.185755 0.834085
v 0.054171 -0.270719 0.797732
v -0.054278 -0.270732 0.797674
v 0.057422 -0.213520 0.823770
v -0.057360 -0.213480 0.823802
v 0.143589 -0.402430 0.733727
v 0.254718 -0.346700 0.720605
v 0.189250 -0.444089 0.712401
v 0.153020 -0.338551 0.754187
v 0.244146 -0.413902 0.700643
v 0.209241 -0.311156 0.751047
v -0.143714 -0.402139 0.733666
v -0.255182 -0.346649 0.720363
v -0.189277 -0.443760 0.712168
v -0.152841 -0.338592 0.754075
v -0.244332 -0.414062 0.700717
v -0.209206 -0.311504 0.750738
v -0.086828 0.490261 0.625481
v -0.151873 0.527813 0.537002
v -0.059606 0.514778 0.583264
v -0.146319 0.483911 0.626085
v -0.091017 0.534358 0.537917
v -0.180517 0.502433 0.582267
v 0.086824 0.490262 0.625482
v 0.151871 0.527804 0.536992
v 0.059602 0.514789 0.583275
v 0.146321 0.483904 0.626090
v 0.091011 0.534356 0.537904
v 0.180514 0.502429 0.582261
v 0.000001 0.307420 0.794501
v -0.000004 0.189554 0.835866
v 0.055657 0.279977 0.804978
v -0.055653 0.279976 0.804975
v 0.057741 0.220523 0.825628
v -0.057744 0.220525 0.825626
v 0.145415 0.389617 0.733950
v 0.260781 0.342911 0.726474
v 0.187775 0.414226 0.700062
v 0.156912 0.339051 0.762464
v 0.246425 0.394688 0.696167
v 0.214527 0.313031 0.759573
v -0.145421 0.389649 0.733984
v -0.260770 0.342898 0.726452
v -0.187775 0.414242 0.700072
v -0.156928 0.339069 0.762500
v -0.246425 0.394700 0.696171
v -0.214517 0.313050 0.759600
v -0.086330 -0.483214 -0.625004
v -0.149509 -0.522381 -0.536148
v -0.059009 -0.508614 -0.583009
v -0.144682 -0.474974 -0.624227
v -0.089586 -0.530586 -0.538243
v -0.177524 -0.493018 -0.580519
v 0.086331 -0.483242 -0.624985
v 0.149486 -0.522607 -0.536308
v 0.058996 -0.508634 -0.583003
v 0.144682 -0.474997 -0.624247
v 0.089676 -0.530515 -0.538321
v 0.177565 -0.492984 -0.580521
v -0.000001 -0.307672 -0.795533
v 0.000001 -0.189293 -0.835333
v 0.054989 -0.279412 -0.803355
v -0.054991 -0.279414 -0.803359
v 0.057122 -0.220326 -0.823995
v -0.057122 -0.220326 -0.823996
v 0.146435 -0.387229 -0.731846
v 0.259616 -0.342665 -0.725496
v 0.188909 -0.412069 -0.700112
v 0.156767 -0.337817 -0.759423
v 0.245284 -0.391634 -0.694962
v 0.214533 -0.314116 -0.758910
v -0.146437 -0.387226 -0.731835
v -0.259620 -0.342665 -0.725490
v -0.188917 -0.412072 -0.700103
v -0.156765 -0.337801 -0.759411
v -0.245292 -0.391648 -0.694955
v -0.214537 -0.314114 -0.758900
v -0.091756 0.537202 -0.653560
v -0.168601 0.615445 -0.592354
v -0.066639 0.593670 -0.632573
v -0.150481 0.519907 -0.647424
v -0.105875 0.632948 -0.599191
v -0.190843 0.557317 -0.618100
v 0.091650 0.536913 -0.653790
v 0.165612 0.611585 -0.587926
v 0.066936 0.592600 -0.631951
v 0.150534 0.519888 -0.647446
v 0.108712 0.634273 -0.601634
v 0.189840 0.556395 -0.616809
v 0.000008 0.302560 -0.793805
v 0.000006 0.189114 -0.833849
v 0.054593 0.275932 -0.801900
v -0.054575 0.275942 -0.801892
v 0.056593 0.219388 -0.823140
v -0.056607 0.219376 -0.823146
v 0.143971 0.381619 -0.727463
v 0.258924 0.337677 -0.723593
v 0.186110 0.411123 -0.696588
v 0.156870 0.332237 -0.757842
v 0.242621 0.388520 -0.690798
v 0.213456 0.309493 -0.756902
v -0.144454 0.381617 -0.727340
v -0.259045 0.337656 -0.723504
v -0.185796 0.411129 -0.696647
v -0.156853 0.332224 -0.757823
v -0.242260 0.388644 -0.691147
v -0.213444 0.309541 -0.756849
v 0.727368 0.138413 -0.400501
v 0.707266 0.243704 -0.344923
v 0.695987 0.180704 -0.432720
v 0.748439 0.146059 -0.340858
v 0.685126 0.234275 -0.406555
v 0.739955 0.198745 -0.311634
v 0.726474 -0.139759 -0.399871
v 0.707752 -0.247453 -0.344275
v 0.695967 -0.183236 -0.432560
v 0.747367 -0.148068 -0.340145
v 0.685751 -0.237768 -0.406410
v 0.739643 -0.202104 -0.310976
v 0.645380 -0.087768 -0.550210
v 0.565806 -0.159520 -0.615447
v 0.639900 -0.147877 -0.536790
v 0.612482 -0.061274 -0.594224
v 0.600602 -0.185256 -0.568701
v 0.570942 -0.095623 -0.626988
v 0.646325 0.088745 -0.551272
v 0.565466 0.158759 -0.614915
v 0.640048 0.146954 -0.537182
v 0.613033 0.062891 -0.594858
v 0.600075 0.183457 -0.568427
v 0.571558 0.096751 -0.627532
v 0.786028 0.000614 -0.306357
v 0.826996 0.000604 -0.180173
v 0.793006 0.051087 -0.275762
v 0.791747 -0.050562 -0.275430
v 0.813621 0.052639 -0.212331
v 0.812359 -0.052329 -0.212093
v 0.746584 0.142133 0.402633
v 0.730927 0.253975 0.349817
v 0.713626 0.185584 0.435010
v 0.772175 0.151631 0.345347
v 0.704261 0.241705 0.409100
v 0.763677 0.206808 0.317353
v 0.744865 -0.145190 0.403259
v 0.729505 -0.256396 0.350161
v 0.712235 -0.189034 0.435592
v 0.770425 -0.154746 0.346302
v 0.702884 -0.244259 0.409173
v 0.762577 -0.210052 0.318344
v 0.654866 -0.091697 0.555897
v 0.572243 -0.162707 0.620098
v 0.650479 -0.152595 0.542189
v 0.618922 -0.064479 0.599061
v 0.610125 -0.189595 0.574263
v 0.576399 -0.099042 0.631722
v 0.656565 0.089212 0.555820
v 0.572229 0.160142 0.619338
v 0.651646 0.149414 0.541423
v 0.620457 0.062105 0.599630
v 0.610797 0.187111 0.573919
v 0.577624 0.096463 0.632261
v 0.810126 0.000163 0.312748
v 0.841876 0.000490 0.190162
v 0.817319 0.052901 0.282959
v 0.815399 -0.052979 0.283466
v 0.833466 0.054641 0.221326
v 0.831903 -0.054388 0.222046
v -0.727373 0.138410 -0.400496
v -0.707277 0.243697 -0.344898
v -0.695985 0.180697 -0.432704
v -0.748463 0.146057 -0.340847
v -0.685122 0.234262 -0.406558
v -0.739913 0.198702 -0.311596
v -0.726471 -0.139754 -0.399869
v -0.707754 -0.247446 -0.344271
v -0.695972 -0.183243 -0.432559
v -0.747358 -0.148062 -0.340138
v -0.685755 -0.237770 -0.406404
v -0.739652 -0.202110 -0.310974
v -0.645346 -0.087760 -0.550182
v -0.565773 -0.159488 -0.615400
v -0.639877 -0.147865 -0.536774
v -0.612486 -0.061276 -0.594245
v -0.600580 -0.185254 -0.568687
v -0.570913 -0.095606 -0.626948
v -0.646332 0.088742 -0.551272
v -0.565463 0.158751 -0.614918
v -0.640056 0.146951 -0.537183
v -0.613034 0.062891 -0.594862
v -0.600076 0.183444 -0.568427
v -0.571563 0.096750 -0.627535
v -0.785956 0.000614 -0.306344
v -0.826998 0.000606 -0.180184
v -0.792955 0.051084 -0.275763
v -0.791741 -0.050559 -0.275426
v -0.813648 0.052629 -0.212333
v -0.812331 -0.052330 -0.212106
v -0.746576 0.142122 0.402638
v -0.730942 0.253977 0.349830
v -0.713612 0.185574 0.435002
v -0.772172 0.151621 0.345342
v -0.704243 0.241690 0.409092
v -0.763684 0.206808 0.317355
v -0.744897 -0.145194 0.403255
v -0.729541 -0.256395 0.350158
v -0.712257 -0.189018 0.435591
v -0.770426 -0.154752 0.346290
v -0.702856 -0.244264 0.409147
v -0.762589 -0.210045 0.318342
v -0.654849 -0.091682 0.555858
v -0.572251 -0.162690 0.620118
v -0.650487 -0.152589 0.542199
v -0.618923 -0.064477 0.599071
v -0.610106 -0.189560 0.574249
v -0.576395 -0.099024 0.631712
v -0.656555 0.089202 0.555812
v -0.572210 0.160135 0.619313
v -0.651662 0.149412 0.541431
v -0.620458 0.062102 0.599639
v -0.610811 0.187127 0.573944
v -0.577632 0.096463 0.632277
v -0.810130 0.000152 0.312751
v -0.841864 0.000495 0.190122
v -0.817314 0.052897 0.282962
v -0.815413 -0.052987 0.283466
v -0.833466 0.054639 0.221323
v -0.831913 -0.054389 0.222043
v -0.065429 0.687722 0.114970
v -0.134700 0.642383 0.228664
v -0.117527 0.676771 0.124119
v -0.155412 0.654314 0.178180
v -0.048299 0.672630 0.167197
v -0.079181 0.651290 0.225068
v -0.060983 0.722015 -0.134507
v -0.129803 0.699380 -0.273535
v -0.115231 0.706237 -0.142223
v -0.153188 0.693668 -0.205826
v -0.045691 0.722658 -0.196902
v -0.076825 0.716277 -0.269621
v 0.065428 0.687701 0.114963
v 0.134694 0.642383 0.228672
v 0.117536 0.676744 0.124114
v 0.155397 0.654324 0.178179
v 0.048302 0.672632 0.167196
v 0.079190 0.651306 0.225088
v 0.061100 0.722282 -0.134873
v 0.129668 0.699158 -0.273365
v 0.114846 0.706303 -0.141808
v 0.153207 0.693472 -0.205662
v 0.045794 0.722717 -0.196488
v 0.077029 0.716524 -0.270027
v -0.418131 0.529189 0.365626
v -0.529193 0.490231 0.332206
v -0.442661 0.537963 0.309850
v -0.498285 0.518503 0.293485
v -0.448290 0.501032 0.406415
v -0.503907 0.481627 0.389797
v -0.059212 0.596327 0.387649
v 0.059216 0.596333 0.387648
v -0.030128 0.577727 0.439444
v 0.030124 0.577743 0.439446
v -0.028754 0.616987 0.333839
v 0.028761 0.616936 0.333819
v -0.333145 0.493606 0.524317
v -0.379984 0.420424 0.601072
v -0.300436 0.477692 0.573081
v -0.324511 0.443089 0.612809
v -0.391094 0.477114 0.514444
v -0.414323 0.439923 0.551663
v -0.434330 0.609087 -0.399804
v -0.516644 0.495788 -0.330390
v -0.448283 0.584386 -0.326383
v -0.492209 0.539216 -0.295913
v -0.448743 0.532548 -0.418285
v -0.494175 0.488513 -0.390385
v -0.078318 0.726249 -0.444923
v 0.078505 0.726068 -0.444939
v -0.037078 0.697525 -0.498467
v 0.036969 0.697209 -0.498064
v -0.034427 0.726813 -0.389690
v 0.034489 0.726625 -0.389769
v -0.335384 0.522248 -0.539090
v -0.374545 0.414976 -0.597444
v -0.300965 0.498613 -0.584459
v -0.319508 0.443437 -0.611639
v -0.387181 0.489578 -0.519156
v -0.408137 0.437014 -0.549885
v -0.695247 0.408461 -0.056699
v -0.701430 0.411876 0.069376
v -0.664691 0.446675 -0.025007
v -0.668004 0.448141 0.037536
v -0.728954 0.366770 -0.025460
v -0.731872 0.368382 0.037725
v -0.588775 0.359872 -0.437301
v -0.529276 0.326558 -0.545182
v -0.605742 0.312223 -0.467315
v -0.575427 0.293998 -0.520791
v -0.539847 0.390908 -0.458633
v -0.509813 0.374782 -0.512252
v -0.765199 0.264554 -0.152197
v -0.818718 0.162603 -0.088196
v -0.779203 0.210575 -0.183299
v -0.806829 0.160254 -0.150511
v -0.776897 0.268093 -0.088956
v -0.804018 0.216942 -0.057529
v -0.600295 0.371622 0.436340
v -0.539603 0.338048 0.549715
v -0.618337 0.321005 0.468346
v -0.588347 0.304300 0.526256
v -0.552357 0.406169 0.461771
v -0.522264 0.390423 0.517912
v -0.777531 0.270171 0.162007
v -0.827812 0.166172 0.097174
v -0.795377 0.216917 0.192498
v -0.819233 0.164754 0.159883
v -0.786505 0.273124 0.099216
v -0.809735 0.219933 0.066932
v 0.418148 0.529171 0.365648
v 0.529165 0.490199 0.332179
v 0.442660 0.537959 0.309857
v 0.498302 0.518541 0.293489
v 0.448279 0.501028 0.406396
v 0.503924 0.481654 0.389805
v 0.333125 0.493577 0.524287
v 0.379965 0.420385 0.601039
v 0.300457 0.477725 0.573098
v 0.324533 0.443110 0.612829
v 0.391108 0.477140 0.514450
v 0.414331 0.439938 0.551659
v 0.433685 0.610788 -0.400151
v 0.516204 0.496166 -0.330206
v 0.447548 0.584555 -0.325687
v 0.492373 0.538933 -0.296050
v 0.448364 0.532913 -0.418217
v 0.493774 0.488811 -0.390434
v 0.334715 0.522175 -0.539086
v 0.374119 0.414622 -0.597504
v 0.301396 0.498827 -0.584940
v 0.319067 0.443307 -0.611621
v 0.387237 0.489484 -0.519031
v 0.407887 0.436744 -0.549724
v 0.695247 0.408465 -0.056712
v 0.701435 0.411884 0.069378
v 0.664708 0.446673 -0.025019
v 0.668007 0.448137 0.037537
v 0.728946 0.366771 -0.025462
v 0.731887 0.368387 0.037723
v 0.588782 0.359887 -0.437333
v 0.529294 0.326579 -0.545205
v 0.605720 0.312178 -0.467290
v 0.575429 0.294026 -0.520831
v 0.539843 0.390648 -0.458363
v 0.509857 0.374664 -0.512272
v 0.765199 0.264548 -0.152198
v 0.818711 0.162613 -0.088213
v 0.779190 0.210573 -0.183287
v 0.806816 0.160261 -0.150518
v 0.776890 0.268096 -0.088958
v 0.804027 0.216950 -0.057532
v 0.600306 0.371635 0.436348
v 0.539618 0.338068 0.549726
v 0.618341 0.321017 0.468352
v 0.588351 0.304302 0.526249
v 0.552365 0.406157 0.461767
v 0.522256 0.390398 0.517887
v 0.777533 0.270173 0.162012
v 0.827810 0.166170 0.097167
v 0.795376 0.216917 0.192493
v 0.819237 0.164756 0.159884
v 0.786512 0.273123 0.099215
v 0.809739 0.219929 0.066928
v -0.053123 -0.745222 0.152344
v -0.134773 -0.711893 0.278595
v -0.115685 -0.725702 0.159340
v -0.156654 -0.708647 0.217102
v -0.043827 -0.741587 0.212412
v -0.077758 -0.728370 0.277036
v -0.085067 -0.733296 -0.125985
v -0.149665 -0.716801 -0.254355
v -0.141533 -0.762725 -0.143780
v -0.171236 -0.779028 -0.217003
v -0.060640 -0.707543 -0.177192
v -0.090457 -0.696203 -0.240499
v 0.053058 -0.745178 0.152201
v 0.134928 -0.711587 0.278326
v 0.115190 -0.725723 0.159563
v 0.156471 -0.708566 0.217300
v 0.043665 -0.741725 0.212232
v 0.078264 -0.728640 0.277266
v 0.084995 -0.733163 -0.126077
v 0.149394 -0.716327 -0.254100
v 0.141367 -0.762084 -0.143377
v 0.171022 -0.778986 -0.216707
v 0.060721 -0.707509 -0.177231
v 0.090370 -0.696118 -0.240627
v -0.426420 -0.578021 0.390246
v -0.537917 -0.516764 0.344041
v -0.454664 -0.582181 0.330871
v -0.509736 -0.552055 0.308571
v -0.454928 -0.540709 0.425683
v -0.510758 -0.508778 0.401662
v -0.068596 -0.737515 0.470821
v 0.069239 -0.738076 0.470908
v -0.038606 -0.718415 0.528005
v 0.038939 -0.719040 0.528348
v -0.030901 -0.735434 0.404726
v 0.031633 -0.735759 0.404777
v -0.348949 -0.570546 0.570805
v -0.379059 -0.442417 0.610406
v -0.320339 -0.557640 0.625705
v -0.328991 -0.483740 0.635579
v -0.396100 -0.522371 0.538568
v -0.414602 -0.465117 0.563067
v -0.408856 -0.523656 -0.359270
v -0.516063 -0.475578 -0.325234
v -0.431797 -0.536087 -0.301394
v -0.484914 -0.509438 -0.283669
v -0.440338 -0.488426 -0.403798
v -0.493685 -0.466273 -0.386652
v -0.060980 -0.619284 -0.398454
v 0.061125 -0.619230 -0.398379
v -0.030257 -0.590059 -0.446660
v 0.030390 -0.590218 -0.446966
v -0.030391 -0.646069 -0.346601
v 0.030717 -0.646215 -0.347065
v -0.327591 -0.481230 -0.523370
v -0.376632 -0.413141 -0.600350
v -0.296564 -0.466276 -0.573223
v -0.320475 -0.432706 -0.610782
v -0.384868 -0.463332 -0.513716
v -0.409473 -0.429854 -0.552368
v -0.695928 -0.408846 -0.055732
v -0.701904 -0.412683 0.069122
v -0.665817 -0.446706 -0.023992
v -0.668384 -0.449016 0.038060
v -0.729427 -0.368243 -0.025088
v -0.732121 -0.369710 0.037525
v -0.588585 -0.364388 -0.435521
v -0.529631 -0.330433 -0.545012
v -0.606778 -0.316462 -0.466640
v -0.576515 -0.297934 -0.520740
v -0.541977 -0.394684 -0.460273
v -0.511850 -0.378208 -0.514093
v -0.765474 -0.269033 -0.151020
v -0.817339 -0.165705 -0.087486
v -0.778856 -0.214759 -0.182434
v -0.805238 -0.163339 -0.149889
v -0.776673 -0.271792 -0.088122
v -0.803539 -0.220780 -0.056740
v -0.598601 -0.373134 0.435411
v -0.536926 -0.336836 0.545146
v -0.616912 -0.321203 0.466381
v -0.587526 -0.303647 0.523087
v -0.550769 -0.409942 0.461620
v -0.520833 -0.393712 0.516289
v -0.776504 -0.272479 0.162487
v -0.826765 -0.168990 0.097995
v -0.794322 -0.219621 0.193514
v -0.817746 -0.166906 0.160986
v -0.785957 -0.275962 0.099264
v -0.809224 -0.223317 0.067444
v 0.425937 -0.577582 0.390186
v 0.537832 -0.516734 0.344142
v 0.454782 -0.582211 0.331114
v 0.509700 -0.552077 0.308593
v 0.454773 -0.540750 0.425694
v 0.510757 -0.508854 0.401756
v 0.349027 -0.571004 0.570643
v 0.378942 -0.442350 0.610324
v 0.320099 -0.558150 0.625793
v 0.329108 -0.483930 0.636038
v 0.396031 -0.522258 0.538264
v 0.414422 -0.464935 0.562909
v 0.408611 -0.523497 -0.359337
v 0.516185 -0.475651 -0.325433
v 0.431762 -0.535565 -0.301327
v 0.485015 -0.509513 -0.283524
v 0.440460 -0.488409 -0.403852
v 0.493782 -0.466299 -0.386748
v 0.327574 -0.481171 -0.523394
v 0.376610 -0.413166 -0.600336
v 0.296605 -0.466167 -0.573198
v 0.320448 -0.432737 -0.610773
v 0.384949 -0.463162 -0.513754
v 0.409473 -0.429899 -0.552376
v 0.695911 -0.408833 -0.055727
v 0.701907 -0.412694 0.069125
v 0.665822 -0.446681 -0.023993
v 0.668415 -0.449035 0.038077
v 0.729480 -0.368275 -0.025101
v 0.732122 -0.369702 0.037527
v 0.588636 -0.364408 -0.435529
v 0.529621 -0.330421 -0.545005
v 0.606781 -0.316476 -0.466632
v 0.576515 -0.297933 -0.520738
v 0.541979 -0.394698 -0.460266
v 0.511841 -0.378201 -0.514078
v 0.765477 -0.269020 -0.151026
v 0.817341 -0.165699 -0.087478
v 0.778871 -0.214770 -0.182400
v 0.805235 -0.163341 -0.149892
v 0.776666 -0.271789 -0.088124
v 0.803538 -0.220772 -0.056747
v 0.598560 -0.373084 0.435462
v 0.537118 -0.336949 0.545068
v 0.616956 -0.321167 0.466353
v 0.587595 -0.303589 0.523093
v 0.550672 -0.409923 0.461605
v 0.520780 -0.393784 0.516429
v 0.776501 -0.272479 0.162491
v 0.826760 -0.168984 0.097988
v 0.794326 -0.219612 0.193520
v 0.817741 -0.166904 0.160991
v 0.785974 -0.275967 0.099268
v 0.809222 -0.223319 0.067444
v 0.174700 -0.098985 0.830270
v 0.284786 -0.162098 0.791317
v 0.173712 -0.159282 0.822701
v 0.227895 -0.189857 0.801397
v 0.231306 -0.067614 0.819082
v 0.286278 -0.100196 0.800495
v -0.174688 -0.098988 0.830273
v -0.284743 -0.162102 0.791323
v -0.173687 -0.159271 0.822698
v -0.227798 -0.189889 0.801438
v -0.231320 -0.067606 0.819103
v -0.286310 -0.100204 0.800480
v 0.175266 0.095312 0.830624
v 0.285444 0.162737 0.791943
v 0.174270 0.159856 0.823225
v 0.228950 0.192906 0.802464
v 0.231917 0.063466 0.819302
v 0.287007 0.097439 0.800652
v -0.175270 0.095310 0.830622
v -0.285431 0.162724 0.791958
v -0.174263 0.159848 0.823230
v -0.228942 0.192902 0.802467
v -0.231927 0.063470 0.819299
v -0.287016 0.097435 0.800652
v 0.440884 -0.068781 0.731934
v 0.441486 0.066412 0.732459
v 0.489245 -0.034993 0.704015
v 0.489831 0.032574 0.704619
v 0.391583 -0.035181 0.759984
v 0.391883 0.032153 0.760230
v -0.440892 -0.068776 0.731936
v -0.441457 0.066418 0.732444
v -0.489268 -0.034988 0.704009
v -0.489848 0.032583 0.704621
v -0.391630 -0.035189 0.760054
v -0.391893 0.032164 0.760208
v 0.175101 -0.095179 -0.830271
v 0.283783 -0.162601 -0.789938
v 0.173826 -0.160020 -0.821730
v 0.228042 -0.193235 -0.800861
v 0.231450 -0.063235 -0.818407
v 0.286037 -0.097042 -0.799204
v -0.175097 -0.095179 -0.830273
v -0.283784 -0.162604 -0.789939
v -0.173824 -0.160020 -0.821730
v -0.228044 -0.193234 -0.800862
v -0.231448 -0.063236 -0.818409
v -0.286036 -0.097049 -0.799206
v 0.173615 0.099241 -0.829629
v 0.280769 0.164625 -0.788967
v 0.171548 0.161686 -0.820347
v 0.225146 0.194365 -0.800488
v 0.230116 0.067908 -0.818279
v 0.283874 0.100925 -0.798341
v -0.173608 0.099240 -0.829636
v -0.280765 0.164621 -0.788962
v -0.171538 0.161683 -0.820352
v -0.225148 0.194361 -0.800500
v -0.230107 0.067902 -0.818243
v -0.283872 0.100932 -0.798338
v 0.439531 -0.064981 -0.729201
v 0.439473 0.068506 -0.729422
v 0.486997 -0.031630 -0.701276
v 0.487129 0.034809 -0.701269
v 0.391251 -0.031265 -0.758724
v 0.390971 0.035579 -0.758650
v -0.439531 -0.064981 -0.729204
v -0.439471 0.068504 -0.729423
v -0.486996 -0.031630 -0.701279
v -0.487126 0.034805 -0.701266
v -0.391250 -0.031268 -0.758726
v -0.390969 0.035576 -0.758651
v -0.343556 0.631735 0.043597
v -0.344505 0.636293 -0.037500
v -0.286415 0.648432 0.045153
v -0.287470 0.654301 -0.041178
v -0.426812 0.599113 0.070674
v -0.320414 0.633403 0.087345
v -0.411738 0.597829 0.119428
v -0.431328 0.607577 -0.063745
v -0.322545 0.644318 -0.085002
v -0.416201 0.612812 -0.115668
v -0.478360 0.583008 0.003817
v -0.467289 0.591161 -0.098763
v -0.516400 0.562434 -0.023036
v -0.462240 0.578105 0.104506
v -0.515839 0.559995 0.030907
v 0.343559 0.631730 0.043620
v 0.344508 0.636194 -0.037535
v 0.286362 0.648409 0.045170
v 0.287471 0.654201 -0.041211
v 0.426815 0.599100 0.070672
v 0.320463 0.633385 0.087373
v 0.411659 0.597818 0.119380
v 0.431401 0.607544 -0.063711
v 0.322410 0.644512 -0.084928
v 0.416072 0.612872 -0.115836
v 0.478334 0.583016 0.003823
v 0.467478 0.591030 -0.098651
v 0.516392 0.562453 -0.022996
v 0.462215 0.578109 0.104492
v 0.515827 0.560050 0.030890
v -0.352145 -0.658875 0.048201
v -0.352805 -0.667309 -0.039610
v -0.296125 -0.680713 0.051483
v -0.304321 -0.703478 -0.042845
v -0.439065 -0.624848 0.076596
v -0.330030 -0.664060 0.097761
v -0.425507 -0.629894 0.129451
v -0.429054 -0.617864 -0.063114
v -0.337692 -0.691296 -0.088856
v -0.412531 -0.620577 -0.114223
v -0.487686 -0.597165 0.006500
v -0.460873 -0.589360 -0.095885
v -0.520594 -0.568190 -0.019762
v -0.477317 -0.607566 0.112726
v -0.524479 -0.574082 0.034883
v 0.352112 -0.659157 0.048207
v 0.353292 -0.667644 -0.039213
v 0.296551 -0.681186 0.051710
v 0.304071 -0.703205 -0.042762
v 0.439147 -0.624879 0.076771
v 0.329534 -0.664119 0.097377
v 0.425269 -0.629835 0.129662
v 0.429569 -0.617601 -0.063224
v 0.337647 -0.691128 -0.088817
v 0.412754 -0.620316 -0.114431
v 0.487587 -0.597452 0.006507
v 0.460970 -0.589658 -0.095902
v 0.520434 -0.568348 -0.019775
v 0.477298 -0.607508 0.112703
v 0.524530 -0.574063 0.034830
v -0.000073 -0.545864 0.707583
v -0.078024 -0.485330 0.720784
v -0.033571 -0.597440 0.691468
v -0.119900 -0.535064 0.708999
v 0.077943 -0.485006 0.720611
v 0.032984 -0.597690 0.692005
v 0.119534 -0.534751 0.708468
v 0.046507 -0.388844 0.750287
v -0.046306 -0.389335 0.750092
v 0.051046 -0.329980 0.771814
v -0.050722 -0.330144 0.772112
v 0.133202 -0.467811 0.718831
v 0.098193 -0.364489 0.753879
v -0.133373 -0.467953 0.718746
v -0.098289 -0.364104 0.754008
v -0.000002 0.473367 0.664245
v -0.075484 0.444399 0.701280
v -0.028790 0.494408 0.625582
v -0.110976 0.464177 0.666134
v 0.075479 0.444394 0.701267
v 0.028783 0.494412 0.625583
v 0.110977 0.464186 0.666152
v 0.047503 0.384196 0.754248
v -0.047509 0.384204 0.754253
v 0.052244 0.334899 0.779791
v -0.052243 0.334899 0.779789
v 0.130491 0.431939 0.702473
v 0.100830 0.363800 0.761689
v -0.130496 0.431956 0.702487
v -0.100828 0.363791 0.761676
v -0.000003 -0.465667 -0.661816
v -0.076033 -0.437814 -0.698675
v -0.028615 -0.486794 -0.623961
v -0.110874 -0.456795 -0.664226
v 0.076036 -0.437808 -0.698674
v 0.028625 -0.486808 -0.623961
v 0.110864 -0.456883 -0.664279
v 0.047344 -0.380924 -0.752139
v -0.047338 -0.380932 -0.752138
v 0.051854 -0.333582 -0.778344
v -0.051852 -0.333595 -0.778355
v 0.131404 -0.426517 -0.700237
v 0.100539 -0.360179 -0.757442
v -0.131407 -0.426517 -0.700229
v -0.100537 -0.360170 -0.757434
v -0.000100 0.500262 -0.677433
v -0.075561 0.447470 -0.700031
v -0.030948 0.546528 -0.655693
v -0.112151 0.482952 -0.675271
v 0.075475 0.447735 -0.700228
v 0.030365 0.546628 -0.655797
v 0.112426 0.483096 -0.674771
v 0.046731 0.373609 -0.748459
v -0.046967 0.373645 -0.748520
v 0.051613 0.327430 -0.777050
v -0.051585 0.327507 -0.777028
v 0.129454 0.431360 -0.699340
v 0.099936 0.353354 -0.754483
v -0.129253 0.431344 -0.699168
v -0.100081 0.353267 -0.754458
v 0.707120 0.074336 -0.472788
v 0.753158 0.045670 -0.394289
v 0.702742 0.126721 -0.454786
v 0.752755 0.094630 -0.368347
v 0.706119 -0.072842 -0.471797
v 0.752144 -0.043968 -0.393618
v 0.701877 -0.127180 -0.454022
v 0.751523 -0.094655 -0.367617
v 0.682992 0.001481 -0.522620
v 0.675303 -0.110021 -0.503964
v 0.650421 -0.028249 -0.559425
v 0.676182 0.110333 -0.504921
v 0.650912 0.030736 -0.559915
v 0.772929 0.049030 -0.337289
v 0.771820 -0.048046 -0.336780
v 0.721852 0.075004 0.475223
v 0.773656 0.046242 0.396802
v 0.718926 0.129234 0.457045
v 0.775398 0.097468 0.371832
v 0.719935 -0.076639 0.475147
v 0.772117 -0.046762 0.396891
v 0.717161 -0.132156 0.457504
v 0.773015 -0.099250 0.372226
v 0.693860 -0.000608 0.526939
v 0.686845 -0.114276 0.507970
v 0.658875 -0.031216 0.564722
v 0.688609 0.111649 0.507695
v 0.659648 0.029281 0.564682
v 0.797235 0.050404 0.342140
v 0.795188 -0.050755 0.342350
v -0.707127 0.074339 -0.472785
v -0.753175 0.045694 -0.394296
v -0.702747 0.126717 -0.454773
v -0.752775 0.094639 -0.368337
v -0.706164 -0.072840 -0.471822
v -0.752128 -0.043966 -0.393607
v -0.701866 -0.127164 -0.454002
v -0.751523 -0.094651 -0.367619
v -0.683068 0.001490 -0.522661
v -0.675352 -0.110034 -0.504004
v -0.650401 -0.028250 -0.559422
v -0.676188 0.110336 -0.504930
v -0.650922 0.030726 -0.559921
v -0.772930 0.049026 -0.337288
v -0.771834 -0.048051 -0.336792
v -0.721863 0.074998 0.475232
v -0.773660 0.046237 0.396802
v -0.718912 0.129220 0.457045
v -0.775372 0.097453 0.371816
v -0.719971 -0.076655 0.475157
v -0.772133 -0.046776 0.396881
v -0.717184 -0.132144 0.457494
v -0.772946 -0.099239 0.372208
v -0.693857 -0.000609 0.526939
v -0.686842 -0.114265 0.507959
v -0.658874 -0.031204 0.564724
v -0.688596 0.111633 0.507682
v -0.659645 0.029276 0.564688
v -0.797242 0.050405 0.342134
v -0.795214 -0.050765 0.342352
v -0.044821 0.717244 0.022742
v -0.040441 0.729116 -0.037569
v -0.094611 0.703906 0.033880
v -0.093271 0.713845 -0.039153
v 0.044806 0.717253 0.022754
v 0.040470 0.729206 -0.037631
v 0.094635 0.703948 0.033886
v 0.093222 0.713884 -0.039123
v 0.000009 0.714120 0.047981
v -0.078615 0.699066 0.070037
v -0.020523 0.694135 0.107169
v 0.000053 0.739602 -0.070331
v -0.071678 0.721315 -0.079220
v -0.015783 0.735018 -0.120598
v 0.078618 0.699050 0.070036
v 0.020540 0.694150 0.107148
v 0.071815 0.721445 -0.079220
v 0.015853 0.735093 -0.120672
v -0.229038 0.609057 0.283810
v -0.325291 0.570902 0.330184
v -0.251923 0.618413 0.231934
v -0.349247 0.580256 0.276771
v -0.151065 0.568038 0.439316
v -0.244075 0.534371 0.486423
v -0.121726 0.551995 0.489671
v -0.213027 0.519029 0.535228
v -0.145226 0.606594 0.335637
v -0.192490 0.631843 0.231458
v -0.111796 0.629460 0.281344
v -0.333247 0.534632 0.430014
v -0.385346 0.555709 0.322809
v -0.391697 0.518997 0.420271
v -0.090561 0.574901 0.439861
v -0.086622 0.613425 0.334621
v -0.273194 0.507016 0.530614
v -0.363704 0.507463 0.473592
v -0.221698 0.663839 -0.324831
v -0.333551 0.645239 -0.363787
v -0.251858 0.663108 -0.258586
v -0.363562 0.640297 -0.304399
v -0.169189 0.710763 -0.504472
v -0.247220 0.604886 -0.526078
v -0.135659 0.663101 -0.548411
v -0.227368 0.588280 -0.581464
v -0.185037 0.814933 -0.422017
v -0.188691 0.680523 -0.268764
v -0.111960 0.719208 -0.348292
v -0.337270 0.591326 -0.457301
v -0.405698 0.634524 -0.358565
v -0.406125 0.571177 -0.443945
v -0.108887 0.711671 -0.501574
v -0.104219 0.752996 -0.400652
v -0.279904 0.553935 -0.558521
v -0.365998 0.543222 -0.489942
v -0.582469 0.464329 -0.240569
v -0.644926 0.439192 -0.149641
v -0.558547 0.504235 -0.205570
v -0.620002 0.478730 -0.116623
v -0.652994 0.333958 -0.345879
v -0.711226 0.302225 -0.249243
v -0.670673 0.285940 -0.377415
v -0.727252 0.251096 -0.280962
v -0.586742 0.413407 -0.339101
v -0.537919 0.500117 -0.268230
v -0.541301 0.448945 -0.365308
v -0.710328 0.360460 -0.152317
v -0.658927 0.445681 -0.087442
v -0.722374 0.365010 -0.088736
v -0.630844 0.324518 -0.408386
v -0.566520 0.403323 -0.401794
v -0.746652 0.257982 -0.216387
v -0.746198 0.316919 -0.120534
v -0.599859 0.471181 0.249675
v -0.656881 0.444821 0.161292
v -0.568397 0.501063 0.213594
v -0.625722 0.478212 0.127970
v -0.673382 0.348168 0.349308
v -0.731515 0.312884 0.257244
v -0.690570 0.296243 0.380241
v -0.750375 0.261405 0.288032
v -0.606116 0.429138 0.343999
v -0.550537 0.496204 0.273105
v -0.556407 0.457664 0.368549
v -0.721650 0.365706 0.163105
v -0.666071 0.448258 0.099726
v -0.731087 0.369862 0.100627
v -0.646962 0.335493 0.409216
v -0.579752 0.417872 0.403063
v -0.766057 0.266636 0.225237
v -0.755691 0.321169 0.131390
v 0.229039 0.609080 0.283825
v 0.325287 0.570882 0.330161
v 0.251922 0.618375 0.231896
v 0.349260 0.580264 0.276777
v 0.151052 0.568009 0.439282
v 0.244074 0.534388 0.486426
v 0.121723 0.551986 0.489663
v 0.213026 0.519029 0.535229
v 0.145238 0.606602 0.335654
v 0.192485 0.631852 0.231458
v 0.111794 0.629466 0.281349
v 0.090564 0.574919 0.439871
v 0.086616 0.613436 0.334629
v 0.333250 0.534659 0.430014
v 0.385377 0.555729 0.322837
v 0.391693 0.518976 0.420262
v 0.273184 0.507001 0.530602
v 0.363723 0.507443 0.473617
v 0.221507 0.663919 -0.324725
v 0.333169 0.643201 -0.362799
v 0.252090 0.663290 -0.258541
v 0.364648 0.640410 -0.305019
v 0.168888 0.710077 -0.504483
v 0.247442 0.604645 -0.526355
v 0.135925 0.662487 -0.547694
v 0.228155 0.588870 -0.582015
v 0.185052 0.814937 -0.421970
v 0.188653 0.680957 -0.268686
v 0.111924 0.719046 -0.348353
v 0.108587 0.711677 -0.501629
v 0.104413 0.753309 -0.400772
v 0.337182 0.591869 -0.457283
v 0.405655 0.634947 -0.356099
v 0.404862 0.569838 -0.443762
v 0.279895 0.554077 -0.558715
v 0.366298 0.543024 -0.489770
v 0.582752 0.464621 -0.240541
v 0.645057 0.439148 -0.149682
v 0.558967 0.504404 -0.205434
v 0.619916 0.478661 -0.116657
v 0.652981 0.333986 -0.345877
v 0.711283 0.302264 -0.249307
v 0.670660 0.285947 -0.377404
v 0.727234 0.251109 -0.280941
v 0.586652 0.413739 -0.339126
v 0.537852 0.500209 -0.268253
v 0.541161 0.449439 -0.365202
v 0.710391 0.360517 -0.152346
v 0.658936 0.445683 -0.087469
v 0.722379 0.365013 -0.088745
v 0.630835 0.324534 -0.408390
v 0.566567 0.403132 -0.401819
v 0.746652 0.257982 -0.216367
v 0.746199 0.316936 -0.120544
v 0.599859 0.471182 0.249671
v 0.656886 0.444832 0.161291
v 0.568400 0.501088 0.213595
v 0.625728 0.478227 0.127965
v 0.673421 0.348200 0.349332
v 0.731517 0.312890 0.257253
v 0.690577 0.296252 0.380246
v 0.750378 0.261411 0.288032
v 0.606109 0.429136 0.343991
v 0.550556 0.496218 0.273118
v 0.556441 0.457687 0.368572
v 0.721646 0.365710 0.163103
v 0.666040 0.448218 0.099711
v 0.731082 0.369872 0.100621
v 0.646907 0.335452 0.409187
v 0.579755 0.417876 0.403061
v 0.766058 0.266638 0.225237
v 0.755694 0.321157 0.131400
v -0.045734 -0.755510 0.065027
v -0.067969 -0.749707 -0.018330
v -0.098761 -0.739195 0.059224
v -0.123936 -0.751018 -0.032868
v 0.045721 -0.755516 0.064961
v 0.067819 -0.749668 -0.018617
v 0.098620 -0.739349 0.059232
v 0.123797 -0.750971 -0.032442
v -0.000040 -0.760896 0.106294
v -0.070262 -0.744303 0.104833
v -0.014867 -0.755751 0.150247
v -0.000019 -0.736389 -0.055345
v -0.106112 -0.750672 -0.078496
v -0.028753 -0.720770 -0.114534
v 0.070244 -0.744368 0.104728
v 0.014692 -0.755793 0.150353
v 0.106232 -0.750158 -0.077983
v 0.028867 -0.720752 -0.114566
v -0.234726 -0.678649 0.335164
v -0.333608 -0.636307 0.371422
v -0.258194 -0.673653 0.268980
v -0.359053 -0.633693 0.306057
v -0.186007 -0.809652 0.549992
v -0.296474 -0.705244 0.588480
v -0.151449 -0.788071 0.625425
v -0.274570 -0.706802 0.663139
v -0.154780 -0.719309 0.411467
v -0.195601 -0.692884 0.275999
v -0.113798 -0.718737 0.343097
v -0.345773 -0.617989 0.479513
v -0.394080 -0.608645 0.350837
v -0.399233 -0.575726 0.451007
v -0.109336 -0.755940 0.540460
v -0.093488 -0.732474 0.408113
v -0.310080 -0.632574 0.612623
v -0.373931 -0.574848 0.511241
v -0.242554 -0.670126 -0.303564
v -0.323644 -0.589348 -0.329074
v -0.279097 -0.713133 -0.266738
v -0.349733 -0.607369 -0.277117
v -0.150637 -0.576729 -0.442517
v -0.239542 -0.530437 -0.484921
v -0.120487 -0.553089 -0.491097
v -0.209937 -0.511724 -0.535213
v -0.150686 -0.640366 -0.347055
v -0.217169 -0.739630 -0.274119
v -0.121092 -0.673785 -0.297403
v -0.326497 -0.530624 -0.425658
v -0.378154 -0.562820 -0.316264
v -0.383999 -0.509851 -0.416101
v -0.090725 -0.585129 -0.444841
v -0.090817 -0.643558 -0.346890
v -0.269936 -0.497789 -0.531667
v -0.356633 -0.495754 -0.470458
v -0.584906 -0.457745 -0.238733
v -0.646608 -0.437931 -0.147874
v -0.557070 -0.491697 -0.201654
v -0.619177 -0.472986 -0.114675
v -0.653149 -0.337268 -0.343844
v -0.712021 -0.306022 -0.247658
v -0.671264 -0.289485 -0.376441
v -0.727721 -0.255147 -0.279960
v -0.589477 -0.413298 -0.338886
v -0.536743 -0.483987 -0.262967
v -0.543892 -0.442025 -0.365340
v -0.711157 -0.362928 -0.150634
v -0.659680 -0.444279 -0.085885
v -0.723071 -0.366863 -0.087708
v -0.631265 -0.328427 -0.406990
v -0.567782 -0.405707 -0.401956
v -0.747005 -0.262223 -0.215148
v -0.746274 -0.319959 -0.119518
v -0.601993 -0.483079 0.254618
v -0.657067 -0.448567 0.162427
v -0.573976 -0.519372 0.221183
v -0.628471 -0.486091 0.130713
v -0.671600 -0.348917 0.349074
v -0.730510 -0.314465 0.257446
v -0.688864 -0.297451 0.379787
v -0.749055 -0.263594 0.288541
v -0.605528 -0.435335 0.346642
v -0.557827 -0.518669 0.282940
v -0.559055 -0.472153 0.374623
v -0.720828 -0.366792 0.162930
v -0.666890 -0.450547 0.100253
v -0.730845 -0.370913 0.100121
v -0.645303 -0.336304 0.408394
v -0.579293 -0.423913 0.404842
v -0.764881 -0.268792 0.225808
v -0.754940 -0.322965 0.131270
v 0.234681 -0.678796 0.335166
v 0.333934 -0.636071 0.371235
v 0.258138 -0.673425 0.269467
v 0.358858 -0.633375 0.306249
v 0.188626 -0.809112 0.550177
v 0.296436 -0.705511 0.588149
v 0.153826 -0.788721 0.625142
v 0.273786 -0.708180 0.663214
v 0.155133 -0.719067 0.411838
v 0.195740 -0.692825 0.276195
v 0.113885 -0.718228 0.343346
v 0.110695 -0.759129 0.541201
v 0.094161 -0.733076 0.407848
v 0.345995 -0.618371 0.479423
v 0.394513 -0.608993 0.350418
v 0.398941 -0.575606 0.450810
v 0.309981 -0.632938 0.612409
v 0.373990 -0.575021 0.511273
v 0.242335 -0.670334 -0.303569
v 0.323466 -0.589325 -0.328821
v 0.280230 -0.716075 -0.268383
v 0.349961 -0.607417 -0.277247
v 0.150575 -0.576691 -0.442175
v 0.239671 -0.530458 -0.485022
v 0.120269 -0.552891 -0.490816
v 0.209939 -0.511608 -0.535285
v 0.150747 -0.640442 -0.346722
v 0.215919 -0.738311 -0.273056
v 0.120514 -0.673349 -0.297343
v 0.090697 -0.585126 -0.444842
v 0.090766 -0.643472 -0.347028
v 0.326333 -0.530989 -0.425345
v 0.378308 -0.562955 -0.316372
v 0.384197 -0.509847 -0.416408
v 0.269917 -0.497626 -0.531771
v 0.356593 -0.495784 -0.470660
v 0.584903 -0.457699 -0.238714
v 0.646552 -0.437939 -0.147897
v 0.557348 -0.491758 -0.201770
v 0.619154 -0.473093 -0.114688
v 0.653165 -0.337263 -0.343847
v 0.711994 -0.305995 -0.247655
v 0.671273 -0.289509 -0.376444
v 0.727710 -0.255166 -0.279946
v 0.589442 -0.413235 -0.338885
v 0.536877 -0.483909 -0.263134
v 0.543986 -0.441939 -0.365416
v 0.711143 -0.362901 -0.150634
v 0.659759 -0.444320 -0.085906
v 0.723037 -0.366860 -0.087698
v 0.631268 -0.328427 -0.406983
v 0.567752 -0.405708 -0.401956
v 0.747007 -0.262220 -0.215151
v 0.746303 -0.319961 -0.119527
v 0.602051 -0.483073 0.254599
v 0.657104 -0.448619 0.162422
v 0.574007 -0.519365 0.221213
v 0.628454 -0.486132 0.130691
v 0.671602 -0.348906 0.349019
v 0.730494 -0.314485 0.257449
v 0.688905 -0.297428 0.379790
v 0.749041 -0.263606 0.288553
v 0.605640 -0.435359 0.346635
v 0.557833 -0.518663 0.282993
v 0.559030 -0.472097 0.374730
v 0.720805 -0.366809 0.162932
v 0.666875 -0.450570 0.100266
v 0.730843 -0.370916 0.100123
v 0.645325 -0.336314 0.408301
v 0.579294 -0.424007 0.404915
v 0.764884 -0.268799 0.225813
v 0.754941 -0.322970 0.131272
v 0.058834 -0.098441 0.846089
v -0.058826 -0.098463 0.846086
v 0.058588 -0.157909 0.839092
v -0.058657 -0.157892 0.839094
v 0.059008 0.094237 0.846632
v -0.058983 0.094241 0.846635
v 0.058718 0.158208 0.839558
v -0.058714 0.158205 0.839559
v 0.117460 -0.003076 0.844230
v 0.117064 -0.129068 0.837180
v 0.175019 -0.035311 0.833924
v -0.117480 -0.003066 0.844235
v -0.117061 -0.129073 0.837182
v -0.175009 -0.035306 0.833905
v 0.117427 0.126934 0.837769
v 0.175319 0.029908 0.834171
v -0.117412 0.126927 0.837773
v -0.175334 0.029923 0.834171
v 0.354760 -0.348513 0.673998
v 0.325451 -0.253531 0.737815
v 0.299127 -0.381919 0.688358
v 0.267095 -0.282671 0.744911
v 0.515793 -0.254451 0.623404
v 0.484621 -0.165940 0.688847
v 0.564937 -0.222983 0.601005
v 0.531635 -0.133545 0.662327
v 0.447231 -0.344255 0.613665
v 0.340575 -0.414361 0.651941
v 0.431150 -0.405025 0.587600
v 0.552489 -0.280306 0.574341
v 0.484327 -0.370186 0.566267
v 0.389295 -0.164652 0.746280
v 0.278829 -0.221197 0.772315
v 0.339055 -0.132562 0.775769
v 0.487432 -0.101597 0.698689
v 0.390911 -0.101410 0.755795
v -0.354282 -0.348625 0.673747
v -0.325560 -0.253469 0.737967
v -0.299005 -0.381904 0.688289
v -0.266602 -0.283018 0.744789
v -0.515597 -0.254330 0.623408
v -0.484607 -0.165960 0.688837
v -0.564952 -0.222995 0.600990
v -0.531627 -0.133539 0.662332
v -0.447224 -0.344480 0.613540
v -0.340426 -0.414518 0.651988
v -0.431665 -0.405388 0.587816
v -0.552339 -0.280206 0.574336
v -0.484231 -0.370188 0.566147
v -0.389286 -0.164682 0.746332
v -0.278796 -0.221197 0.772429
v -0.339032 -0.132563 0.775725
v -0.487430 -0.101591 0.698691
v -0.390914 -0.101421 0.755798
v 0.360774 0.347308 0.680808
v 0.329269 0.258722 0.744625
v 0.304815 0.372733 0.690337
v 0.272640 0.286464 0.753964
v 0.516409 0.256110 0.626822
v 0.484212 0.165196 0.688689
v 0.565113 0.222725 0.602384
v 0.532010 0.131113 0.662108
v 0.451299 0.343490 0.618448
v 0.344400 0.399132 0.648555
v 0.434002 0.394480 0.585973
v 0.554027 0.282068 0.578692
v 0.487467 0.367539 0.569019
v 0.388815 0.165469 0.746698
v 0.280755 0.226092 0.776089
v 0.339207 0.131541 0.775841
v 0.488067 0.099542 0.699167
v 0.391258 0.099436 0.756182
v -0.360780 0.347323 0.680820
v -0.329269 0.258732 0.744631
v -0.304797 0.372725 0.690330
v -0.272650 0.286466 0.753963
v -0.516441 0.256126 0.626857
v -0.484230 0.165209 0.688720
v -0.565083 0.222711 0.602356
v -0.532008 0.131115 0.662114
v -0.451344 0.343569 0.618513
v -0.344385 0.399126 0.648549
v -0.433992 0.394490 0.585969
v -0.554006 0.282060 0.578681
v -0.487442 0.367523 0.569005
v -0.388804 0.165461 0.746688
v -0.280749 0.226096 0.776091
v -0.339195 0.131529 0.775836
v -0.488065 0.099521 0.699185
v -0.391276 0.099429 0.756220
v 0.058890 -0.094178 -0.845689
v -0.058888 -0.094178 -0.845660
v 0.058358 -0.158173 -0.837923
v -0.058355 -0.158169 -0.837894
v 0.058538 0.097677 -0.845038
v -0.058543 0.097681 -0.845061
v 0.057810 0.159170 -0.836465
v -0.057808 0.159172 -0.836474
v 0.117633 0.003183 -0.844591
v 0.117211 -0.126962 -0.837246
v 0.175293 -0.029638 -0.834114
v -0.117625 0.003177 -0.844542
v -0.117218 -0.126968 -0.837302
v -0.175303 -0.029637 -0.834135
v 0.116138 0.129519 -0.836203
v 0.174705 0.035408 -0.833867
v -0.116138 0.129524 -0.836235
v -0.174725 0.035429 -0.833948
v 0.356203 -0.342354 -0.675206
v 0.325927 -0.257691 -0.741147
v 0.300967 -0.367790 -0.686315
v 0.270963 -0.286870 -0.752672
v 0.511031 -0.254559 -0.622981
v 0.481102 -0.164241 -0.685086
v 0.557053 -0.220522 -0.597200
v 0.527362 -0.130384 -0.657990
v 0.447949 -0.341243 -0.617288
v 0.339965 -0.391323 -0.644219
v 0.430018 -0.389348 -0.585979
v 0.544962 -0.277772 -0.573394
v 0.480424 -0.360397 -0.566504
v 0.386749 -0.164309 -0.743585
v 0.278866 -0.226255 -0.774363
v 0.337692 -0.130757 -0.773475
v 0.484898 -0.098313 -0.695484
v 0.390130 -0.098179 -0.754116
v -0.356208 -0.342354 -0.675200
v -0.325925 -0.257691 -0.741148
v -0.300973 -0.367788 -0.686308
v -0.270965 -0.286871 -0.752672
v -0.511053 -0.254587 -0.623011
v -0.481106 -0.164231 -0.685087
v -0.557070 -0.220548 -0.597231
v -0.527412 -0.130418 -0.658080
v -0.447954 -0.341246 -0.617286
v -0.339981 -0.391321 -0.644223
v -0.429998 -0.389277 -0.585948
v -0.544962 -0.277772 -0.573392
v -0.480444 -0.360417 -0.566523
v -0.386750 -0.164308 -0.743586
v -0.278867 -0.226254 -0.774365
v -0.337694 -0.130760 -0.773476
v -0.484903 -0.098310 -0.695483
v -0.390132 -0.098181 -0.754118
v 0.355314 0.338702 -0.672949
v 0.323036 0.256410 -0.739275
v 0.298007 0.364155 -0.682513
v 0.268543 0.284173 -0.750565
v 0.509634 0.252195 -0.621839
v 0.480280 0.164905 -0.684243
v 0.556020 0.218402 -0.596406
v 0.527488 0.131203 -0.657822
v 0.448210 0.336979 -0.615987
v 0.338404 0.390245 -0.641697
v 0.428999 0.386462 -0.582816
v 0.543797 0.274330 -0.572755
v 0.480382 0.356811 -0.565560
v 0.384442 0.165954 -0.742558
v 0.275703 0.226361 -0.773534
v 0.335405 0.133637 -0.772717
v 0.485097 0.100604 -0.695610
v 0.389031 0.101702 -0.753722
v -0.355313 0.338668 -0.672952
v -0.323008 0.256425 -0.739264
v -0.298060 0.364119 -0.682424
v -0.268519 0.284188 -0.750549
v -0.509642 0.252181 -0.621839
v -0.480276 0.164895 -0.684246
v -0.556027 0.218392 -0.596409
v -0.527491 0.131199 -0.657824
v -0.448254 0.337062 -0.616077
v -0.338181 0.390314 -0.641617
v -0.428874 0.386520 -0.582804
v -0.543785 0.274331 -0.572754
v -0.480341 0.356877 -0.565582
v -0.384442 0.165943 -0.742551
v -0.275695 0.226367 -0.773536
v -0.335400 0.133636 -0.772716
v -0.485098 0.100602 -0.695610
v -0.389028 0.101701 -0.753722
v 0.843321 0.054722 -0.087344
v 0.841339 -0.054779 -0.087162
v 0.831593 0.054008 -0.149094
v 0.829920 -0.053790 -0.148963
v 0.852495 0.056110 0.096052
v 0.850709 -0.055890 0.096664
v 0.843668 0.055654 0.158669
v 0.842005 -0.055424 0.159299
v 0.844094 0.110228 0.004135
v 0.828141 0.108086 -0.118561
v 0.827195 0.164118 -0.026442
v 0.839202 0.111069 0.127750
v 0.828864 0.165278 0.035236
v 0.841809 -0.112036 0.004804
v 0.825922 -0.109611 -0.118163
v 0.825830 -0.167320 -0.025707
v 0.837306 -0.112259 0.128668
v 0.827487 -0.168256 0.035981
v -0.843342 0.054718 -0.087342
v -0.841336 -0.054784 -0.087160
v -0.831616 0.054015 -0.149104
v -0.829909 -0.053791 -0.148948
v -0.852498 0.056114 0.096047
v -0.850710 -0.055898 0.096655
v -0.843660 0.055653 0.158670
v -0.842003 -0.055425 0.159293
v -0.844104 0.110220 0.004137
v -0.828188 0.108087 -0.118553
v -0.827194 0.164110 -0.026451
v -0.839195 0.111067 0.127734
v -0.828861 0.165275 0.035234
v -0.841788 -0.112028 0.004805
v -0.825917 -0.109624 -0.118189
v -0.825825 -0.167325 -0.025712
v -0.837353 -0.112269 0.128658
v -0.827479 -0.168252 0.035986
v -0.198216 0.666740 0.086915
v -0.236548 0.646716 0.134059
v -0.199152 0.682532 -0.090933
v -0.238274 0.670773 -0.142817
v -0.175866 0.662450 0.130989
v -0.175797 0.688740 -0.144638
v -0.428469 0.569698 0.211517
v -0.483515 0.550495 0.196218
v -0.464669 0.545120 0.253230
v -0.434162 0.598578 -0.217243
v -0.485809 0.570902 -0.195100
v -0.465642 0.573378 -0.258589
v -0.593855 0.510802 -0.024768
v -0.594926 0.509657 0.034859
v -0.632042 0.480843 0.005766
v 0.198230 0.666754 0.086962
v 0.236544 0.646705 0.134062
v 0.199195 0.682561 -0.090811
v 0.238415 0.670852 -0.142728
v 0.175877 0.662424 0.130971
v 0.175766 0.688816 -0.145067
v 0.428483 0.569691 0.211530
v 0.483535 0.550524 0.196240
v 0.464669 0.545124 0.253230
v 0.434194 0.599023 -0.217846
v 0.485738 0.571029 -0.195289
v 0.465965 0.573278 -0.258956
v 0.593821 0.510810 -0.024790
v 0.594941 0.509645 0.034842
v 0.632058 0.480810 0.005750
v -0.205492 -0.703018 0.106214
v -0.243813 -0.686697 0.157130
v -0.233747 -0.788497 -0.091957
v -0.279350 -0.785769 -0.158809
v -0.179663 -0.705905 0.159938
v -0.205655 -0.801485 -0.157557
v -0.449101 -0.615857 0.230583
v -0.497683 -0.585438 0.209834
v -0.479210 -0.584859 0.270662
v -0.423599 -0.581933 -0.205661
v -0.474712 -0.552006 -0.186255
v -0.453967 -0.544975 -0.243754
v -0.594837 -0.510808 -0.022164
v -0.597268 -0.515222 0.037605
v -0.632884 -0.481794 0.007310
v 0.205975 -0.703439 0.106366
v 0.243999 -0.686757 0.157380
v 0.233711 -0.788395 -0.091959
v 0.279157 -0.785761 -0.158541
v 0.179867 -0.705996 0.160057
v 0.205268 -0.801543 -0.157428
v 0.449035 -0.615865 0.230518
v 0.497662 -0.585398 0.209812
v 0.479129 -0.584890 0.270657
v 0.423581 -0.582204 -0.205287
v 0.474511 -0.552074 -0.186118
v 0.453968 -0.544968 -0.243700
v 0.594806 -0.510846 -0.022201
v 0.597255 -0.515272 0.037575
v 0.632916 -0.481812 0.007307
v -0.038468 -0.680674 0.634548
v 0.038311 -0.680746 0.634352
v -0.230283 -0.569391 0.691553
v -0.235445 -0.487655 0.690812
v 0.000013 -0.686675 0.581528
v -0.282305 -0.528821 0.665677
v 0.229585 -0.569313 0.691024
v 0.235300 -0.487381 0.690412
v 0.281758 -0.529070 0.665905
v 0.112126 -0.241631 0.807474
v 0.161772 -0.276213 0.779539
v -0.112130 -0.241733 0.807591
v -0.161623 -0.276094 0.779423
v 0.170048 -0.215979 0.807319
v -0.170045 -0.216064 0.807346
v -0.030288 0.537002 0.537656
v 0.030286 0.537023 0.537667
v -0.206508 0.474160 0.624732
v -0.228339 0.438439 0.662144
v -0.000002 0.557407 0.489195
v -0.266057 0.460009 0.619817
v 0.206514 0.474155 0.624726
v 0.228356 0.438455 0.662156
v 0.266059 0.460001 0.619818
v 0.113380 0.251817 0.810690
v 0.165730 0.282913 0.788711
v -0.113380 0.251822 0.810689
v -0.165733 0.282904 0.788702
v 0.171432 0.222660 0.809542
v -0.171433 0.222665 0.809541
v -0.029866 -0.534184 -0.538585
v 0.029844 -0.534125 -0.538597
v -0.204114 -0.463865 -0.623126
v -0.226986 -0.431838 -0.660912
v 0.000036 -0.561028 -0.492956
v -0.262881 -0.449752 -0.618789
v 0.204116 -0.463912 -0.623150
v 0.226967 -0.431834 -0.660912
v 0.262858 -0.449781 -0.618781
v 0.112374 -0.251651 -0.807763
v 0.164837 -0.282681 -0.785274
v -0.112377 -0.251652 -0.807764
v -0.164846 -0.282681 -0.785273
v 0.170442 -0.222876 -0.806507
v -0.170444 -0.222877 -0.806507
v -0.036619 0.644284 -0.606143
v 0.035785 0.639080 -0.600342
v -0.208399 0.497884 -0.638514
v -0.225396 0.441653 -0.662447
v -0.000110 0.669698 -0.551240
v -0.264504 0.471501 -0.625712
v 0.208352 0.497539 -0.638260
v 0.225903 0.441590 -0.662639
v 0.263949 0.471465 -0.625804
v 0.111277 0.249626 -0.806840
v 0.163371 0.279386 -0.783593
v -0.111288 0.249600 -0.806855
v -0.163340 0.279422 -0.783574
v 0.168521 0.222681 -0.806740
v -0.168531 0.222674 -0.806740
v 0.660339 0.221879 -0.464857
v 0.631067 0.204069 -0.517714
v 0.768002 0.151614 -0.278091
v 0.792763 0.102929 -0.245046
v 0.619807 0.259789 -0.494330
v 0.788080 0.156288 -0.214254
v 0.661116 -0.224985 -0.464853
v 0.631963 -0.206811 -0.518070
v 0.766856 -0.153990 -0.277433
v 0.790951 -0.104044 -0.244536
v 0.621204 -0.263401 -0.494572
v 0.786824 -0.159102 -0.213635
v 0.573947 -0.031006 -0.633410
v 0.574579 0.033286 -0.634162
v 0.532469 0.001444 -0.669945
v 0.675795 0.227304 0.467241
v 0.644418 0.209067 0.522309
v 0.791751 0.157817 0.284819
v 0.815816 0.107173 0.252811
v 0.633317 0.266674 0.497682
v 0.808357 0.162219 0.222722
v 0.674570 -0.229897 0.467196
v 0.643419 -0.211488 0.522332
v 0.790001 -0.160394 0.285980
v 0.813768 -0.108416 0.253957
v 0.632253 -0.267386 0.496201
v 0.806773 -0.164434 0.224086
v 0.579519 -0.033908 0.638733
v 0.580218 0.031487 0.639118
v 0.536403 -0.001205 0.674213
v -0.660338 0.221875 -0.464859
v -0.631066 0.204058 -0.517702
v -0.768063 0.151623 -0.278093
v -0.792745 0.102932 -0.245054
v -0.619790 0.259772 -0.494318
v -0.788045 0.156288 -0.214253
v -0.661116 -0.224994 -0.464854
v -0.631939 -0.206812 -0.518059
v -0.766844 -0.153982 -0.277443
v -0.790936 -0.104040 -0.244535
v -0.621167 -0.263396 -0.494549
v -0.786813 -0.159091 -0.213632
v -0.573948 -0.031004 -0.633414
v -0.574580 0.033284 -0.634163
v -0.532468 0.001441 -0.669947
v -0.675784 0.227287 0.467233
v -0.644424 0.209084 0.522337
v -0.791749 0.157814 0.284816
v -0.815816 0.107168 0.252806
v -0.633300 0.266678 0.497700
v -0.808356 0.162220 0.222720
v -0.674557 -0.229903 0.467188
v -0.643417 -0.211482 0.522342
v -0.789993 -0.160400 0.285977
v -0.813766 -0.108418 0.253956
v -0.632181 -0.267409 0.496247
v -0.806776 -0.164444 0.224083
v -0.579526 -0.033906 0.638732
v -0.580211 0.031485 0.639123
v -0.536453 -0.001200 0.674264
v -0.026068 0.655117 0.222655
v 0.026070 0.655137 0.222654
v 0.000008 0.637097 0.278637
v -0.025849 0.724799 -0.263860
v 0.025480 0.725590 -0.263580
v 0.000137 0.727860 -0.329529
v -0.476833 0.471241 0.446380
v -0.446825 0.457106 0.500234
v -0.501372 0.435087 0.483372
v -0.467650 0.475045 -0.446172
v -0.438930 0.456784 -0.499446
v -0.489622 0.422951 -0.478887
v -0.759683 0.320943 0.005650
v -0.784414 0.270377 -0.026208
v -0.786956 0.271826 0.036499
v 0.476856 0.471278 0.446406
v 0.446813 0.457065 0.500211
v 0.501389 0.435086 0.483378
v 0.467706 0.475059 -0.446689
v 0.438758 0.456830 -0.499005
v 0.489306 0.423295 -0.479193
v 0.759648 0.320912 0.005641
v 0.784413 0.270378 -0.026200
v 0.786958 0.271822 0.036495
v -0.025354 -0.739761 0.274611
v 0.025180 -0.739996 0.274360
v -0.000270 -0.742630 0.336783
v -0.030177 -0.687691 -0.234871
v 0.030321 -0.687629 -0.234822
v -0.000097 -0.667131 -0.291956
v -0.480782 -0.497898 0.458192
v -0.448353 -0.483065 0.511920
v -0.502074 -0.447870 0.487571
v -0.468450 -0.455521 -0.445361
v -0.440004 -0.443285 -0.500271
v -0.492062 -0.420372 -0.481717
v -0.759621 -0.323269 0.005812
v -0.784303 -0.273775 -0.025644
v -0.786668 -0.274935 0.036716
v 0.480865 -0.498166 0.458156
v 0.448511 -0.483063 0.512040
v 0.501916 -0.447839 0.487722
v 0.468522 -0.455472 -0.445414
v 0.440015 -0.443216 -0.500320
v 0.492097 -0.420456 -0.481758
v 0.759601 -0.323245 0.005811
v 0.784303 -0.273775 -0.025649
v 0.786671 -0.274933 0.036717
v 0.286806 -0.035307 0.804416
v 0.287267 0.031049 0.804817
v 0.340263 -0.001851 0.784178
v -0.286805 -0.035299 0.804427
v -0.287271 0.031065 0.804818
v -0.340267 -0.001839 0.784151
v 0.286303 -0.030812 -0.802766
v 0.285695 0.035403 -0.802894
v 0.339284 0.002224 -0.782079
v -0.286303 -0.030814 -0.802769
v -0.285698 0.035410 -0.802896
v -0.339283 0.002221 -0.782080
f 1 647 644
f 1 644 643
f 1 643 645
f 1 645 646
f 1 646 647
f 2 649 652
f 6 672 670
f 12 702 699
f 11 696 695
f 8 679 681
f 4 662 659
f 4 659 658
f 4 658 660
f 4 660 661
f 4 661 662
f 5 666 665
f 3 654 657
f 7 673 677
f 9 685 686
f 10 692 688
f 12 701 698
f 6 669 668
f 2 650 648
f 8 682 678
f 11 697 693
f 6 671 669
f 12 700 701
f 11 694 697
f 8 680 682
f 2 651 650
f 10 690 689
f 5 663 664
f 3 655 653
f 7 676 674
f 9 687 684
f 10 691 690
f 5 667 663
f 3 656 655
f 7 675 676
f 9 683 687
f 6 668 672
f 2 648 649
f 8 678 679
f 11 693 696
f 12 698 702
f 10 688 691
f 5 665 667
f 3 657 656
f 7 677 675
f 9 686 683
f 5 664 666
f 3 653 654
f 7 674 673
f 9 684 685
f 10 689 692
f 6 670 671
f 12 699 700
f 11 695 694
f 8 681 680
f 2 652 651
f 35 837 838
f 18 735 736
f 19 742 741
f 40 868 867
f 42 880 879
f 34 832 831
f 33 827 828
f 25 778 780
f 36 844 846
f 20 749 747
f 32 819 820
f 23 765 767
f 24 773 771
f 37 850 849
f 41 876 875
f 34 833 834
f 33 826 825
f 25 779 777
f 36 845 843
f 20 748 750
f 17 729 727
f 14 711 709
f 13 706 703
f 15 718 715
f 16 724 721
f 18 737 733
f 35 839 835
f 42 882 878
f 40 870 866
f 19 744 740
f 30 807 805
f 27 789 787
f 22 762 758
f 28 797 793
f 29 802 799
f 32 821 817
f 23 766 763
f 24 774 770
f 37 852 848
f 41 874 872
f 35 838 836
f 18 736 734
f 19 741 739
f 40 867 865
f 42 879 877
f 34 831 829
f 33 828 824
f 25 780 776
f 36 846 842
f 20 747 745
f 32 820 818
f 23 767 764
f 24 771 769
f 37 849 847
f 41 875 871
f 34 834 830
f 33 825 823
f 25 777 775
f 36 843 841
f 20 750 746
f 14 714 710
f 13 707 704
f 15 719 716
f 16 725 722
f 17 732 728
f 21 755 752
f 31 814 811
f 26 784 781
f 38 857 853
f 39 862 860
f 27 792 788
f 22 759 757
f 28 796 794
f 29 803 800
f 30 810 806
f 31 815 812
f 26 785 782
f 38 856 854
f 39 863 859
f 21 754 751
f 14 712 714
f 13 705 707
f 15 717 719
f 16 723 725
f 17 730 732
f 21 753 755
f 31 816 814
f 26 786 784
f 38 858 857
f 39 861 862
f 27 791 792
f 22 761 759
f 28 795 796
f 29 801 803
f 30 808 810
f 31 813 815
f 26 783 785
f 38 855 856
f 39 864 863
f 21 756 754
f 14 709 712
f 13 703 705
f 15 715 717
f 16 721 723
f 17 727 730
f 21 751 753
f 31 812 816
f 26 782 786
f 38 854 858
f 39 859 861
f 27 787 791
f 22 758 761
f 28 793 795
f 29 799 801
f 30 805 808
f 31 811 813
f 26 781 783
f 38 853 855
f 39 860 864
f 21 752 756
f 17 728 731
f 14 710 713
f 13 704 708
f 15 716 720
f 16 722 726
f 18 734 738
f 35 836 840
f 42 877 881
f 40 865 869
f 19 739 743
f 30 806 809
f 27 788 790
f 22 757 760
f 28 794 798
f 29 800 804
f 32 818 822
f 23 764 768
f 24 769 772
f 37 847 851
f 41 871 873
f 35 835 837
f 18 733 735
f 19 740 742
f 40 866 868
f 42 878 880
f 34 830 832
f 33 823 827
f 25 775 778
f 36 841 844
f 20 746 749
f 32 817 819
f 23 763 765
f 24 770 773
f 37 848 850
f 41 872 876
f 34 829 833
f 33 824 826
f 25 776 779
f 36 842 845
f 20 745 748
f 17 731 729
f 14 713 711
f 13 708 706
f 15 720 718
f 16 726 724
f 18 738 737
f 35 840 839
f 42 881 882
f 40 869 870
f 19 743 744
f 30 809 807
f 27 790 789
f 22 760 762
f 28 798 797
f 29 804 802
f 32 822 821
f 23 768 766
f 24 772 774
f 37 851 852
f 41 873 874
f 107 1269 1270
f 103 1245 1246
f 104 1252 1251
f 110 1288 1287
f 113 1306 1305
f 118 1336 1335
f 154 1551 1552
f 141 1473 1474
f 162 1599 1600
f 121 1354 1353
f 142 1479 1480
f 129 1401 1402
f 130 1408 1407
f 144 1492 1491
f 146 1504 1503
f 151 1533 1534
f 131 1414 1413
f 136 1444 1443
f 161 1594 1593
f 126 1383 1384
f 116 1323 1324
f 108 1275 1276
f 106 1263 1264
f 112 1299 1300
f 115 1317 1318
f 119 1341 1342
f 156 1564 1563
f 139 1462 1461
f 160 1588 1587
f 120 1347 1348
f 149 1521 1522
f 132 1420 1419
f 128 1395 1396
f 145 1497 1498
f 148 1515 1516
f 155 1557 1558
f 133 1425 1426
f 134 1431 1432
f 157 1570 1569
f 124 1372 1371
f 109 1282 1281
f 105 1258 1257
f 111 1294 1293
f 114 1312 1311
f 117 1330 1329
f 125 1378 1377
f 152 1540 1539
f 137 1449 1450
f 158 1575 1576
f 123 1365 1366
f 143 1486 1485
f 127 1390 1389
f 135 1437 1438
f 147 1510 1509
f 150 1528 1527
f 153 1546 1545
f 140 1468 1467
f 138 1455 1456
f 159 1581 1582
f 122 1359 1360
f 107 1272 1271
f 103 1248 1247
f 104 1253 1254
f 110 1289 1290
f 113 1307 1308
f 118 1337 1338
f 154 1554 1553
f 141 1476 1475
f 162 1602 1601
f 121 1355 1356
f 142 1482 1481
f 129 1404 1403
f 130 1409 1410
f 144 1493 1494
f 146 1505 1506
f 151 1536 1535
f 131 1415 1416
f 136 1445 1446
f 161 1595 1596
f 126 1386 1385
f 47 909 907
f 44 891 889
f 43 886 883
f 45 898 895
f 46 904 901
f 49 922 919
f 72 1060 1057
f 102 1240 1237
f 96 1204 1201
f 79 1102 1099
f 62 999 997
f 59 981 979
f 58 976 973
f 60 988 985
f 61 994 991
f 66 1024 1021
f 54 952 949
f 73 1066 1063
f 85 1138 1135
f 92 1179 1177
f 101 1233 1231
f 69 1041 1039
f 50 927 925
f 82 1119 1117
f 97 1209 1207
f 71 1053 1051
f 100 1228 1225
f 94 1192 1189
f 80 1108 1105
f 51 933 931
f 90 1167 1165
f 63 1005 1003
f 55 957 955
f 76 1083 1081
f 87 1150 1147
f 91 1174 1171
f 67 1029 1027
f 56 963 961
f 75 1077 1075
f 83 1126 1123
f 68 1036 1033
f 48 915 913
f 78 1095 1093
f 93 1185 1183
f 98 1216 1213
f 88 1155 1153
f 65 1018 1015
f 57 970 967
f 77 1090 1087
f 86 1143 1141
f 64 1012 1009
f 53 945 943
f 74 1071 1069
f 84 1131 1129
f 89 1162 1159
f 70 1047 1045
f 99 1221 1219
f 95 1197 1195
f 81 1114 1111
f 52 940 937
f 109 1284 1280
f 105 1260 1256
f 111 1296 1292
f 114 1314 1310
f 117 1332 1328
f 125 1380 1376
f 152 1542 1538
f 137 1451 1447
f 158 1577 1573
f 123 1367 1363
f 143 1488 1484
f 127 1392 1388
f 135 1439 1435
f 147 1512 1508
f 150 1530 1526
f 153 1548 1544
f 140 1470 1466
f 138 1457 1453
f 159 1583 1579
f 122 1361 1357
f 107 1270 1268
f 103 1246 1244
f 104 1251 1249
f 110 1287 1285
f 113 1305 1303
f 118 1335 1333
f 154 1552 1550
f 141 1474 1472
f 162 1600 1598
f 121 1353 1351
f 142 1480 1478
f 129 1402 1400
f 130 1407 1405
f 144 1491 1489
f 146 1503 1501
f 151 1534 1532
f 131 1413 1411
f 136 1443 1441
f 161 1593 1591
f 126 1384 1382
f 116 1324 1322
f 108 1276 1274
f 106 1264 1262
f 112 1300 1298
f 115 1318 1316
f 119 1342 1340
f 156 1563 1561
f 139 1461 1459
f 160 1587 1585
f 120 1348 1346
f 149 1522 1520
f 132 1419 1417
f 128 1396 1394
f 145 1498 1496
f 148 1516 1514
f 155 1558 1556
f 133 1426 1424
f 134 1432 1430
f 157 1569 1567
f 124 1371 1369
f 109 1281 1279
f 105 1257 1255
f 111 1293 1291
f 114 1311 1309
f 117 1329 1327
f 125 1377 1375
f 152 1539 1537
f 137 1450 1448
f 158 1576 1574
f 123 1366 1364
f 143 1485 1483
f 127 1389 1387
f 135 1438 1436
f 147 1509 1507
f 150 1527 1525
f 153 1545 1543
f 140 1467 1465
f 138 1456 1454
f 159 1582 1580
f 122 1360 1358
f 107 1271 1267
f 103 1247 1243
f 104 1254 1250
f 110 1290 1286
f 113 1308 1304
f 118 1338 1334
f 154 1553 1549
f 141 1475 1471
f 162 1601 1597
f 121 1356 1352
f 142 1481 1477
f 129 1403 1399
f 130 1410 1406
f 144 1494 1490
f 146 1506 1502
f 151 1535 1531
f 131 1416 1412
f 136 1446 1442
f 161 1596 1592
f 126 1385 1381
f 44 894 890
f 43 887 884
f 45 899 896
f 46 905 902
f 47 912 908
f 52 941 938
f 70 1050 1046
f 99 1224 1220
f 95 1200 1196
f 81 1115 1112
f 59 984 980
f 58 977 974
f 60 989 986
f 61 995 992
f 62 1002 998
f 65 1019 1016
f 57 971 968
f 77 1091 1088
f 86 1146 1142
f 88 1158 1154
f 98 1217 1214
f 68 1037 1034
f 48 918 914
f 78 1098 1094
f 93 1188 1184
f 69 1044 1040
f 101 1236 1232
f 97 1212 1208
f 82 1122 1118
f 50 930 926
f 89 1163 1160
f 64 1013 1010
f 53 948 944
f 74 1074 1070
f 84 1134 1130
f 90 1170 1166
f 63 1008 1004
f 55 960 956
f 76 1086 1082
f 87 1151 1148
f 72 1061 1058
f 49 923 920
f 79 1103 1100
f 96 1205 1202
f 102 1241 1238
f 91 1175 1172
f 67 1032 1028
f 56 966 962
f 75 1080 1076
f 83 1127 1124
f 66 1025 1022
f 54 953 950
f 73 1067 1064
f 85 1139 1136
f 92 1182 1178
f 71 1056 1052
f 100 1229 1226
f 94 1193 1190
f 80 1109 1106
f 51 936 932
f 116 1325 1321
f 108 1277 1273
f 106 1265 1261
f 112 1301 1297
f 115 1319 1315
f 119 1343 1339
f 156 1566 1562
f 139 1464 1460
f 160 1590 1586
f 120 1349 1345
f 149 1523 1519
f 132 1422 1418
f 128 1397 1393
f 145 1499 1495
f 148 1517 1513
f 155 1559 1555
f 133 1427 1423
f 134 1433 1429
f 157 1572 1568
f 124 1374 1370
f 44 892 894
f 43 885 887
f 45 897 899
f 46 903 905
f 47 910 912
f 52 939 941
f 70 1048 1050
f 99 1222 1224
f 95 1198 1200
f 81 1113 1115
f 59 982 984
f 58 975 977
f 60 987 989
f 61 993 995
f 62 1000 1002
f 65 1017 1019
f 57 969 971
f 77 1089 1091
f 86 1144 1146
f 88 1156 1158
f 98 1215 1217
f 68 1035 1037
f 48 916 918
f 78 1096 1098
f 93 1186 1188
f 69 1042 1044
f 101 1234 1236
f 97 1210 1212
f 82 1120 1122
f 50 928 930
f 89 1161 1163
f 64 1011 1013
f 53 946 948
f 74 1072 1074
f 84 1132 1134
f 90 1168 1170
f 63 1006 1008
f 55 958 960
f 76 1084 1086
f 87 1149 1151
f 72 1059 1061
f 49 921 923
f 79 1101 1103
f 96 1203 1205
f 102 1239 1241
f 91 1173 1175
f 67 1030 1032
f 56 964 966
f 75 1078 1080
f 83 1125 1127
f 66 1023 1025
f 54 951 953
f 73 1065 1067
f 85 1137 1139
f 92 1180 1182
f 71 1054 1056
f 100 1227 1229
f 94 1191 1193
f 80 1107 1109
f 51 934 936
f 116 1326 1325
f 108 1278 1277
f 106 1266 1265
f 112 1302 1301
f 115 1320 1319
f 119 1344 1343
f 156 1565 1566
f 139 1463 1464
f 160 1589 1590
f 120 1350 1349
f 149 1524 1523
f 132 1421 1422
f 128 1398 1397
f 145 1500 1499
f 148 1518 1517
f 155 1560 1559
f 133 1428 1427
f 134 1434 1433
f 157 1571 1572
f 124 1373 1374
f 44 889 892
f 43 883 885
f 45 895 897
f 46 901 903
f 47 907 910
f 52 937 939
f 70 1045 1048
f 99 1219 1222
f 95 1195 1198
f 81 1111 1113
f 59 979 982
f 58 973 975
f 60 985 987
f 61 991 993
f 62 997 1000
f 65 1015 1017
f 57 967 969
f 77 1087 1089
f 86 1141 1144
f 88 1153 1156
f 98 1213 1215
f 68 1033 1035
f 48 913 916
f 78 1093 1096
f 93 1183 1186
f 69 1039 1042
f 101 1231 1234
f 97 1207 1210
f 82 1117 1120
f 50 925 928
f 89 1159 1161
f 64 1009 1011
f 53 943 946
f 74 1069 1072
f 84 1129 1132
f 90 1165 1168
f 63 1003 1006
f 55 955 958
f 76 1081 1084
f 87 1147 1149
f 72 1057 1059
f 49 919 921
f 79 1099 1101
f 96 1201 1203
f 102 1237 1239
f 91 1171 1173
f 67 1027 1030
f 56 961 964
f 75 1075 1078
f 83 1123 1125
f 66 1021 1023
f 54 949 951
f 73 1063 1065
f 85 1135 1137
f 92 1177 1180
f 71 1051 1054
f 100 1225 1227
f 94 1189 1191
f 80 1105 1107
f 51 931 934
f 116 1322 1326
f 108 1274 1278
f 106 1262 1266
f 112 1298 1302
f 115 1316 1320
f 119 1340 1344
f 156 1561 1565
f 139 1459 1463
f 160 1585 1589
f 120 1346 1350
f 149 1520 1524
f 132 1417 1421
f 128 1394 1398
f 145 1496 1500
f 148 1514 1518
f 155 1556 1560
f 133 1424 1428
f 134 1430 1434
f 157 1567 1571
f 124 1369 1373
f 47 908 911
f 44 890 893
f 43 884 888
f 45 896 900
f 46 902 906
f 49 920 924
f 72 1058 1062
f 102 1238 1242
f 96 1202 1206
f 79 1100 1104
f 62 998 1001
f 59 980 983
f 58 974 978
f 60 986 990
f 61 992 996
f 66 1022 1026
f 54 950 954
f 73 1064 1068
f 85 1136 1140
f 92 1178 1181
f 101 1232 1235
f 69 1040 1043
f 50 926 929
f 82 1118 1121
f 97 1208 1211
f 71 1052 1055
f 100 1226 1230
f 94 1190 1194
f 80 1106 1110
f 51 932 935
f 90 1166 1169
f 63 1004 1007
f 55 956 959
f 76 1082 1085
f 87 1148 1152
f 91 1172 1176
f 67 1028 1031
f 56 962 965
f 75 1076 1079
f 83 1124 1128
f 68 1034 1038
f 48 914 917
f 78 1094 1097
f 93 1184 1187
f 98 1214 1218
f 88 1154 1157
f 65 1016 1020
f 57 968 972
f 77 1088 1092
f 86 1142 1145
f 64 1010 1014
f 53 944 947
f 74 1070 1073
f 84 1130 1133
f 89 1160 1164
f 70 1046 1049
f 99 1220 1223
f 95 1196 1199
f 81 1112 1116
f 52 938 942
f 109 1279 1283
f 105 1255 1259
f 111 1291 1295
f 114 1309 1313
f 117 1327 1331
f 125 1375 1379
f 152 1537 1541
f 137 1448 1452
f 158 1574 1578
f 123 1364 1368
f 143 1483 1487
f 127 1387 1391
f 135 1436 1440
f 147 1507 1511
f 150 1525 1529
f 153 1543 1547
f 140 1465 1469
f 138 1454 1458
f 159 1580 1584
f 122 1358 1362
f 107 1267 1269
f 103 1243 1245
f 104 1250 1252
f 110 1286 1288
f 113 1304 1306
f 118 1334 1336
f 154 1549 1551
f 141 1471 1473
f 162 1597 1599
f 121 1352 1354
f 142 1477 1479
f 129 1399 1401
f 130 1406 1408
f 144 1490 1492
f 146 1502 1504
f 151 1531 1533
f 131 1412 1414
f 136 1442 1444
f 161 1592 1594
f 126 1381 1383
f 116 1321 1323
f 108 1273 1275
f 106 1261 1263
f 112 1297 1299
f 115 1315 1317
f 119 1339 1341
f 156 1562 1564
f 139 1460 1462
f 160 1586 1588
f 120 1345 1347
f 149 1519 1521
f 132 1418 1420
f 128 1393 1395
f 145 1495 1497
f 148 1513 1515
f 155 1555 1557
f 133 1423 1425
f 134 1429 1431
f 157 1568 1570
f 124 1370 1372
f 109 1280 1282
f 105 1256 1258
f 111 1292 1294
f 114 1310 1312
f 117 1328 1330
f 125 1376 1378
f 152 1538 1540
f 137 1447 1449
f 158 1573 1575
f 123 1363 1365
f 143 1484 1486
f 127 1388 1390
f 135 1435 1437
f 147 1508 1510
f 150 1526 1528
f 153 1544 1546
f 140 1466 1468
f 138 1453 1455
f 159 1579 1581
f 122 1357 1359
f 107 1268 1272
f 103 1244 1248
f 104 1249 1253
f 110 1285 1289
f 113 1303 1307
f 118 1333 1337
f 154 1550 1554
f 141 1472 1476
f 162 1598 1602
f 121 1351 1355
f 142 1478 1482
f 129 1400 1404
f 130 1405 1409
f 144 1489 1493
f 146 1501 1505
f 151 1532 1536
f 131 1411 1415
f 136 1441 1445
f 161 1591 1595
f 126 1382 1386
f 47 911 909
f 44 893 891
f 43 888 886
f 45 900 898
f 46 906 904
f 49 924 922
f 72 1062 1060
f 102 1242 1240
f 96 1206 1204
f 79 1104 1102
f 62 1001 999
f 59 983 981
f 58 978 976
f 60 990 988
f 61 996 994
f 66 1026 1024
f 54 954 952
f 73 1068 1066
f 85 1140 1138
f 92 1181 1179
f 101 1235 1233
f 69 1043 1041
f 50 929 927
f 82 1121 1119
f 97 1211 1209
f 71 1055 1053
f 100 1230 1228
f 94 1194 1192
f 80 1110 1108
f 51 935 933
f 90 1169 1167
f 63 1007 1005
f 55 959 957
f 76 1085 1083
f 87 1152 1150
f 91 1176 1174
f 67 1031 1029
f 56 965 963
f 75 1079 1077
f 83 1128 1126
f 68 1038 1036
f 48 917 915
f 78 1097 1095
f 93 1187 1185
f 98 1218 1216
f 88 1157 1155
f 65 1020 1018
f 57 972 970
f 77 1092 1090
f 86 1145 1143
f 64 1014 1012
f 53 947 945
f 74 1073 1071
f 84 1133 1131
f 89 1164 1162
f 70 1049 1047
f 99 1223 1221
f 95 1199 1197
f 81 1116 1114
f 52 942 940
f 109 1283 1284
f 105 1259 1260
f 111 1295 1296
f 114 1313 1314
f 117 1331 1332
f 125 1379 1380
f 152 1541 1542
f 137 1452 1451
f 158 1578 1577
f 123 1368 1367
f 143 1487 1488
f 127 1391 1392
f 135 1440 1439
f 147 1511 1512
f 150 1529 1530
f 153 1547 1548
f 140 1469 1470
f 138 1458 1457
f 159 1584 1583
f 122 1362 1361
f 407 1609 1616
f 403 1605 1608
f 404 1611 1606
f 410 1614 1612
f 413 1617 1615
f 422 1631 1624
f 486 1688 1692
f 573 1775 1782
f 561 1763 1765
f 512 1719 1714
f 452 1654 1661
f 448 1650 1653
f 449 1656 1651
f 455 1659 1657
f 458 1662 1660
f 470 1672 1675
f 437 1646 1639
f 494 1706 1696
f 531 1735 1733
f 539 1741 1751
f 568 1770 1779
f 478 1680 1683
f 419 1621 1626
f 509 1711 1721
f 554 1756 1766
f 482 1684 1689
f 576 1780 1778
f 558 1767 1760
f 516 1722 1718
f 425 1627 1629
f 542 1744 1747
f 463 1668 1665
f 434 1636 1641
f 497 1699 1704
f 528 1730 1737
f 546 1748 1750
f 464 1666 1676
f 440 1642 1644
f 500 1705 1702
f 524 1736 1726
f 479 1691 1681
f 418 1623 1620
f 508 1713 1710
f 553 1764 1755
f 569 1781 1771
f 538 1749 1740
f 471 1677 1673
f 443 1645 1647
f 501 1703 1707
f 523 1725 1734
f 467 1674 1669
f 433 1638 1635
f 493 1695 1698
f 527 1732 1729
f 543 1752 1745
f 485 1690 1687
f 572 1777 1774
f 557 1759 1762
f 515 1717 1720
f 428 1630 1632
f 591 2191 2189
f 587 1885 1883
f 588 1901 1903
f 594 2279 2281
f 597 2315 2317
f 600 2171 2173
f 634 2160 2158
f 619 2016 2012
f 639 2214 2210
f 602 1919 1924
f 624 2137 2135
f 608 1978 1973
f 610 1991 1996
f 627 2225 2227
f 630 2302 2304
f 635 2178 2176
f 615 2153 2155
f 617 2009 2014
f 637 2207 2212
f 604 1926 1922
f 416 1857 1864
f 408 1803 1810
f 406 1786 1795
f 412 1822 1831
f 415 1840 1849
f 424 1876 1887
f 492 2182 2193
f 582 2312 2321
f 565 2276 2285
f 514 1898 1907
f 461 2091 2098
f 453 2037 2044
f 451 1952 1961
f 457 2056 2067
f 460 2074 2083
f 475 2128 2139
f 439 1966 1975
f 496 1988 1997
f 533 2222 2231
f 551 2293 2298
f 579 2185 2190
f 483 1879 1884
f 426 1893 1900
f 521 2271 2278
f 566 2307 2314
f 489 2163 2170
f 578 2150 2159
f 560 2006 2015
f 518 2204 2213
f 429 1911 1918
f 547 2131 2136
f 465 1969 1977
f 441 1983 1990
f 504 2217 2224
f 537 2290 2301
f 550 2168 2177
f 476 2145 2152
f 444 2001 2008
f 502 2199 2206
f 526 1916 1925
f 481 1808 1817
f 420 1789 1797
f 510 1825 1833
f 555 1843 1851
f 571 1862 1871
f 540 1933 1941
f 473 2110 2119
f 447 2020 2029
f 507 2236 2247
f 534 2257 2262
f 469 2042 2051
f 435 1947 1954
f 498 2059 2064
f 529 2077 2085
f 545 2096 2105
f 487 2113 2121
f 574 2023 2031
f 562 2239 2244
f 520 2254 2265
f 432 1930 1939
f 589 1818 1814
f 583 1798 1793
f 586 1834 1829
f 593 1852 1847
f 596 1872 1868
f 599 1942 1937
f 633 2120 2124
f 620 2030 2034
f 640 2248 2250
f 603 2263 2261
f 622 2052 2050
f 607 1955 1960
f 612 2065 2063
f 626 2086 2081
f 629 2106 2102
f 631 2122 2117
f 614 2032 2027
f 618 2245 2243
f 641 2266 2268
f 605 1940 1944
f 409 1813 1804
f 405 1792 1785
f 411 1828 1821
f 414 1846 1839
f 417 1867 1858
f 431 1936 1929
f 488 2123 2114
f 575 2033 2024
f 563 2249 2240
f 519 2260 2253
f 454 2049 2038
f 450 1959 1951
f 456 2062 2055
f 459 2080 2073
f 462 2101 2092
f 472 2116 2109
f 446 2026 2019
f 506 2242 2235
f 535 2267 2258
f 541 1943 1934
f 570 1869 1861
f 480 1815 1807
f 421 1799 1790
f 511 1835 1826
f 556 1853 1844
f 484 1889 1880
f 580 2195 2186
f 567 2319 2308
f 522 2283 2272
f 427 1905 1894
f 544 2103 2095
f 468 2046 2041
f 436 1957 1948
f 499 2069 2060
f 530 2087 2078
f 548 2141 2132
f 466 1979 1970
f 442 1993 1984
f 505 2229 2218
f 536 2296 2289
f 491 2188 2181
f 423 1882 1875
f 513 1902 1897
f 564 2280 2275
f 581 2316 2311
f 549 2172 2167
f 477 2157 2146
f 445 2011 2002
f 503 2209 2200
f 525 1923 1915
f 474 2134 2127
f 438 1972 1965
f 495 1995 1987
f 532 2226 2221
f 552 2303 2294
f 490 2175 2164
f 577 2154 2149
f 559 2013 2005
f 517 2211 2203
f 430 1921 1912
f 590 1865 1870
f 584 1811 1816
f 585 1796 1800
f 592 1832 1836
f 595 1850 1854
f 598 1888 1890
f 636 2194 2196
f 621 2322 2320
f 642 2286 2284
f 601 1908 1906
f 623 2099 2104
f 611 2045 2047
f 609 1962 1958
f 625 2068 2070
f 628 2084 2088
f 632 2140 2142
f 613 1976 1980
f 616 1998 1994
f 638 2232 2230
f 606 2299 2297
f 407 2330 2329
f 403 2324 2323
f 404 2325 2326
f 410 2332 2333
f 413 2335 2336
f 422 2344 2345
f 486 2410 2409
f 573 2497 2496
f 561 2486 2485
f 512 2434 2435
f 452 2375 2374
f 448 2369 2368
f 449 2370 2371
f 455 2377 2378
f 458 2380 2381
f 470 2393 2392
f 437 2359 2360
f 494 2415 2416
f 531 2455 2456
f 539 2461 2460
f 568 2489 2488
f 478 2399 2398
f 419 2341 2340
f 509 2431 2430
f 554 2476 2475
f 482 2405 2404
f 576 2500 2501
f 558 2481 2482
f 516 2439 2440
f 425 2348 2347
f 542 2465 2464
f 463 2383 2384
f 434 2356 2355
f 497 2420 2419
f 528 2452 2451
f 546 2471 2470
f 464 2386 2385
f 440 2363 2362
f 500 2422 2423
f 524 2445 2446
f 479 2400 2401
f 418 2338 2339
f 508 2428 2429
f 553 2473 2474
f 569 2490 2491
f 538 2458 2459
f 471 2394 2395
f 443 2366 2365
f 501 2425 2424
f 523 2444 2443
f 467 2389 2390
f 433 2353 2354
f 493 2414 2413
f 527 2449 2450
f 543 2466 2467
f 485 2407 2408
f 572 2494 2495
f 557 2480 2479
f 515 2438 2437
f 428 2351 2350
f 591 2510 2511
f 587 2504 2505
f 588 2508 2507
f 594 2514 2513
f 597 2517 2516
f 600 2520 2519
f 634 2554 2556
f 619 2539 2540
f 639 2560 2561
f 602 2523 2521
f 624 2543 2544
f 608 2527 2529
f 610 2532 2530
f 627 2547 2546
f 630 2550 2549
f 635 2552 2553
f 615 2535 2534
f 617 2538 2536
f 637 2558 2557
f 604 2524 2525
f 167 1607 647
f 164 1603 644
f 163 1604 643
f 165 1610 645
f 166 1613 646
f 169 1622 649
f 192 1686 672
f 222 1773 702
f 216 1761 696
f 199 1712 679
f 182 1652 662
f 179 1648 659
f 178 1649 658
f 180 1655 660
f 181 1658 661
f 186 1670 666
f 174 1637 654
f 193 1694 673
f 205 1731 685
f 212 1739 692
f 221 1768 701
f 189 1678 669
f 170 1619 650
f 202 1709 682
f 217 1754 697
f 191 1682 671
f 220 1776 700
f 214 1758 694
f 200 1716 680
f 171 1625 651
f 210 1742 690
f 183 1663 663
f 175 1634 655
f 196 1697 676
f 207 1728 687
f 211 1746 691
f 187 1664 667
f 176 1640 656
f 195 1700 675
f 203 1724 683
f 188 1679 668
f 168 1618 648
f 198 1708 678
f 213 1753 693
f 218 1769 698
f 208 1738 688
f 185 1671 665
f 177 1643 657
f 197 1701 677
f 206 1723 686
f 184 1667 664
f 173 1633 653
f 194 1693 674
f 204 1727 684
f 209 1743 689
f 190 1685 670
f 219 1772 699
f 215 1757 695
f 201 1715 681
f 172 1628 652
f 357 2187 837
f 255 1881 735
f 262 1899 742
f 388 2277 868
f 400 2313 880
f 352 2169 832
f 347 2156 827
f 298 2010 778
f 364 2208 844
f 269 1917 749
f 339 2133 819
f 285 1971 765
f 293 1989 773
f 370 2223 850
f 396 2300 876
f 353 2174 833
f 346 2151 826
f 299 2007 779
f 365 2205 845
f 268 1920 748
f 249 1855 729
f 231 1801 711
f 226 1784 706
f 238 1820 718
f 244 1838 724
f 257 1874 737
f 359 2180 839
f 402 2310 882
f 390 2274 870
f 264 1896 744
f 327 2089 807
f 309 2035 789
f 282 1950 762
f 317 2054 797
f 322 2072 802
f 341 2126 821
f 286 1964 766
f 294 1986 774
f 372 2220 852
f 394 2291 874
f 358 2183 838
f 256 1877 736
f 261 1891 741
f 387 2269 867
f 399 2305 879
f 351 2161 831
f 348 2148 828
f 300 2004 780
f 366 2202 846
f 267 1909 747
f 340 2129 820
f 287 1967 767
f 291 1981 771
f 369 2215 849
f 395 2288 875
f 354 2166 834
f 345 2143 825
f 297 1999 777
f 363 2197 843
f 270 1914 750
f 234 1806 714
f 227 1787 707
f 239 1823 719
f 245 1841 725
f 252 1860 732
f 275 1931 755
f 334 2108 814
f 304 2018 784
f 377 2234 857
f 382 2255 862
f 312 2040 792
f 279 1945 759
f 316 2057 796
f 323 2075 803
f 330 2094 810
f 335 2111 815
f 305 2021 785
f 376 2237 856
f 383 2252 863
f 274 1928 754
f 232 1812 712
f 225 1791 705
f 237 1827 717
f 243 1845 723
f 250 1866 730
f 273 1935 753
f 336 2118 816
f 306 2028 786
f 378 2246 858
f 381 2259 861
f 311 2048 791
f 281 1953 761
f 315 2061 795
f 321 2079 801
f 328 2100 808
f 333 2115 813
f 303 2025 783
f 375 2241 855
f 384 2264 864
f 276 1938 756
f 229 1802 709
f 223 1783 703
f 235 1819 715
f 241 1837 721
f 247 1856 727
f 271 1927 751
f 332 2112 812
f 302 2022 782
f 374 2238 854
f 379 2251 859
f 307 2036 787
f 278 1949 758
f 313 2053 793
f 319 2071 799
f 325 2090 805
f 331 2107 811
f 301 2017 781
f 373 2233 853
f 380 2256 860
f 272 1932 752
f 248 1859 728
f 230 1805 710
f 224 1788 704
f 236 1824 716
f 242 1842 722
f 254 1878 734
f 356 2184 836
f 397 2306 877
f 385 2270 865
f 259 1892 739
f 326 2093 806
f 308 2039 788
f 277 1946 757
f 314 2058 794
f 320 2076 800
f 338 2130 818
f 284 1968 764
f 289 1982 769
f 367 2216 847
f 391 2287 871
f 355 2179 835
f 253 1873 733
f 260 1895 740
f 386 2273 866
f 398 2309 878
f 350 2165 830
f 343 2144 823
f 295 2000 775
f 361 2198 841
f 266 1913 746
f 337 2125 817
f 283 1963 763
f 290 1985 770
f 368 2219 848
f 392 2292 872
f 349 2162 829
f 344 2147 824
f 296 2003 776
f 362 2201 842
f 265 1910 745
f 251 1863 731
f 233 1809 713
f 228 1794 708
f 240 1830 720
f 246 1848 726
f 258 1886 738
f 360 2192 840
f 401 2318 881
f 389 2282 869
f 263 1904 743
f 329 2097 809
f 310 2043 790
f 280 1956 760
f 318 2066 798
f 324 2082 804
f 342 2138 822
f 288 1974 768
f 292 1992 772
f 371 2228 851
f 393 2295 873
f 409 2331 1269
f 405 2327 1245
f 411 2328 1252
f 414 2334 1288
f 417 2337 1306
f 431 2346 1336
f 488 2412 1551
f 575 2499 1473
f 563 2487 1599
f 519 2436 1354
f 454 2376 1479
f 450 2372 1401
f 456 2373 1408
f 459 2379 1492
f 462 2382 1504
f 472 2396 1533
f 446 2361 1414
f 506 2418 1444
f 535 2457 1594
f 541 2463 1383
f 570 2492 1323
f 480 2402 1275
f 421 2343 1263
f 511 2433 1299
f 556 2478 1317
f 484 2406 1341
f 580 2502 1564
f 567 2484 1462
f 522 2442 1588
f 427 2349 1347
f 544 2468 1521
f 468 2387 1420
f 436 2358 1395
f 499 2421 1497
f 530 2454 1515
f 548 2472 1557
f 466 2388 1425
f 442 2364 1431
f 505 2426 1570
f 536 2448 1372
f 491 2403 1282
f 423 2342 1258
f 513 2432 1294
f 564 2477 1312
f 581 2493 1330
f 549 2462 1378
f 477 2397 1540
f 445 2367 1449
f 503 2427 1575
f 525 2447 1365
f 474 2391 1486
f 438 2357 1390
f 495 2417 1437
f 532 2453 1510
f 552 2469 1528
f 490 2411 1546
f 577 2498 1468
f 559 2483 1455
f 517 2441 1581
f 430 2352 1359
f 590 2509 1272
f 584 2503 1248
f 585 2506 1253
f 592 2512 1289
f 595 2515 1307
f 598 2518 1337
f 636 2555 1554
f 621 2541 1476
f 642 2562 1602
f 601 2522 1355
f 623 2542 1482
f 611 2528 1404
f 609 2531 1409
f 625 2545 1493
f 628 2548 1505
f 632 2551 1536
f 613 2533 1415
f 616 2537 1445
f 638 2559 1595
f 606 2526 1386
f 407 1616 909
f 403 1608 891
f 404 1606 886
f 410 1612 898
f 413 1615 904
f 422 1624 922
f 486 1692 1060
f 573 1782 1240
f 561 1765 1204
f 512 1714 1102
f 452 1661 999
f 448 1653 981
f 449 1651 976
f 455 1657 988
f 458 1660 994
f 470 1675 1024
f 437 1639 952
f 494 1696 1066
f 531 1733 1138
f 539 1751 1179
f 568 1779 1233
f 478 1683 1041
f 419 1626 927
f 509 1721 1119
f 554 1766 1209
f 482 1689 1053
f 576 1778 1228
f 558 1760 1192
f 516 1718 1108
f 425 1629 933
f 542 1747 1167
f 463 1665 1005
f 434 1641 957
f 497 1704 1083
f 528 1737 1150
f 546 1750 1174
f 464 1676 1029
f 440 1644 963
f 500 1702 1077
f 524 1726 1126
f 479 1681 1036
f 418 1620 915
f 508 1710 1095
f 553 1755 1185
f 569 1771 1216
f 538 1740 1155
f 471 1673 1018
f 443 1647 970
f 501 1707 1090
f 523 1734 1143
f 467 1669 1012
f 433 1635 945
f 493 1698 1071
f 527 1729 1131
f 543 1745 1162
f 485 1687 1047
f 572 1774 1221
f 557 1762 1197
f 515 1720 1114
f 428 1632 940
f 591 2189 1284
f 587 1883 1260
f 588 1903 1296
f 594 2281 1314
f 597 2317 1332
f 600 2173 1380
f 634 2158 1542
f 619 2012 1451
f 639 2210 1577
f 602 1924 1367
f 624 2135 1488
f 608 1973 1392
f 610 1996 1439
f 627 2227 1512
f 630 2304 1530
f 635 2176 1548
f 615 2155 1470
f 617 2014 1457
f 637 2212 1583
f 604 1922 1361
f 416 1864 1270
f 408 1810 1246
f 406 1795 1251
f 412 1831 1287
f 415 1849 1305
f 424 1887 1335
f 492 2193 1552
f 582 2321 1474
f 565 2285 1600
f 514 1907 1353
f 461 2098 1480
f 453 2044 1402
f 451 1961 1407
f 457 2067 1491
f 460 2083 1503
f 475 2139 1534
f 439 1975 1413
f 496 1997 1443
f 533 2231 1593
f 551 2298 1384
f 579 2190 1324
f 483 1884 1276
f 426 1900 1264
f 521 2278 1300
f 566 2314 1318
f 489 2170 1342
f 578 2159 1563
f 560 2015 1461
f 518 2213 1587
f 429 1918 1348
f 547 2136 1522
f 465 1977 1419
f 441 1990 1396
f 504 2224 1498
f 537 2301 1516
f 550 2177 1558
f 476 2152 1426
f 444 2008 1432
f 502 2206 1569
f 526 1925 1371
f 481 1817 1281
f 420 1797 1257
f 510 1833 1293
f 555 1851 1311
f 571 1871 1329
f 540 1941 1377
f 473 2119 1539
f 447 2029 1450
f 507 2247 1576
f 534 2262 1366
f 469 2051 1485
f 435 1954 1389
f 498 2064 1438
f 529 2085 1509
f 545 2105 1527
f 487 2121 1545
f 574 2031 1467
f 562 2244 1456
f 520 2265 1582
f 432 1939 1360
f 589 1814 1271
f 583 1793 1247
f 586 1829 1254
f 593 1847 1290
f 596 1868 1308
f 599 1937 1338
f 633 2124 1553
f 620 2034 1475
f 640 2250 1601
f 603 2261 1356
f 622 2050 1481
f 607 1960 1403
f 612 2063 1410
f 626 2081 1494
f 629 2102 1506
f 631 2117 1535
f 614 2027 1416
f 618 2243 1446
f 641 2268 1596
f 605 1944 1385
f 409 1804 894
f 405 1785 887
f 411 1821 899
f 414 1839 905
f 417 1858 912
f 431 1929 941
f 488 2114 1050
f 575 2024 1224
f 563 2240 1200
f 519 2253 1115
f 454 2038 984
f 450 1951 977
f 456 2055 989
f 459 2073 995
f 462 2092 1002
f 472 2109 1019
f 446 2019 971
f 506 2235 1091
f 535 2258 1146
f 541 1934 1158
f 570 1861 1217
f 480 1807 1037
f 421 1790 918
f 511 1826 1098
f 556 1844 1188
f 484 1880 1044
f 580 2186 1236
f 567 2308 1212
f 522 2272 1122
f 427 1894 930
f 544 2095 1163
f 468 2041 1013
f 436 1948 948
f 499 2060 1074
f 530 2078 1134
f 548 2132 1170
f 466 1970 1008
f 442 1984 960
f 505 2218 1086
f 536 2289 1151
f 491 2181 1061
f 423 1875 923
f 513 1897 1103
f 564 2275 1205
f 581 2311 1241
f 549 2167 1175
f 477 2146 1032
f 445 2002 966
f 503 2200 1080
f 525 1915 1127
f 474 2127 1025
f 438 1965 953
f 495 1987 1067
f 532 2221 1139
f 552 2294 1182
f 490 2164 1056
f 577 2149 1229
f 559 2005 1193
f 517 2203 1109
f 430 1912 936
f 590 1870 1325
f 584 1816 1277
f 585 1800 1265
f 592 1836 1301
f 595 1854 1319
f 598 1890 1343
f 636 2196 1566
f 621 2320 1464
f 642 2284 1590
f 601 1906 1349
f 623 2104 1523
f 611 2047 1422
f 609 1958 1397
f 625 2070 1499
f 628 2088 1517
f 632 2142 1559
f 613 1980 1427
f 616 1994 1433
f 638 2230 1572
f 606 2297 1374
f 407 2329 892
f 403 2323 885
f 404 2326 897
f 410 2333 903
f 413 2336 910
f 422 2345 939
f 486 2409 1048
f 573 2496 1222
f 561 2485 1198
f 512 2435 1113
f 452 2374 982
f 448 2368 975
f 449 2371 987
f 455 2378 993
f 458 2381 1000
f 470 2392 1017
f 437 2360 969
f 494 2416 1089
f 531 2456 1144
f 539 2460 1156
f 568 2488 1215
f 478 2398 1035
f 419 2340 916
f 509 2430 1096
f 554 2475 1186
f 482 2404 1042
f 576 2501 1234
f 558 2482 1210
f 516 2440 1120
f 425 2347 928
f 542 2464 1161
f 463 2384 1011
f 434 2355 946
f 497 2419 1072
f 528 2451 1132
f 546 2470 1168
f 464 2385 1006
f 440 2362 958
f 500 2423 1084
f 524 2446 1149
f 479 2401 1059
f 418 2339 921
f 508 2429 1101
f 553 2474 1203
f 569 2491 1239
f 538 2459 1173
f 471 2395 1030
f 443 2365 964
f 501 2424 1078
f 523 2443 1125
f 467 2390 1023
f 433 2354 951
f 493 2413 1065
f 527 2450 1137
f 543 2467 1180
f 485 2408 1054
f 572 2495 1227
f 557 2479 1191
f 515 2437 1107
f 428 2350 934
f 591 2511 1326
f 587 2505 1278
f 588 2507 1266
f 594 2513 1302
f 597 2516 1320
f 600 2519 1344
f 634 2556 1565
f 619 2540 1463
f 639 2561 1589
f 602 2521 1350
f 624 2544 1524
f 608 2529 1421
f 610 2530 1398
f 627 2546 1500
f 630 2549 1518
f 635 2553 1560
f 615 2534 1428
f 617 2536 1434
f 637 2557 1571
f 604 2525 1373
f 164 1609 889
f 163 1605 883
f 165 1611 895
f 166 1614 901
f 167 1617 907
f 172 1631 937
f 190 1688 1045
f 219 1775 1219
f 215 1763 1195
f 201 1719 1111
f 179 1654 979
f 178 1650 973
f 180 1656 985
f 181 1659 991
f 182 1662 997
f 185 1672 1015
f 177 1646 967
f 197 1706 1087
f 206 1735 1141
f 208 1741 1153
f 218 1770 1213
f 188 1680 1033
f 168 1621 913
f 198 1711 1093
f 213 1756 1183
f 189 1684 1039
f 221 1780 1231
f 217 1767 1207
f 202 1722 1117
f 170 1627 925
f 209 1744 1159
f 184 1668 1009
f 173 1636 943
f 194 1699 1069
f 204 1730 1129
f 210 1748 1165
f 183 1666 1003
f 175 1642 955
f 196 1705 1081
f 207 1736 1147
f 192 1691 1057
f 169 1623 919
f 199 1713 1099
f 216 1764 1201
f 222 1781 1237
f 211 1749 1171
f 187 1677 1027
f 176 1645 961
f 195 1703 1075
f 203 1725 1123
f 186 1674 1021
f 174 1638 949
f 193 1695 1063
f 205 1732 1135
f 212 1752 1177
f 191 1690 1051
f 220 1777 1225
f 214 1759 1189
f 200 1717 1105
f 171 1630 931
f 358 2191 1322
f 256 1885 1274
f 261 1901 1262
f 387 2279 1298
f 399 2315 1316
f 351 2171 1340
f 348 2160 1561
f 300 2016 1459
f 366 2214 1585
f 267 1919 1346
f 340 2137 1520
f 287 1978 1417
f 291 1991 1394
f 369 2225 1496
f 395 2302 1514
f 354 2178 1556
f 345 2153 1424
f 297 2009 1430
f 363 2207 1567
f 270 1926 1369
f 247 1857 908
f 229 1803 890
f 223 1786 884
f 235 1822 896
f 241 1840 902
f 253 1876 920
f 355 2182 1058
f 398 2312 1238
f 386 2276 1202
f 260 1898 1100
f 325 2091 998
f 307 2037 980
f 278 1952 974
f 313 2056 986
f 319 2074 992
f 337 2128 1022
f 283 1966 950
f 290 1988 1064
f 368 2222 1136
f 392 2293 1178
f 356 2185 1232
f 254 1879 1040
f 259 1893 926
f 385 2271 1118
f 397 2307 1208
f 349 2163 1052
f 344 2150 1226
f 296 2006 1190
f 362 2204 1106
f 265 1911 932
f 338 2131 1166
f 284 1969 1004
f 289 1983 956
f 367 2217 1082
f 391 2290 1148
f 350 2168 1172
f 343 2145 1028
f 295 2001 962
f 361 2199 1076
f 266 1916 1124
f 230 1808 1034
f 224 1789 914
f 236 1825 1094
f 242 1843 1184
f 248 1862 1214
f 272 1933 1154
f 331 2110 1016
f 301 2020 968
f 373 2236 1088
f 380 2257 1142
f 308 2042 1010
f 277 1947 944
f 314 2059 1070
f 320 2077 1130
f 326 2096 1160
f 332 2113 1046
f 302 2023 1220
f 374 2239 1196
f 379 2254 1112
f 271 1930 938
f 234 1818 1279
f 227 1798 1255
f 239 1834 1291
f 245 1852 1309
f 252 1872 1327
f 275 1942 1375
f 334 2120 1537
f 304 2030 1448
f 377 2248 1574
f 382 2263 1364
f 312 2052 1483
f 279 1955 1387
f 316 2065 1436
f 323 2086 1507
f 330 2106 1525
f 335 2122 1543
f 305 2032 1465
f 376 2245 1454
f 383 2266 1580
f 274 1940 1358
f 232 1813 1267
f 225 1792 1243
f 237 1828 1250
f 243 1846 1286
f 250 1867 1304
f 273 1936 1334
f 336 2123 1549
f 306 2033 1471
f 378 2249 1597
f 381 2260 1352
f 311 2049 1477
f 281 1959 1399
f 315 2062 1406
f 321 2080 1490
f 328 2101 1502
f 333 2116 1531
f 303 2026 1412
f 375 2242 1442
f 384 2267 1592
f 276 1943 1381
f 251 1869 1321
f 233 1815 1273
f 228 1799 1261
f 240 1835 1297
f 246 1853 1315
f 258 1889 1339
f 360 2195 1562
f 401 2319 1460
f 389 2283 1586
f 263 1905 1345
f 329 2103 1519
f 310 2046 1418
f 280 1957 1393
f 318 2069 1495
f 324 2087 1513
f 342 2141 1555
f 288 1979 1423
f 292 1993 1429
f 371 2229 1568
f 393 2296 1370
f 357 2188 1280
f 255 1882 1256
f 262 1902 1292
f 388 2280 1310
f 400 2316 1328
f 352 2172 1376
f 347 2157 1538
f 298 2011 1447
f 364 2209 1573
f 269 1923 1363
f 339 2134 1484
f 285 1972 1388
f 293 1995 1435
f 370 2226 1508
f 396 2303 1526
f 353 2175 1544
f 346 2154 1466
f 299 2013 1453
f 365 2211 1579
f 268 1921 1357
f 249 1865 1268
f 231 1811 1244
f 226 1796 1249
f 238 1832 1285
f 244 1850 1303
f 257 1888 1333
f 359 2194 1550
f 402 2322 1472
f 390 2286 1598
f 264 1908 1351
f 327 2099 1478
f 309 2045 1400
f 282 1962 1405
f 317 2068 1489
f 322 2084 1501
f 341 2140 1532
f 286 1976 1411
f 294 1998 1441
f 372 2232 1591
f 394 2299 1382
f 416 2330 911
f 408 2324 893
f 406 2325 888
f 412 2332 900
f 415 2335 906
f 424 2344 924
f 492 2410 1062
f 582 2497 1242
f 565 2486 1206
f 514 2434 1104
f 461 2375 1001
f 453 2369 983
f 451 2370 978
f 457 2377 990
f 460 2380 996
f 475 2393 1026
f 439 2359 954
f 496 2415 1068
f 533 2455 1140
f 551 2461 1181
f 579 2489 1235
f 483 2399 1043
f 426 2341 929
f 521 2431 1121
f 566 2476 1211
f 489 2405 1055
f 578 2500 1230
f 560 2481 1194
f 518 2439 1110
f 429 2348 935
f 547 2465 1169
f 465 2383 1007
f 441 2356 959
f 504 2420 1085
f 537 2452 1152
f 550 2471 1176
f 476 2386 1031
f 444 2363 965
f 502 2422 1079
f 526 2445 1128
f 481 2400 1038
f 420 2338 917
f 510 2428 1097
f 555 2473 1187
f 571 2490 1218
f 540 2458 1157
f 473 2394 1020
f 447 2366 972
f 507 2425 1092
f 534 2444 1145
f 469 2389 1014
f 435 2353 947
f 498 2414 1073
f 529 2449 1133
f 545 2466 1164
f 487 2407 1049
f 574 2494 1223
f 562 2480 1199
f 520 2438 1116
f 432 2351 942
f 589 2510 1283
f 583 2504 1259
f 586 2508 1295
f 593 2514 1313
f 596 2517 1331
f 599 2520 1379
f 633 2554 1541
f 620 2539 1452
f 640 2560 1578
f 603 2523 1368
f 622 2543 1487
f 607 2527 1391
f 612 2532 1440
f 626 2547 1511
f 629 2550 1529
f 631 2552 1547
f 614 2535 1469
f 618 2538 1458
f 641 2558 1584
f 605 2524 1362
f 164 1607 1609
f 163 1603 1605
f 165 1604 1611
f 166 1610 1614
f 167 1613 1617
f 172 1622 1631
f 190 1686 1688
f 219 1773 1775
f 215 1761 1763
f 201 1712 1719
f 179 1652 1654
f 178 1648 1650
f 180 1649 1656
f 181 1655 1659
f 182 1658 1662
f 185 1670 1672
f 177 1637 1646
f 197 1694 1706
f 206 1731 1735
f 208 1739 1741
f 218 1768 1770
f 188 1678 1680
f 168 1619 1621
f 198 1709 1711
f 213 1754 1756
f 189 1682 1684
f 221 1776 1780
f 217 1758 1767
f 202 1716 1722
f 170 1625 1627
f 209 1742 1744
f 184 1663 1668
f 173 1634 1636
f 194 1697 1699
f 204 1728 1730
f 210 1746 1748
f 183 1664 1666
f 175 1640 1642
f 196 1700 1705
f 207 1724 1736
f 192 1679 1691
f 169 1618 1623
f 199 1708 1713
f 216 1753 1764
f 222 1769 1781
f 211 1738 1749
f 187 1671 1677
f 176 1643 1645
f 195 1701 1703
f 203 1723 1725
f 186 1667 1674
f 174 1633 1638
f 193 1693 1695
f 205 1727 1732
f 212 1743 1752
f 191 1685 1690
f 220 1772 1777
f 214 1757 1759
f 200 1715 1717
f 171 1628 1630
f 358 2187 2191
f 256 1881 1885
f 261 1899 1901
f 387 2277 2279
f 399 2313 2315
f 351 2169 2171
f 348 2156 2160
f 300 2010 2016
f 366 2208 2214
f 267 1917 1919
f 340 2133 2137
f 287 1971 1978
f 291 1989 1991
f 369 2223 2225
f 395 2300 2302
f 354 2174 2178
f 345 2151 2153
f 297 2007 2009
f 363 2205 2207
f 270 1920 1926
f 247 1855 1857
f 229 1801 1803
f 223 1784 1786
f 235 1820 1822
f 241 1838 1840
f 253 1874 1876
f 355 2180 2182
f 398 2310 2312
f 386 2274 2276
f 260 1896 1898
f 325 2089 2091
f 307 2035 2037
f 278 1950 1952
f 313 2054 2056
f 319 2072 2074
f 337 2126 2128
f 283 1964 1966
f 290 1986 1988
f 368 2220 2222
f 392 2291 2293
f 356 2183 2185
f 254 1877 1879
f 259 1891 1893
f 385 2269 2271
f 397 2305 2307
f 349 2161 2163
f 344 2148 2150
f 296 2004 2006
f 362 2202 2204
f 265 1909 1911
f 338 2129 2131
f 284 1967 1969
f 289 1981 1983
f 367 2215 2217
f 391 2288 2290
f 350 2166 2168
f 343 2143 2145
f 295 1999 2001
f 361 2197 2199
f 266 1914 1916
f 230 1806 1808
f 224 1787 1789
f 236 1823 1825
f 242 1841 1843
f 248 1860 1862
f 272 1931 1933
f 331 2108 2110
f 301 2018 2020
f 373 2234 2236
f 380 2255 2257
f 308 2040 2042
f 277 1945 1947
f 314 2057 2059
f 320 2075 2077
f 326 2094 2096
f 332 2111 2113
f 302 2021 2023
f 374 2237 2239
f 379 2252 2254
f 271 1928 1930
f 234 1812 1818
f 227 1791 1798
f 239 1827 1834
f 245 1845 1852
f 252 1866 1872
f 275 1935 1942
f 334 2118 2120
f 304 2028 2030
f 377 2246 2248
f 382 2259 2263
f 312 2048 2052
f 279 1953 1955
f 316 2061 2065
f 323 2079 2086
f 330 2100 2106
f 335 2115 2122
f 305 2025 2032
f 376 2241 2245
f 383 2264 2266
f 274 1938 1940
f 232 1802 1813
f 225 1783 1792
f 237 1819 1828
f 243 1837 1846
f 250 1856 1867
f 273 1927 1936
f 336 2112 2123
f 306 2022 2033
f 378 2238 2249
f 381 2251 2260
f 311 2036 2049
f 281 1949 1959
f 315 2053 2062
f 321 2071 2080
f 328 2090 2101
f 333 2107 2116
f 303 2017 2026
f 375 2233 2242
f 384 2256 2267
f 276 1932 1943
f 251 1859 1869
f 233 1805 1815
f 228 1788 1799
f 240 1824 1835
f 246 1842 1853
f 258 1878 1889
f 360 2184 2195
f 401 2306 2319
f 389 2270 2283
f 263 1892 1905
f 329 2093 2103
f 310 2039 2046
f 280 1946 1957
f 318 2058 2069
f 324 2076 2087
f 342 2130 2141
f 288 1968 1979
f 292 1982 1993
f 371 2216 2229
f 393 2287 2296
f 357 2179 2188
f 255 1873 1882
f 262 1895 1902
f 388 2273 2280
f 400 2309 2316
f 352 2165 2172
f 347 2144 2157
f 298 2000 2011
f 364 2198 2209
f 269 1913 1923
f 339 2125 2134
f 285 1963 1972
f 293 1985 1995
f 370 2219 2226
f 396 2292 2303
f 353 2162 2175
f 346 2147 2154
f 299 2003 2013
f 365 2201 2211
f 268 1910 1921
f 249 1863 1865
f 231 1809 1811
f 226 1794 1796
f 238 1830 1832
f 244 1848 1850
f 257 1886 1888
f 359 2192 2194
f 402 2318 2322
f 390 2282 2286
f 264 1904 1908
f 327 2097 2099
f 309 2043 2045
f 282 1956 1962
f 317 2066 2068
f 322 2082 2084
f 341 2138 2140
f 286 1974 1976
f 294 1992 1998
f 372 2228 2232
f 394 2295 2299
f 416 2331 2330
f 408 2327 2324
f 406 2328 2325
f 412 2334 2332
f 415 2337 2335
f 424 2346 2344
f 492 2412 2410
f 582 2499 2497
f 565 2487 2486
f 514 2436 2434
f 461 2376 2375
f 453 2372 2369
f 451 2373 2370
f 457 2379 2377
f 460 2382 2380
f 475 2396 2393
f 439 2361 2359
f 496 2418 2415
f 533 2457 2455
f 551 2463 2461
f 579 2492 2489
f 483 2402 2399
f 426 2343 2341
f 521 2433 2431
f 566 2478 2476
f 489 2406 2405
f 578 2502 2500
f 560 2484 2481
f 518 2442 2439
f 429 2349 2348
f 547 2468 2465
f 465 2387 2383
f 441 2358 2356
f 504 2421 2420
f 537 2454 2452
f 550 2472 2471
f 476 2388 2386
f 444 2364 2363
f 502 2426 2422
f 526 2448 2445
f 481 2403 2400
f 420 2342 2338
f 510 2432 2428
f 555 2477 2473
f 571 2493 2490
f 540 2462 2458
f 473 2397 2394
f 447 2367 2366
f 507 2427 2425
f 534 2447 2444
f 469 2391 2389
f 435 2357 2353
f 498 2417 2414
f 529 2453 2449
f 545 2469 2466
f 487 2411 2407
f 574 2498 2494
f 562 2483 2480
f 520 2441 2438
f 432 2352 2351
f 589 2509 2510
f 583 2503 2504
f 586 2506 2508
f 593 2512 2514
f 596 2515 2517
f 599 2518 2520
f 633 2555 2554
f 620 2541 2539
f 640 2562 2560
f 603 2522 2523
f 622 2542 2543
f 607 2528 2527
f 612 2531 2532
f 626 2545 2547
f 629 2548 2550
f 631 2551 2552
f 614 2533 2535
f 618 2537 2538
f 641 2559 2558
f 605 2526 2524
f 164 644 1607
f 163 643 1603
f 165 645 1604
f 166 646 1610
f 167 647 1613
f 172 652 1622
f 190 670 1686
f 219 699 1773
f 215 695 1761
f 201 681 1712
f 179 659 1652
f 178 658 1648
f 180 660 1649
f 181 661 1655
f 182 662 1658
f 185 665 1670
f 177 657 1637
f 197 677 1694
f 206 686 1731
f 208 688 1739
f 218 698 1768
f 188 668 1678
f 168 648 1619
f 198 678 1709
f 213 693 1754
f 189 669 1682
f 221 701 1776
f 217 697 1758
f 202 682 1716
f 170 650 1625
f 209 689 1742
f 184 664 1663
f 173 653 1634
f 194 674 1697
f 204 684 1728
f 210 690 1746
f 183 663 1664
f 175 655 1640
f 196 676 1700
f 207 687 1724
f 192 672 1679
f 169 649 1618
f 199 679 1708
f 216 696 1753
f 222 702 1769
f 211 691 1738
f 187 667 1671
f 176 656 1643
f 195 675 1701
f 203 683 1723
f 186 666 1667
f 174 654 1633
f 193 673 1693
f 205 685 1727
f 212 692 1743
f 191 671 1685
f 220 700 1772
f 214 694 1757
f 200 680 1715
f 171 651 1628
f 358 838 2187
f 256 736 1881
f 261 741 1899
f 387 867 2277
f 399 879 2313
f 351 831 2169
f 348 828 2156
f 300 780 2010
f 366 846 2208
f 267 747 1917
f 340 820 2133
f 287 767 1971
f 291 771 1989
f 369 849 2223
f 395 875 2300
f 354 834 2174
f 345 825 2151
f 297 777 2007
f 363 843 2205
f 270 750 1920
f 247 727 1855
f 229 709 1801
f 223 703 1784
f 235 715 1820
f 241 721 1838
f 253 733 1874
f 355 835 2180
f 398 878 2310
f 386 866 2274
f 260 740 1896
f 325 805 2089
f 307 787 2035
f 278 758 1950
f 313 793 2054
f 319 799 2072
f 337 817 2126
f 283 763 1964
f 290 770 1986
f 368 848 2220
f 392 872 2291
f 356 836 2183
f 254 734 1877
f 259 739 1891
f 385 865 2269
f 397 877 2305
f 349 829 2161
f 344 824 2148
f 296 776 2004
f 362 842 2202
f 265 745 1909
f 338 818 2129
f 284 764 1967
f 289 769 1981
f 367 847 2215
f 391 871 2288
f 350 830 2166
f 343 823 2143
f 295 775 1999
f 361 841 2197
f 266 746 1914
f 230 710 1806
f 224 704 1787
f 236 716 1823
f 242 722 1841
f 248 728 1860
f 272 752 1931
f 331 811 2108
f 301 781 2018
f 373 853 2234
f 380 860 2255
f 308 788 2040
f 277 757 1945
f 314 794 2057
f 320 800 2075
f 326 806 2094
f 332 812 2111
f 302 782 2021
f 374 854 2237
f 379 859 2252
f 271 751 1928
f 234 714 1812
f 227 707 1791
f 239 719 1827
f 245 725 1845
f 252 732 1866
f 275 755 1935
f 334 814 2118
f 304 784 2028
f 377 857 2246
f 382 862 2259
f 312 792 2048
f 279 759 1953
f 316 796 2061
f 323 803 2079
f 330 810 2100
f 335 815 2115
f 305 785 2025
f 376 856 2241
f 383 863 2264
f 274 754 1938
f 232 712 1802
f 225 705 1783
f 237 717 1819
f 243 723 1837
f 250 730 1856
f 273 753 1927
f 336 816 2112
f 306 786 2022
f 378 858 2238
f 381 861 2251
f 311 791 2036
f 281 761 1949
f 315 795 2053
f 321 801 2071
f 328 808 2090
f 333 813 2107
f 303 783 2017
f 375 855 2233
f 384 864 2256
f 276 756 1932
f 251 731 1859
f 233 713 1805
f 228 708 1788
f 240 720 1824
f 246 726 1842
f 258 738 1878
f 360 840 2184
f 401 881 2306
f 389 869 2270
f 263 743 1892
f 329 809 2093
f 310 790 2039
f 280 760 1946
f 318 798 2058
f 324 804 2076
f 342 822 2130
f 288 768 1968
f 292 772 1982
f 371 851 2216
f 393 873 2287
f 357 837 2179
f 255 735 1873
f 262 742 1895
f 388 868 2273
f 400 880 2309
f 352 832 2165
f 347 827 2144
f 298 778 2000
f 364 844 2198
f 269 749 1913
f 339 819 2125
f 285 765 1963
f 293 773 1985
f 370 850 2219
f 396 876 2292
f 353 833 2162
f 346 826 2147
f 299 779 2003
f 365 845 2201
f 268 748 1910
f 249 729 1863
f 231 711 1809
f 226 706 1794
f 238 718 1830
f 244 724 1848
f 257 737 1886
f 359 839 2192
f 402 882 2318
f 390 870 2282
f 264 744 1904
f 327 807 2097
f 309 789 2043
f 282 762 1956
f 317 797 2066
f 322 802 2082
f 341 821 2138
f 286 766 1974
f 294 774 1992
f 372 852 2228
f 394 874 2295
f 416 1270 2331
f 408 1246 2327
f 406 1251 2328
f 412 1287 2334
f 415 1305 2337
f 424 1335 2346
f 492 1552 2412
f 582 1474 2499
f 565 1600 2487
f 514 1353 2436
f 461 1480 2376
f 453 1402 2372
f 451 1407 2373
f 457 1491 2379
f 460 1503 2382
f 475 1534 2396
f 439 1413 2361
f 496 1443 2418
f 533 1593 2457
f 551 1384 2463
f 579 1324 2492
f 483 1276 2402
f 426 1264 2343
f 521 1300 2433
f 566 1318 2478
f 489 1342 2406
f 578 1563 2502
f 560 1461 2484
f 518 1587 2442
f 429 1348 2349
f 547 1522 2468
f 465 1419 2387
f 441 1396 2358
f 504 1498 2421
f 537 1516 2454
f 550 1558 2472
f 476 1426 2388
f 444 1432 2364
f 502 1569 2426
f 526 1371 2448
f 481 1281 2403
f 420 1257 2342
f 510 1293 2432
f 555 1311 2477
f 571 1329 2493
f 540 1377 2462
f 473 1539 2397
f 447 1450 2367
f 507 1576 2427
f 534 1366 2447
f 469 1485 2391
f 435 1389 2357
f 498 1438 2417
f 529 1509 2453
f 545 1527 2469
f 487 1545 2411
f 574 1467 2498
f 562 1456 2483
f 520 1582 2441
f 432 1360 2352
f 589 1271 2509
f 583 1247 2503
f 586 1254 2506
f 593 1290 2512
f 596 1308 2515
f 599 1338 2518
f 633 1553 2555
f 620 1475 2541
f 640 1601 2562
f 603 1356 2522
f 622 1481 2542
f 607 1403 2528
f 612 1410 2531
f 626 1494 2545
f 629 1506 2548
f 631 1535 2551
f 614 1416 2533
f 618 1446 2537
f 641 1596 2559
f 605 1385 2526
f 167 907 1616
f 164 889 1608
f 163 883 1606
f 165 895 1612
f 166 901 1615
f 169 919 1624
f 192 1057 1692
f 222 1237 1782
f 216 1201 1765
f 199 1099 1714
f 182 997 1661
f 179 979 1653
f 178 973 1651
f 180 985 1657
f 181 991 1660
f 186 1021 1675
f 174 949 1639
f 193 1063 1696
f 205 1135 1733
f 212 1177 1751
f 221 1231 1779
f 189 1039 1683
f 170 925 1626
f 202 1117 1721
f 217 1207 1766
f 191 1051 1689
f 220 1225 1778
f 214 1189 1760
f 200 1105 1718
f 171 931 1629
f 210 1165 1747
f 183 1003 1665
f 175 955 1641
f 196 1081 1704
f 207 1147 1737
f 211 1171 1750
f 187 1027 1676
f 176 961 1644
f 195 1075 1702
f 203 1123 1726
f 188 1033 1681
f 168 913 1620
f 198 1093 1710
f 213 1183 1755
f 218 1213 1771
f 208 1153 1740
f 185 1015 1673
f 177 967 1647
f 197 1087 1707
f 206 1141 1734
f 184 1009 1669
f 173 943 1635
f 194 1069 1698
f 204 1129 1729
f 209 1159 1745
f 190 1045 1687
f 219 1219 1774
f 215 1195 1762
f 201 1111 1720
f 172 937 1632
f 357 1280 2189
f 255 1256 1883
f 262 1292 1903
f 388 1310 2281
f 400 1328 2317
f 352 1376 2173
f 347 1538 2158
f 298 1447 2012
f 364 1573 2210
f 269 1363 1924
f 339 1484 2135
f 285 1388 1973
f 293 1435 1996
f 370 1508 2227
f 396 1526 2304
f 353 1544 2176
f 346 1466 2155
f 299 1453 2014
f 365 1579 2212
f 268 1357 1922
f 249 1268 1864
f 231 1244 1810
f 226 1249 1795
f 238 1285 1831
f 244 1303 1849
f 257 1333 1887
f 359 1550 2193
f 402 1472 2321
f 390 1598 2285
f 264 1351 1907
f 327 1478 2098
f 309 1400 2044
f 282 1405 1961
f 317 1489 2067
f 322 1501 2083
f 341 1532 2139
f 286 1411 1975
f 294 1441 1997
f 372 1591 2231
f 394 1382 2298
f 358 1322 2190
f 256 1274 1884
f 261 1262 1900
f 387 1298 2278
f 399 1316 2314
f 351 1340 2170
f 348 1561 2159
f 300 1459 2015
f 366 1585 2213
f 267 1346 1918
f 340 1520 2136
f 287 1417 1977
f 291 1394 1990
f 369 1496 2224
f 395 1514 2301
f 354 1556 2177
f 345 1424 2152
f 297 1430 2008
f 363 1567 2206
f 270 1369 1925
f 234 1279 1817
f 227 1255 1797
f 239 1291 1833
f 245 1309 1851
f 252 1327 1871
f 275 1375 1941
f 334 1537 2119
f 304 1448 2029
f 377 1574 2247
f 382 1364 2262
f 312 1483 2051
f 279 1387 1954
f 316 1436 2064
f 323 1507 2085
f 330 1525 2105
f 335 1543 2121
f 305 1465 2031
f 376 1454 2244
f 383 1580 2265
f 274 1358 1939
f 232 1267 1814
f 225 1243 1793
f 237 1250 1829
f 243 1286 1847
f 250 1304 1868
f 273 1334 1937
f 336 1549 2124
f 306 1471 2034
f 378 1597 2250
f 381 1352 2261
f 311 1477 2050
f 281 1399 1960
f 315 1406 2063
f 321 1490 2081
f 328 1502 2102
f 333 1531 2117
f 303 1412 2027
f 375 1442 2243
f 384 1592 2268
f 276 1381 1944
f 229 890 1804
f 223 884 1785
f 235 896 1821
f 241 902 1839
f 247 908 1858
f 271 938 1929
f 332 1046 2114
f 302 1220 2024
f 374 1196 2240
f 379 1112 2253
f 307 980 2038
f 278 974 1951
f 313 986 2055
f 319 992 2073
f 325 998 2092
f 331 1016 2109
f 301 968 2019
f 373 1088 2235
f 380 1142 2258
f 272 1154 1934
f 248 1214 1861
f 230 1034 1807
f 224 914 1790
f 236 1094 1826
f 242 1184 1844
f 254 1040 1880
f 356 1232 2186
f 397 1208 2308
f 385 1118 2272
f 259 926 1894
f 326 1160 2095
f 308 1010 2041
f 277 944 1948
f 314 1070 2060
f 320 1130 2078
f 338 1166 2132
f 284 1004 1970
f 289 956 1984
f 367 1082 2218
f 391 1148 2289
f 355 1058 2181
f 253 920 1875
f 260 1100 1897
f 386 1202 2275
f 398 1238 2311
f 350 1172 2167
f 343 1028 2146
f 295 962 2002
f 361 1076 2200
f 266 1124 1915
f 337 1022 2127
f 283 950 1965
f 290 1064 1987
f 368 1136 2221
f 392 1178 2294
f 349 1052 2164
f 344 1226 2149
f 296 1190 2005
f 362 1106 2203
f 265 932 1912
f 251 1321 1870
f 233 1273 1816
f 228 1261 1800
f 240 1297 1836
f 246 1315 1854
f 258 1339 1890
f 360 1562 2196
f 401 1460 2320
f 389 1586 2284
f 263 1345 1906
f 329 1519 2104
f 310 1418 2047
f 280 1393 1958
f 318 1495 2070
f 324 1513 2088
f 342 1555 2142
f 288 1423 1980
f 292 1429 1994
f 371 1568 2230
f 393 1370 2297
f 409 894 2329
f 405 887 2323
f 411 899 2326
f 414 905 2333
f 417 912 2336
f 431 941 2345
f 488 1050 2409
f 575 1224 2496
f 563 1200 2485
f 519 1115 2435
f 454 984 2374
f 450 977 2368
f 456 989 2371
f 459 995 2378
f 462 1002 2381
f 472 1019 2392
f 446 971 2360
f 506 1091 2416
f 535 1146 2456
f 541 1158 2460
f 570 1217 2488
f 480 1037 2398
f 421 918 2340
f 511 1098 2430
f 556 1188 2475
f 484 1044 2404
f 580 1236 2501
f 567 1212 2482
f 522 1122 2440
f 427 930 2347
f 544 1163 2464
f 468 1013 2384
f 436 948 2355
f 499 1074 2419
f 530 1134 2451
f 548 1170 2470
f 466 1008 2385
f 442 960 2362
f 505 1086 2423
f 536 1151 2446
f 491 1061 2401
f 423 923 2339
f 513 1103 2429
f 564 1205 2474
f 581 1241 2491
f 549 1175 2459
f 477 1032 2395
f 445 966 2365
f 503 1080 2424
f 525 1127 2443
f 474 1025 2390
f 438 953 2354
f 495 1067 2413
f 532 1139 2450
f 552 1182 2467
f 490 1056 2408
f 577 1229 2495
f 559 1193 2479
f 517 1109 2437
f 430 936 2350
f 590 1325 2511
f 584 1277 2505
f 585 1265 2507
f 592 1301 2513
f 595 1319 2516
f 598 1343 2519
f 636 1566 2556
f 621 1464 2540
f 642 1590 2561
f 601 1349 2521
f 623 1523 2544
f 611 1422 2529
f 609 1397 2530
f 625 1499 2546
f 628 1517 2549
f 632 1559 2553
f 613 1427 2534
f 616 1433 2536
f 638 1572 2557
f 606 1374 2525
f 407 892 1609
f 403 885 1605
f 404 897 1611
f 410 903 1614
f 413 910 1617
f 422 939 1631
f 486 1048 1688
f 573 1222 1775
f 561 1198 1763
f 512 1113 1719
f 452 982 1654
f 448 975 1650
f 449 987 1656
f 455 993 1659
f 458 1000 1662
f 470 1017 1672
f 437 969 1646
f 494 1089 1706
f 531 1144 1735
f 539 1156 1741
f 568 1215 1770
f 478 1035 1680
f 419 916 1621
f 509 1096 1711
f 554 1186 1756
f 482 1042 1684
f 576 1234 1780
f 558 1210 1767
f 516 1120 1722
f 425 928 1627
f 542 1161 1744
f 463 1011 1668
f 434 946 1636
f 497 1072 1699
f 528 1132 1730
f 546 1168 1748
f 464 1006 1666
f 440 958 1642
f 500 1084 1705
f 524 1149 1736
f 479 1059 1691
f 418 921 1623
f 508 1101 1713
f 553 1203 1764
f 569 1239 1781
f 538 1173 1749
f 471 1030 1677
f 443 964 1645
f 501 1078 1703
f 523 1125 1725
f 467 1023 1674
f 433 951 1638
f 493 1065 1695
f 527 1137 1732
f 543 1180 1752
f 485 1054 1690
f 572 1227 1777
f 557 1191 1759
f 515 1107 1717
f 428 934 1630
f 591 1326 2191
f 587 1278 1885
f 588 1266 1901
f 594 1302 2279
f 597 1320 2315
f 600 1344 2171
f 634 1565 2160
f 619 1463 2016
f 639 1589 2214
f 602 1350 1919
f 624 1524 2137
f 608 1421 1978
f 610 1398 1991
f 627 1500 2225
f 630 1518 2302
f 635 1560 2178
f 615 1428 2153
f 617 1434 2009
f 637 1571 2207
f 604 1373 1926
f 416 911 1857
f 408 893 1803
f 406 888 1786
f 412 900 1822
f 415 906 1840
f 424 924 1876
f 492 1062 2182
f 582 1242 2312
f 565 1206 2276
f 514 1104 1898
f 461 1001 2091
f 453 983 2037
f 451 978 1952
f 457 990 2056
f 460 996 2074
f 475 1026 2128
f 439 954 1966
f 496 1068 1988
f 533 1140 2222
f 551 1181 2293
f 579 1235 2185
f 483 1043 1879
f 426 929 1893
f 521 1121 2271
f 566 1211 2307
f 489 1055 2163
f 578 1230 2150
f 560 1194 2006
f 518 1110 2204
f 429 935 1911
f 547 1169 2131
f 465 1007 1969
f 441 959 1983
f 504 1085 2217
f 537 1152 2290
f 550 1176 2168
f 476 1031 2145
f 444 965 2001
f 502 1079 2199
f 526 1128 1916
f 481 1038 1808
f 420 917 1789
f 510 1097 1825
f 555 1187 1843
f 571 1218 1862
f 540 1157 1933
f 473 1020 2110
f 447 972 2020
f 507 1092 2236
f 534 1145 2257
f 469 1014 2042
f 435 947 1947
f 498 1073 2059
f 529 1133 2077
f 545 1164 2096
f 487 1049 2113
f 574 1223 2023
f 562 1199 2239
f 520 1116 2254
f 432 942 1930
f 589 1283 1818
f 583 1259 1798
f 586 1295 1834
f 593 1313 1852
f 596 1331 1872
f 599 1379 1942
f 633 1541 2120
f 620 1452 2030
f 640 1578 2248
f 603 1368 2263
f 622 1487 2052
f 607 1391 1955
f 612 1440 2065
f 626 1511 2086
f 629 1529 2106
f 631 1547 2122
f 614 1469 2032
f 618 1458 2245
f 641 1584 2266
f 605 1362 1940
f 409 1269 1813
f 405 1245 1792
f 411 1252 1828
f 414 1288 1846
f 417 1306 1867
f 431 1336 1936
f 488 1551 2123
f 575 1473 2033
f 563 1599 2249
f 519 1354 2260
f 454 1479 2049
f 450 1401 1959
f 456 1408 2062
f 459 1492 2080
f 462 1504 2101
f 472 1533 2116
f 446 1414 2026
f 506 1444 2242
f 535 1594 2267
f 541 1383 1943
f 570 1323 1869
f 480 1275 1815
f 421 1263 1799
f 511 1299 1835
f 556 1317 1853
f 484 1341 1889
f 580 1564 2195
f 567 1462 2319
f 522 1588 2283
f 427 1347 1905
f 544 1521 2103
f 468 1420 2046
f 436 1395 1957
f 499 1497 2069
f 530 1515 2087
f 548 1557 2141
f 466 1425 1979
f 442 1431 1993
f 505 1570 2229
f 536 1372 2296
f 491 1282 2188
f 423 1258 1882
f 513 1294 1902
f 564 1312 2280
f 581 1330 2316
f 549 1378 2172
f 477 1540 2157
f 445 1449 2011
f 503 1575 2209
f 525 1365 1923
f 474 1486 2134
f 438 1390 1972
f 495 1437 1995
f 532 1510 2226
f 552 1528 2303
f 490 1546 2175
f 577 1468 2154
f 559 1455 2013
f 517 1581 2211
f 430 1359 1921
f 590 1272 1865
f 584 1248 1811
f 585 1253 1796
f 592 1289 1832
f 595 1307 1850
f 598 1337 1888
f 636 1554 2194
f 621 1476 2322
f 642 1602 2286
f 601 1355 1908
f 623 1482 2099
f 611 1404 2045
f 609 1409 1962
f 625 1493 2068
f 628 1505 2084
f 632 1536 2140
f 613 1415 1976
f 616 1445 1998
f 638 1595 2232
f 606 1386 2299
f 407 909 2330
f 403 891 2324
f 404 886 2325
f 410 898 2332
f 413 904 2335
f 422 922 2344
f 486 1060 2410
f 573 1240 2497
f 561 1204 2486
f 512 1102 2434
f 452 999 2375
f 448 981 2369
f 449 976 2370
f 455 988 2377
f 458 994 2380
f 470 1024 2393
f 437 952 2359
f 494 1066 2415
f 531 1138 2455
f 539 1179 2461
f 568 1233 2489
f 478 1041 2399
f 419 927 2341
f 509 1119 2431
f 554 1209 2476
f 482 1053 2405
f 576 1228 2500
f 558 1192 2481
f 516 1108 2439
f 425 933 2348
f 542 1167 2465
f 463 1005 2383
f 434 957 2356
f 497 1083 2420
f 528 1150 2452
f 546 1174 2471
f 464 1029 2386
f 440 963 2363
f 500 1077 2422
f 524 1126 2445
f 479 1036 2400
f 418 915 2338
f 508 1095 2428
f 553 1185 2473
f 569 1216 2490
f 538 1155 2458
f 471 1018 2394
f 443 970 2366
f 501 1090 2425
f 523 1143 2444
f 467 1012 2389
f 433 945 2353
f 493 1071 2414
f 527 1131 2449
f 543 1162 2466
f 485 1047 2407
f 572 1221 2494
f 557 1197 2480
f 515 1114 2438
f 428 940 2351
f 591 1284 2510
f 587 1260 2504
f 588 1296 2508
f 594 1314 2514
f 597 1332 2517
f 600 1380 2520
f 634 1542 2554
f 619 1451 2539
f 639 1577 2560
f 602 1367 2523
f 624 1488 2543
f 608 1392 2527
f 610 1439 2532
f 627 1512 2547
f 630 1530 2550
f 635 1548 2552
f 615 1470 2535
f 617 1457 2538
f 637 1583 2558
f 604 1361 2524
f 167 1616 1607
f 164 1608 1603
f 163 1606 1604
f 165 1612 1610
f 166 1615 1613
f 169 1624 1622
f 192 1692 1686
f 222 1782 1773
f 216 1765 1761
f 199 1714 1712
f 182 1661 1652
f 179 1653 1648
f 178 1651 1649
f 180 1657 1655
f 181 1660 1658
f 186 1675 1670
f 174 1639 1637
f 193 1696 1694
f 205 1733 1731
f 212 1751 1739
f 221 1779 1768
f 189 1683 1678
f 170 1626 1619
f 202 1721 1709
f 217 1766 1754
f 191 1689 1682
f 220 1778 1776
f 214 1760 1758
f 200 1718 1716
f 171 1629 1625
f 210 1747 1742
f 183 1665 1663
f 175 1641 1634
f 196 1704 1697
f 207 1737 1728
f 211 1750 1746
f 187 1676 1664
f 176 1644 1640
f 195 1702 1700
f 203 1726 1724
f 188 1681 1679
f 168 1620 1618
f 198 1710 1708
f 213 1755 1753
f 218 1771 1769
f 208 1740 1738
f 185 1673 1671
f 177 1647 1643
f 197 1707 1701
f 206 1734 1723
f 184 1669 1667
f 173 1635 1633
f 194 1698 1693
f 204 1729 1727
f 209 1745 1743
f 190 1687 1685
f 219 1774 1772
f 215 1762 1757
f 201 1720 1715
f 172 1632 1628
f 357 2189 2187
f 255 1883 1881
f 262 1903 1899
f 388 2281 2277
f 400 2317 2313
f 352 2173 2169
f 347 2158 2156
f 298 2012 2010
f 364 2210 2208
f 269 1924 1917
f 339 2135 2133
f 285 1973 1971
f 293 1996 1989
f 370 2227 2223
f 396 2304 2300
f 353 2176 2174
f 346 2155 2151
f 299 2014 2007
f 365 2212 2205
f 268 1922 1920
f 249 1864 1855
f 231 1810 1801
f 226 1795 1784
f 238 1831 1820
f 244 1849 1838
f 257 1887 1874
f 359 2193 2180
f 402 2321 2310
f 390 2285 2274
f 264 1907 1896
f 327 2098 2089
f 309 2044 2035
f 282 1961 1950
f 317 2067 2054
f 322 2083 2072
f 341 2139 2126
f 286 1975 1964
f 294 1997 1986
f 372 2231 2220
f 394 2298 2291
f 358 2190 2183
f 256 1884 1877
f 261 1900 1891
f 387 2278 2269
f 399 2314 2305
f 351 2170 2161
f 348 2159 2148
f 300 2015 2004
f 366 2213 2202
f 267 1918 1909
f 340 2136 2129
f 287 1977 1967
f 291 1990 1981
f 369 2224 2215
f 395 2301 2288
f 354 2177 2166
f 345 2152 2143
f 297 2008 1999
f 363 2206 2197
f 270 1925 1914
f 234 1817 1806
f 227 1797 1787
f 239 1833 1823
f 245 1851 1841
f 252 1871 1860
f 275 1941 1931
f 334 2119 2108
f 304 2029 2018
f 377 2247 2234
f 382 2262 2255
f 312 2051 2040
f 279 1954 1945
f 316 2064 2057
f 323 2085 2075
f 330 2105 2094
f 335 2121 2111
f 305 2031 2021
f 376 2244 2237
f 383 2265 2252
f 274 1939 1928
f 232 1814 1812
f 225 1793 1791
f 237 1829 1827
f 243 1847 1845
f 250 1868 1866
f 273 1937 1935
f 336 2124 2118
f 306 2034 2028
f 378 2250 2246
f 381 2261 2259
f 311 2050 2048
f 281 1960 1953
f 315 2063 2061
f 321 2081 2079
f 328 2102 2100
f 333 2117 2115
f 303 2027 2025
f 375 2243 2241
f 384 2268 2264
f 276 1944 1938
f 229 1804 1802
f 223 1785 1783
f 235 1821 1819
f 241 1839 1837
f 247 1858 1856
f 271 1929 1927
f 332 2114 2112
f 302 2024 2022
f 374 2240 2238
f 379 2253 2251
f 307 2038 2036
f 278 1951 1949
f 313 2055 2053
f 319 2073 2071
f 325 2092 2090
f 331 2109 2107
f 301 2019 2017
f 373 2235 2233
f 380 2258 2256
f 272 1934 1932
f 248 1861 1859
f 230 1807 1805
f 224 1790 1788
f 236 1826 1824
f 242 1844 1842
f 254 1880 1878
f 356 2186 2184
f 397 2308 2306
f 385 2272 2270
f 259 1894 1892
f 326 2095 2093
f 308 2041 2039
f 277 1948 1946
f 314 2060 2058
f 320 2078 2076
f 338 2132 2130
f 284 1970 1968
f 289 1984 1982
f 367 2218 2216
f 391 2289 2287
f 355 2181 2179
f 253 1875 1873
f 260 1897 1895
f 386 2275 2273
f 398 2311 2309
f 350 2167 2165
f 343 2146 2144
f 295 2002 2000
f 361 2200 2198
f 266 1915 1913
f 337 2127 2125
f 283 1965 1963
f 290 1987 1985
f 368 2221 2219
f 392 2294 2292
f 349 2164 2162
f 344 2149 2147
f 296 2005 2003
f 362 2203 2201
f 265 1912 1910
f 251 1870 1863
f 233 1816 1809
f 228 1800 1794
f 240 1836 1830
f 246 1854 1848
f 258 1890 1886
f 360 2196 2192
f 401 2320 2318
f 389 2284 2282
f 263 1906 1904
f 329 2104 2097
f 310 2047 2043
f 280 1958 1956
f 318 2070 2066
f 324 2088 2082
f 342 2142 2138
f 288 1980 1974
f 292 1994 1992
f 371 2230 2228
f 393 2297 2295
f 409 2329 2331
f 405 2323 2327
f 411 2326 2328
f 414 2333 2334
f 417 2336 2337
f 431 2345 2346
f 488 2409 2412
f 575 2496 2499
f 563 2485 2487
f 519 2435 2436
f 454 2374 2376
f 450 2368 2372
f 456 2371 2373
f 459 2378 2379
f 462 2381 2382
f 472 2392 2396
f 446 2360 2361
f 506 2416 2418
f 535 2456 2457
f 541 2460 2463
f 570 2488 2492
f 480 2398 2402
f 421 2340 2343
f 511 2430 2433
f 556 2475 2478
f 484 2404 2406
f 580 2501 2502
f 567 2482 2484
f 522 2440 2442
f 427 2347 2349
f 544 2464 2468
f 468 2384 2387
f 436 2355 2358
f 499 2419 2421
f 530 2451 2454
f 548 2470 2472
f 466 2385 2388
f 442 2362 2364
f 505 2423 2426
f 536 2446 2448
f 491 2401 2403
f 423 2339 2342
f 513 2429 2432
f 564 2474 2477
f 581 2491 2493
f 549 2459 2462
f 477 2395 2397
f 445 2365 2367
f 503 2424 2427
f 525 2443 2447
f 474 2390 2391
f 438 2354 2357
f 495 2413 2417
f 532 2450 2453
f 552 2467 2469
f 490 2408 2411
f 577 2495 2498
f 559 2479 2483
f 517 2437 2441
f 430 2350 2352
f 590 2511 2509
f 584 2505 2503
f 585 2507 2506
f 592 2513 2512
f 595 2516 2515
f 598 2519 2518
f 636 2556 2555
f 621 2540 2541
f 642 2561 2562
f 601 2521 2522
f 623 2544 2542
f 611 2529 2528
f 609 2530 2531
f 625 2546 2545
f 628 2549 2548
f 632 2553 2551
f 613 2534 2533
f 616 2536 2537
f 638 2557 2559
f 606 2525 2526
f 1607 644 647
f 1603 643 644
f 1604 645 643
f 1610 646 645
f 1613 647 646
f 1622 652 649
f 1686 670 672
f 1773 699 702
f 1761 695 696
f 1712 681 679
f 1652 659 662
f 1648 658 659
f 1649 660 658
f 1655 661 660
f 1658 662 661
f 1670 665 666
f 1637 657 654
f 1694 677 673
f 1731 686 685
f 1739 688 692
f 1768 698 701
f 1678 668 669
f 1619 648 650
f 1709 678 682
f 1754 693 697
f 1682 669 671
f 1776 701 700
f 1758 697 694
f 1716 682 680
f 1625 650 651
f 1742 689 690
f 1663 664 663
f 1634 653 655
f 1697 674 676
f 1728 684 687
f 1746 690 691
f 1664 663 667
f 1640 655 656
f 1700 676 675
f 1724 687 683
f 1679 672 668
f 1618 649 648
f 1708 679 678
f 1753 696 693
f 1769 702 698
f 1738 691 688
f 1671 667 665
f 1643 656 657
f 1701 675 677
f 1723 683 686
f 1667 666 664
f 1633 654 653
f 1693 673 674
f 1727 685 684
f 1743 692 689
f 1685 671 670
f 1772 700 699
f 1757 694 695
f 1715 680 681
f 1628 651 652
f 2187 838 837
f 1881 736 735
f 1899 741 742
f 2277 867 868
f 2313 879 880
f 2169 831 832
f 2156 828 827
f 2010 780 778
f 2208 846 844
f 1917 747 749
f 2133 820 819
f 1971 767 765
f 1989 771 773
f 2223 849 850
f 2300 875 876
f 2174 834 833
f 2151 825 826
f 2007 777 779
f 2205 843 845
f 1920 750 748
f 1855 727 729
f 1801 709 711
f 1784 703 706
f 1820 715 718
f 1838 721 724
f 1874 733 737
f 2180 835 839
f 2310 878 882
f 2274 866 870
f 1896 740 744
f 2089 805 807
f 2035 787 789
f 1950 758 762
f 2054 793 797
f 2072 799 802
f 2126 817 821
f 1964 763 766
f 1986 770 774
f 2220 848 852
f 2291 872 874
f 2183 836 838
f 1877 734 736
f 1891 739 741
f 2269 865 867
f 2305 877 879
f 2161 829 831
f 2148 824 828
f 2004 776 780
f 2202 842 846
f 1909 745 747
f 2129 818 820
f 1967 764 767
f 1981 769 771
f 2215 847 849
f 2288 871 875
f 2166 830 834
f 2143 823 825
f 1999 775 777
f 2197 841 843
f 1914 746 750
f 1806 710 714
f 1787 704 707
f 1823 716 719
f 1841 722 725
f 1860 728 732
f 1931 752 755
f 2108 811 814
f 2018 781 784
f 2234 853 857
f 2255 860 862
f 2040 788 792
f 1945 757 759
f 2057 794 796
f 2075 800 803
f 2094 806 810
f 2111 812 815
f 2021 782 785
f 2237 854 856
f 2252 859 863
f 1928 751 754
f 1812 714 712
f 1791 707 705
f 1827 719 717
f 1845 725 723
f 1866 732 730
f 1935 755 753
f 2118 814 816
f 2028 784 786
f 2246 857 858
f 2259 862 861
f 2048 792 791
f 1953 759 761
f 2061 796 795
f 2079 803 801
f 2100 810 808
f 2115 815 813
f 2025 785 783
f 2241 856 855
f 2264 863 864
f 1938 754 756
f 1802 712 709
f 1783 705 703
f 1819 717 715
f 1837 723 721
f 1856 730 727
f 1927 753 751
f 2112 816 812
f 2022 786 782
f 2238 858 854
f 2251 861 859
f 2036 791 787
f 1949 761 758
f 2053 795 793
f 2071 801 799
f 2090 808 805
f 2107 813 811
f 2017 783 781
f 2233 855 853
f 2256 864 860
f 1932 756 752
f 1859 731 728
f 1805 713 710
f 1788 708 704
f 1824 720 716
f 1842 726 722
f 1878 738 734
f 2184 840 836
f 2306 881 877
f 2270 869 865
f 1892 743 739
f 2093 809 806
f 2039 790 788
f 1946 760 757
f 2058 798 794
f 2076 804 800
f 2130 822 818
f 1968 768 764
f 1982 772 769
f 2216 851 847
f 2287 873 871
f 2179 837 835
f 1873 735 733
f 1895 742 740
f 2273 868 866
f 2309 880 878
f 2165 832 830
f 2144 827 823
f 2000 778 775
f 2198 844 841
f 1913 749 746
f 2125 819 817
f 1963 765 763
f 1985 773 770
f 2219 850 848
f 2292 876 872
f 2162 833 829
f 2147 826 824
f 2003 779 776
f 2201 845 842
f 1910 748 745
f 1863 729 731
f 1809 711 713
f 1794 706 708
f 1830 718 720
f 1848 724 726
f 1886 737 738
f 2192 839 840
f 2318 882 881
f 2282 870 869
f 1904 744 743
f 2097 807 809
f 2043 789 790
f 1956 762 760
f 2066 797 798
f 2082 802 804
f 2138 821 822
f 1974 766 768
f 1992 774 772
f 2228 852 851
f 2295 874 873
f 2331 1270 1269
f 2327 1246 1245
f 2328 1251 1252
f 2334 1287 1288
f 2337 1305 1306
f 2346 1335 1336
f 2412 1552 1551
f 2499 1474 1473
f 2487 1600 1599
f 2436 1353 1354
f 2376 1480 1479
f 2372 1402 1401
f 2373 1407 1408
f 2379 1491 1492
f 2382 1503 1504
f 2396 1534 1533
f 2361 1413 1414
f 2418 1443 1444
f 2457 1593 1594
f 2463 1384 1383
f 2492 1324 1323
f 2402 1276 1275
f 2343 1264 1263
f 2433 1300 1299
f 2478 1318 1317
f 2406 1342 1341
f 2502 1563 1564
f 2484 1461 1462
f 2442 1587 1588
f 2349 1348 1347
f 2468 1522 1521
f 2387 1419 1420
f 2358 1396 1395
f 2421 1498 1497
f 2454 1516 1515
f 2472 1558 1557
f 2388 1426 1425
f 2364 1432 1431
f 2426 1569 1570
f 2448 1371 1372
f 2403 1281 1282
f 2342 1257 1258
f 2432 1293 1294
f 2477 1311 1312
f 2493 1329 1330
f 2462 1377 1378
f 2397 1539 1540
f 2367 1450 1449
f 2427 1576 1575
f 2447 1366 1365
f 2391 1485 1486
f 2357 1389 1390
f 2417 1438 1437
f 2453 1509 1510
f 2469 1527 1528
f 2411 1545 1546
f 2498 1467 1468
f 2483 1456 1455
f 2441 1582 1581
f 2352 1360 1359
f 2509 1271 1272
f 2503 1247 1248
f 2506 1254 1253
f 2512 1290 1289
f 2515 1308 1307
f 2518 1338 1337
f 2555 1553 1554
f 2541 1475 1476
f 2562 1601 1602
f 2522 1356 1355
f 2542 1481 1482
f 2528 1403 1404
f 2531 1410 1409
f 2545 1494 1493
f 2548 1506 1505
f 2551 1535 1536
f 2533 1416 1415
f 2537 1446 1445
f 2559 1596 1595
f 2526 1385 1386
f 1616 907 909
f 1608 889 891
f 1606 883 886
f 1612 895 898
f 1615 901 904
f 1624 919 922
f 1692 1057 1060
f 1782 1237 1240
f 1765 1201 1204
f 1714 1099 1102
f 1661 997 999
f 1653 979 981
f 1651 973 976
f 1657 985 988
f 1660 991 994
f 1675 1021 1024
f 1639 949 952
f 1696 1063 1066
f 1733 1135 1138
f 1751 1177 1179
f 1779 1231 1233
f 1683 1039 1041
f 1626 925 927
f 1721 1117 1119
f 1766 1207 1209
f 1689 1051 1053
f 1778 1225 1228
f 1760 1189 1192
f 1718 1105 1108
f 1629 931 933
f 1747 1165 1167
f 1665 1003 1005
f 1641 955 957
f 1704 1081 1083
f 1737 1147 1150
f 1750 1171 1174
f 1676 1027 1029
f 1644 961 963
f 1702 1075 1077
f 1726 1123 1126
f 1681 1033 1036
f 1620 913 915
f 1710 1093 1095
f 1755 1183 1185
f 1771 1213 1216
f 1740 1153 1155
f 1673 1015 1018
f 1647 967 970
f 1707 1087 1090
f 1734 1141 1143
f 1669 1009 1012
f 1635 943 945
f 1698 1069 1071
f 1729 1129 1131
f 1745 1159 1162
f 1687 1045 1047
f 1774 1219 1221
f 1762 1195 1197
f 1720 1111 1114
f 1632 937 940
f 2189 1280 1284
f 1883 1256 1260
f 1903 1292 1296
f 2281 1310 1314
f 2317 1328 1332
f 2173 1376 1380
f 2158 1538 1542
f 2012 1447 1451
f 2210 1573 1577
f 1924 1363 1367
f 2135 1484 1488
f 1973 1388 1392
f 1996 1435 1439
f 2227 1508 1512
f 2304 1526 1530
f 2176 1544 1548
f 2155 1466 1470
f 2014 1453 1457
f 2212 1579 1583
f 1922 1357 1361
f 1864 1268 1270
f 1810 1244 1246
f 1795 1249 1251
f 1831 1285 1287
f 1849 1303 1305
f 1887 1333 1335
f 2193 1550 1552
f 2321 1472 1474
f 2285 1598 1600
f 1907 1351 1353
f 2098 1478 1480
f 2044 1400 1402
f 1961 1405 1407
f 2067 1489 1491
f 2083 1501 1503
f 2139 1532 1534
f 1975 1411 1413
f 1997 1441 1443
f 2231 1591 1593
f 2298 1382 1384
f 2190 1322 1324
f 1884 1274 1276
f 1900 1262 1264
f 2278 1298 1300
f 2314 1316 1318
f 2170 1340 1342
f 2159 1561 1563
f 2015 1459 1461
f 2213 1585 1587
f 1918 1346 1348
f 2136 1520 1522
f 1977 1417 1419
f 1990 1394 1396
f 2224 1496 1498
f 2301 1514 1516
f 2177 1556 1558
f 2152 1424 1426
f 2008 1430 1432
f 2206 1567 1569
f 1925 1369 1371
f 1817 1279 1281
f 1797 1255 1257
f 1833 1291 1293
f 1851 1309 1311
f 1871 1327 1329
f 1941 1375 1377
f 2119 1537 1539
f 2029 1448 1450
f 2247 1574 1576
f 2262 1364 1366
f 2051 1483 1485
f 1954 1387 1389
f 2064 1436 1438
f 2085 1507 1509
f 2105 1525 1527
f 2121 1543 1545
f 2031 1465 1467
f 2244 1454 1456
f 2265 1580 1582
f 1939 1358 1360
f 1814 1267 1271
f 1793 1243 1247
f 1829 1250 1254
f 1847 1286 1290
f 1868 1304 1308
f 1937 1334 1338
f 2124 1549 1553
f 2034 1471 1475
f 2250 1597 1601
f 2261 1352 1356
f 2050 1477 1481
f 1960 1399 1403
f 2063 1406 1410
f 2081 1490 1494
f 2102 1502 1506
f 2117 1531 1535
f 2027 1412 1416
f 2243 1442 1446
f 2268 1592 1596
f 1944 1381 1385
f 1804 890 894
f 1785 884 887
f 1821 896 899
f 1839 902 905
f 1858 908 912
f 1929 938 941
f 2114 1046 1050
f 2024 1220 1224
f 2240 1196 1200
f 2253 1112 1115
f 2038 980 984
f 1951 974 977
f 2055 986 989
f 2073 992 995
f 2092 998 1002
f 2109 1016 1019
f 2019 968 971
f 2235 1088 1091
f 2258 1142 1146
f 1934 1154 1158
f 1861 1214 1217
f 1807 1034 1037
f 1790 914 918
f 1826 1094 1098
f 1844 1184 1188
f 1880 1040 1044
f 2186 1232 1236
f 2308 1208 1212
f 2272 1118 1122
f 1894 926 930
f 2095 1160 1163
f 2041 1010 1013
f 1948 944 948
f 2060 1070 1074
f 2078 1130 1134
f 2132 1166 1170
f 1970 1004 1008
f 1984 956 960
f 2218 1082 1086
f 2289 1148 1151
f 2181 1058 1061
f 1875 920 923
f 1897 1100 1103
f 2275 1202 1205
f 2311 1238 1241
f 2167 1172 1175
f 2146 1028 1032
f 2002 962 966
f 2200 1076 1080
f 1915 1124 1127
f 2127 1022 1025
f 1965 950 953
f 1987 1064 1067
f 2221 1136 1139
f 2294 1178 1182
f 2164 1052 1056
f 2149 1226 1229
f 2005 1190 1193
f 2203 1106 1109
f 1912 932 936
f 1870 1321 1325
f 1816 1273 1277
f 1800 1261 1265
f 1836 1297 1301
f 1854 1315 1319
f 1890 1339 1343
f 2196 1562 1566
f 2320 1460 1464
f 2284 1586 1590
f 1906 1345 1349
f 2104 1519 1523
f 2047 1418 1422
f 1958 1393 1397
f 2070 1495 1499
f 2088 1513 1517
f 2142 1555 1559
f 1980 1423 1427
f 1994 1429 1433
f 2230 1568 1572
f 2297 1370 1374
f 2329 894 892
f 2323 887 885
f 2326 899 897
f 2333 905 903
f 2336 912 910
f 2345 941 939
f 2409 1050 1048
f 2496 1224 1222
f 2485 1200 1198
f 2435 1115 1113
f 2374 984 982
f 2368 977 975
f 2371 989 987
f 2378 995 993
f 2381 1002 1000
f 2392 1019 1017
f 2360 971 969
f 2416 1091 1089
f 2456 1146 1144
f 2460 1158 1156
f 2488 1217 1215
f 2398 1037 1035
f 2340 918 916
f 2430 1098 1096
f 2475 1188 1186
f 2404 1044 1042
f 2501 1236 1234
f 2482 1212 1210
f 2440 1122 1120
f 2347 930 928
f 2464 1163 1161
f 2384 1013 1011
f 2355 948 946
f 2419 1074 1072
f 2451 1134 1132
f 2470 1170 1168
f 2385 1008 1006
f 2362 960 958
f 2423 1086 1084
f 2446 1151 1149
f 2401 1061 1059
f 2339 923 921
f 2429 1103 1101
f 2474 1205 1203
f 2491 1241 1239
f 2459 1175 1173
f 2395 1032 1030
f 2365 966 964
f 2424 1080 1078
f 2443 1127 1125
f 2390 1025 1023
f 2354 953 951
f 2413 1067 1065
f 2450 1139 1137
f 2467 1182 1180
f 2408 1056 1054
f 2495 1229 1227
f 2479 1193 1191
f 2437 1109 1107
f 2350 936 934
f 2511 1325 1326
f 2505 1277 1278
f 2507 1265 1266
f 2513 1301 1302
f 2516 1319 1320
f 2519 1343 1344
f 2556 1566 1565
f 2540 1464 1463
f 2561 1590 1589
f 2521 1349 1350
f 2544 1523 1524
f 2529 1422 1421
f 2530 1397 1398
f 2546 1499 1500
f 2549 1517 1518
f 2553 1559 1560
f 2534 1427 1428
f 2536 1433 1434
f 2557 1572 1571
f 2525 1374 1373
f 1609 892 889
f 1605 885 883
f 1611 897 895
f 1614 903 901
f 1617 910 907
f 1631 939 937
f 1688 1048 1045
f 1775 1222 1219
f 1763 1198 1195
f 1719 1113 1111
f 1654 982 979
f 1650 975 973
f 1656 987 985
f 1659 993 991
f 1662 1000 997
f 1672 1017 1015
f 1646 969 967
f 1706 1089 1087
f 1735 1144 1141
f 1741 1156 1153
f 1770 1215 1213
f 1680 1035 1033
f 1621 916 913
f 1711 1096 1093
f 1756 1186 1183
f 1684 1042 1039
f 1780 1234 1231
f 1767 1210 1207
f 1722 1120 1117
f 1627 928 925
f 1744 1161 1159
f 1668 1011 1009
f 1636 946 943
f 1699 1072 1069
f 1730 1132 1129
f 1748 1168 1165
f 1666 1006 1003
f 1642 958 955
f 1705 1084 1081
f 1736 1149 1147
f 1691 1059 1057
f 1623 921 919
f 1713 1101 1099
f 1764 1203 1201
f 1781 1239 1237
f 1749 1173 1171
f 1677 1030 1027
f 1645 964 961
f 1703 1078 1075
f 1725 1125 1123
f 1674 1023 1021
f 1638 951 949
f 1695 1065 1063
f 1732 1137 1135
f 1752 1180 1177
f 1690 1054 1051
f 1777 1227 1225
f 1759 1191 1189
f 1717 1107 1105
f 1630 934 931
f 2191 1326 1322
f 1885 1278 1274
f 1901 1266 1262
f 2279 1302 1298
f 2315 1320 1316
f 2171 1344 1340
f 2160 1565 1561
f 2016 1463 1459
f 2214 1589 1585
f 1919 1350 1346
f 2137 1524 1520
f 1978 1421 1417
f 1991 1398 1394
f 2225 1500 1496
f 2302 1518 1514
f 2178 1560 1556
f 2153 1428 1424
f 2009 1434 1430
f 2207 1571 1567
f 1926 1373 1369
f 1857 911 908
f 1803 893 890
f 1786 888 884
f 1822 900 896
f 1840 906 902
f 1876 924 920
f 2182 1062 1058
f 2312 1242 1238
f 2276 1206 1202
f 1898 1104 1100
f 2091 1001 998
f 2037 983 980
f 1952 978 974
f 2056 990 986
f 2074 996 992
f 2128 1026 1022
f 1966 954 950
f 1988 1068 1064
f 2222 1140 1136
f 2293 1181 1178
f 2185 1235 1232
f 1879 1043 1040
f 1893 929 926
f 2271 1121 1118
f 2307 1211 1208
f 2163 1055 1052
f 2150 1230 1226
f 2006 1194 1190
f 2204 1110 1106
f 1911 935 932
f 2131 1169 1166
f 1969 1007 1004
f 1983 959 956
f 2217 1085 1082
f 2290 1152 1148
f 2168 1176 1172
f 2145 1031 1028
f 2001 965 962
f 2199 1079 1076
f 1916 1128 1124
f 1808 1038 1034
f 1789 917 914
f 1825 1097 1094
f 1843 1187 1184
f 1862 1218 1214
f 1933 1157 1154
f 2110 1020 1016
f 2020 972 968
f 2236 1092 1088
f 2257 1145 1142
f 2042 1014 1010
f 1947 947 944
f 2059 1073 1070
f 2077 1133 1130
f 2096 1164 1160
f 2113 1049 1046
f 2023 1223 1220
f 2239 1199 1196
f 2254 1116 1112
f 1930 942 938
f 1818 1283 1279
f 1798 1259 1255
f 1834 1295 1291
f 1852 1313 1309
f 1872 1331 1327
f 1942 1379 1375
f 2120 1541 1537
f 2030 1452 1448
f 2248 1578 1574
f 2263 1368 1364
f 2052 1487 1483
f 1955 1391 1387
f 2065 1440 1436
f 2086 1511 1507
f 2106 1529 1525
f 2122 1547 1543
f 2032 1469 1465
f 2245 1458 1454
f 2266 1584 1580
f 1940 1362 1358
f 1813 1269 1267
f 1792 1245 1243
f 1828 1252 1250
f 1846 1288 1286
f 1867 1306 1304
f 1936 1336 1334
f 2123 1551 1549
f 2033 1473 1471
f 2249 1599 1597
f 2260 1354 1352
f 2049 1479 1477
f 1959 1401 1399
f 2062 1408 1406
f 2080 1492 1490
f 2101 1504 1502
f 2116 1533 1531
f 2026 1414 1412
f 2242 1444 1442
f 2267 1594 1592
f 1943 1383 1381
f 1869 1323 1321
f 1815 1275 1273
f 1799 1263 1261
f 1835 1299 1297
f 1853 1317 1315
f 1889 1341 1339
f 2195 1564 1562
f 2319 1462 1460
f 2283 1588 1586
f 1905 1347 1345
f 2103 1521 1519
f 2046 1420 1418
f 1957 1395 1393
f 2069 1497 1495
f 2087 1515 1513
f 2141 1557 1555
f 1979 1425 1423
f 1993 1431 1429
f 2229 1570 1568
f 2296 1372 1370
f 2188 1282 1280
f 1882 1258 1256
f 1902 1294 1292
f 2280 1312 1310
f 2316 1330 1328
f 2172 1378 1376
f 2157 1540 1538
f 2011 1449 1447
f 2209 1575 1573
f 1923 1365 1363
f 2134 1486 1484
f 1972 1390 1388
f 1995 1437 1435
f 2226 1510 1508
f 2303 1528 1526
f 2175 1546 1544
f 2154 1468 1466
f 2013 1455 1453
f 2211 1581 1579
f 1921 1359 1357
f 1865 1272 1268
f 1811 1248 1244
f 1796 1253 1249
f 1832 1289 1285
f 1850 1307 1303
f 1888 1337 1333
f 2194 1554 1550
f 2322 1476 1472
f 2286 1602 1598
f 1908 1355 1351
f 2099 1482 1478
f 2045 1404 1400
f 1962 1409 1405
f 2068 1493 1489
f 2084 1505 1501
f 2140 1536 1532
f 1976 1415 1411
f 1998 1445 1441
f 2232 1595 1591
f 2299 1386 1382
f 2330 909 911
f 2324 891 893
f 2325 886 888
f 2332 898 900
f 2335 904 906
f 2344 922 924
f 2410 1060 1062
f 2497 1240 1242
f 2486 1204 1206
f 2434 1102 1104
f 2375 999 1001
f 2369 981 983
f 2370 976 978
f 2377 988 990
f 2380 994 996
f 2393 1024 1026
f 2359 952 954
f 2415 1066 1068
f 2455 1138 1140
f 2461 1179 1181
f 2489 1233 1235
f 2399 1041 1043
f 2341 927 929
f 2431 1119 1121
f 2476 1209 1211
f 2405 1053 1055
f 2500 1228 1230
f 2481 1192 1194
f 2439 1108 1110
f 2348 933 935
f 2465 1167 1169
f 2383 1005 1007
f 2356 957 959
f 2420 1083 1085
f 2452 1150 1152
f 2471 1174 1176
f 2386 1029 1031
f 2363 963 965
f 2422 1077 1079
f 2445 1126 1128
f 2400 1036 1038
f 2338 915 917
f 2428 1095 1097
f 2473 1185 1187
f 2490 1216 1218
f 2458 1155 1157
f 2394 1018 1020
f 2366 970 972
f 2425 1090 1092
f 2444 1143 1145
f 2389 1012 1014
f 2353 945 947
f 2414 1071 1073
f 2449 1131 1133
f 2466 1162 1164
f 2407 1047 1049
f 2494 1221 1223
f 2480 1197 1199
f 2438 1114 1116
f 2351 940 942
f 2510 1284 1283
f 2504 1260 1259
f 2508 1296 1295
f 2514 1314 1313
f 2517 1332 1331
f 2520 1380 1379
f 2554 1542 1541
f 2539 1451 1452
f 2560 1577 1578
f 2523 1367 1368
f 2543 1488 1487
f 2527 1392 1391
f 2532 1439 1440
f 2547 1512 1511
f 2550 1530 1529
f 2552 1548 1547
f 2535 1470 1469
f 2538 1457 1458
f 2558 1583 1584
f 2524 1361 1362
f 1607 1616 1609
f 1603 1608 1605
f 1604 1606 1611
f 1610 1612 1614
f 1613 1615 1617
f 1622 1624 1631
f 1686 1692 1688
f 1773 1782 1775
f 1761 1765 1763
f 1712 1714 1719
f 1652 1661 1654
f 1648 1653 1650
f 1649 1651 1656
f 1655 1657 1659
f 1658 1660 1662
f 1670 1675 1672
f 1637 1639 1646
f 1694 1696 1706
f 1731 1733 1735
f 1739 1751 1741
f 1768 1779 1770
f 1678 1683 1680
f 1619 1626 1621
f 1709 1721 1711
f 1754 1766 1756
f 1682 1689 1684
f 1776 1778 1780
f 1758 1760 1767
f 1716 1718 1722
f 1625 1629 1627
f 1742 1747 1744
f 1663 1665 1668
f 1634 1641 1636
f 1697 1704 1699
f 1728 1737 1730
f 1746 1750 1748
f 1664 1676 1666
f 1640 1644 1642
f 1700 1702 1705
f 1724 1726 1736
f 1679 1681 1691
f 1618 1620 1623
f 1708 1710 1713
f 1753 1755 1764
f 1769 1771 1781
f 1738 1740 1749
f 1671 1673 1677
f 1643 1647 1645
f 1701 1707 1703
f 1723 1734 1725
f 1667 1669 1674
f 1633 1635 1638
f 1693 1698 1695
f 1727 1729 1732
f 1743 1745 1752
f 1685 1687 1690
f 1772 1774 1777
f 1757 1762 1759
f 1715 1720 1717
f 1628 1632 1630
f 2187 2189 2191
f 1881 1883 1885
f 1899 1903 1901
f 2277 2281 2279
f 2313 2317 2315
f 2169 2173 2171
f 2156 2158 2160
f 2010 2012 2016
f 2208 2210 2214
f 1917 1924 1919
f 2133 2135 2137
f 1971 1973 1978
f 1989 1996 1991
f 2223 2227 2225
f 2300 2304 2302
f 2174 2176 2178
f 2151 2155 2153
f 2007 2014 2009
f 2205 2212 2207
f 1920 1922 1926
f 1855 1864 1857
f 1801 1810 1803
f 1784 1795 1786
f 1820 1831 1822
f 1838 1849 1840
f 1874 1887 1876
f 2180 2193 2182
f 2310 2321 2312
f 2274 2285 2276
f 1896 1907 1898
f 2089 2098 2091
f 2035 2044 2037
f 1950 1961 1952
f 2054 2067 2056
f 2072 2083 2074
f 2126 2139 2128
f 1964 1975 1966
f 1986 1997 1988
f 2220 2231 2222
f 2291 2298 2293
f 2183 2190 2185
f 1877 1884 1879
f 1891 1900 1893
f 2269 2278 2271
f 2305 2314 2307
f 2161 2170 2163
f 2148 2159 2150
f 2004 2015 2006
f 2202 2213 2204
f 1909 1918 1911
f 2129 2136 2131
f 1967 1977 1969
f 1981 1990 1983
f 2215 2224 2217
f 2288 2301 2290
f 2166 2177 2168
f 2143 2152 2145
f 1999 2008 2001
f 2197 2206 2199
f 1914 1925 1916
f 1806 1817 1808
f 1787 1797 1789
f 1823 1833 1825
f 1841 1851 1843
f 1860 1871 1862
f 1931 1941 1933
f 2108 2119 2110
f 2018 2029 2020
f 2234 2247 2236
f 2255 2262 2257
f 2040 2051 2042
f 1945 1954 1947
f 2057 2064 2059
f 2075 2085 2077
f 2094 2105 2096
f 2111 2121 2113
f 2021 2031 2023
f 2237 2244 2239
f 2252 2265 2254
f 1928 1939 1930
f 1812 1814 1818
f 1791 1793 1798
f 1827 1829 1834
f 1845 1847 1852
f 1866 1868 1872
f 1935 1937 1942
f 2118 2124 2120
f 2028 2034 2030
f 2246 2250 2248
f 2259 2261 2263
f 2048 2050 2052
f 1953 1960 1955
f 2061 2063 2065
f 2079 2081 2086
f 2100 2102 2106
f 2115 2117 2122
f 2025 2027 2032
f 2241 2243 2245
f 2264 2268 2266
f 1938 1944 1940
f 1802 1804 1813
f 1783 1785 1792
f 1819 1821 1828
f 1837 1839 1846
f 1856 1858 1867
f 1927 1929 1936
f 2112 2114 2123
f 2022 2024 2033
f 2238 2240 2249
f 2251 2253 2260
f 2036 2038 2049
f 1949 1951 1959
f 2053 2055 2062
f 2071 2073 2080
f 2090 2092 2101
f 2107 2109 2116
f 2017 2019 2026
f 2233 2235 2242
f 2256 2258 2267
f 1932 1934 1943
f 1859 1861 1869
f 1805 1807 1815
f 1788 1790 1799
f 1824 1826 1835
f 1842 1844 1853
f 1878 1880 1889
f 2184 2186 2195
f 2306 2308 2319
f 2270 2272 2283
f 1892 1894 1905
f 2093 2095 2103
f 2039 2041 2046
f 1946 1948 1957
f 2058 2060 2069
f 2076 2078 2087
f 2130 2132 2141
f 1968 1970 1979
f 1982 1984 1993
f 2216 2218 2229
f 2287 2289 2296
f 2179 2181 2188
f 1873 1875 1882
f 1895 1897 1902
f 2273 2275 2280
f 2309 2311 2316
f 2165 2167 2172
f 2144 2146 2157
f 2000 2002 2011
f 2198 2200 2209
f 1913 1915 1923
f 2125 2127 2134
f 1963 1965 1972
f 1985 1987 1995
f 2219 2221 2226
f 2292 2294 2303
f 2162 2164 2175
f 2147 2149 2154
f 2003 2005 2013
f 2201 2203 2211
f 1910 1912 1921
f 1863 1870 1865
f 1809 1816 1811
f 1794 1800 1796
f 1830 1836 1832
f 1848 1854 1850
f 1886 1890 1888
f 2192 2196 2194
f 2318 2320 2322
f 2282 2284 2286
f 1904 1906 1908
f 2097 2104 2099
f 2043 2047 2045
f 1956 1958 1962
f 2066 2070 2068
f 2082 2088 2084
f 2138 2142 2140
f 1974 1980 1976
f 1992 1994 1998
f 2228 2230 2232
f 2295 2297 2299
f 2331 2329 2330
f 2327 2323 2324
f 2328 2326 2325
f 2334 2333 2332
f 2337 2336 2335
f 2346 2345 2344
f 2412 2409 2410
f 2499 2496 2497
f 2487 2485 2486
f 2436 2435 2434
f 2376 2374 2375
f 2372 2368 2369
f 2373 2371 2370
f 2379 2378 2377
f 2382 2381 2380
f 2396 2392 2393
f 2361 2360 2359
f 2418 2416 2415
f 2457 2456 2455
f 2463 2460 2461
f 2492 2488 2489
f 2402 2398 2399
f 2343 2340 2341
f 2433 2430 2431
f 2478 2475 2476
f 2406 2404 2405
f 2502 2501 2500
f 2484 2482 2481
f 2442 2440 2439
f 2349 2347 2348
f 2468 2464 2465
f 2387 2384 2383
f 2358 2355 2356
f 2421 2419 2420
f 2454 2451 2452
f 2472 2470 2471
f 2388 2385 2386
f 2364 2362 2363
f 2426 2423 2422
f 2448 2446 2445
f 2403 2401 2400
f 2342 2339 2338
f 2432 2429 2428
f 2477 2474 2473
f 2493 2491 2490
f 2462 2459 2458
f 2397 2395 2394
f 2367 2365 2366
f 2427 2424 2425
f 2447 2443 2444
f 2391 2390 2389
f 2357 2354 2353
f 2417 2413 2414
f 2453 2450 2449
f 2469 2467 2466
f 2411 2408 2407
f 2498 2495 2494
f 2483 2479 2480
f 2441 2437 2438
f 2352 2350 2351
f 2509 2511 2510
f 2503 2505 2504
f 2506 2507 2508
f 2512 2513 2514
f 2515 2516 2517
f 2518 2519 2520
f 2555 2556 2554
f 2541 2540 2539
f 2562 2561 2560
f 2522 2521 2523
f 2542 2544 2543
f 2528 2529 2527
f 2531 2530 2532
f 2545 2546 2547
f 2548 2549 2550
f 2551 2553 2552
f 2533 2534 2535
f 2537 2536 2538
f 2559 2557 2558
f 2526 2525 2524