v -0.323380 0.428096 -0.026003
v 0.322895 0.428071 -0.026119
v -0.350612 -0.550580 0.006179
v 0.350542 -0.550813 0.005682
v 0.000068 -0.447555 0.706910
v -0.000007 0.273912 0.601005
v 0.000029 -0.266422 -0.596277
v 0.000276 0.422733 -0.706657
v 0.583506 0.002091 -0.371752
v 0.606407 0.001972 0.371026
v -0.583492 0.002029 -0.371745
v -0.606448 0.001982 0.370987
v -0.000235 0.503004 -0.055955
v -0.194145 0.347752 0.301477
v -0.214771 0.656839 -0.447805
v -0.495697 0.272109 -0.201145
v -0.532204 0.256832 0.209180
v 0.194161 0.347661 0.300997
v 0.214890 0.657019 -0.447357
v 0.495949 0.272283 -0.200916
v 0.532173 0.256825 0.209237
v -0.000375 -0.625936 0.012753
v -0.247399 -0.670942 0.457064
v -0.202678 -0.498975 -0.319770
v -0.501260 -0.252851 -0.188764
v -0.515164 -0.286261 0.213924
v 0.246662 -0.670712 0.457053
v 0.202465 -0.498844 -0.319756
v 0.501545 -0.252580 -0.188909
v 0.515283 -0.286193 0.214091
v 0.000062 -0.004842 0.698092
v 0.339934 -0.217885 0.575757
v -0.339875 -0.218064 0.576204
v 0.335780 0.183435 0.546742
v -0.335934 0.183584 0.546919
v 0.000099 0.019640 -0.714926
v 0.330127 -0.180131 -0.544263
v -0.330113 -0.180085 -0.544231
v 0.354823 0.216001 -0.615791
v -0.354306 0.216179 -0.615056
v 0.688685 -0.000019 0.014682
v -0.688705 0.000050 0.014687
v -0.167538 0.478934 -0.046231
v -0.271204 0.397056 0.118521
v -0.271675 0.510798 -0.208488
v -0.413010 0.385773 -0.106114
v -0.428307 0.345958 0.085961
v 0.167893 0.479089 -0.046581
v 0.271904 0.397349 0.118598
v 0.271940 0.511056 -0.208350
v 0.412639 0.385741 -0.106565
v 0.428315 0.345880 0.085964
v -0.207153 -0.660196 -0.000261
v -0.290938 -0.539288 0.188581
v -0.355593 -0.671635 -0.184465
v -0.412398 -0.416077 -0.073714
v -0.430927 -0.428999 0.115623
v 0.206561 -0.659912 -0.000376
v 0.290597 -0.539504 0.188367
v 0.355641 -0.672023 -0.184359
v 0.412572 -0.416048 -0.074140
v 0.430497 -0.428698 0.115543
v -0.139705 -0.654858 0.693085
v 0.139126 -0.656099 0.692998
v -0.000285 -0.231512 0.763277
v 0.187323 -0.366027 0.697578
v -0.187333 -0.366013 0.698000
v -0.096633 0.300392 0.491110
v 0.096703 0.300334 0.491177
v 0.000043 0.202050 0.644945
v 0.158397 0.256358 0.601084
v -0.158424 0.256362 0.601020
v -0.088547 -0.337519 -0.461783
v 0.088421 -0.337823 -0.461671
v -0.000026 -0.194813 -0.635266
v 0.153194 -0.244667 -0.593566
v -0.153167 -0.244661 -0.593599
v -0.128200 0.575510 -0.634166
v 0.128100 0.575441 -0.634062
v -0.000064 0.241846 -0.792561
v 0.189708 0.351964 -0.719495
v -0.189447 0.352087 -0.719541
v 0.574835 0.116816 -0.306059
v 0.568429 -0.118963 -0.302775
v 0.480259 -0.076336 -0.460528
v 0.496977 0.083002 -0.481844
v 0.638941 -0.000373 -0.201184
v 0.583798 0.122231 0.304262
v 0.580636 -0.124076 0.300896
v 0.495332 -0.079477 0.463210
v 0.496084 0.081151 0.463517
v 0.670954 0.000706 0.215899
v -0.574856 0.116816 -0.306010
v -0.568673 -0.119039 -0.302818
v -0.480488 -0.076211 -0.460607
v -0.496997 0.082961 -0.481710
v -0.638824 -0.000368 -0.201176
v -0.583688 0.122135 0.304012
v -0.580434 -0.124109 0.300948
v -0.495232 -0.079675 0.463137
v -0.496258 0.081198 0.463212
v -0.670953 0.000726 0.215877
v -0.089682 0.431254 0.116116
v -0.084390 0.582508 -0.248161
v 0.089407 0.431437 0.115830
v 0.084413 0.582616 -0.248075
v -0.383555 0.314275 0.277183
v 0.000002 0.361430 0.303673
v -0.291300 0.281985 0.469967
v -0.394639 0.482901 -0.328830
v 0.000107 0.700248 -0.456164
v -0.303663 0.443897 -0.541312
v -0.546110 0.268044 0.014423
v -0.437527 0.265378 -0.415648
v -0.622499 0.132939 -0.089347
v -0.458479 0.233905 0.400371
v -0.629676 0.136657 0.115139
v 0.383675 0.314028 0.277245
v 0.291345 0.281964 0.469956
v 0.394951 0.482757 -0.329067
v 0.304206 0.443865 -0.541755
v 0.546203 0.268050 0.014317
v 0.437544 0.265393 -0.415910
v 0.622507 0.132981 -0.089405
v 0.458451 0.233920 0.400423
v 0.629650 0.136674 0.115141
v -0.089918 -0.586174 0.226886
v -0.109364 -0.685450 -0.186826
v 0.090151 -0.586274 0.227044
v 0.108605 -0.684629 -0.186472
v -0.392232 -0.454621 0.334080
v 0.000187 -0.660836 0.469925
v -0.332481 -0.480340 0.568458
v -0.353506 -0.371420 -0.259666
v -0.000307 -0.500083 -0.320343
v -0.268508 -0.292857 -0.446319
v -0.535342 -0.274043 0.019422
v -0.441845 -0.217178 -0.397919
v -0.619130 -0.134021 -0.089936
v -0.445708 -0.274702 0.407776
v -0.627946 -0.138227 0.113395
v 0.391833 -0.454551 0.333897
v 0.332335 -0.481040 0.567960
v 0.353774 -0.371094 -0.259871
v 0.268456 -0.292972 -0.446159
v 0.535842 -0.273742 0.019738
v 0.441839 -0.217028 -0.397926
v 0.619206 -0.133997 -0.089890
v 0.445335 -0.274659 0.407869
v 0.627950 -0.138236 0.113367
v 0.191323 -0.114243 0.693232
v -0.191418 -0.114186 0.693847
v 0.180187 0.099700 0.635448
v -0.180118 0.099570 0.635783
v 0.358392 0.001468 0.581529
v -0.358432 0.001473 0.581547
v 0.177876 -0.088714 -0.635170
v -0.178040 -0.088941 -0.635603
v 0.226551 0.124943 -0.783614
v -0.226541 0.123485 -0.784416
v 0.356877 0.011750 -0.596338
v -0.356142 0.012054 -0.596176
v -0.255777 0.453690 -0.037037
v -0.303718 0.416755 0.038692
v -0.297298 0.457825 -0.103886
v -0.366673 0.412863 -0.061706
v -0.371949 0.391001 0.024426
v 0.255503 0.453719 -0.037098
v 0.303741 0.416849 0.038764
v 0.296955 0.458234 -0.103896
v 0.366600 0.412973 -0.061665
v 0.372033 0.391083 0.024416
v -0.294643 -0.610309 -0.002133
v -0.326672 -0.543142 0.078668
v -0.345028 -0.601605 -0.069241
v -0.384102 -0.500988 -0.030977
v -0.393069 -0.495874 0.057664
v 0.294494 -0.610317 -0.001697
v 0.326632 -0.543166 0.079089
v 0.345146 -0.601961 -0.069543
v 0.384323 -0.501203 -0.030762
v 0.393648 -0.495898 0.057622
v -0.057620 -0.526826 0.693950
v 0.057294 -0.526908 0.693495
v 0.000051 -0.351389 0.724737
v 0.085908 -0.416413 0.708915
v -0.086158 -0.416196 0.709204
v -0.043508 0.283900 0.564624
v 0.043535 0.283910 0.564627
v -0.000002 0.257983 0.629450
v 0.069971 0.268823 0.606791
v -0.069961 0.268850 0.606782
v -0.040461 -0.290675 -0.542439
v 0.040482 -0.290677 -0.542486
v 0.000066 -0.248388 -0.622001
v 0.067838 -0.259631 -0.601851
v -0.067793 -0.259678 -0.601857
v -0.053825 0.489133 -0.674675
v 0.053994 0.489049 -0.674701
v -0.000122 0.342321 -0.746772
v 0.085208 0.394760 -0.715743
v -0.085367 0.395169 -0.716076
v 0.591242 0.050784 -0.349915
v 0.581138 -0.050369 -0.343758
v 0.544443 -0.030678 -0.415502
v 0.551464 0.034709 -0.421688
v 0.612975 0.000864 -0.303001
v 0.605274 0.051733 0.346275
v 0.606444 -0.048319 0.343639
v 0.566255 -0.028295 0.415469
v 0.565438 0.034161 0.417272
v 0.639095 0.001101 0.304234
v -0.591277 0.050758 -0.349841
v -0.581049 -0.050462 -0.343641
v -0.544314 -0.030622 -0.415430
v -0.551491 0.034744 -0.421751
v -0.612861 0.000972 -0.302990
v -0.605409 0.051502 0.346420
v -0.606454 -0.048365 0.343649
v -0.566209 -0.028385 0.415509
v -0.565400 0.034217 0.417209
v -0.639096 0.001175 0.304223
v -0.077680 0.495960 -0.051872
v 0.077976 0.495604 -0.051847
v -0.041585 0.472853 0.027169
v -0.035994 0.533385 -0.146326
v 0.041749 0.472165 0.027389
v 0.035722 0.532943 -0.146197
v -0.235399 0.374029 0.206907
v -0.147707 0.322916 0.398131
v -0.141110 0.388232 0.208501
v -0.291600 0.332839 0.294259
v -0.096858 0.357781 0.303563
v -0.247785 0.311277 0.392602
v -0.254180 0.596113 -0.328337
v -0.182905 0.638880 -0.541730
v -0.156349 0.670587 -0.358776
v -0.390855 0.633401 -0.411820
v -0.154038 0.811960 -0.458344
v -0.283741 0.567130 -0.502144
v -0.456228 0.339569 -0.151478
v -0.537851 0.194146 -0.253275
v -0.421134 0.358181 -0.260922
v -0.526282 0.269813 -0.090740
v -0.465890 0.272629 -0.309933
v -0.564098 0.199867 -0.143733
v -0.484729 0.301711 0.149876
v -0.561824 0.195829 0.259510
v -0.463964 0.290470 0.247796
v -0.545497 0.262728 0.111587
v -0.501894 0.247151 0.306850
v -0.586718 0.204656 0.163862
v 0.235488 0.373399 0.206929
v 0.147722 0.322582 0.398280
v 0.141169 0.388121 0.208881
v 0.097124 0.358090 0.303543
v 0.291491 0.332867 0.294293
v 0.247501 0.311601 0.392293
v 0.253857 0.596132 -0.328228
v 0.183191 0.638668 -0.542398
v 0.156378 0.670820 -0.358527
v 0.154113 0.811916 -0.458374
v 0.390260 0.633395 -0.411563
v 0.283724 0.567246 -0.502947
v 0.455614 0.339432 -0.151798
v 0.537630 0.194409 -0.253336
v 0.421085 0.358254 -0.260787
v 0.525938 0.269658 -0.090787
v 0.466202 0.272657 -0.309677
v 0.564009 0.199956 -0.143749
v 0.484734 0.301719 0.149748
v 0.561817 0.195952 0.259338
v 0.463990 0.290528 0.247788
v 0.545474 0.262712 0.111602
v 0.501870 0.247158 0.306865
v 0.586712 0.204654 0.163872
v -0.103695 -0.644002 0.006116
v 0.103367 -0.643639 0.006176
v -0.047032 -0.606351 0.111408
v -0.065946 -0.632504 -0.078267
v 0.046523 -0.606521 0.111904
v 0.065163 -0.632012 -0.078204
v -0.254769 -0.552530 0.329921
v -0.218699 -0.792164 0.618673
v -0.144664 -0.590722 0.363443
v -0.320451 -0.542336 0.402550
v -0.121048 -0.711744 0.471499
v -0.316606 -0.615566 0.538507
v -0.293849 -0.626583 -0.290074
v -0.139727 -0.403238 -0.379383
v -0.166695 -0.635919 -0.281393
v -0.289091 -0.447660 -0.297633
v -0.102170 -0.505517 -0.322621
v -0.228343 -0.373949 -0.366641
v -0.453608 -0.329875 -0.127974
v -0.544918 -0.184917 -0.251700
v -0.428749 -0.311463 -0.228260
v -0.522204 -0.264445 -0.082407
v -0.478712 -0.235671 -0.297587
v -0.568403 -0.194456 -0.141213
v -0.471719 -0.359503 0.168080
v -0.550840 -0.205788 0.257356
v -0.453164 -0.368427 0.270675
v -0.530516 -0.281726 0.116591
v -0.484777 -0.284384 0.311838
v -0.579861 -0.210192 0.161820
v 0.254857 -0.552600 0.329693
v 0.216277 -0.793884 0.616560
v 0.144983 -0.590598 0.363278
v 0.120690 -0.711022 0.470828
v 0.320355 -0.542593 0.402298
v 0.316429 -0.616173 0.537743
v 0.293515 -0.626952 -0.289894
v 0.139614 -0.403158 -0.379300
v 0.166362 -0.635607 -0.280534
v 0.102020 -0.505638 -0.322618
v 0.289044 -0.447765 -0.297290
v 0.228311 -0.373831 -0.366321
v 0.453535 -0.329474 -0.127615
v 0.544979 -0.185094 -0.251621
v 0.428962 -0.310753 -0.228431
v 0.521993 -0.264531 -0.082370
v 0.478746 -0.235348 -0.297400
v 0.568714 -0.194575 -0.141121
v 0.471959 -0.359335 0.167977
v 0.550860 -0.206168 0.257276
v 0.453323 -0.368418 0.270694
v 0.530604 -0.281630 0.116511
v 0.484671 -0.284086 0.311997
v 0.579809 -0.210308 0.161991
v -0.000004 -0.108154 0.779191
v -0.000373 0.098411 0.659951
v 0.095440 -0.058666 0.709434
v -0.095301 -0.058925 0.708734
v 0.091732 0.046641 0.667427
v -0.091453 0.046678 0.667011
v 0.269130 -0.295646 0.645840
v 0.416707 -0.144415 0.515739
v 0.333912 -0.342733 0.572072
v 0.398202 -0.253944 0.497112
v 0.271690 -0.169681 0.643198
v 0.353151 -0.102805 0.584582
v -0.268541 -0.295466 0.645350
v -0.416660 -0.144271 0.515462
v -0.333427 -0.342950 0.572122
v -0.398090 -0.253739 0.497606
v -0.271166 -0.169551 0.642820
v -0.353462 -0.102549 0.584763
v 0.248683 0.226773 0.579686
v 0.419114 0.133072 0.507915
v 0.319067 0.249694 0.520992
v 0.401796 0.212996 0.482039
v 0.261660 0.146185 0.597105
v 0.349898 0.095782 0.566168
v -0.248714 0.226833 0.579570
v -0.419285 0.133182 0.508093
v -0.319102 0.249661 0.520982
v -0.401813 0.212865 0.481964
v -0.261782 0.146271 0.597317
v -0.349735 0.095676 0.565964
v -0.000077 -0.090871 -0.656371
v 0.000148 0.129565 -0.782990
v 0.093998 -0.034799 -0.677318
v -0.094080 -0.035164 -0.677085
v 0.107257 0.070515 -0.756209
v -0.106732 0.072899 -0.752445
v 0.243680 -0.218676 -0.574682
v 0.407576 -0.126642 -0.504135
v 0.308066 -0.234246 -0.516047
v 0.391894 -0.199886 -0.481526
v 0.257167 -0.139904 -0.592714
v 0.341840 -0.087510 -0.565135
v -0.243677 -0.218711 -0.574599
v -0.407479 -0.126600 -0.504490
v -0.308012 -0.234299 -0.516114
v -0.391915 -0.199822 -0.481576
v -0.256934 -0.139348 -0.592680
v -0.341745 -0.087859 -0.565292
v 0.279192 0.289012 -0.683144
v 0.428217 0.144811 -0.546824
v 0.326942 0.325807 -0.579409
v 0.400619 0.246302 -0.516797
v 0.304848 0.179505 -0.718027
v 0.376023 0.111844 -0.633168
v -0.279855 0.289222 -0.684033
v -0.428145 0.145322 -0.546378
v -0.326843 0.325253 -0.579808
v -0.400650 0.246281 -0.517048
v -0.304668 0.179333 -0.718001
v -0.375798 0.112005 -0.632803
v 0.667296 -0.000421 -0.091046
v 0.681363 0.000280 0.116510
v 0.669436 0.066317 -0.036668
v 0.670064 0.067838 0.065478
v 0.661419 -0.068243 -0.037667
v 0.666211 -0.068566 0.064582
v -0.667190 -0.000436 -0.091023
v -0.681428 0.000276 0.116488
v -0.669444 0.066332 -0.036626
v -0.670091 0.067802 0.065490
v -0.661616 -0.068313 -0.037668
v -0.666193 -0.068542 0.064602
v -0.218762 0.440496 0.038447
v -0.214371 0.495810 -0.128783
v -0.128551 0.460541 0.033822
v -0.117801 0.520432 -0.139307
v -0.354650 0.373333 0.107835
v -0.181298 0.417162 0.120144
v -0.327956 0.354201 0.198454
v -0.345753 0.449948 -0.163889
v -0.179741 0.558353 -0.237292
v -0.343967 0.521091 -0.278655
v -0.429065 0.362564 -0.006462
v -0.388652 0.421731 -0.216335
v -0.483216 0.325033 -0.043924
v -0.411238 0.330295 0.178967
v -0.490813 0.312695 0.053889
v 0.218703 0.440250 0.038478
v 0.214721 0.496128 -0.128879
v 0.128440 0.460559 0.033799
v 0.118388 0.520673 -0.139569
v 0.354469 0.373267 0.107994
v 0.181142 0.416955 0.120110
v 0.326930 0.354159 0.197948
v 0.345753 0.450075 -0.163843
v 0.179493 0.558001 -0.237406
v 0.344149 0.520989 -0.277782
v 0.429095 0.362834 -0.006353
v 0.388856 0.421870 -0.216393
v 0.483133 0.325218 -0.043980
v 0.411145 0.330255 0.178964
v 0.490871 0.312636 0.053849
v -0.237733 -0.570381 0.080498
v -0.298757 -0.747644 -0.080986
v -0.138611 -0.591184 0.091968
v -0.162818 -0.770513 -0.077845
v -0.381512 -0.498305 0.156993
v -0.189593 -0.565238 0.212676
v -0.347795 -0.507026 0.273699
v -0.373594 -0.517586 -0.126002
v -0.231662 -0.784500 -0.222663
v -0.351831 -0.510609 -0.228138
v -0.429307 -0.422576 0.018783
v -0.390046 -0.404805 -0.170510
v -0.472214 -0.341014 -0.027456
v -0.415770 -0.437834 0.220489
v -0.479327 -0.351252 0.069061
v 0.237864 -0.570351 0.080482
v 0.297835 -0.748560 -0.080779
v 0.138599 -0.591114 0.092310
v 0.161228 -0.769281 -0.079103
v 0.381661 -0.498193 0.157070
v 0.189784 -0.565307 0.212985
v 0.347944 -0.506993 0.273707
v 0.373851 -0.517953 -0.125695
v 0.230758 -0.784741 -0.222549
v 0.351594 -0.510495 -0.227604
v 0.429163 -0.422450 0.018979
v 0.390137 -0.404676 -0.170191
v 0.471626 -0.341456 -0.028040
v 0.415738 -0.437695 0.220551
v 0.479627 -0.351492 0.068922
v 0.000030 -0.610388 0.655918
v -0.178499 -0.508667 0.697822
v -0.064013 -0.685649 0.586445
v -0.284045 -0.622129 0.676842
v 0.177798 -0.508751 0.697083
v 0.063179 -0.685331 0.585744
v 0.284214 -0.623188 0.676538
v 0.095205 -0.295653 0.728128
v -0.094763 -0.295202 0.727626
v 0.098120 -0.172904 0.741334
v -0.098325 -0.172819 0.742325
v 0.283540 -0.441568 0.665626
v 0.191014 -0.235308 0.704228
v -0.283459 -0.441523 0.665596
v -0.191116 -0.235348 0.704362
v 0.000092 0.303154 0.491005
v -0.134497 0.279313 0.560733
v -0.049061 0.328934 0.399298
v -0.195178 0.293216 0.486369
v 0.134505 0.279336 0.560734
v 0.049052 0.328896 0.398962
v 0.195030 0.293224 0.486483
v 0.082225 0.234238 0.630932
v -0.082077 0.234185 0.630995
v 0.087965 0.148054 0.643020
v -0.087901 0.148223 0.642947
v 0.228275 0.269251 0.547052
v 0.172853 0.196979 0.620051
v -0.228257 0.269226 0.547060
v -0.172705 0.196796 0.620112
v 0.000007 -0.344627 -0.462927
v -0.126466 -0.278577 -0.545504
v -0.047267 -0.415603 -0.387037
v -0.178069 -0.320982 -0.455887
v 0.126591 -0.278738 -0.545590
v 0.046923 -0.416061 -0.387151
v 0.178085 -0.320239 -0.456257
v 0.081061 -0.232748 -0.624880
v -0.081063 -0.232631 -0.624978
v 0.087337 -0.145678 -0.639275
v -0.087372 -0.146185 -0.638937
v 0.217138 -0.261323 -0.535208
v 0.168150 -0.192175 -0.611801
v -0.217080 -0.261199 -0.535313
v -0.168160 -0.192782 -0.611809
v 0.000098 0.586418 -0.634552
v -0.163046 0.461844 -0.673341
v -0.068435 0.666266 -0.558708
v -0.226494 0.521360 -0.599732
v 0.163119 0.461650 -0.673352
v 0.068507 0.666366 -0.558948
v 0.226839 0.521222 -0.599664
v 0.105182 0.297013 -0.771808
v -0.105177 0.297196 -0.772049
v 0.118501 0.187240 -0.821850
v -0.118821 0.188854 -0.821306
v 0.252669 0.401491 -0.638807
v 0.222590 0.247762 -0.787482
v -0.252326 0.401647 -0.638793
v -0.222376 0.247788 -0.787515
v 0.542898 0.104272 -0.400103
v 0.616616 0.058552 -0.253963
v 0.515749 0.183496 -0.360643
v 0.597862 0.126456 -0.198895
v 0.527591 -0.101820 -0.387227
v 0.609636 -0.060346 -0.251945
v 0.512650 -0.172184 -0.352949
v 0.594236 -0.127306 -0.198496
v 0.497800 0.003826 -0.481507
v 0.466402 -0.155125 -0.437473
v 0.421136 -0.037861 -0.526132
v 0.476959 0.170593 -0.456772
v 0.436243 0.051816 -0.549177
v 0.643101 0.063214 -0.145397
v 0.635225 -0.065247 -0.145397
v 0.545459 0.105744 0.388744
v 0.638039 0.060970 0.260304
v 0.525551 0.183591 0.352409
v 0.614553 0.132549 0.212116
v 0.546302 -0.105853 0.386522
v 0.638384 -0.059202 0.258247
v 0.515122 -0.194901 0.350015
v 0.613390 -0.133845 0.208942
v 0.512145 0.005246 0.480702
v 0.470816 -0.175497 0.436722
v 0.440162 -0.039800 0.535500
v 0.476324 0.161009 0.434631
v 0.438206 0.048301 0.530736
v 0.661536 0.066068 0.166100
v 0.658616 -0.065773 0.164317
v -0.542858 0.104278 -0.400070
v -0.616630 0.058564 -0.253996
v -0.516096 0.183432 -0.360532
v -0.597832 0.126463 -0.198812
v -0.528095 -0.101982 -0.387531
v -0.610081 -0.060443 -0.252175
v -0.512634 -0.172002 -0.352759
v -0.594374 -0.127321 -0.198531
v -0.497597 0.003654 -0.481357
v -0.466415 -0.155003 -0.437484
v -0.420852 -0.037712 -0.526457
v -0.476829 0.170654 -0.456706
v -0.436358 0.051904 -0.549707
v -0.643134 0.063266 -0.145428
v -0.635633 -0.065319 -0.145431
v -0.545219 0.105748 0.388622
v -0.638109 0.060920 0.260350
v -0.525659 0.183605 0.352452
v -0.614323 0.132365 0.212149
v -0.546284 -0.106059 0.386590
v -0.638405 -0.059197 0.258251
v -0.515090 -0.194906 0.349840
v -0.613345 -0.133810 0.208918
v -0.512045 0.005156 0.480654
v -0.471138 -0.175071 0.436752
v -0.440176 -0.039931 0.535333
v -0.476505 0.160955 0.434864
v -0.438127 0.048293 0.530657
v -0.661545 0.066068 0.166112
v -0.658581 -0.065796 0.164318
v 0.000055 0.438383 0.110521
v -0.046664 0.396489 0.207527
v 0.000038 0.588866 -0.249365
v -0.056856 0.672637 -0.354213
v 0.046817 0.396575 0.207611
v 0.056883 0.671837 -0.354104
v -0.344508 0.297134 0.377738
v -0.428307 0.277930 0.346926
v -0.380035 0.264807 0.441104
v -0.367672 0.489801 -0.447139
v -0.388996 0.366880 -0.369587
v -0.366878 0.355079 -0.477856
v -0.588006 0.204681 -0.035092
v -0.594812 0.206477 0.065952
v -0.636605 0.137293 0.015377
v 0.344550 0.297074 0.377742
v 0.428339 0.277932 0.346925
v 0.380024 0.264791 0.441129
v 0.367633 0.489838 -0.447235
v 0.389080 0.367008 -0.369399
v 0.366558 0.354998 -0.477640
v 0.588164 0.204742 -0.035229
v 0.594791 0.206460 0.065971
v 0.636588 0.137317 0.015416
v 0.000168 -0.598776 0.231344
v -0.047163 -0.614609 0.357594
v -0.000314 -0.590419 -0.159038
v -0.055401 -0.579304 -0.252993
v 0.047151 -0.614618 0.357576
v 0.055300 -0.579310 -0.252573
v -0.361513 -0.472504 0.449726
v -0.420419 -0.371614 0.375259
v -0.380925 -0.366448 0.477598
v -0.313124 -0.332247 -0.351017
v -0.396610 -0.285347 -0.328255
v -0.357436 -0.256848 -0.428136
v -0.589099 -0.202335 -0.033396
v -0.590073 -0.208312 0.066069
v -0.634858 -0.138689 0.014443
v 0.360955 -0.472693 0.449644
v 0.420506 -0.372032 0.375115
v 0.381019 -0.366458 0.477789
v 0.313034 -0.332233 -0.350997
v 0.396497 -0.285322 -0.328276
v 0.357756 -0.256440 -0.428867
v 0.589178 -0.202310 -0.033393
v 0.590083 -0.208249 0.066081
v 0.634833 -0.138710 0.014434
v 0.185597 -0.004399 0.660683
v 0.273921 -0.055323 0.632492
v -0.185432 -0.004328 0.660682
v -0.273786 -0.055397 0.632405
v 0.273186 0.051694 0.618294
v -0.273087 0.051517 0.618264
v 0.193835 0.018505 -0.689447
v 0.269645 -0.036436 -0.624607
v -0.193842 0.018310 -0.689367
v -0.269638 -0.036286 -0.624427
v 0.289910 0.068907 -0.677035
v -0.289920 0.068764 -0.677229
v -0.294577 0.440433 -0.030896
v -0.316765 0.424083 0.003811
v -0.311808 0.440462 -0.059043
v -0.343960 0.422133 -0.041349
v -0.346511 0.412093 -0.002885
v 0.293976 0.440405 -0.031137
v 0.316943 0.424229 0.003631
v 0.311612 0.440010 -0.059770
v 0.344069 0.422273 -0.041260
v 0.346959 0.412212 -0.002810
v -0.327361 -0.577512 0.002084
v -0.340905 -0.548077 0.036767
v -0.345890 -0.570946 -0.026757
v -0.366949 -0.531813 -0.010224
v -0.368758 -0.524538 0.028428
v 0.326742 -0.577844 0.002116
v 0.340698 -0.548235 0.037015
v 0.346237 -0.571057 -0.026735
v 0.367868 -0.532190 -0.010568
v 0.368054 -0.524327 0.028845
v -0.024671 -0.482340 0.701041
v 0.024320 -0.482211 0.701251
v 0.000005 -0.404775 0.713757
v 0.038386 -0.434405 0.709008
v -0.038312 -0.434241 0.709054
v -0.019145 0.278274 0.588649
v 0.019079 0.278299 0.588666
v 0.000028 0.268128 0.615632
v 0.030782 0.272298 0.605725
v -0.030777 0.272300 0.605737
v -0.018221 -0.273543 -0.578879
v 0.018273 -0.273553 -0.578928
v 0.000020 -0.258606 -0.611060
v 0.029808 -0.263444 -0.601086
v -0.029856 -0.263445 -0.601090
v -0.023454 0.451852 -0.692532
v 0.023519 0.451749 -0.692280
v 0.000214 0.387260 -0.723749
v 0.037770 0.411295 -0.711253
v -0.037677 0.411496 -0.711252
v 0.589598 0.023729 -0.363939
v 0.585392 -0.020084 -0.361408
v 0.568486 -0.011687 -0.392541
v 0.571004 0.016108 -0.394462
v 0.599562 0.001895 -0.344193
v 0.609920 0.022557 0.362524
v 0.610254 -0.018999 0.360807
v 0.591841 -0.010451 0.392139
v 0.591535 0.015387 0.393233
v 0.622204 0.001479 0.342683
v -0.589571 0.023721 -0.363970
v -0.585313 -0.020114 -0.361282
v -0.568370 -0.011670 -0.392426
v -0.570998 0.016067 -0.394438
v -0.599535 0.001924 -0.344239
v -0.609999 0.022588 0.362499
v -0.610235 -0.018981 0.360807
v -0.591869 -0.010490 0.392119
v -0.591563 0.015349 0.393203
v -0.622269 0.001552 0.342652
v -0.038527 0.500772 -0.055258
v 0.038556 0.501077 -0.055018
v -0.019719 0.489730 -0.013670
v -0.018552 0.516864 -0.100502
v 0.019912 0.490234 -0.013538
v 0.018175 0.517209 -0.100446
v -0.215441 0.360920 0.253763
v -0.171482 0.335099 0.349547
v -0.167452 0.367524 0.254932
v -0.243122 0.340480 0.298615
v -0.145393 0.353633 0.302736
v -0.220982 0.329096 0.347091
v -0.235401 0.635476 -0.392835
v -0.203108 0.665157 -0.496784
v -0.198945 0.698632 -0.404722
v -0.288691 0.627980 -0.427385
v -0.218256 0.793472 -0.469798
v -0.256622 0.617894 -0.477262
v -0.476200 0.307778 -0.175814
v -0.516393 0.233922 -0.226838
v -0.459234 0.312523 -0.230642
v -0.511331 0.270963 -0.145752
v -0.480257 0.273177 -0.255782
v -0.530721 0.234925 -0.172165
v -0.510096 0.279904 0.180440
v -0.549789 0.229909 0.235603
v -0.499837 0.275553 0.229592
v -0.540756 0.259949 0.160326
v -0.519106 0.252538 0.258152
v -0.561498 0.233700 0.187221
v 0.215451 0.360731 0.253508
v 0.171143 0.335319 0.349260
v 0.167238 0.367633 0.254979
v 0.145354 0.353396 0.302831
v 0.242608 0.340748 0.298442
v 0.220890 0.329132 0.347017
v 0.235511 0.635472 -0.392610
v 0.203148 0.665284 -0.496528
v 0.198728 0.698400 -0.404825
v 0.218495 0.793625 -0.469747
v 0.288327 0.628044 -0.426900
v 0.256388 0.618011 -0.476571
v 0.475969 0.307857 -0.175632
v 0.516599 0.233789 -0.226704
v 0.459225 0.312513 -0.230515
v 0.511696 0.270841 -0.145333
v 0.480574 0.273067 -0.255461
v 0.530984 0.234926 -0.171835
v 0.510081 0.279927 0.180424
v 0.549770 0.229904 0.235618
v 0.499863 0.275512 0.229618
v 0.540720 0.260001 0.160316
v 0.519075 0.252553 0.258187
v 0.561477 0.233694 0.187245
v -0.053043 -0.631268 0.010891
v 0.052550 -0.630925 0.011010
v -0.024898 -0.617901 0.060799
v -0.029564 -0.629683 -0.033383
v 0.024512 -0.617540 0.060647
v 0.028794 -0.629195 -0.033062
v -0.243399 -0.587120 0.402801
v -0.263723 -0.777028 0.526340
v -0.194343 -0.637729 0.410871
v -0.284499 -0.594960 0.439402
v -0.196046 -0.758423 0.461054
v -0.299063 -0.665612 0.501555
v -0.243095 -0.560407 -0.302785
v -0.168330 -0.446077 -0.343479
v -0.188966 -0.570527 -0.304545
v -0.248783 -0.478823 -0.311178
v -0.152933 -0.506224 -0.322812
v -0.213579 -0.430199 -0.335464
v -0.477192 -0.290091 -0.157324
v -0.524991 -0.217573 -0.220833
v -0.465599 -0.281858 -0.209481
v -0.512026 -0.258977 -0.135195
v -0.490480 -0.244971 -0.242760
v -0.535624 -0.223637 -0.165691
v -0.493832 -0.323484 0.191640
v -0.534720 -0.247063 0.235597
v -0.483474 -0.326503 0.241650
v -0.524247 -0.284199 0.165196
v -0.501523 -0.286384 0.262846
v -0.548280 -0.247528 0.187428
v 0.243187 -0.586888 0.402937
v 0.261845 -0.778063 0.525465
v 0.194178 -0.637463 0.410893
v 0.195726 -0.757814 0.460686
v 0.284180 -0.594941 0.439190
v 0.299148 -0.667197 0.500448
v 0.243116 -0.560942 -0.302710
v 0.168517 -0.446173 -0.343447
v 0.188421 -0.570598 -0.304099
v 0.152551 -0.506403 -0.322743
v 0.248563 -0.478966 -0.311717
v 0.213457 -0.430423 -0.335436
v 0.477330 -0.289719 -0.157475
v 0.525228 -0.217681 -0.220805
v 0.465539 -0.281938 -0.209652
v 0.512126 -0.258767 -0.134929
v 0.490224 -0.245003 -0.242836
v 0.535705 -0.223765 -0.165929
v 0.493200 -0.323499 0.191512
v 0.534582 -0.246855 0.235562
v 0.483655 -0.326612 0.241685
v 0.524074 -0.284357 0.165163
v 0.501250 -0.286228 0.263184
v 0.548292 -0.247406 0.187512
v 0.000119 -0.055673 0.731920
v -0.000149 0.047033 0.675259
v 0.047159 -0.031837 0.707721
v -0.047670 -0.031599 0.707915
v 0.046259 0.020802 0.682941
v -0.046248 0.020676 0.682701
v 0.303504 -0.256673 0.610260
v 0.377591 -0.180227 0.544516
v 0.336007 -0.279060 0.573109
v 0.370380 -0.237865 0.538063
v 0.306946 -0.194955 0.610580
v 0.345815 -0.159442 0.579795
v -0.304104 -0.256844 0.610570
v -0.377627 -0.180380 0.544650
v -0.335837 -0.279074 0.573364
v -0.370368 -0.237658 0.538081
v -0.306818 -0.195047 0.610937
v -0.345777 -0.159047 0.580195
v 0.292748 0.206309 0.564213
v 0.378383 0.159459 0.528503
v 0.328671 0.222182 0.536691
v 0.370690 0.200907 0.517934
v 0.299834 0.166181 0.573712
v 0.343108 0.140853 0.556721
v -0.292738 0.206466 0.564210
v -0.378481 0.159506 0.528674
v -0.328561 0.222214 0.536601
v -0.370617 0.200882 0.517839
v -0.299479 0.165241 0.573090
v -0.342791 0.140503 0.556150
v -0.000084 -0.034103 -0.679523
v -0.000023 0.073715 -0.751996
v 0.048713 -0.007572 -0.696547
v -0.048871 -0.007280 -0.696259
v 0.051658 0.045785 -0.734226
v -0.051930 0.046524 -0.732797
v 0.287888 -0.201464 -0.560966
v 0.369506 -0.153780 -0.524740
v 0.320149 -0.209715 -0.532293
v 0.361725 -0.190057 -0.514448
v 0.295959 -0.165776 -0.569932
v 0.336471 -0.138450 -0.553583
v -0.287953 -0.201371 -0.560873
v -0.369478 -0.153777 -0.524882
v -0.320187 -0.209631 -0.532261
v -0.361766 -0.189979 -0.514447
v -0.296079 -0.166277 -0.569972
v -0.336728 -0.138742 -0.553892
v 0.317542 0.252810 -0.650507
v 0.391397 0.180121 -0.580449
v 0.341273 0.269943 -0.598613
v 0.378694 0.232169 -0.566473
v 0.330061 0.198778 -0.665339
v 0.366215 0.163692 -0.626726
v -0.317115 0.252645 -0.650156
v -0.391270 0.179985 -0.580440
v -0.340929 0.270281 -0.598691
v -0.378032 0.232284 -0.566148
v -0.330176 0.198729 -0.666019
v -0.366220 0.163426 -0.626664
v 0.681097 -0.000239 -0.036908
v 0.685238 0.000061 0.065523
v 0.684079 0.033162 -0.010749
v 0.683820 0.033596 0.040170
v 0.680337 -0.033932 -0.011124
v 0.681500 -0.033981 0.039755
v -0.681033 -0.000176 -0.036858
v -0.685242 0.000102 0.065497
v -0.684085 0.033216 -0.010735
v -0.683828 0.033633 0.040155
v -0.680201 -0.033962 -0.011121
v -0.681507 -0.033922 0.039766
v -0.212786 0.467300 -0.042470
v -0.121591 0.488333 -0.049286
v -0.192792 0.460201 -0.002942
v -0.189567 0.487387 -0.087313
v -0.147641 0.470534 -0.005994
v -0.142655 0.498918 -0.091500
v -0.287790 0.407173 0.077402
v -0.254317 0.386022 0.161884
v -0.244840 0.419109 0.078804
v -0.314145 0.385570 0.114620
v -0.226985 0.407762 0.120073
v -0.299065 0.375465 0.158454
v -0.283525 0.480820 -0.153694
v -0.263197 0.550552 -0.266309
v -0.241617 0.503343 -0.169381
v -0.311137 0.481012 -0.187912
v -0.227292 0.536350 -0.224992
v -0.305621 0.517446 -0.245250
v -0.390391 0.400899 -0.083759
v -0.434865 0.365423 -0.128822
v -0.379699 0.417870 -0.135646
v -0.422740 0.373098 -0.054747
v -0.401073 0.401609 -0.160327
v -0.447030 0.354609 -0.075714
v -0.399406 0.368471 0.054385
v -0.457359 0.323655 0.118154
v -0.391949 0.359911 0.098179
v -0.430241 0.353727 0.039921
v -0.421629 0.338178 0.132063
v -0.460184 0.330293 0.070833
v 0.213030 0.466904 -0.042418
v 0.121694 0.488403 -0.049333
v 0.192861 0.460130 -0.003136
v 0.189784 0.487559 -0.087654
v 0.147531 0.470779 -0.005883
v 0.142201 0.498730 -0.091240
v 0.288056 0.407511 0.077325
v 0.254701 0.386001 0.162160
v 0.245194 0.419365 0.078812
v 0.314597 0.385639 0.114615
v 0.227197 0.407852 0.120374
v 0.300023 0.375486 0.158378
v 0.283259 0.480952 -0.154135
v 0.262775 0.549859 -0.266788
v 0.241561 0.504155 -0.169341
v 0.310952 0.482045 -0.187755
v 0.227559 0.536735 -0.224808
v 0.305550 0.517218 -0.244877
v 0.389580 0.401213 -0.084233
v 0.435062 0.365074 -0.128881
v 0.379142 0.417690 -0.136293
v 0.423075 0.372885 -0.054807
v 0.401049 0.401617 -0.160304
v 0.447491 0.354635 -0.075839
v 0.399435 0.368604 0.054368
v 0.457282 0.323578 0.118089
v 0.392072 0.359936 0.098258
v 0.430310 0.353856 0.039963
v 0.421608 0.338080 0.131990
v 0.460221 0.330236 0.070740
v -0.255208 -0.642901 -0.001795
v -0.154674 -0.656550 0.001419
v -0.219067 -0.605884 0.032252
v -0.253387 -0.725135 -0.029839
v -0.169602 -0.614785 0.035367
v -0.190881 -0.714388 -0.037974
v -0.309619 -0.539081 0.129511
v -0.271426 -0.543680 0.254672
v -0.262744 -0.553893 0.137046
v -0.337505 -0.520681 0.173736
v -0.241444 -0.553637 0.201473
v -0.320173 -0.524033 0.234573
v -0.348177 -0.637569 -0.121003
v -0.335557 -0.669297 -0.250564
v -0.333397 -0.729927 -0.139307
v -0.361539 -0.584763 -0.153760
v -0.313221 -0.745607 -0.209791
v -0.361346 -0.593469 -0.214565
v -0.399141 -0.461749 -0.052377
v -0.431150 -0.371131 -0.099046
v -0.390515 -0.462943 -0.099232
v -0.422720 -0.419636 -0.027591
v -0.400900 -0.411359 -0.121419
v -0.441012 -0.376546 -0.050533
v -0.411709 -0.462645 0.087144
v -0.450801 -0.394061 0.142569
v -0.406897 -0.464968 0.137148
v -0.432189 -0.425444 0.066566
v -0.424284 -0.432461 0.166813
v -0.453922 -0.390356 0.092801
v 0.254782 -0.643275 -0.001197
v 0.153942 -0.656652 0.001752
v 0.218606 -0.605862 0.032153
v 0.252083 -0.726117 -0.029627
v 0.169319 -0.614573 0.035466
v 0.189735 -0.714240 -0.038203
v 0.309346 -0.539130 0.129471
v 0.271635 -0.543166 0.254853
v 0.262813 -0.553737 0.136963
v 0.337386 -0.520911 0.173708
v 0.241407 -0.553820 0.201699
v 0.320196 -0.524295 0.234326
v 0.348152 -0.638484 -0.121069
v 0.335384 -0.669683 -0.250668
v 0.333228 -0.730908 -0.139159
v 0.361427 -0.585191 -0.154124
v 0.312829 -0.746026 -0.209859
v 0.361399 -0.593603 -0.214739
v 0.398649 -0.461898 -0.051816
v 0.430922 -0.371115 -0.099161
v 0.390434 -0.462854 -0.099669
v 0.422775 -0.420019 -0.027350
v 0.400899 -0.410901 -0.121046
v 0.441052 -0.376709 -0.050749
v 0.412089 -0.462870 0.087081
v 0.451173 -0.394477 0.142468
v 0.406935 -0.464890 0.137103
v 0.432062 -0.425575 0.066551
v 0.424432 -0.432256 0.166745
v 0.454569 -0.390457 0.092873
v -0.096443 -0.581019 0.688231
v -0.181726 -0.751045 0.680221
v -0.067468 -0.623480 0.664562
v -0.163896 -0.583354 0.696385
v -0.100925 -0.688437 0.646075
v -0.218346 -0.664646 0.701651
v 0.096329 -0.581294 0.688574
v 0.180479 -0.752694 0.679398
v 0.067217 -0.623756 0.664115
v 0.164068 -0.584338 0.696734
v 0.100401 -0.688349 0.644617
v 0.218051 -0.666807 0.701643
v -0.000192 -0.292731 0.739306
v 0.000040 -0.166418 0.825779
v 0.047983 -0.262992 0.743477
v -0.048106 -0.262886 0.744639
v 0.049024 -0.201084 0.763479
v -0.048800 -0.201135 0.763322
v 0.137107 -0.394184 0.706373
v 0.232697 -0.332919 0.679468
v 0.184055 -0.435791 0.696249
v 0.140970 -0.329610 0.712665
v 0.236321 -0.404407 0.684978
v 0.190076 -0.299659 0.703113
v -0.136939 -0.394110 0.706363
v -0.232642 -0.332679 0.678975
v -0.184405 -0.435330 0.696677
v -0.141009 -0.329810 0.712618
v -0.236039 -0.404054 0.684414
v -0.190135 -0.299401 0.703161
v -0.070009 0.290983 0.532666
v -0.122564 0.311091 0.445440
v -0.048057 0.302566 0.490713
v -0.117674 0.288753 0.531182
v -0.073240 0.313812 0.445694
v -0.146246 0.297014 0.491258
v 0.070034 0.291021 0.532620
v 0.122802 0.311101 0.445788
v 0.048066 0.302522 0.490920
v 0.117655 0.288764 0.531175
v 0.073252 0.313987 0.445867
v 0.146165 0.297017 0.491273
v -0.000059 0.238340 0.639585
v 0.000146 0.149998 0.649835
v 0.041604 0.218488 0.639391
v -0.041488 0.218508 0.639440
v 0.043189 0.174355 0.644318
v -0.043132 0.174196 0.644320
v 0.113157 0.263720 0.605288
v 0.203971 0.244427 0.592698
v 0.147700 0.269268 0.582892
v 0.121345 0.248351 0.619111
v 0.193992 0.262878 0.576937
v 0.166892 0.234659 0.613297
v -0.113161 0.263750 0.605225
v -0.203976 0.244459 0.592609
v -0.147682 0.269283 0.582917
v -0.121404 0.248348 0.619122
v -0.193971 0.262893 0.576944
v -0.166932 0.234643 0.613359
v -0.064078 -0.311762 -0.503087
v -0.113525 -0.367731 -0.419984
v -0.044204 -0.341909 -0.462693
v -0.107874 -0.306235 -0.502815
v -0.068360 -0.374388 -0.422569
v -0.133152 -0.331050 -0.459479
v 0.064299 -0.311369 -0.503321
v 0.113425 -0.367718 -0.419801
v 0.043979 -0.342193 -0.462572
v 0.107976 -0.306557 -0.502663
v 0.068248 -0.374588 -0.422834
v 0.133083 -0.331068 -0.459527
v -0.000041 -0.232187 -0.630171
v 0.000042 -0.146388 -0.642146
v 0.041937 -0.219917 -0.631951
v -0.042008 -0.219975 -0.631933
v 0.043288 -0.171627 -0.637899
v -0.043333 -0.172067 -0.637678
v 0.109534 -0.253656 -0.599895
v 0.198227 -0.232823 -0.585149
v 0.141905 -0.260265 -0.577279
v 0.117893 -0.238725 -0.611798
v 0.186664 -0.252002 -0.569181
v 0.161905 -0.224728 -0.604656
v -0.109528 -0.253673 -0.599987
v -0.198190 -0.232827 -0.585081
v -0.141900 -0.260284 -0.577220
v -0.117811 -0.238627 -0.611799
v -0.186640 -0.251958 -0.569208
v -0.161880 -0.224765 -0.604531
v -0.089015 0.530932 -0.655139
v -0.161626 0.612719 -0.599273
v -0.064280 0.583685 -0.634265
v -0.148296 0.518911 -0.655032
v -0.100734 0.626465 -0.604039
v -0.187724 0.558847 -0.629621
v 0.089321 0.531050 -0.655420
v 0.161631 0.612600 -0.599068
v 0.064474 0.583464 -0.634258
v 0.148428 0.518930 -0.655237
v 0.100932 0.626450 -0.603983
v 0.187757 0.558679 -0.629588
v 0.000185 0.293815 -0.771188
v 0.000037 0.186571 -0.798987
v 0.054777 0.269184 -0.784992
v -0.055027 0.269629 -0.785389
v 0.057954 0.215486 -0.804766
v -0.058130 0.216101 -0.804546
v 0.136654 0.375073 -0.719386
v 0.238752 0.323670 -0.709614
v 0.175757 0.405560 -0.693655
v 0.149965 0.324601 -0.749337
v 0.224691 0.378906 -0.684406
v 0.206878 0.301144 -0.754480
v -0.136908 0.375299 -0.719944
v -0.238580 0.323947 -0.709410
v -0.175735 0.405815 -0.693592
v -0.149989 0.324801 -0.749602
v -0.224656 0.379046 -0.684081
v -0.206761 0.301065 -0.754528
v 0.586594 0.081824 -0.330134
v 0.558367 0.154596 -0.280080
v 0.562891 0.110462 -0.356006
v 0.597752 0.087203 -0.279782
v 0.547915 0.148373 -0.333089
v 0.585840 0.122348 -0.253173
v 0.574782 -0.083977 -0.323503
v 0.559295 -0.152860 -0.279386
v 0.549095 -0.111248 -0.346758
v 0.590404 -0.089804 -0.277133
v 0.542514 -0.146645 -0.328095
v 0.581904 -0.123611 -0.251993
v 0.514282 -0.052585 -0.438132
v 0.445323 -0.101477 -0.482973
v 0.505502 -0.090513 -0.425386
v 0.488845 -0.035880 -0.471721
v 0.473577 -0.116942 -0.449484
v 0.451882 -0.058530 -0.493452
v 0.526439 0.056883 -0.450971
v 0.463023 0.112795 -0.513192
v 0.520086 0.095413 -0.441471
v 0.502451 0.042483 -0.486721
v 0.486700 0.126156 -0.470321
v 0.472810 0.067594 -0.520891
v 0.625535 0.000063 -0.254112
v 0.653009 -0.000470 -0.146245
v 0.630763 0.029620 -0.227985
v 0.626686 -0.030616 -0.227218
v 0.644580 0.030687 -0.173685
v 0.640053 -0.032040 -0.173450
v 0.594708 0.085860 0.325676
v 0.572439 0.158925 0.282122
v 0.565816 0.115065 0.347776
v 0.611181 0.091432 0.281772
v 0.554877 0.152490 0.327613
v 0.599700 0.127652 0.258592
v 0.594300 -0.084823 0.322580
v 0.566152 -0.164795 0.278960
v 0.564401 -0.116085 0.344753
v 0.610282 -0.091198 0.278851
v 0.548865 -0.158270 0.324445
v 0.597172 -0.129636 0.255568
v 0.532691 -0.051779 0.439122
v 0.456513 -0.109895 0.488722
v 0.521072 -0.094774 0.425496
v 0.507257 -0.034449 0.475329
v 0.483250 -0.126864 0.450354
v 0.467846 -0.061713 0.499713
v 0.532601 0.056584 0.440763
v 0.458560 0.106806 0.486260
v 0.521343 0.094273 0.426418
v 0.507161 0.042417 0.475904
v 0.485861 0.120682 0.449431
v 0.469813 0.066063 0.499558
v 0.656981 0.000953 0.261580
v 0.676755 0.000462 0.166918
v 0.660877 0.030396 0.239107
v 0.660111 -0.028839 0.237911
v 0.670966 0.032085 0.191672
v 0.669218 -0.031003 0.190647
v -0.586539 0.081865 -0.330218
v -0.558352 0.154663 -0.280074
v -0.562831 0.110485 -0.356083
v -0.597763 0.087233 -0.279768
v -0.548049 0.148381 -0.333062
v -0.585769 0.122290 -0.253121
v -0.574985 -0.084082 -0.323600
v -0.559148 -0.152681 -0.279204
v -0.548885 -0.111189 -0.346681
v -0.590925 -0.089836 -0.277255
v -0.542551 -0.146591 -0.328077
v -0.582193 -0.123670 -0.252074
v -0.514333 -0.052738 -0.438081
v -0.444696 -0.100984 -0.482739
v -0.505407 -0.090731 -0.425344
v -0.488609 -0.036050 -0.471585
v -0.473745 -0.117032 -0.449578
v -0.452261 -0.058526 -0.493760
v -0.526464 0.056978 -0.450980
v -0.463018 0.112944 -0.513136
v -0.520051 0.095354 -0.441396
v -0.502509 0.042568 -0.486714
v -0.486682 0.126146 -0.470293
v -0.472887 0.067604 -0.520877
v -0.625421 0.000056 -0.254060
v -0.652956 -0.000483 -0.146254
v -0.630799 0.029721 -0.227941
v -0.626450 -0.030540 -0.227101
v -0.644668 0.030803 -0.173641
v -0.639816 -0.032077 -0.173369
v -0.594443 0.085892 0.325364
v -0.572453 0.159196 0.281907
v -0.565154 0.114676 0.347329
v -0.610949 0.091510 0.281609
v -0.554457 0.152497 0.327486
v -0.599566 0.127673 0.258732
v -0.594290 -0.084851 0.322555
v -0.566043 -0.164948 0.279162
v -0.564430 -0.116224 0.344774
v -0.610312 -0.091251 0.278803
v -0.548745 -0.158493 0.324606
v -0.596851 -0.129718 0.255528
v -0.532797 -0.051844 0.438984
v -0.456067 -0.110589 0.488558
v -0.521116 -0.094468 0.425537
v -0.507243 -0.034632 0.475230
v -0.483360 -0.126417 0.450249
v -0.468032 -0.061460 0.499879
v -0.532410 0.056680 0.440814
v -0.458622 0.106571 0.486104
v -0.522142 0.094444 0.427222
v -0.507029 0.042465 0.475794
v -0.485934 0.120890 0.449613
v -0.469978 0.066004 0.499880
v -0.656994 0.000952 0.261576
v -0.676806 0.000467 0.166915
v -0.660924 0.030374 0.239139
v -0.660095 -0.028778 0.237901
v -0.670997 0.032089 0.191683
v -0.669282 -0.031024 0.190657
v -0.064650 0.453375 0.069920
v -0.115256 0.409927 0.162267
v -0.109103 0.447414 0.073595
v -0.135201 0.424878 0.118862
v -0.044348 0.436510 0.112470
v -0.068872 0.414412 0.160718
v -0.056691 0.553342 -0.195406
v -0.117196 0.620833 -0.303466
v -0.098787 0.547043 -0.192281
v -0.131359 0.574117 -0.244913
v -0.041858 0.587629 -0.248970
v -0.072645 0.629568 -0.302052
v 0.064735 0.453443 0.069908
v 0.115099 0.409535 0.162641
v 0.109295 0.447589 0.073654
v 0.135269 0.424837 0.118653
v 0.044386 0.436678 0.112441
v 0.068708 0.414634 0.160439
v 0.056782 0.553382 -0.195379
v 0.117132 0.620946 -0.303406
v 0.099121 0.546984 -0.192599
v 0.131164 0.574034 -0.245081
v 0.041927 0.587830 -0.248987
v 0.072677 0.629404 -0.302109
v -0.338619 0.323733 0.287161
v -0.424514 0.303082 0.263461
v -0.355463 0.333518 0.237843
v -0.398544 0.322369 0.227333
v -0.365644 0.305618 0.327795
v -0.407825 0.295837 0.313858
v -0.047966 0.360311 0.303742
v 0.048871 0.360192 0.303732
v -0.024626 0.344570 0.351747
v 0.024125 0.344679 0.351866
v -0.023928 0.378804 0.255506
v 0.023913 0.379171 0.255200
v -0.272657 0.295755 0.435571
v -0.306255 0.267388 0.497747
v -0.243762 0.288069 0.479320
v -0.260579 0.275412 0.510590
v -0.319822 0.289206 0.425750
v -0.336540 0.274348 0.456667
v -0.457550 0.590760 -0.363455
v -0.381280 0.413120 -0.291661
v -0.383808 0.515822 -0.305894
v -0.378128 0.448826 -0.273157
v -0.396190 0.501215 -0.391267
v -0.372386 0.425442 -0.347864
v -0.073865 0.715274 -0.453908
v 0.074036 0.715304 -0.453890
v -0.035812 0.692708 -0.509766
v 0.035841 0.692639 -0.509276
v -0.032995 0.694148 -0.405121
v 0.033364 0.694491 -0.404976
v -0.296181 0.506208 -0.523775
v -0.313765 0.383485 -0.560656
v -0.266029 0.483551 -0.570532
v -0.277974 0.423025 -0.590452
v -0.332660 0.465613 -0.493675
v -0.336552 0.400772 -0.510568
v -0.538823 0.269241 -0.036378
v -0.547690 0.265629 0.063227
v -0.515908 0.296450 -0.013945
v -0.519979 0.292409 0.035205
v -0.568871 0.238579 -0.008889
v -0.572868 0.238606 0.040972
v -0.451461 0.270119 -0.363278
v -0.420960 0.257481 -0.467226
v -0.476338 0.223504 -0.387292
v -0.461115 0.217321 -0.438581
v -0.414185 0.315266 -0.392917
v -0.399943 0.308940 -0.446067
v -0.594981 0.166208 -0.116000
v -0.647564 0.099746 -0.063028
v -0.610341 0.129954 -0.143892
v -0.635479 0.097305 -0.117212
v -0.606241 0.169050 -0.061902
v -0.633280 0.135617 -0.035817
v -0.482401 0.241998 0.355176
v -0.431150 0.223793 0.442487
v -0.494189 0.212240 0.377533
v -0.467902 0.199847 0.418933
v -0.445462 0.258626 0.376239
v -0.420495 0.251512 0.421915
v -0.608628 0.171143 0.139604
v -0.650772 0.102245 0.090520
v -0.624731 0.135527 0.164300
v -0.646238 0.101331 0.140349
v -0.613048 0.172011 0.090470
v -0.633592 0.137248 0.065464
v 0.338787 0.323883 0.287455
v 0.424553 0.302975 0.263459
v 0.355501 0.333452 0.237898
v 0.398532 0.322294 0.227379
v 0.365668 0.305515 0.327704
v 0.407879 0.295877 0.313832
v 0.272720 0.295759 0.435803
v 0.306236 0.267423 0.497721
v 0.243673 0.288077 0.479382
v 0.260623 0.275398 0.510579
v 0.319850 0.289206 0.425775
v 0.336542 0.274357 0.456650
v 0.457592 0.590728 -0.363240
v 0.381705 0.413121 -0.291802
v 0.383882 0.515594 -0.305883
v 0.378423 0.449022 -0.273237
v 0.396180 0.501089 -0.391164
v 0.372770 0.425522 -0.347982
v 0.296316 0.506964 -0.523193
v 0.313625 0.383200 -0.560169
v 0.266322 0.483551 -0.570819
v 0.278100 0.423095 -0.590550
v 0.332854 0.465757 -0.494023
v 0.336217 0.400911 -0.510231
v 0.538904 0.269390 -0.036702
v 0.547704 0.265562 0.063205
v 0.515936 0.296472 -0.014044
v 0.519976 0.292320 0.035257
v 0.569032 0.238680 -0.009092
v 0.572891 0.238585 0.040986
v 0.451899 0.270367 -0.363250
v 0.420807 0.257787 -0.467050
v 0.476459 0.223516 -0.387568
v 0.461709 0.217112 -0.438846
v 0.413826 0.315202 -0.393071
v 0.399976 0.308628 -0.446431
v 0.595013 0.166121 -0.116085
v 0.647556 0.099732 -0.062990
v 0.610353 0.129893 -0.143967
v 0.635467 0.097327 -0.117184
v 0.606287 0.169088 -0.062000
v 0.633277 0.135628 -0.035807
v 0.482398 0.241988 0.355201
v 0.431166 0.223873 0.442615
v 0.494133 0.212357 0.377654
v 0.467839 0.200092 0.418907
v 0.445481 0.258576 0.376264
v 0.420546 0.251476 0.421957
v 0.608588 0.171158 0.139617
v 0.650764 0.102267 0.090510
v 0.624686 0.135531 0.164314
v 0.646230 0.101340 0.140342
v 0.613056 0.172031 0.090461
v 0.633564 0.137254 0.065471
v -0.066940 -0.593127 0.165700
v -0.113064 -0.580695 0.293401
v -0.111913 -0.582322 0.157223
v -0.137813 -0.574780 0.220838
v -0.044646 -0.595097 0.230275
v -0.066289 -0.592911 0.294241
v -0.088317 -0.663216 -0.129846
v -0.136919 -0.677569 -0.241682
v -0.123054 -0.757865 -0.146274
v -0.157456 -0.770676 -0.216316
v -0.064896 -0.617601 -0.167460
v -0.085217 -0.625149 -0.219901
v 0.067300 -0.593190 0.165645
v 0.113389 -0.580662 0.293438
v 0.112002 -0.582258 0.157369
v 0.138087 -0.574765 0.220993
v 0.044914 -0.595474 0.230385
v 0.066588 -0.592776 0.294322
v 0.087813 -0.662053 -0.129687
v 0.136067 -0.677060 -0.240767
v 0.122723 -0.755367 -0.145793
v 0.155347 -0.769600 -0.215426
v 0.064358 -0.616792 -0.167182
v 0.084816 -0.624818 -0.219507
v -0.356719 -0.497366 0.367261
v -0.423358 -0.411539 0.301681
v -0.374196 -0.486231 0.307841
v -0.404786 -0.445488 0.276513
v -0.375430 -0.462758 0.391298
v -0.407370 -0.416085 0.356153
v -0.058543 -0.674996 0.471223
v 0.058630 -0.674856 0.471026
v -0.031697 -0.664290 0.524408
v 0.032027 -0.663869 0.524060
v -0.026514 -0.643569 0.413854
v 0.026846 -0.643907 0.413946
v -0.328569 -0.550832 0.559618
v -0.332968 -0.409763 0.570511
v -0.318610 -0.553010 0.628083
v -0.310910 -0.467506 0.620882
v -0.347324 -0.480321 0.509675
v -0.354284 -0.419654 0.519802
v -0.322320 -0.409687 -0.278461
v -0.391148 -0.340759 -0.244636
v -0.348711 -0.436511 -0.241092
v -0.373342 -0.390504 -0.215851
v -0.333767 -0.351890 -0.304843
v -0.373767 -0.325555 -0.292744
v -0.051294 -0.502269 -0.320939
v 0.050907 -0.501761 -0.320934
v -0.024559 -0.458614 -0.353766
v 0.024395 -0.458454 -0.353633
v -0.026766 -0.540363 -0.287122
v 0.026632 -0.539965 -0.286729
v -0.247314 -0.329781 -0.405055
v -0.291505 -0.258216 -0.489537
v -0.223102 -0.308710 -0.451379
v -0.244141 -0.274686 -0.493214
v -0.291280 -0.312288 -0.398210
v -0.313181 -0.275739 -0.438368
v -0.530437 -0.269185 -0.030707
v -0.535276 -0.278159 0.068259
v -0.503478 -0.307122 -0.004016
v -0.506445 -0.312313 0.044559
v -0.564570 -0.237081 -0.006175
v -0.565745 -0.241238 0.043261
v -0.462248 -0.226162 -0.349502
v -0.418689 -0.208540 -0.442933
v -0.479151 -0.195525 -0.376561
v -0.456090 -0.187387 -0.420769
v -0.420253 -0.248872 -0.364806
v -0.400860 -0.237369 -0.415232
v -0.595720 -0.164927 -0.115673
v -0.640940 -0.101789 -0.064026
v -0.606911 -0.130869 -0.144242
v -0.628247 -0.099289 -0.117823
v -0.606979 -0.168480 -0.061574
v -0.630421 -0.137052 -0.036604
v -0.466233 -0.280266 0.360207
v -0.423153 -0.265936 0.453467
v -0.480467 -0.233523 0.377543
v -0.458472 -0.225027 0.422327
v -0.432933 -0.324174 0.392213
v -0.411981 -0.319095 0.440838
v -0.606202 -0.173911 0.137488
v -0.647811 -0.103214 0.089131
v -0.623176 -0.136762 0.161695
v -0.643654 -0.101852 0.138395
v -0.611038 -0.174113 0.089277
v -0.632131 -0.138756 0.064287
v 0.356904 -0.496885 0.367110
v 0.423348 -0.411284 0.301649
v 0.374484 -0.486011 0.307689
v 0.404741 -0.445256 0.276688
v 0.375873 -0.462709 0.391074
v 0.407740 -0.416163 0.355999
v 0.328272 -0.551282 0.559382
v 0.332989 -0.410134 0.570203
v 0.319064 -0.553709 0.627839
v 0.310884 -0.467864 0.621041
v 0.347269 -0.480308 0.509054
v 0.354177 -0.419598 0.519801
v 0.322083 -0.409764 -0.278692
v 0.391189 -0.340266 -0.244806
v 0.348963 -0.436198 -0.240522
v 0.373495 -0.390386 -0.215910
v 0.333773 -0.351350 -0.304649
v 0.373857 -0.325708 -0.292675
v 0.247339 -0.330260 -0.405211
v 0.291615 -0.258202 -0.489652
v 0.223189 -0.308362 -0.451599
v 0.244277 -0.274890 -0.493144
v 0.291186 -0.312527 -0.398211
v 0.313131 -0.275884 -0.438256
v 0.530158 -0.269347 -0.030888
v 0.534670 -0.278158 0.068163
v 0.503195 -0.307474 -0.004597
v 0.506738 -0.312305 0.044522
v 0.564883 -0.236912 -0.006102
v 0.565742 -0.241003 0.043272
v 0.462388 -0.225889 -0.349398
v 0.418706 -0.208644 -0.442954
v 0.479115 -0.195622 -0.376669
v 0.456069 -0.187565 -0.420809
v 0.420601 -0.248714 -0.365174
v 0.400929 -0.237036 -0.415427
v 0.595980 -0.164928 -0.115622
v 0.640587 -0.101724 -0.063967
v 0.606741 -0.130746 -0.144097
v 0.627896 -0.099328 -0.117793
v 0.607159 -0.168448 -0.061541
v 0.630329 -0.137044 -0.036654
v 0.466032 -0.280644 0.360511
v 0.422723 -0.266087 0.453596
v 0.479995 -0.233283 0.377580
v 0.458405 -0.225022 0.422318
v 0.432814 -0.324109 0.392002
v 0.411942 -0.318541 0.441273
v 0.606219 -0.173976 0.137499
v 0.647853 -0.103234 0.089101
v 0.623178 -0.136781 0.161663
v 0.643664 -0.101870 0.138370
v 0.611050 -0.174124 0.089307
v 0.632114 -0.138779 0.064264
v 0.144148 -0.086484 0.703929
v 0.234335 -0.142157 0.673373
v 0.149493 -0.142234 0.727141
v 0.192998 -0.173035 0.704524
v 0.187491 -0.058671 0.675439
v 0.231900 -0.085118 0.661057
v -0.143640 -0.086625 0.703151
v -0.234791 -0.142011 0.673924
v -0.149202 -0.142526 0.726247
v -0.192990 -0.173073 0.704347
v -0.187349 -0.058591 0.675398
v -0.232178 -0.085064 0.661003
v 0.136361 0.073382 0.651484
v 0.222560 0.125233 0.618745
v 0.133643 0.123932 0.639818
v 0.176522 0.149071 0.626037
v 0.183393 0.048572 0.647568
v 0.226951 0.075940 0.628807
v -0.136006 0.073204 0.651358
v -0.222715 0.125297 0.618714
v -0.133793 0.123648 0.640115
v -0.176401 0.149029 0.626090
v -0.183464 0.048549 0.647577
v -0.227275 0.075976 0.628896
v 0.357319 -0.049077 0.584789
v 0.355848 0.049759 0.575291
v 0.400817 -0.020294 0.560302
v 0.399963 0.026682 0.556930
v 0.316185 -0.025951 0.606492
v 0.315925 0.025798 0.601093
v -0.357379 -0.049303 0.584628
v -0.355760 0.049786 0.575315
v -0.400682 -0.020350 0.560274
v -0.399817 0.026741 0.556913
v -0.315853 -0.026247 0.606086
v -0.315935 0.025727 0.601167
v 0.136762 -0.061891 -0.656535
v 0.217852 -0.114860 -0.614033
v 0.132246 -0.116931 -0.638544
v 0.172873 -0.142539 -0.620877
v 0.184289 -0.033788 -0.654861
v 0.223936 -0.061770 -0.630121
v -0.136789 -0.062478 -0.656593
v -0.218000 -0.114712 -0.614268
v -0.132248 -0.117427 -0.638550
v -0.172737 -0.142229 -0.621357
v -0.184402 -0.034420 -0.655263
v -0.224075 -0.061843 -0.630411
v 0.166465 0.093982 -0.778586
v 0.274289 0.156220 -0.765508
v 0.175039 0.155712 -0.811421
v 0.230021 0.188291 -0.800539
v 0.206830 0.070380 -0.732129
v 0.258397 0.098013 -0.726861
v -0.165715 0.096962 -0.773080
v -0.273898 0.155683 -0.765574
v -0.175314 0.156791 -0.812102
v -0.229794 0.187862 -0.800609
v -0.207304 0.070859 -0.731670
v -0.258531 0.097072 -0.727319
v 0.348497 -0.038027 -0.579288
v 0.365568 0.061728 -0.614246
v 0.389364 -0.014264 -0.560292
v 0.397303 0.033125 -0.574758
v 0.314148 -0.011815 -0.613169
v 0.322945 0.039834 -0.634129
v -0.348347 -0.037780 -0.579157
v -0.365345 0.061743 -0.614326
v -0.388752 -0.013851 -0.560292
v -0.397145 0.033279 -0.574558
v -0.313503 -0.011598 -0.612949
v -0.323206 0.039879 -0.634524
v -0.278900 0.435733 0.002519
v -0.275286 0.456657 -0.071144
v -0.236952 0.448028 -0.000022
v -0.234208 0.473404 -0.080452
v -0.339044 0.403670 0.033796
v -0.262188 0.428396 0.039315
v -0.328224 0.395193 0.073061
v -0.332999 0.436295 -0.085354
v -0.257741 0.477981 -0.117914
v -0.320622 0.455846 -0.134266
v -0.373672 0.400837 -0.016738
v -0.356017 0.429072 -0.110590
v -0.398839 0.388214 -0.034915
v -0.364543 0.382003 0.065276
v -0.401453 0.377599 0.010372
v 0.278743 0.435725 0.002622
v 0.274914 0.457508 -0.071649
v 0.237190 0.448363 -0.000136
v 0.233884 0.473394 -0.080285
v 0.339099 0.403727 0.033880
v 0.262195 0.428348 0.039598
v 0.328143 0.395142 0.073169
v 0.332702 0.436739 -0.085184
v 0.257691 0.478245 -0.118399
v 0.321086 0.456058 -0.134040
v 0.374090 0.400978 -0.016688
v 0.355899 0.429139 -0.110642
v 0.399023 0.388367 -0.034679
v 0.364490 0.382070 0.065462
v 0.401532 0.377681 0.010494
v -0.306508 -0.569829 0.036292
v -0.322405 -0.616580 -0.035744
v -0.265240 -0.587887 0.030733
v -0.292448 -0.668838 -0.038749
v -0.364690 -0.522382 0.070403
v -0.285271 -0.559020 0.080693
v -0.352467 -0.520302 0.118705
v -0.363771 -0.546964 -0.052381
v -0.328307 -0.671000 -0.080242
v -0.361949 -0.566358 -0.099591
v -0.389213 -0.496227 0.013033
v -0.378757 -0.509687 -0.076929
v -0.405796 -0.460315 -0.006338
v -0.390719 -0.496755 0.104633
v -0.411340 -0.461103 0.039580
v 0.306840 -0.569727 0.036288
v 0.322156 -0.617175 -0.035938
v 0.265065 -0.588133 0.030708
v 0.291877 -0.669211 -0.038479
v 0.364873 -0.522361 0.070513
v 0.284867 -0.559157 0.081009
v 0.352781 -0.520070 0.119267
v 0.364179 -0.546866 -0.052765
v 0.328347 -0.671242 -0.079813
v 0.362196 -0.566821 -0.099911
v 0.388807 -0.495968 0.013192
v 0.378701 -0.509647 -0.076564
v 0.405954 -0.460380 -0.006283
v 0.390729 -0.496512 0.104829
v 0.410282 -0.460718 0.039712
v -0.000197 -0.527890 0.692029
v -0.075751 -0.473542 0.703092
v -0.031729 -0.573863 0.679234
v -0.116937 -0.522028 0.697740
v 0.075848 -0.473643 0.702207
v 0.031605 -0.573944 0.679160
v 0.117228 -0.522485 0.697362
v 0.044010 -0.381086 0.717554
v -0.044023 -0.380966 0.717001
v 0.046609 -0.323369 0.729015
v -0.046473 -0.323271 0.728943
v 0.129805 -0.458543 0.701508
v 0.091953 -0.357017 0.717162
v -0.130080 -0.458338 0.702109
v -0.091576 -0.356526 0.716776
v 0.000034 0.284386 0.565606
v -0.059158 0.276700 0.587754
v -0.023197 0.292261 0.532470
v -0.088301 0.282095 0.563368
v 0.059142 0.276717 0.587746
v 0.023157 0.292247 0.532488
v 0.088290 0.282123 0.563312
v 0.036273 0.263909 0.620922
v -0.036241 0.263944 0.620861
v 0.039436 0.249886 0.632979
v -0.039497 0.249858 0.633029
v 0.102435 0.273870 0.586680
v 0.077203 0.257353 0.621665
v -0.102428 0.273841 0.586699
v -0.077238 0.257350 0.621636
v 0.000047 -0.292344 -0.542001
v -0.056512 -0.271441 -0.579161
v -0.021281 -0.315405 -0.502830
v -0.082552 -0.286077 -0.543891
v 0.056638 -0.271492 -0.579212
v 0.021262 -0.315451 -0.502776
v 0.082541 -0.286120 -0.543929
v 0.035513 -0.254039 -0.614699
v -0.035436 -0.254049 -0.614718
v 0.039197 -0.241621 -0.625116
v -0.039173 -0.241524 -0.625155
v 0.098323 -0.266512 -0.581049
v 0.075460 -0.248092 -0.615367
v -0.098332 -0.266508 -0.580972
v -0.075343 -0.248025 -0.615419
v 0.000108 0.493081 -0.674300
v -0.072146 0.442043 -0.694160
v -0.029470 0.537071 -0.655204
v -0.108536 0.478860 -0.675344
v 0.072312 0.442363 -0.694186
v 0.029984 0.537244 -0.655349
v 0.108798 0.478589 -0.675349
v 0.044826 0.366864 -0.732941
v -0.044753 0.366833 -0.732755
v 0.050237 0.319265 -0.758208
v -0.050008 0.319376 -0.758628
v 0.124132 0.426696 -0.696178
v 0.095466 0.346369 -0.741508
v -0.123816 0.426735 -0.696037
v -0.095513 0.346580 -0.741839
v 0.572140 0.044670 -0.387394
v 0.605492 0.026760 -0.326439
v 0.569976 0.076062 -0.374246
v 0.604627 0.055179 -0.304680
v 0.562479 -0.042309 -0.380462
v 0.601540 -0.024748 -0.324457
v 0.555283 -0.075882 -0.364139
v 0.597272 -0.056238 -0.301386
v 0.550725 0.002444 -0.422918
v 0.535235 -0.065626 -0.402035
v 0.523791 -0.015280 -0.449150
v 0.548400 0.068348 -0.413321
v 0.528759 0.020717 -0.454237
v 0.617722 0.028400 -0.279549
v 0.614182 -0.028312 -0.278395
v 0.588059 0.043865 0.384292
v 0.626413 0.026410 0.325408
v 0.577341 0.078171 0.367233
v 0.621436 0.057206 0.304431
v 0.589184 -0.039447 0.381504
v 0.626484 -0.023831 0.323719
v 0.578998 -0.075476 0.364504
v 0.622189 -0.054790 0.302134
v 0.568533 0.003282 0.420818
v 0.557786 -0.064911 0.402832
v 0.540590 -0.013256 0.448522
v 0.556631 0.068494 0.405228
v 0.540364 0.021265 0.449380
v 0.643693 0.028814 0.283629
v 0.643545 -0.026791 0.282193
v -0.572188 0.044648 -0.387339
v -0.605540 0.026808 -0.326447
v -0.570067 0.076091 -0.374205
v -0.604595 0.055209 -0.304695
v -0.562299 -0.042333 -0.380327
v -0.601355 -0.024773 -0.324354
v -0.556055 -0.076063 -0.364658
v -0.597358 -0.056325 -0.301369
v -0.550660 0.002495 -0.422925
v -0.535327 -0.065710 -0.402065
v -0.523731 -0.015298 -0.449004
v -0.548474 0.068389 -0.413305
v -0.528766 0.020759 -0.454232
v -0.617759 0.028527 -0.279520
v -0.613800 -0.028445 -0.278175
v -0.588056 0.043868 0.384271
v -0.626468 0.026420 0.325421
v -0.577499 0.078178 0.367364
v -0.621529 0.057012 0.304507
v -0.589131 -0.039448 0.381544
v -0.626466 -0.023809 0.323718
v -0.579010 -0.075475 0.364495
v -0.622215 -0.054763 0.302174
v -0.568528 0.003212 0.420838
v -0.557702 -0.065108 0.402770
v -0.540610 -0.013385 0.448564
v -0.556449 0.068533 0.405192
v -0.540314 0.021282 0.449350
v -0.643728 0.028788 0.283641
v -0.643542 -0.026743 0.282162
v -0.060710 0.484842 -0.011767
v -0.054645 0.513558 -0.097144
v -0.103293 0.478115 -0.009133
v -0.091340 0.507206 -0.091611
v 0.060518 0.484807 -0.011814
v 0.055062 0.513359 -0.097549
v 0.103164 0.478335 -0.008947
v 0.091456 0.507256 -0.091444
v 0.000245 0.475766 0.025668
v -0.084456 0.466643 0.030426
v -0.021266 0.459277 0.064443
v -0.000028 0.534998 -0.147849
v -0.068848 0.525981 -0.140144
v -0.018839 0.556751 -0.197617
v 0.084423 0.466527 0.030708
v 0.021052 0.459216 0.064398
v 0.068980 0.526040 -0.140120
v 0.018635 0.556914 -0.197489
v -0.187975 0.381124 0.208567
v -0.263683 0.352940 0.250872
v -0.208231 0.395142 0.163545
v -0.282820 0.364454 0.203767
v -0.122558 0.339654 0.350927
v -0.197348 0.317939 0.395547
v -0.098501 0.326542 0.399625
v -0.172866 0.306677 0.444786
v -0.119636 0.372952 0.255649
v -0.161313 0.402916 0.163596
v -0.094267 0.393600 0.207823
v -0.270841 0.321973 0.343514
v -0.311590 0.343408 0.246006
v -0.320727 0.314115 0.338509
v -0.073208 0.343239 0.351635
v -0.071611 0.376959 0.255724
v -0.222419 0.302038 0.440677
v -0.299049 0.304352 0.388880
v -0.198192 0.625793 -0.349962
v -0.306610 0.622247 -0.371457
v -0.214016 0.577963 -0.284272
v -0.306550 0.565550 -0.305270
v -0.166784 0.712569 -0.504360
v -0.230594 0.602022 -0.523791
v -0.131533 0.660353 -0.552375
v -0.207102 0.579788 -0.574187
v -0.172521 0.810079 -0.407516
v -0.163682 0.601743 -0.298621
v -0.112687 0.689153 -0.355496
v -0.329957 0.596542 -0.459286
v -0.367420 0.581423 -0.339870
v -0.421705 0.592625 -0.454630
v -0.107568 0.705523 -0.504673
v -0.100669 0.732179 -0.405579
v -0.251758 0.543542 -0.549097
v -0.338375 0.536316 -0.480550
v -0.439403 0.348780 -0.206753
v -0.491475 0.303506 -0.120790
v -0.420998 0.378624 -0.183233
v -0.470938 0.331964 -0.096873
v -0.503153 0.231648 -0.281320
v -0.550689 0.197376 -0.198809
v -0.526171 0.189866 -0.307230
v -0.569923 0.159302 -0.225945
v -0.442491 0.316288 -0.284966
v -0.404522 0.395096 -0.238704
v -0.402678 0.364968 -0.314315
v -0.545271 0.235939 -0.117027
v -0.506838 0.300303 -0.065488
v -0.558273 0.237146 -0.062256
v -0.489844 0.228324 -0.334906
v -0.427125 0.317286 -0.338928
v -0.582146 0.163014 -0.171138
v -0.577229 0.202320 -0.088756
v -0.476762 0.296379 0.198715
v -0.516606 0.284042 0.131728
v -0.450500 0.316930 0.165944
v -0.489631 0.307185 0.101795
v -0.533840 0.224688 0.283773
v -0.577164 0.201934 0.212061
v -0.544230 0.189498 0.306254
v -0.588329 0.164850 0.235421
v -0.485015 0.270297 0.278872
v -0.439196 0.310076 0.214241
v -0.447025 0.284053 0.297054
v -0.567850 0.235319 0.138413
v -0.519698 0.288109 0.083360
v -0.571663 0.237090 0.089690
v -0.515313 0.219185 0.331531
v -0.466483 0.264476 0.327892
v -0.601508 0.169380 0.188171
v -0.591709 0.205552 0.114998
v 0.188743 0.381521 0.208395
v 0.263250 0.352554 0.250372
v 0.207830 0.394949 0.163467
v 0.282710 0.364413 0.203797
v 0.122284 0.339805 0.350878
v 0.197499 0.317598 0.396007
v 0.098101 0.326273 0.398845
v 0.172999 0.306873 0.444887
v 0.119565 0.373195 0.255702
v 0.161918 0.403425 0.163398
v 0.093859 0.393187 0.208399
v 0.073294 0.342951 0.351285
v 0.071870 0.377223 0.255668
v 0.270872 0.322125 0.343620
v 0.310349 0.343949 0.245470
v 0.321018 0.313944 0.338636
v 0.222576 0.302002 0.440575
v 0.299282 0.304280 0.389014
v 0.198113 0.625829 -0.349759
v 0.306599 0.622346 -0.371200
v 0.214198 0.577909 -0.284231
v 0.306645 0.564784 -0.305031
v 0.166530 0.712544 -0.504311
v 0.230856 0.601772 -0.523978
v 0.131820 0.660333 -0.552529
v 0.207299 0.580399 -0.574800
v 0.172555 0.810443 -0.407316
v 0.163736 0.601860 -0.298484
v 0.112633 0.689089 -0.355370
v 0.107646 0.705463 -0.504533
v 0.100577 0.732021 -0.405896
v 0.329970 0.596327 -0.459072
v 0.366977 0.580636 -0.339925
v 0.421544 0.593149 -0.454258
v 0.251785 0.543268 -0.549264
v 0.338729 0.536543 -0.480449
v 0.439529 0.348864 -0.206367
v 0.492284 0.303854 -0.119929
v 0.420839 0.378377 -0.183387
v 0.471084 0.331827 -0.097027
v 0.502844 0.231590 -0.281275
v 0.550342 0.197663 -0.198718
v 0.526134 0.189958 -0.307580
v 0.569892 0.159305 -0.225993
v 0.442676 0.315810 -0.284822
v 0.404588 0.394793 -0.238218
v 0.402865 0.365288 -0.314509
v 0.544765 0.235711 -0.117023
v 0.506700 0.300362 -0.065593
v 0.558354 0.237152 -0.062343
v 0.490284 0.228125 -0.334867
v 0.427137 0.317401 -0.338840
v 0.582270 0.162936 -0.171167
v 0.577354 0.202300 -0.088839
v 0.476807 0.296418 0.198642
v 0.516629 0.284046 0.131731
v 0.450491 0.316910 0.165881
v 0.489594 0.307185 0.101689
v 0.533839 0.224674 0.283771
v 0.577223 0.201911 0.212103
v 0.544200 0.189466 0.306256
v 0.588163 0.164749 0.235478
v 0.485001 0.270287 0.278862
v 0.439198 0.310048 0.214243
v 0.447022 0.284068 0.297046
v 0.567829 0.235384 0.138343
v 0.519670 0.288074 0.083381
v 0.571646 0.237119 0.089682
v 0.515346 0.219120 0.331552
v 0.466482 0.264454 0.327884
v 0.601533 0.169383 0.188180
v 0.591723 0.205538 0.114942
v -0.073887 -0.619119 0.055821
v -0.085055 -0.650488 -0.036942
v -0.121498 -0.618686 0.046063
v -0.134784 -0.688324 -0.038598
v 0.073039 -0.619476 0.056079
v 0.084335 -0.650238 -0.037078
v 0.121271 -0.618855 0.046126
v 0.133874 -0.687536 -0.038622
v -0.000108 -0.607838 0.113750
v -0.092494 -0.600602 0.103639
v -0.022640 -0.599933 0.170326
v -0.000422 -0.613691 -0.074146
v -0.110425 -0.693600 -0.084877
v -0.037047 -0.605969 -0.116923
v 0.092336 -0.600132 0.103708
v 0.022589 -0.600021 0.170271
v 0.109507 -0.692627 -0.084745
v 0.036385 -0.605818 -0.116787
v -0.199037 -0.568088 0.355498
v -0.289587 -0.552264 0.371240
v -0.220038 -0.558170 0.273813
v -0.302912 -0.532935 0.300417
v -0.160066 -0.803277 0.531849
v -0.301573 -0.721839 0.587670
v -0.122056 -0.778533 0.619588
v -0.265670 -0.722274 0.663584
v -0.138236 -0.658773 0.414609
v -0.165116 -0.568011 0.287694
v -0.093834 -0.605236 0.362331
v -0.316114 -0.577564 0.468684
v -0.332005 -0.519455 0.337112
v -0.344361 -0.514319 0.428777
v -0.092774 -0.720187 0.534363
v -0.080889 -0.651447 0.415527
v -0.316889 -0.639473 0.619225
v -0.335564 -0.535103 0.492930
v -0.233345 -0.658942 -0.301023
v -0.289757 -0.528973 -0.289596
v -0.275209 -0.729043 -0.271521
v -0.339981 -0.575949 -0.267886
v -0.121861 -0.454937 -0.350851
v -0.184576 -0.389978 -0.372527
v -0.093885 -0.412204 -0.385281
v -0.158463 -0.358393 -0.415849
v -0.133403 -0.562152 -0.297279
v -0.196788 -0.738191 -0.275718
v -0.109864 -0.605198 -0.263827
v -0.255309 -0.406620 -0.325691
v -0.324235 -0.484657 -0.267134
v -0.294663 -0.378778 -0.315198
v -0.073383 -0.458088 -0.353103
v -0.080012 -0.548988 -0.290482
v -0.203191 -0.346313 -0.410995
v -0.270779 -0.353131 -0.359194
v -0.441802 -0.321563 -0.178007
v -0.487758 -0.296506 -0.105640
v -0.420258 -0.364546 -0.148471
v -0.463764 -0.335917 -0.077181
v -0.514671 -0.210959 -0.276609
v -0.556478 -0.189929 -0.196499
v -0.532013 -0.179355 -0.305365
v -0.571237 -0.157016 -0.225353
v -0.452647 -0.271876 -0.261768
v -0.407133 -0.355217 -0.197167
v -0.413725 -0.298383 -0.278484
v -0.546468 -0.228521 -0.111498
v -0.496846 -0.301689 -0.054328
v -0.556909 -0.232947 -0.058078
v -0.499663 -0.203495 -0.329087
v -0.437457 -0.260766 -0.313480
v -0.583480 -0.161154 -0.170536
v -0.579823 -0.198656 -0.086541
v -0.463881 -0.363833 0.218889
v -0.500288 -0.320005 0.141874
v -0.443967 -0.399130 0.194257
v -0.477336 -0.355319 0.118086
v -0.517723 -0.244070 0.283636
v -0.567800 -0.209160 0.209509
v -0.533305 -0.201162 0.304166
v -0.582922 -0.169392 0.232414
v -0.469392 -0.327859 0.291900
v -0.435014 -0.404977 0.247230
v -0.438179 -0.371105 0.322965
v -0.555555 -0.246329 0.139556
v -0.504934 -0.316607 0.093271
v -0.561126 -0.244297 0.091332
v -0.499681 -0.240010 0.331008
v -0.452105 -0.326807 0.342038
v -0.598170 -0.172364 0.185009
v -0.585746 -0.209857 0.114167
v 0.199243 -0.568212 0.355391
v 0.289687 -0.552127 0.371264
v 0.220306 -0.557925 0.273861
v 0.303135 -0.533227 0.300296
v 0.159236 -0.802518 0.530685
v 0.300869 -0.723963 0.586240
v 0.119222 -0.776769 0.617150
v 0.265298 -0.725160 0.662375
v 0.138216 -0.658439 0.415038
v 0.165448 -0.568184 0.287573
v 0.094308 -0.605158 0.362214
v 0.091810 -0.719464 0.533113
v 0.080830 -0.651106 0.415110
v 0.315392 -0.577820 0.468105
v 0.332101 -0.519572 0.337336
v 0.344166 -0.514765 0.428472
v 0.316677 -0.640863 0.618586
v 0.335921 -0.535268 0.492747
v 0.232723 -0.659517 -0.301017
v 0.289901 -0.529348 -0.289531
v 0.274660 -0.729689 -0.271642
v 0.339767 -0.576379 -0.268300
v 0.121541 -0.455262 -0.350679
v 0.184275 -0.390218 -0.372289
v 0.093745 -0.411941 -0.385128
v 0.158403 -0.358782 -0.415972
v 0.132956 -0.561936 -0.297155
v 0.195420 -0.737916 -0.275215
v 0.109241 -0.604375 -0.263713
v 0.073111 -0.457703 -0.352530
v 0.079929 -0.549140 -0.290273
v 0.255161 -0.406771 -0.325643
v 0.324382 -0.484541 -0.267128
v 0.294587 -0.378666 -0.315383
v 0.203172 -0.346585 -0.411146
v 0.270673 -0.353267 -0.359109
v 0.442578 -0.321487 -0.178282
v 0.487439 -0.296267 -0.105669
v 0.420320 -0.364981 -0.148636
v 0.463149 -0.335772 -0.077360
v 0.514836 -0.210949 -0.276492
v 0.556656 -0.190078 -0.196455
v 0.532096 -0.179568 -0.305365
v 0.571411 -0.157058 -0.225351
v 0.452791 -0.271973 -0.261768
v 0.407047 -0.354574 -0.197274
v 0.413470 -0.298604 -0.278303
v 0.546755 -0.228695 -0.111651
v 0.496128 -0.302311 -0.054670
v 0.557348 -0.232967 -0.058053
v 0.499762 -0.203562 -0.329089
v 0.437564 -0.260821 -0.313557
v 0.583658 -0.161146 -0.170540
v 0.579928 -0.198692 -0.086470
v 0.463877 -0.363675 0.218750
v 0.500501 -0.320236 0.142066
v 0.443917 -0.399132 0.194130
v 0.478228 -0.355702 0.118105
v 0.518188 -0.244124 0.283690
v 0.567828 -0.208934 0.209650
v 0.533377 -0.201311 0.304208
v 0.582826 -0.169164 0.232467
v 0.469490 -0.327773 0.291808
v 0.434906 -0.404905 0.247119
v 0.438423 -0.370997 0.322956
v 0.555477 -0.246212 0.139559
v 0.506048 -0.316684 0.093339
v 0.561068 -0.244182 0.091422
v 0.499556 -0.239677 0.331132
v 0.451788 -0.326586 0.342415
v 0.598155 -0.172397 0.185008
v 0.585786 -0.209869 0.114308
v 0.048336 -0.084844 0.737592
v -0.048402 -0.084412 0.738320
v 0.048838 -0.140960 0.764181
v -0.049103 -0.141027 0.763941
v 0.045465 0.072653 0.665237
v -0.045658 0.072716 0.664930
v 0.044445 0.123764 0.652402
v -0.044223 0.124333 0.652233
v 0.093404 -0.005684 0.686238
v 0.097366 -0.114462 0.730817
v 0.140818 -0.032153 0.683560
v -0.093319 -0.005654 0.686010
v -0.097619 -0.114084 0.731008
v -0.140801 -0.031686 0.683538
v 0.089578 0.098259 0.653108
v 0.138469 0.021273 0.665984
v -0.089884 0.098630 0.652687
v -0.138462 0.021042 0.666005
v 0.304010 -0.321890 0.611669
v 0.269032 -0.230913 0.643647
v 0.273434 -0.364802 0.652307
v 0.231203 -0.266134 0.676046
v 0.406970 -0.198386 0.506384
v 0.386326 -0.124616 0.552386
v 0.444576 -0.161122 0.477203
v 0.427817 -0.091553 0.525311
v 0.364116 -0.297057 0.532491
v 0.306341 -0.391817 0.615761
v 0.359047 -0.357562 0.526631
v 0.433557 -0.213418 0.465466
v 0.389465 -0.309883 0.488041
v 0.311254 -0.136017 0.611734
v 0.232086 -0.202954 0.675261
v 0.273542 -0.111105 0.639623
v 0.396798 -0.070065 0.559581
v 0.315137 -0.079625 0.611364
v -0.303708 -0.321763 0.611577
v -0.269015 -0.230589 0.643497
v -0.274017 -0.364880 0.652910
v -0.230618 -0.266317 0.675355
v -0.406688 -0.197901 0.506764
v -0.386221 -0.124403 0.551857
v -0.444813 -0.161320 0.477179
v -0.427540 -0.091787 0.525364
v -0.364520 -0.296546 0.532848
v -0.306263 -0.391386 0.615929
v -0.359053 -0.357541 0.526587
v -0.434033 -0.212856 0.465489
v -0.389380 -0.310032 0.487680
v -0.311186 -0.135978 0.612131
v -0.232070 -0.202848 0.675101
v -0.273828 -0.111168 0.640091
v -0.396792 -0.070012 0.559720
v -0.314799 -0.079889 0.610859
v 0.284856 0.239260 0.552926
v 0.255758 0.190317 0.588827
v 0.239919 0.252991 0.566742
v 0.211871 0.214609 0.603145
v 0.410347 0.174628 0.495460
v 0.386094 0.115730 0.538626
v 0.448299 0.147427 0.472095
v 0.429033 0.090852 0.520249
v 0.361816 0.234393 0.503535
v 0.274313 0.260897 0.535496
v 0.350538 0.257395 0.482881
v 0.439512 0.187050 0.457975
v 0.392245 0.243282 0.464433
v 0.306062 0.121250 0.582623
v 0.217932 0.173365 0.610772
v 0.267878 0.099967 0.607376
v 0.393999 0.071532 0.548945
v 0.311535 0.074115 0.592029
v -0.284871 0.239333 0.552946
v -0.255804 0.190431 0.589032
v -0.239905 0.252980 0.566741
v -0.211854 0.214679 0.603134
v -0.410255 0.174683 0.495478
v -0.386269 0.115722 0.538849
v -0.448251 0.147352 0.472081
v -0.429134 0.090878 0.520314
v -0.361745 0.234420 0.503450
v -0.274333 0.260855 0.535505
v -0.350549 0.257409 0.482876
v -0.439618 0.187027 0.458239
v -0.392185 0.243293 0.464388
v -0.306224 0.121316 0.582937
v -0.217913 0.173310 0.610871
v -0.267795 0.100029 0.607498
v -0.394010 0.071579 0.548828
v -0.311677 0.074237 0.592101
v 0.046388 -0.062319 -0.665749
v -0.046395 -0.062587 -0.665886
v 0.044558 -0.118140 -0.648953
v -0.044710 -0.118542 -0.648448
v 0.055596 0.099539 -0.773023
v -0.055378 0.101256 -0.770431
v 0.058056 0.157057 -0.800357
v -0.058103 0.158568 -0.798559
v 0.099846 0.018457 -0.712160
v 0.090251 -0.090394 -0.653441
v 0.143303 -0.007116 -0.684415
v -0.099813 0.019255 -0.711196
v -0.090334 -0.090778 -0.653053
v -0.143552 -0.007657 -0.684549
v 0.115875 0.122464 -0.808399
v 0.152654 0.044293 -0.725640
v -0.115582 0.127755 -0.802474
v -0.152562 0.045408 -0.724221
v 0.277023 -0.226603 -0.547892
v 0.251651 -0.186394 -0.583371
v 0.232213 -0.240637 -0.559909
v 0.206783 -0.206774 -0.594601
v 0.401308 -0.167553 -0.494360
v 0.375457 -0.108701 -0.534970
v 0.438920 -0.143262 -0.472719
v 0.413884 -0.082698 -0.514911
v 0.350630 -0.218147 -0.499726
v 0.263720 -0.248372 -0.528751
v 0.335552 -0.243481 -0.477114
v 0.430783 -0.179022 -0.460724
v 0.378299 -0.226997 -0.461962
v 0.300316 -0.114067 -0.580194
v 0.212439 -0.165676 -0.602318
v 0.262626 -0.088831 -0.605852
v 0.381867 -0.061622 -0.546739
v 0.306308 -0.063352 -0.594430
v -0.276994 -0.226629 -0.547879
v -0.251992 -0.187083 -0.583508
v -0.232177 -0.240669 -0.559975
v -0.206835 -0.207042 -0.594787
v -0.401431 -0.167647 -0.494402
v -0.375359 -0.109239 -0.534762
v -0.438982 -0.143277 -0.472761
v -0.413927 -0.082519 -0.514548
v -0.350629 -0.218126 -0.499782
v -0.263624 -0.248425 -0.528744
v -0.335393 -0.243607 -0.476920
v -0.430845 -0.178913 -0.460808
v -0.378290 -0.227070 -0.461982
v -0.300157 -0.114560 -0.580287
v -0.212565 -0.164677 -0.602744
v -0.262445 -0.088203 -0.605872
v -0.381362 -0.061476 -0.546936
v -0.306296 -0.063272 -0.594242
v 0.303438 0.307836 -0.630301
v 0.294340 0.234900 -0.705223
v 0.265039 0.344297 -0.659914
v 0.257083 0.271026 -0.742256
v 0.415061 0.195160 -0.533214
v 0.402989 0.129198 -0.590500
v 0.451790 0.159434 -0.501182
v 0.439340 0.096683 -0.555474
v 0.363387 0.285890 -0.548236
v 0.290300 0.364314 -0.610145
v 0.348536 0.341604 -0.528937
v 0.439164 0.207611 -0.486447
v 0.383525 0.299367 -0.497413
v 0.339199 0.144905 -0.673007
v 0.271576 0.216064 -0.767152
v 0.302142 0.123633 -0.705809
v 0.406058 0.081127 -0.589426
v 0.332864 0.091891 -0.656371
v -0.303215 0.307729 -0.630616
v -0.294213 0.234723 -0.705619
v -0.264865 0.344144 -0.659642
v -0.257126 0.271273 -0.742824
v -0.415942 0.195064 -0.533605
v -0.403083 0.129272 -0.590533
v -0.451969 0.159419 -0.501327
v -0.439426 0.096567 -0.555536
v -0.363672 0.285937 -0.548287
v -0.290156 0.364471 -0.610151
v -0.348427 0.341713 -0.529328
v -0.439675 0.207286 -0.486788
v -0.383912 0.299404 -0.497900
v -0.339019 0.145044 -0.672773
v -0.271426 0.215812 -0.767277
v -0.302054 0.123355 -0.705603
v -0.406461 0.081033 -0.589503
v -0.333691 0.091660 -0.657264
v 0.672704 0.032509 -0.063597
v 0.667749 -0.033708 -0.064043
v 0.658711 0.031680 -0.118351
v 0.653962 -0.033018 -0.118546
v 0.680071 0.033693 0.091088
v 0.677884 -0.033570 0.090524
v 0.675473 0.033198 0.141820
v 0.673558 -0.032703 0.141034
v 0.673595 0.067418 0.014722
v 0.656853 0.064927 -0.090377
v 0.655854 0.101590 -0.010482
v 0.665858 0.067416 0.116050
v 0.654334 0.102369 0.040221
v 0.668594 -0.068844 0.014027
v 0.648534 -0.066948 -0.091232
v 0.650541 -0.103552 -0.011506
v 0.662651 -0.067638 0.114786
v 0.650984 -0.103803 0.039152
v -0.672755 0.032557 -0.063518
v -0.667335 -0.033765 -0.064171
v -0.658771 0.031744 -0.118242
v -0.653578 -0.033078 -0.118644
v -0.680112 0.033717 0.091076
v -0.677868 -0.033578 0.090502
v -0.675531 0.033213 0.141815
v -0.673558 -0.032712 0.141022
v -0.673605 0.067377 0.014770
v -0.656901 0.064976 -0.090408
v -0.655835 0.101591 -0.010495
v -0.665902 0.067418 0.116071
v -0.654327 0.102364 0.040233
v -0.668657 -0.068925 0.014028
v -0.648889 -0.067024 -0.091283
v -0.650739 -0.103681 -0.011459
v -0.662619 -0.067605 0.114802
v -0.651013 -0.103808 0.039187
v -0.173511 0.453275 0.036647
v -0.200020 0.430041 0.078499
v -0.167449 0.510242 -0.135975
v -0.196104 0.522943 -0.181058
v -0.154813 0.439798 0.076753
v -0.147926 0.538304 -0.188705
v -0.341459 0.363854 0.152060
v -0.382342 0.351365 0.143206
v -0.369930 0.342570 0.189718
v -0.338711 0.478696 -0.220617
v -0.369218 0.439533 -0.191674
v -0.362144 0.469107 -0.250817
v -0.456898 0.345380 -0.024531
v -0.460131 0.337336 0.023514
v -0.489740 0.318800 0.006037
v 0.173487 0.453017 0.036639
v 0.200296 0.430102 0.078464
v 0.167956 0.510520 -0.136208
v 0.196287 0.523626 -0.180778
v 0.154754 0.439772 0.076707
v 0.148088 0.538416 -0.188592
v 0.341847 0.363916 0.152088
v 0.382340 0.351509 0.143284
v 0.370041 0.342701 0.189732
v 0.338737 0.478915 -0.220327
v 0.369197 0.439603 -0.191503
v 0.362397 0.469541 -0.250867
v 0.456850 0.345696 -0.024391
v 0.460132 0.337534 0.023536
v 0.489687 0.318825 0.006011
v -0.187781 -0.581642 0.084058
v -0.212621 -0.563233 0.143061
v -0.232632 -0.785431 -0.081959
v -0.274950 -0.787224 -0.153260
v -0.160981 -0.572175 0.149227
v -0.192226 -0.799633 -0.150113
v -0.368465 -0.502205 0.214064
v -0.398335 -0.469255 0.190644
v -0.387051 -0.476090 0.247775
v -0.366352 -0.520323 -0.177764
v -0.381391 -0.461633 -0.148625
v -0.368345 -0.453767 -0.196775
v -0.449381 -0.381921 -0.003350
v -0.453872 -0.386459 0.044263
v -0.477813 -0.346727 0.020883
v 0.187632 -0.581526 0.084305
v 0.212876 -0.563281 0.143142
v 0.230872 -0.785825 -0.082351
v 0.274134 -0.787658 -0.153275
v 0.161059 -0.572112 0.149473
v 0.189599 -0.799486 -0.149825
v 0.368693 -0.502059 0.214290
v 0.398469 -0.469301 0.190638
v 0.387274 -0.475993 0.247888
v 0.366244 -0.520601 -0.177813
v 0.381282 -0.461605 -0.148410
v 0.368271 -0.453559 -0.196626
v 0.449209 -0.382220 -0.003579
v 0.453833 -0.386413 0.044230
v 0.477519 -0.346919 0.020080
v -0.034950 -0.633556 0.624577
v 0.034696 -0.633357 0.624133
v -0.232854 -0.567804 0.697576
v -0.236075 -0.481710 0.689517
v 0.000451 -0.630770 0.571718
v -0.286991 -0.527875 0.673320
v 0.233175 -0.568908 0.698051
v 0.236532 -0.482339 0.689986
v 0.287134 -0.528324 0.673189
v 0.096823 -0.233641 0.737192
v 0.144842 -0.266227 0.721600
v -0.097097 -0.233912 0.737675
v -0.144827 -0.266349 0.722247
v 0.146062 -0.203760 0.724269
v -0.146266 -0.203801 0.724614
v -0.024340 0.315443 0.445878
v 0.024260 0.315422 0.445509
v -0.165621 0.285664 0.526885
v -0.181175 0.275009 0.554495
v 0.000062 0.329807 0.399032
v -0.213293 0.281233 0.519755
v 0.165600 0.285692 0.526876
v 0.181190 0.275060 0.554468
v 0.213311 0.281229 0.519721
v 0.085475 0.194693 0.635925
v 0.126884 0.215497 0.625992
v -0.085513 0.194310 0.635967
v -0.126748 0.215328 0.625982
v 0.130528 0.171679 0.631754
v -0.130743 0.172334 0.631844
v -0.022837 -0.377704 -0.423901
v 0.022748 -0.377305 -0.423744
v -0.152451 -0.299025 -0.500535
v -0.171164 -0.271375 -0.540935
v -0.000049 -0.417111 -0.387511
v -0.197693 -0.288945 -0.496469
v 0.152531 -0.298622 -0.500762
v 0.171184 -0.271537 -0.540718
v 0.197789 -0.288299 -0.496801
v 0.085191 -0.202885 -0.630383
v 0.124173 -0.217173 -0.620046
v -0.085276 -0.202662 -0.630316
v -0.124168 -0.217004 -0.620018
v 0.128298 -0.172172 -0.626431
v -0.128569 -0.172263 -0.626581
v -0.034338 0.634697 -0.609410
v 0.034553 0.634711 -0.609385
v -0.205297 0.500109 -0.651059
v -0.215530 0.438710 -0.667499
v 0.000081 0.676521 -0.572287
v -0.240658 0.461617 -0.619804
v 0.205264 0.499852 -0.650995
v 0.215506 0.438610 -0.667507
v 0.240653 0.461568 -0.619868
v 0.114942 0.246864 -0.807828
v 0.164827 0.275016 -0.787072
v -0.114856 0.247006 -0.807492
v -0.164561 0.274850 -0.786645
v 0.174576 0.219270 -0.814106
v -0.174712 0.219509 -0.814163
v 0.533967 0.142296 -0.382883
v 0.510986 0.135998 -0.427550
v 0.609701 0.091377 -0.226733
v 0.629574 0.061071 -0.200405
v 0.500660 0.178186 -0.410852
v 0.622408 0.094645 -0.172201
v 0.520788 -0.137868 -0.371188
v 0.498018 -0.128342 -0.411982
v 0.603007 -0.093626 -0.225504
v 0.622112 -0.063177 -0.199404
v 0.490056 -0.163857 -0.396503
v 0.615707 -0.096750 -0.172130
v 0.459680 -0.015870 -0.504245
v 0.467252 0.026072 -0.514096
v 0.429028 0.007174 -0.538393
v 0.534820 0.144254 0.370858
v 0.511213 0.133266 0.410875
v 0.626813 0.095993 0.236161
v 0.653654 0.063721 0.214477
v 0.502564 0.173274 0.394919
v 0.640160 0.099392 0.189275
v 0.531875 -0.149851 0.368457
v 0.508913 -0.139777 0.410349
v 0.626393 -0.095728 0.233457
v 0.652255 -0.062664 0.212429
v 0.494784 -0.186579 0.394274
v 0.638412 -0.099344 0.186701
v 0.479600 -0.014450 0.509979
v 0.478791 0.025952 0.509029
v 0.442543 0.005490 0.536050
v -0.533955 0.142383 -0.382907
v -0.510872 0.135993 -0.427362
v -0.609683 0.091374 -0.226731
v -0.629580 0.061112 -0.200447
v -0.500569 0.177880 -0.410888
v -0.622357 0.094638 -0.172189
v -0.520771 -0.137848 -0.371276
v -0.498184 -0.128417 -0.412051
v -0.603467 -0.093768 -0.225792
v -0.622134 -0.063174 -0.199488
v -0.490222 -0.163702 -0.396570
v -0.615553 -0.096793 -0.171977
v -0.459554 -0.015839 -0.504267
v -0.467431 0.025975 -0.514264
v -0.428640 0.007143 -0.538110
v -0.535011 0.144492 0.371112
v -0.511342 0.133279 0.411199
v -0.626784 0.096001 0.236178
v -0.653733 0.063683 0.214507
v -0.502428 0.173310 0.395008
v -0.640088 0.099351 0.189246
v -0.531847 -0.150013 0.368585
v -0.508807 -0.139773 0.410305
v -0.626366 -0.095740 0.233506
v -0.652271 -0.062686 0.212405
v -0.494529 -0.186258 0.394119
v -0.638413 -0.099301 0.186700
v -0.479571 -0.014601 0.509945
v -0.478700 0.025903 0.508939
v -0.442538 0.005343 0.536073
v -0.022738 0.416774 0.159293
v 0.022558 0.416979 0.158947
v 0.000125 0.397431 0.207108
v -0.024296 0.627965 -0.301632
v 0.024574 0.627979 -0.301551
v -0.000219 0.664905 -0.353521
v -0.387929 0.288657 0.363894
v -0.364084 0.281432 0.411890
v -0.406243 0.271627 0.395583
v -0.363372 0.425810 -0.405053
v -0.353976 0.416103 -0.459458
v -0.377988 0.363002 -0.424249
v -0.595094 0.206750 0.016596
v -0.614975 0.171694 -0.009312
v -0.615865 0.172491 0.040933
v 0.387976 0.288617 0.363896
v 0.364098 0.281446 0.411900
v 0.406247 0.271652 0.395595
v 0.363842 0.425783 -0.405268
v 0.354479 0.416214 -0.459548
v 0.378374 0.363431 -0.424577
v 0.595084 0.206755 0.016610
v 0.614947 0.171721 -0.009316
v 0.615810 0.172474 0.040966
v -0.022280 -0.602734 0.293782
v 0.022483 -0.602803 0.293795
v 0.000214 -0.618383 0.355372
v -0.031628 -0.588624 -0.207155
v 0.030675 -0.588458 -0.207110
v -0.000082 -0.568967 -0.248764
v -0.389765 -0.419205 0.410809
v -0.372673 -0.421762 0.465601
v -0.401270 -0.370275 0.427094
v -0.354754 -0.309197 -0.341070
v -0.334616 -0.292462 -0.389513
v -0.377587 -0.271356 -0.378155
v -0.592890 -0.205818 0.017211
v -0.614766 -0.171631 -0.009625
v -0.614590 -0.173332 0.040284
v 0.389842 -0.419369 0.410702
v 0.372490 -0.421506 0.465632
v 0.401502 -0.370138 0.426910
v 0.354944 -0.309463 -0.340869
v 0.334606 -0.292857 -0.389254
v 0.377540 -0.271656 -0.377924
v 0.592889 -0.205743 0.017248
v 0.614830 -0.171643 -0.009549
v 0.614551 -0.173336 0.040324
v 0.230939 -0.029665 0.649686
v 0.230869 0.024913 0.640486
v 0.274065 -0.001021 0.625452
v -0.230908 -0.029870 0.649571
v -0.230903 0.025234 0.640742
v -0.273951 -0.000980 0.625515
v 0.232117 -0.008526 -0.655766
v 0.243518 0.043822 -0.688547
v 0.278621 0.016067 -0.648982
v -0.232549 -0.008789 -0.655702
v -0.243714 0.043735 -0.688374
v -0.279016 0.016138 -0.648726
f 1 647 644
f 1 644 643
f 1 643 645
f 1 645 646
f 1 646 647
f 2 649 652
f 6 672 670
f 12 702 699
f 11 696 695
f 8 679 681
f 4 662 659
f 4 659 658
f 4 658 660
f 4 660 661
f 4 661 662
f 5 666 665
f 3 654 657
f 7 673 677
f 9 685 686
f 10 692 688
f 12 701 698
f 6 669 668
f 2 650 648
f 8 682 678
f 11 697 693
f 6 671 669
f 12 700 701
f 11 694 697
f 8 680 682
f 2 651 650
f 10 690 689
f 5 663 664
f 3 655 653
f 7 676 674
f 9 687 684
f 10 691 690
f 5 667 663
f 3 656 655
f 7 675 676
f 9 683 687
f 6 668 672
f 2 648 649
f 8 678 679
f 11 693 696
f 12 698 702
f 10 688 691
f 5 665 667
f 3 657 656
f 7 677 675
f 9 686 683
f 5 664 666
f 3 653 654
f 7 674 673
f 9 684 685
f 10 689 692
f 6 670 671
f 12 699 700
f 11 695 694
f 8 681 680
f 2 652 651
f 35 837 838
f 18 735 736
f 19 742 741
f 40 868 867
f 42 880 879
f 34 832 831
f 33 827 828
f 25 778 780
f 36 844 846
f 20 749 747
f 32 819 820
f 23 765 767
f 24 773 771
f 37 850 849
f 41 876 875
f 34 833 834
f 33 826 825
f 25 779 777
f 36 845 843
f 20 748 750
f 17 729 727
f 14 711 709
f 13 706 703
f 15 718 715
f 16 724 721
f 18 737 733
f 35 839 835
f 42 882 878
f 40 870 866
f 19 744 740
f 30 807 805
f 27 789 787
f 22 762 758
f 28 797 793
f 29 802 799
f 32 821 817
f 23 766 763
f 24 774 770
f 37 852 848
f 41 874 872
f 35 838 836
f 18 736 734
f 19 741 739
f 40 867 865
f 42 879 877
f 34 831 829
f 33 828 824
f 25 780 776
f 36 846 842
f 20 747 745
f 32 820 818
f 23 767 764
f 24 771 769
f 37 849 847
f 41 875 871
f 34 834 830
f 33 825 823
f 25 777 775
f 36 843 841
f 20 750 746
f 14 714 710
f 13 707 704
f 15 719 716
f 16 725 722
f 17 732 728
f 21 755 752
f 31 814 811
f 26 784 781
f 38 857 853
f 39 862 860
f 27 792 788
f 22 759 757
f 28 796 794
f 29 803 800
f 30 810 806
f 31 815 812
f 26 785 782
f 38 856 854
f 39 863 859
f 21 754 751
f 14 712 714
f 13 705 707
f 15 717 719
f 16 723 725
f 17 730 732
f 21 753 755
f 31 816 814
f 26 786 784
f 38 858 857
f 39 861 862
f 27 791 792
f 22 761 759
f 28 795 796
f 29 801 803
f 30 808 810
f 31 813 815
f 26 783 785
f 38 855 856
f 39 864 863
f 21 756 754
f 14 709 712
f 13 703 705
f 15 715 717
f 16 721 723
f 17 727 730
f 21 751 753
f 31 812 816
f 26 782 786
f 38 854 858
f 39 859 861
f 27 787 791
f 22 758 761
f 28 793 795
f 29 799 801
f 30 805 808
f 31 811 813
f 26 781 783
f 38 853 855
f 39 860 864
f 21 752 756
f 17 728 731
f 14 710 713
f 13 704 708
f 15 716 720
f 16 722 726
f 18 734 738
f 35 836 840
f 42 877 881
f 40 865 869
f 19 739 743
f 30 806 809
f 27 788 790
f 22 757 760
f 28 794 798
f 29 800 804
f 32 818 822
f 23 764 768
f 24 769 772
f 37 847 851
f 41 871 873
f 35 835 837
f 18 733 735
f 19 740 742
f 40 866 868
f 42 878 880
f 34 830 832
f 33 823 827
f 25 775 778
f 36 841 844
f 20 746 749
f 32 817 819
f 23 763 765
f 24 770 773
f 37 848 850
f 41 872 876
f 34 829 833
f 33 824 826
f 25 776 779
f 36 842 845
f 20 745 748
f 17 731 729
f 14 713 711
f 13 708 706
f 15 720 718
f 16 726 724
f 18 738 737
f 35 840 839
f 42 881 882
f 40 869 870
f 19 743 744
f 30 809 807
f 27 790 789
f 22 760 762
f 28 798 797
f 29 804 802
f 32 822 821
f 23 768 766
f 24 772 774
f 37 851 852
f 41 873 874
f 107 1269 1270
f 103 1245 1246
f 104 1252 1251
f 110 1288 1287
f 113 1306 1305
f 118 1336 1335
f 154 1551 1552
f 141 1473 1474
f 162 1599 1600
f 121 1354 1353
f 142 1479 1480
f 129 1401 1402
f 130 1408 1407
f 144 1492 1491
f 146 1504 1503
f 151 1533 1534
f 131 1414 1413
f 136 1444 1443
f 161 1594 1593
f 126 1383 1384
f 116 1323 1324
f 108 1275 1276
f 106 1263 1264
f 112 1299 1300
f 115 1317 1318
f 119 1341 1342
f 156 1564 1563
f 139 1462 1461
f 160 1588 1587
f 120 1347 1348
f 149 1521 1522
f 132 1420 1419
f 128 1395 1396
f 145 1497 1498
f 148 1515 1516
f 155 1557 1558
f 133 1425 1426
f 134 1431 1432
f 157 1570 1569
f 124 1372 1371
f 109 1282 1281
f 105 1258 1257
f 111 1294 1293
f 114 1312 1311
f 117 1330 1329
f 125 1378 1377
f 152 1540 1539
f 137 1449 1450
f 158 1575 1576
f 123 1365 1366
f 143 1486 1485
f 127 1390 1389
f 135 1437 1438
f 147 1510 1509
f 150 1528 1527
f 153 1546 1545
f 140 1468 1467
f 138 1455 1456
f 159 1581 1582
f 122 1359 1360
f 107 1272 1271
f 103 1248 1247
f 104 1253 1254
f 110 1289 1290
f 113 1307 1308
f 118 1337 1338
f 154 1554 1553
f 141 1476 1475
f 162 1602 1601
f 121 1355 1356
f 142 1482 1481
f 129 1404 1403
f 130 1409 1410
f 144 1493 1494
f 146 1505 1506
f 151 1536 1535
f 131 1415 1416
f 136 1445 1446
f 161 1595 1596
f 126 1386 1385
f 47 909 907
f 44 891 889
f 43 886 883
f 45 898 895
f 46 904 901
f 49 922 919
f 72 1060 1057
f 102 1240 1237
f 96 1204 1201
f 79 1102 1099
f 62 999 997
f 59 981 979
f 58 976 973
f 60 988 985
f 61 994 991
f 66 1024 1021
f 54 952 949
f 73 1066 1063
f 85 1138 1135
f 92 1179 1177
f 101 1233 1231
f 69 1041 1039
f 50 927 925
f 82 1119 1117
f 97 1209 1207
f 71 1053 1051
f 100 1228 1225
f 94 1192 1189
f 80 1108 1105
f 51 933 931
f 90 1167 1165
f 63 1005 1003
f 55 957 955
f 76 1083 1081
f 87 1150 1147
f 91 1174 1171
f 67 1029 1027
f 56 963 961
f 75 1077 1075
f 83 1126 1123
f 68 1036 1033
f 48 915 913
f 78 1095 1093
f 93 1185 1183
f 98 1216 1213
f 88 1155 1153
f 65 1018 1015
f 57 970 967
f 77 1090 1087
f 86 1143 1141
f 64 1012 1009
f 53 945 943
f 74 1071 1069
f 84 1131 1129
f 89 1162 1159
f 70 1047 1045
f 99 1221 1219
f 95 1197 1195
f 81 1114 1111
f 52 940 937
f 109 1284 1280
f 105 1260 1256
f 111 1296 1292
f 114 1314 1310
f 117 1332 1328
f 125 1380 1376
f 152 1542 1538
f 137 1451 1447
f 158 1577 1573
f 123 1367 1363
f 143 1488 1484
f 127 1392 1388
f 135 1439 1435
f 147 1512 1508
f 150 1530 1526
f 153 1548 1544
f 140 1470 1466
f 138 1457 1453
f 159 1583 1579
f 122 1361 1357
f 107 1270 1268
f 103 1246 1244
f 104 1251 1249
f 110 1287 1285
f 113 1305 1303
f 118 1335 1333
f 154 1552 1550
f 141 1474 1472
f 162 1600 1598
f 121 1353 1351
f 142 1480 1478
f 129 1402 1400
f 130 1407 1405
f 144 1491 1489
f 146 1503 1501
f 151 1534 1532
f 131 1413 1411
f 136 1443 1441
f 161 1593 1591
f 126 1384 1382
f 116 1324 1322
f 108 1276 1274
f 106 1264 1262
f 112 1300 1298
f 115 1318 1316
f 119 1342 1340
f 156 1563 1561
f 139 1461 1459
f 160 1587 1585
f 120 1348 1346
f 149 1522 1520
f 132 1419 1417
f 128 1396 1394
f 145 1498 1496
f 148 1516 1514
f 155 1558 1556
f 133 1426 1424
f 134 1432 1430
f 157 1569 1567
f 124 1371 1369
f 109 1281 1279
f 105 1257 1255
f 111 1293 1291
f 114 1311 1309
f 117 1329 1327
f 125 1377 1375
f 152 1539 1537
f 137 1450 1448
f 158 1576 1574
f 123 1366 1364
f 143 1485 1483
f 127 1389 1387
f 135 1438 1436
f 147 1509 1507
f 150 1527 1525
f 153 1545 1543
f 140 1467 1465
f 138 1456 1454
f 159 1582 1580
f 122 1360 1358
f 107 1271 1267
f 103 1247 1243
f 104 1254 1250
f 110 1290 1286
f 113 1308 1304
f 118 1338 1334
f 154 1553 1549
f 141 1475 1471
f 162 1601 1597
f 121 1356 1352
f 142 1481 1477
f 129 1403 1399
f 130 1410 1406
f 144 1494 1490
f 146 1506 1502
f 151 1535 1531
f 131 1416 1412
f 136 1446 1442
f 161 1596 1592
f 126 1385 1381
f 44 894 890
f 43 887 884
f 45 899 896
f 46 905 902
f 47 912 908
f 52 941 938
f 70 1050 1046
f 99 1224 1220
f 95 1200 1196
f 81 1115 1112
f 59 984 980
f 58 977 974
f 60 989 986
f 61 995 992
f 62 1002 998
f 65 1019 1016
f 57 971 968
f 77 1091 1088
f 86 1146 1142
f 88 1158 1154
f 98 1217 1214
f 68 1037 1034
f 48 918 914
f 78 1098 1094
f 93 1188 1184
f 69 1044 1040
f 101 1236 1232
f 97 1212 1208
f 82 1122 1118
f 50 930 926
f 89 1163 1160
f 64 1013 1010
f 53 948 944
f 74 1074 1070
f 84 1134 1130
f 90 1170 1166
f 63 1008 1004
f 55 960 956
f 76 1086 1082
f 87 1151 1148
f 72 1061 1058
f 49 923 920
f 79 1103 1100
f 96 1205 1202
f 102 1241 1238
f 91 1175 1172
f 67 1032 1028
f 56 966 962
f 75 1080 1076
f 83 1127 1124
f 66 1025 1022
f 54 953 950
f 73 1067 1064
f 85 1139 1136
f 92 1182 1178
f 71 1056 1052
f 100 1229 1226
f 94 1193 1190
f 80 1109 1106
f 51 936 932
f 116 1325 1321
f 108 1277 1273
f 106 1265 1261
f 112 1301 1297
f 115 1319 1315
f 119 1343 1339
f 156 1566 1562
f 139 1464 1460
f 160 1590 1586
f 120 1349 1345
f 149 1523 1519
f 132 1422 1418
f 128 1397 1393
f 145 1499 1495
f 148 1517 1513
f 155 1559 1555
f 133 1427 1423
f 134 1433 1429
f 157 1572 1568
f 124 1374 1370
f 44 892 894
f 43 885 887
f 45 897 899
f 46 903 905
f 47 910 912
f 52 939 941
f 70 1048 1050
f 99 1222 1224
f 95 1198 1200
f 81 1113 1115
f 59 982 984
f 58 975 977
f 60 987 989
f 61 993 995
f 62 1000 1002
f 65 1017 1019
f 57 969 971
f 77 1089 1091
f 86 1144 1146
f 88 1156 1158
f 98 1215 1217
f 68 1035 1037
f 48 916 918
f 78 1096 1098
f 93 1186 1188
f 69 1042 1044
f 101 1234 1236
f 97 1210 1212
f 82 1120 1122
f 50 928 930
f 89 1161 1163
f 64 1011 1013
f 53 946 948
f 74 1072 1074
f 84 1132 1134
f 90 1168 1170
f 63 1006 1008
f 55 958 960
f 76 1084 1086
f 87 1149 1151
f 72 1059 1061
f 49 921 923
f 79 1101 1103
f 96 1203 1205
f 102 1239 1241
f 91 1173 1175
f 67 1030 1032
f 56 964 966
f 75 1078 1080
f 83 1125 1127
f 66 1023 1025
f 54 951 953
f 73 1065 1067
f 85 1137 1139
f 92 1180 1182
f 71 1054 1056
f 100 1227 1229
f 94 1191 1193
f 80 1107 1109
f 51 934 936
f 116 1326 1325
f 108 1278 1277
f 106 1266 1265
f 112 1302 1301
f 115 1320 1319
f 119 1344 1343
f 156 1565 1566
f 139 1463 1464
f 160 1589 1590
f 120 1350 1349
f 149 1524 1523
f 132 1421 1422
f 128 1398 1397
f 145 1500 1499
f 148 1518 1517
f 155 1560 1559
f 133 1428 1427
f 134 1434 1433
f 157 1571 1572
f 124 1373 1374
f 44 889 892
f 43 883 885
f 45 895 897
f 46 901 903
f 47 907 910
f 52 937 939
f 70 1045 1048
f 99 1219 1222
f 95 1195 1198
f 81 1111 1113
f 59 979 982
f 58 973 975
f 60 985 987
f 61 991 993
f 62 997 1000
f 65 1015 1017
f 57 967 969
f 77 1087 1089
f 86 1141 1144
f 88 1153 1156
f 98 1213 1215
f 68 1033 1035
f 48 913 916
f 78 1093 1096
f 93 1183 1186
f 69 1039 1042
f 101 1231 1234
f 97 1207 1210
f 82 1117 1120
f 50 925 928
f 89 1159 1161
f 64 1009 1011
f 53 943 946
f 74 1069 1072
f 84 1129 1132
f 90 1165 1168
f 63 1003 1006
f 55 955 958
f 76 1081 1084
f 87 1147 1149
f 72 1057 1059
f 49 919 921
f 79 1099 1101
f 96 1201 1203
f 102 1237 1239
f 91 1171 1173
f 67 1027 1030
f 56 961 964
f 75 1075 1078
f 83 1123 1125
f 66 1021 1023
f 54 949 951
f 73 1063 1065
f 85 1135 1137
f 92 1177 1180
f 71 1051 1054
f 100 1225 1227
f 94 1189 1191
f 80 1105 1107
f 51 931 934
f 116 1322 1326
f 108 1274 1278
f 106 1262 1266
f 112 1298 1302
f 115 1316 1320
f 119 1340 1344
f 156 1561 1565
f 139 1459 1463
f 160 1585 1589
f 120 1346 1350
f 149 1520 1524
f 132 1417 1421
f 128 1394 1398
f 145 1496 1500
f 148 1514 1518
f 155 1556 1560
f 133 1424 1428
f 134 1430 1434
f 157 1567 1571
f 124 1369 1373
f 47 908 911
f 44 890 893
f 43 884 888
f 45 896 900
f 46 902 906
f 49 920 924
f 72 1058 1062
f 102 1238 1242
f 96 1202 1206
f 79 1100 1104
f 62 998 1001
f 59 980 983
f 58 974 978
f 60 986 990
f 61 992 996
f 66 1022 1026
f 54 950 954
f 73 1064 1068
f 85 1136 1140
f 92 1178 1181
f 101 1232 1235
f 69 1040 1043
f 50 926 929
f 82 1118 1121
f 97 1208 1211
f 71 1052 1055
f 100 1226 1230
f 94 1190 1194
f 80 1106 1110
f 51 932 935
f 90 1166 1169
f 63 1004 1007
f 55 956 959
f 76 1082 1085
f 87 1148 1152
f 91 1172 1176
f 67 1028 1031
f 56 962 965
f 75 1076 1079
f 83 1124 1128
f 68 1034 1038
f 48 914 917
f 78 1094 1097
f 93 1184 1187
f 98 1214 1218
f 88 1154 1157
f 65 1016 1020
f 57 968 972
f 77 1088 1092
f 86 1142 1145
f 64 1010 1014
f 53 944 947
f 74 1070 1073
f 84 1130 1133
f 89 1160 1164
f 70 1046 1049
f 99 1220 1223
f 95 1196 1199
f 81 1112 1116
f 52 938 942
f 109 1279 1283
f 105 1255 1259
f 111 1291 1295
f 114 1309 1313
f 117 1327 1331
f 125 1375 1379
f 152 1537 1541
f 137 1448 1452
f 158 1574 1578
f 123 1364 1368
f 143 1483 1487
f 127 1387 1391
f 135 1436 1440
f 147 1507 1511
f 150 1525 1529
f 153 1543 1547
f 140 1465 1469
f 138 1454 1458
f 159 1580 1584
f 122 1358 1362
f 107 1267 1269
f 103 1243 1245
f 104 1250 1252
f 110 1286 1288
f 113 1304 1306
f 118 1334 1336
f 154 1549 1551
f 141 1471 1473
f 162 1597 1599
f 121 1352 1354
f 142 1477 1479
f 129 1399 1401
f 130 1406 1408
f 144 1490 1492
f 146 1502 1504
f 151 1531 1533
f 131 1412 1414
f 136 1442 1444
f 161 1592 1594
f 126 1381 1383
f 116 1321 1323
f 108 1273 1275
f 106 1261 1263
f 112 1297 1299
f 115 1315 1317
f 119 1339 1341
f 156 1562 1564
f 139 1460 1462
f 160 1586 1588
f 120 1345 1347
f 149 1519 1521
f 132 1418 1420
f 128 1393 1395
f 145 1495 1497
f 148 1513 1515
f 155 1555 1557
f 133 1423 1425
f 134 1429 1431
f 157 1568 1570
f 124 1370 1372
f 109 1280 1282
f 105 1256 1258
f 111 1292 1294
f 114 1310 1312
f 117 1328 1330
f 125 1376 1378
f 152 1538 1540
f 137 1447 1449
f 158 1573 1575
f 123 1363 1365
f 143 1484 1486
f 127 1388 1390
f 135 1435 1437
f 147 1508 1510
f 150 1526 1528
f 153 1544 1546
f 140 1466 1468
f 138 1453 1455
f 159 1579 1581
f 122 1357 1359
f 107 1268 1272
f 103 1244 1248
f 104 1249 1253
f 110 1285 1289
f 113 1303 1307
f 118 1333 1337
f 154 1550 1554
f 141 1472 1476
f 162 1598 1602
f 121 1351 1355
f 142 1478 1482
f 129 1400 1404
f 130 1405 1409
f 144 1489 1493
f 146 1501 1505
f 151 1532 1536
f 131 1411 1415
f 136 1441 1445
f 161 1591 1595
f 126 1382 1386
f 47 911 909
f 44 893 891
f 43 888 886
f 45 900 898
f 46 906 904
f 49 924 922
f 72 1062 1060
f 102 1242 1240
f 96 1206 1204
f 79 1104 1102
f 62 1001 999
f 59 983 981
f 58 978 976
f 60 990 988
f 61 996 994
f 66 1026 1024
f 54 954 952
f 73 1068 1066
f 85 1140 1138
f 92 1181 1179
f 101 1235 1233
f 69 1043 1041
f 50 929 927
f 82 1121 1119
f 97 1211 1209
f 71 1055 1053
f 100 1230 1228
f 94 1194 1192
f 80 1110 1108
f 51 935 933
f 90 1169 1167
f 63 1007 1005
f 55 959 957
f 76 1085 1083
f 87 1152 1150
f 91 1176 1174
f 67 1031 1029
f 56 965 963
f 75 1079 1077
f 83 1128 1126
f 68 1038 1036
f 48 917 915
f 78 1097 1095
f 93 1187 1185
f 98 1218 1216
f 88 1157 1155
f 65 1020 1018
f 57 972 970
f 77 1092 1090
f 86 1145 1143
f 64 1014 1012
f 53 947 945
f 74 1073 1071
f 84 1133 1131
f 89 1164 1162
f 70 1049 1047
f 99 1223 1221
f 95 1199 1197
f 81 1116 1114
f 52 942 940
f 109 1283 1284
f 105 1259 1260
f 111 1295 1296
f 114 1313 1314
f 117 1331 1332
f 125 1379 1380
f 152 1541 1542
f 137 1452 1451
f 158 1578 1577
f 123 1368 1367
f 143 1487 1488
f 127 1391 1392
f 135 1440 1439
f 147 1511 1512
f 150 1529 1530
f 153 1547 1548
f 140 1469 1470
f 138 1458 1457
f 159 1584 1583
f 122 1362 1361
f 407 1609 1616
f 403 1605 1608
f 404 1611 1606
f 410 1614 1612
f 413 1617 1615
f 422 1631 1624
f 486 1688 1692
f 573 1775 1782
f 561 1763 1765
f 512 1719 1714
f 452 1654 1661
f 448 1650 1653
f 449 1656 1651
f 455 1659 1657
f 458 1662 1660
f 470 1672 1675
f 437 1646 1639
f 494 1706 1696
f 531 1735 1733
f 539 1741 1751
f 568 1770 1779
f 478 1680 1683
f 419 1621 1626
f 509 1711 1721
f 554 1756 1766
f 482 1684 1689
f 576 1780 1778
f 558 1767 1760
f 516 1722 1718
f 425 1627 1629
f 542 1744 1747
f 463 1668 1665
f 434 1636 1641
f 497 1699 1704
f 528 1730 1737
f 546 1748 1750
f 464 1666 1676
f 440 1642 1644
f 500 1705 1702
f 524 1736 1726
f 479 1691 1681
f 418 1623 1620
f 508 1713 1710
f 553 1764 1755
f 569 1781 1771
f 538 1749 1740
f 471 1677 1673
f 443 1645 1647
f 501 1703 1707
f 523 1725 1734
f 467 1674 1669
f 433 1638 1635
f 493 1695 1698
f 527 1732 1729
f 543 1752 1745
f 485 1690 1687
f 572 1777 1774
f 557 1759 1762
f 515 1717 1720
f 428 1630 1632
f 591 2191 2189
f 587 1885 1883
f 588 1901 1903
f 594 2279 2281
f 597 2315 2317
f 600 2171 2173
f 634 2160 2158
f 619 2016 2012
f 639 2214 2210
f 602 1919 1924
f 624 2137 2135
f 608 1978 1973
f 610 1991 1996
f 627 2225 2227
f 630 2302 2304
f 635 2178 2176
f 615 2153 2155
f 617 2009 2014
f 637 2207 2212
f 604 1926 1922
f 416 1857 1864
f 408 1803 1810
f 406 1786 1795
f 412 1822 1831
f 415 1840 1849
f 424 1876 1887
f 492 2182 2193
f 582 2312 2321
f 565 2276 2285
f 514 1898 1907
f 461 2091 2098
f 453 2037 2044
f 451 1952 1961
f 457 2056 2067
f 460 2074 2083
f 475 2128 2139
f 439 1966 1975
f 496 1988 1997
f 533 2222 2231
f 551 2293 2298
f 579 2185 2190
f 483 1879 1884
f 426 1893 1900
f 521 2271 2278
f 566 2307 2314
f 489 2163 2170
f 578 2150 2159
f 560 2006 2015
f 518 2204 2213
f 429 1911 1918
f 547 2131 2136
f 465 1969 1977
f 441 1983 1990
f 504 2217 2224
f 537 2290 2301
f 550 2168 2177
f 476 2145 2152
f 444 2001 2008
f 502 2199 2206
f 526 1916 1925
f 481 1808 1817
f 420 1789 1797
f 510 1825 1833
f 555 1843 1851
f 571 1862 1871
f 540 1933 1941
f 473 2110 2119
f 447 2020 2029
f 507 2236 2247
f 534 2257 2262
f 469 2042 2051
f 435 1947 1954
f 498 2059 2064
f 529 2077 2085
f 545 2096 2105
f 487 2113 2121
f 574 2023 2031
f 562 2239 2244
f 520 2254 2265
f 432 1930 1939
f 589 1818 1814
f 583 1798 1793
f 586 1834 1829
f 593 1852 1847
f 596 1872 1868
f 599 1942 1937
f 633 2120 2124
f 620 2030 2034
f 640 2248 2250
f 603 2263 2261
f 622 2052 2050
f 607 1955 1960
f 612 2065 2063
f 626 2086 2081
f 629 2106 2102
f 631 2122 2117
f 614 2032 2027
f 618 2245 2243
f 641 2266 2268
f 605 1940 1944
f 409 1813 1804
f 405 1792 1785
f 411 1828 1821
f 414 1846 1839
f 417 1867 1858
f 431 1936 1929
f 488 2123 2114
f 575 2033 2024
f 563 2249 2240
f 519 2260 2253
f 454 2049 2038
f 450 1959 1951
f 456 2062 2055
f 459 2080 2073
f 462 2101 2092
f 472 2116 2109
f 446 2026 2019
f 506 2242 2235
f 535 2267 2258
f 541 1943 1934
f 570 1869 1861
f 480 1815 1807
f 421 1799 1790
f 511 1835 1826
f 556 1853 1844
f 484 1889 1880
f 580 2195 2186
f 567 2319 2308
f 522 2283 2272
f 427 1905 1894
f 544 2103 2095
f 468 2046 2041
f 436 1957 1948
f 499 2069 2060
f 530 2087 2078
f 548 2141 2132
f 466 1979 1970
f 442 1993 1984
f 505 2229 2218
f 536 2296 2289
f 491 2188 2181
f 423 1882 1875
f 513 1902 1897
f 564 2280 2275
f 581 2316 2311
f 549 2172 2167
f 477 2157 2146
f 445 2011 2002
f 503 2209 2200
f 525 1923 1915
f 474 2134 2127
f 438 1972 1965
f 495 1995 1987
f 532 2226 2221
f 552 2303 2294
f 490 2175 2164
f 577 2154 2149
f 559 2013 2005
f 517 2211 2203
f 430 1921 1912
f 590 1865 1870
f 584 1811 1816
f 585 1796 1800
f 592 1832 1836
f 595 1850 1854
f 598 1888 1890
f 636 2194 2196
f 621 2322 2320
f 642 2286 2284
f 601 1908 1906
f 623 2099 2104
f 611 2045 2047
f 609 1962 1958
f 625 2068 2070
f 628 2084 2088
f 632 2140 2142
f 613 1976 1980
f 616 1998 1994
f 638 2232 2230
f 606 2299 2297
f 407 2330 2329
f 403 2324 2323
f 404 2325 2326
f 410 2332 2333
f 413 2335 2336
f 422 2344 2345
f 486 2410 2409
f 573 2497 2496
f 561 2486 2485
f 512 2434 2435
f 452 2375 2374
f 448 2369 2368
f 449 2370 2371
f 455 2377 2378
f 458 2380 2381
f 470 2393 2392
f 437 2359 2360
f 494 2415 2416
f 531 2455 2456
f 539 2461 2460
f 568 2489 2488
f 478 2399 2398
f 419 2341 2340
f 509 2431 2430
f 554 2476 2475
f 482 2405 2404
f 576 2500 2501
f 558 2481 2482
f 516 2439 2440
f 425 2348 2347
f 542 2465 2464
f 463 2383 2384
f 434 2356 2355
f 497 2420 2419
f 528 2452 2451
f 546 2471 2470
f 464 2386 2385
f 440 2363 2362
f 500 2422 2423
f 524 2445 2446
f 479 2400 2401
f 418 2338 2339
f 508 2428 2429
f 553 2473 2474
f 569 2490 2491
f 538 2458 2459
f 471 2394 2395
f 443 2366 2365
f 501 2425 2424
f 523 2444 2443
f 467 2389 2390
f 433 2353 2354
f 493 2414 2413
f 527 2449 2450
f 543 2466 2467
f 485 2407 2408
f 572 2494 2495
f 557 2480 2479
f 515 2438 2437
f 428 2351 2350
f 591 2510 2511
f 587 2504 2505
f 588 2508 2507
f 594 2514 2513
f 597 2517 2516
f 600 2520 2519
f 634 2554 2556
f 619 2539 2540
f 639 2560 2561
f 602 2523 2521
f 624 2543 2544
f 608 2527 2529
f 610 2532 2530
f 627 2547 2546
f 630 2550 2549
f 635 2552 2553
f 615 2535 2534
f 617 2538 2536
f 637 2558 2557
f 604 2524 2525
f 167 1607 647
f 164 1603 644
f 163 1604 643
f 165 1610 645
f 166 1613 646
f 169 1622 649
f 192 1686 672
f 222 1773 702
f 216 1761 696
f 199 1712 679
f 182 1652 662
f 179 1648 659
f 178 1649 658
f 180 1655 660
f 181 1658 661
f 186 1670 666
f 174 1637 654
f 193 1694 673
f 205 1731 685
f 212 1739 692
f 221 1768 701
f 189 1678 669
f 170 1619 650
f 202 1709 682
f 217 1754 697
f 191 1682 671
f 220 1776 700
f 214 1758 694
f 200 1716 680
f 171 1625 651
f 210 1742 690
f 183 1663 663
f 175 1634 655
f 196 1697 676
f 207 1728 687
f 211 1746 691
f 187 1664 667
f 176 1640 656
f 195 1700 675
f 203 1724 683
f 188 1679 668
f 168 1618 648
f 198 1708 678
f 213 1753 693
f 218 1769 698
f 208 1738 688
f 185 1671 665
f 177 1643 657
f 197 1701 677
f 206 1723 686
f 184 1667 664
f 173 1633 653
f 194 1693 674
f 204 1727 684
f 209 1743 689
f 190 1685 670
f 219 1772 699
f 215 1757 695
f 201 1715 681
f 172 1628 652
f 357 2187 837
f 255 1881 735
f 262 1899 742
f 388 2277 868
f 400 2313 880
f 352 2169 832
f 347 2156 827
f 298 2010 778
f 364 2208 844
f 269 1917 749
f 339 2133 819
f 285 1971 765
f 293 1989 773
f 370 2223 850
f 396 2300 876
f 353 2174 833
f 346 2151 826
f 299 2007 779
f 365 2205 845
f 268 1920 748
f 249 1855 729
f 231 1801 711
f 226 1784 706
f 238 1820 718
f 244 1838 724
f 257 1874 737
f 359 2180 839
f 402 2310 882
f 390 2274 870
f 264 1896 744
f 327 2089 807
f 309 2035 789
f 282 1950 762
f 317 2054 797
f 322 2072 802
f 341 2126 821
f 286 1964 766
f 294 1986 774
f 372 2220 852
f 394 2291 874
f 358 2183 838
f 256 1877 736
f 261 1891 741
f 387 2269 867
f 399 2305 879
f 351 2161 831
f 348 2148 828
f 300 2004 780
f 366 2202 846
f 267 1909 747
f 340 2129 820
f 287 1967 767
f 291 1981 771
f 369 2215 849
f 395 2288 875
f 354 2166 834
f 345 2143 825
f 297 1999 777
f 363 2197 843
f 270 1914 750
f 234 1806 714
f 227 1787 707
f 239 1823 719
f 245 1841 725
f 252 1860 732
f 275 1931 755
f 334 2108 814
f 304 2018 784
f 377 2234 857
f 382 2255 862
f 312 2040 792
f 279 1945 759
f 316 2057 796
f 323 2075 803
f 330 2094 810
f 335 2111 815
f 305 2021 785
f 376 2237 856
f 383 2252 863
f 274 1928 754
f 232 1812 712
f 225 1791 705
f 237 1827 717
f 243 1845 723
f 250 1866 730
f 273 1935 753
f 336 2118 816
f 306 2028 786
f 378 2246 858
f 381 2259 861
f 311 2048 791
f 281 1953 761
f 315 2061 795
f 321 2079 801
f 328 2100 808
f 333 2115 813
f 303 2025 783
f 375 2241 855
f 384 2264 864
f 276 1938 756
f 229 1802 709
f 223 1783 703
f 235 1819 715
f 241 1837 721
f 247 1856 727
f 271 1927 751
f 332 2112 812
f 302 2022 782
f 374 2238 854
f 379 2251 859
f 307 2036 787
f 278 1949 758
f 313 2053 793
f 319 2071 799
f 325 2090 805
f 331 2107 811
f 301 2017 781
f 373 2233 853
f 380 2256 860
f 272 1932 752
f 248 1859 728
f 230 1805 710
f 224 1788 704
f 236 1824 716
f 242 1842 722
f 254 1878 734
f 356 2184 836
f 397 2306 877
f 385 2270 865
f 259 1892 739
f 326 2093 806
f 308 2039 788
f 277 1946 757
f 314 2058 794
f 320 2076 800
f 338 2130 818
f 284 1968 764
f 289 1982 769
f 367 2216 847
f 391 2287 871
f 355 2179 835
f 253 1873 733
f 260 1895 740
f 386 2273 866
f 398 2309 878
f 350 2165 830
f 343 2144 823
f 295 2000 775
f 361 2198 841
f 266 1913 746
f 337 2125 817
f 283 1963 763
f 290 1985 770
f 368 2219 848
f 392 2292 872
f 349 2162 829
f 344 2147 824
f 296 2003 776
f 362 2201 842
f 265 1910 745
f 251 1863 731
f 233 1809 713
f 228 1794 708
f 240 1830 720
f 246 1848 726
f 258 1886 738
f 360 2192 840
f 401 2318 881
f 389 2282 869
f 263 1904 743
f 329 2097 809
f 310 2043 790
f 280 1956 760
f 318 2066 798
f 324 2082 804
f 342 2138 822
f 288 1974 768
f 292 1992 772
f 371 2228 851
f 393 2295 873
f 409 2331 1269
f 405 2327 1245
f 411 2328 1252
f 414 2334 1288
f 417 2337 1306
f 431 2346 1336
f 488 2412 1551
f 575 2499 1473
f 563 2487 1599
f 519 2436 1354
f 454 2376 1479
f 450 2372 1401
f 456 2373 1408
f 459 2379 1492
f 462 2382 1504
f 472 2396 1533
f 446 2361 1414
f 506 2418 1444
f 535 2457 1594
f 541 2463 1383
f 570 2492 1323
f 480 2402 1275
f 421 2343 1263
f 511 2433 1299
f 556 2478 1317
f 484 2406 1341
f 580 2502 1564
f 567 2484 1462
f 522 2442 1588
f 427 2349 1347
f 544 2468 1521
f 468 2387 1420
f 436 2358 1395
f 499 2421 1497
f 530 2454 1515
f 548 2472 1557
f 466 2388 1425
f 442 2364 1431
f 505 2426 1570
f 536 2448 1372
f 491 2403 1282
f 423 2342 1258
f 513 2432 1294
f 564 2477 1312
f 581 2493 1330
f 549 2462 1378
f 477 2397 1540
f 445 2367 1449
f 503 2427 1575
f 525 2447 1365
f 474 2391 1486
f 438 2357 1390
f 495 2417 1437
f 532 2453 1510
f 552 2469 1528
f 490 2411 1546
f 577 2498 1468
f 559 2483 1455
f 517 2441 1581
f 430 2352 1359
f 590 2509 1272
f 584 2503 1248
f 585 2506 1253
f 592 2512 1289
f 595 2515 1307
f 598 2518 1337
f 636 2555 1554
f 621 2541 1476
f 642 2562 1602
f 601 2522 1355
f 623 2542 1482
f 611 2528 1404
f 609 2531 1409
f 625 2545 1493
f 628 2548 1505
f 632 2551 1536
f 613 2533 1415
f 616 2537 1445
f 638 2559 1595
f 606 2526 1386
f 407 1616 909
f 403 1608 891
f 404 1606 886
f 410 1612 898
f 413 1615 904
f 422 1624 922
f 486 1692 1060
f 573 1782 1240
f 561 1765 1204
f 512 1714 1102
f 452 1661 999
f 448 1653 981
f 449 1651 976
f 455 1657 988
f 458 1660 994
f 470 1675 1024
f 437 1639 952
f 494 1696 1066
f 531 1733 1138
f 539 1751 1179
f 568 1779 1233
f 478 1683 1041
f 419 1626 927
f 509 1721 1119
f 554 1766 1209
f 482 1689 1053
f 576 1778 1228
f 558 1760 1192
f 516 1718 1108
f 425 1629 933
f 542 1747 1167
f 463 1665 1005
f 434 1641 957
f 497 1704 1083
f 528 1737 1150
f 546 1750 1174
f 464 1676 1029
f 440 1644 963
f 500 1702 1077
f 524 1726 1126
f 479 1681 1036
f 418 1620 915
f 508 1710 1095
f 553 1755 1185
f 569 1771 1216
f 538 1740 1155
f 471 1673 1018
f 443 1647 970
f 501 1707 1090
f 523 1734 1143
f 467 1669 1012
f 433 1635 945
f 493 1698 1071
f 527 1729 1131
f 543 1745 1162
f 485 1687 1047
f 572 1774 1221
f 557 1762 1197
f 515 1720 1114
f 428 1632 940
f 591 2189 1284
f 587 1883 1260
f 588 1903 1296
f 594 2281 1314
f 597 2317 1332
f 600 2173 1380
f 634 2158 1542
f 619 2012 1451
f 639 2210 1577
f 602 1924 1367
f 624 2135 1488
f 608 1973 1392
f 610 1996 1439
f 627 2227 1512
f 630 2304 1530
f 635 2176 1548
f 615 2155 1470
f 617 2014 1457
f 637 2212 1583
f 604 1922 1361
f 416 1864 1270
f 408 1810 1246
f 406 1795 1251
f 412 1831 1287
f 415 1849 1305
f 424 1887 1335
f 492 2193 1552
f 582 2321 1474
f 565 2285 1600
f 514 1907 1353
f 461 2098 1480
f 453 2044 1402
f 451 1961 1407
f 457 2067 1491
f 460 2083 1503
f 475 2139 1534
f 439 1975 1413
f 496 1997 1443
f 533 2231 1593
f 551 2298 1384
f 579 2190 1324
f 483 1884 1276
f 426 1900 1264
f 521 2278 1300
f 566 2314 1318
f 489 2170 1342
f 578 2159 1563
f 560 2015 1461
f 518 2213 1587
f 429 1918 1348
f 547 2136 1522
f 465 1977 1419
f 441 1990 1396
f 504 2224 1498
f 537 2301 1516
f 550 2177 1558
f 476 2152 1426
f 444 2008 1432
f 502 2206 1569
f 526 1925 1371
f 481 1817 1281
f 420 1797 1257
f 510 1833 1293
f 555 1851 1311
f 571 1871 1329
f 540 1941 1377
f 473 2119 1539
f 447 2029 1450
f 507 2247 1576
f 534 2262 1366
f 469 2051 1485
f 435 1954 1389
f 498 2064 1438
f 529 2085 1509
f 545 2105 1527
f 487 2121 1545
f 574 2031 1467
f 562 2244 1456
f 520 2265 1582
f 432 1939 1360
f 589 1814 1271
f 583 1793 1247
f 586 1829 1254
f 593 1847 1290
f 596 1868 1308
f 599 1937 1338
f 633 2124 1553
f 620 2034 1475
f 640 2250 1601
f 603 2261 1356
f 622 2050 1481
f 607 1960 1403
f 612 2063 1410
f 626 2081 1494
f 629 2102 1506
f 631 2117 1535
f 614 2027 1416
f 618 2243 1446
f 641 2268 1596
f 605 1944 1385
f 409 1804 894
f 405 1785 887
f 411 1821 899
f 414 1839 905
f 417 1858 912
f 431 1929 941
f 488 2114 1050
f 575 2024 1224
f 563 2240 1200
f 519 2253 1115
f 454 2038 984
f 450 1951 977
f 456 2055 989
f 459 2073 995
f 462 2092 1002
f 472 2109 1019
f 446 2019 971
f 506 2235 1091
f 535 2258 1146
f 541 1934 1158
f 570 1861 1217
f 480 1807 1037
f 421 1790 918
f 511 1826 1098
f 556 1844 1188
f 484 1880 1044
f 580 2186 1236
f 567 2308 1212
f 522 2272 1122
f 427 1894 930
f 544 2095 1163
f 468 2041 1013
f 436 1948 948
f 499 2060 1074
f 530 2078 1134
f 548 2132 1170
f 466 1970 1008
f 442 1984 960
f 505 2218 1086
f 536 2289 1151
f 491 2181 1061
f 423 1875 923
f 513 1897 1103
f 564 2275 1205
f 581 2311 1241
f 549 2167 1175
f 477 2146 1032
f 445 2002 966
f 503 2200 1080
f 525 1915 1127
f 474 2127 1025
f 438 1965 953
f 495 1987 1067
f 532 2221 1139
f 552 2294 1182
f 490 2164 1056
f 577 2149 1229
f 559 2005 1193
f 517 2203 1109
f 430 1912 936
f 590 1870 1325
f 584 1816 1277
f 585 1800 1265
f 592 1836 1301
f 595 1854 1319
f 598 1890 1343
f 636 2196 1566
f 621 2320 1464
f 642 2284 1590
f 601 1906 1349
f 623 2104 1523
f 611 2047 1422
f 609 1958 1397
f 625 2070 1499
f 628 2088 1517
f 632 2142 1559
f 613 1980 1427
f 616 1994 1433
f 638 2230 1572
f 606 2297 1374
f 407 2329 892
f 403 2323 885
f 404 2326 897
f 410 2333 903
f 413 2336 910
f 422 2345 939
f 486 2409 1048
f 573 2496 1222
f 561 2485 1198
f 512 2435 1113
f 452 2374 982
f 448 2368 975
f 449 2371 987
f 455 2378 993
f 458 2381 1000
f 470 2392 1017
f 437 2360 969
f 494 2416 1089
f 531 2456 1144
f 539 2460 1156
f 568 2488 1215
f 478 2398 1035
f 419 2340 916
f 509 2430 1096
f 554 2475 1186
f 482 2404 1042
f 576 2501 1234
f 558 2482 1210
f 516 2440 1120
f 425 2347 928
f 542 2464 1161
f 463 2384 1011
f 434 2355 946
f 497 2419 1072
f 528 2451 1132
f 546 2470 1168
f 464 2385 1006
f 440 2362 958
f 500 2423 1084
f 524 2446 1149
f 479 2401 1059
f 418 2339 921
f 508 2429 1101
f 553 2474 1203
f 569 2491 1239
f 538 2459 1173
f 471 2395 1030
f 443 2365 964
f 501 2424 1078
f 523 2443 1125
f 467 2390 1023
f 433 2354 951
f 493 2413 1065
f 527 2450 1137
f 543 2467 1180
f 485 2408 1054
f 572 2495 1227
f 557 2479 1191
f 515 2437 1107
f 428 2350 934
f 591 2511 1326
f 587 2505 1278
f 588 2507 1266
f 594 2513 1302
f 597 2516 1320
f 600 2519 1344
f 634 2556 1565
f 619 2540 1463
f 639 2561 1589
f 602 2521 1350
f 624 2544 1524
f 608 2529 1421
f 610 2530 1398
f 627 2546 1500
f 630 2549 1518
f 635 2553 1560
f 615 2534 1428
f 617 2536 1434
f 637 2557 1571
f 604 2525 1373
f 164 1609 889
f 163 1605 883
f 165 1611 895
f 166 1614 901
f 167 1617 907
f 172 1631 937
f 190 1688 1045
f 219 1775 1219
f 215 1763 1195
f 201 1719 1111
f 179 1654 979
f 178 1650 973
f 180 1656 985
f 181 1659 991
f 182 1662 997
f 185 1672 1015
f 177 1646 967
f 197 1706 1087
f 206 1735 1141
f 208 1741 1153
f 218 1770 1213
f 188 1680 1033
f 168 1621 913
f 198 1711 1093
f 213 1756 1183
f 189 1684 1039
f 221 1780 1231
f 217 1767 1207
f 202 1722 1117
f 170 1627 925
f 209 1744 1159
f 184 1668 1009
f 173 1636 943
f 194 1699 1069
f 204 1730 1129
f 210 1748 1165
f 183 1666 1003
f 175 1642 955
f 196 1705 1081
f 207 1736 1147
f 192 1691 1057
f 169 1623 919
f 199 1713 1099
f 216 1764 1201
f 222 1781 1237
f 211 1749 1171
f 187 1677 1027
f 176 1645 961
f 195 1703 1075
f 203 1725 1123
f 186 1674 1021
f 174 1638 949
f 193 1695 1063
f 205 1732 1135
f 212 1752 1177
f 191 1690 1051
f 220 1777 1225
f 214 1759 1189
f 200 1717 1105
f 171 1630 931
f 358 2191 1322
f 256 1885 1274
f 261 1901 1262
f 387 2279 1298
f 399 2315 1316
f 351 2171 1340
f 348 2160 1561
f 300 2016 1459
f 366 2214 1585
f 267 1919 1346
f 340 2137 1520
f 287 1978 1417
f 291 1991 1394
f 369 2225 1496
f 395 2302 1514
f 354 2178 1556
f 345 2153 1424
f 297 2009 1430
f 363 2207 1567
f 270 1926 1369
f 247 1857 908
f 229 1803 890
f 223 1786 884
f 235 1822 896
f 241 1840 902
f 253 1876 920
f 355 2182 1058
f 398 2312 1238
f 386 2276 1202
f 260 1898 1100
f 325 2091 998
f 307 2037 980
f 278 1952 974
f 313 2056 986
f 319 2074 992
f 337 2128 1022
f 283 1966 950
f 290 1988 1064
f 368 2222 1136
f 392 2293 1178
f 356 2185 1232
f 254 1879 1040
f 259 1893 926
f 385 2271 1118
f 397 2307 1208
f 349 2163 1052
f 344 2150 1226
f 296 2006 1190
f 362 2204 1106
f 265 1911 932
f 338 2131 1166
f 284 1969 1004
f 289 1983 956
f 367 2217 1082
f 391 2290 1148
f 350 2168 1172
f 343 2145 1028
f 295 2001 962
f 361 2199 1076
f 266 1916 1124
f 230 1808 1034
f 224 1789 914
f 236 1825 1094
f 242 1843 1184
f 248 1862 1214
f 272 1933 1154
f 331 2110 1016
f 301 2020 968
f 373 2236 1088
f 380 2257 1142
f 308 2042 1010
f 277 1947 944
f 314 2059 1070
f 320 2077 1130
f 326 2096 1160
f 332 2113 1046
f 302 2023 1220
f 374 2239 1196
f 379 2254 1112
f 271 1930 938
f 234 1818 1279
f 227 1798 1255
f 239 1834 1291
f 245 1852 1309
f 252 1872 1327
f 275 1942 1375
f 334 2120 1537
f 304 2030 1448
f 377 2248 1574
f 382 2263 1364
f 312 2052 1483
f 279 1955 1387
f 316 2065 1436
f 323 2086 1507
f 330 2106 1525
f 335 2122 1543
f 305 2032 1465
f 376 2245 1454
f 383 2266 1580
f 274 1940 1358
f 232 1813 1267
f 225 1792 1243
f 237 1828 1250
f 243 1846 1286
f 250 1867 1304
f 273 1936 1334
f 336 2123 1549
f 306 2033 1471
f 378 2249 1597
f 381 2260 1352
f 311 2049 1477
f 281 1959 1399
f 315 2062 1406
f 321 2080 1490
f 328 2101 1502
f 333 2116 1531
f 303 2026 1412
f 375 2242 1442
f 384 2267 1592
f 276 1943 1381
f 251 1869 1321
f 233 1815 1273
f 228 1799 1261
f 240 1835 1297
f 246 1853 1315
f 258 1889 1339
f 360 2195 1562
f 401 2319 1460
f 389 2283 1586
f 263 1905 1345
f 329 2103 1519
f 310 2046 1418
f 280 1957 1393
f 318 2069 1495
f 324 2087 1513
f 342 2141 1555
f 288 1979 1423
f 292 1993 1429
f 371 2229 1568
f 393 2296 1370
f 357 2188 1280
f 255 1882 1256
f 262 1902 1292
f 388 2280 1310
f 400 2316 1328
f 352 2172 1376
f 347 2157 1538
f 298 2011 1447
f 364 2209 1573
f 269 1923 1363
f 339 2134 1484
f 285 1972 1388
f 293 1995 1435
f 370 2226 1508
f 396 2303 1526
f 353 2175 1544
f 346 2154 1466
f 299 2013 1453
f 365 2211 1579
f 268 1921 1357
f 249 1865 1268
f 231 1811 1244
f 226 1796 1249
f 238 1832 1285
f 244 1850 1303
f 257 1888 1333
f 359 2194 1550
f 402 2322 1472
f 390 2286 1598
f 264 1908 1351
f 327 2099 1478
f 309 2045 1400
f 282 1962 1405
f 317 2068 1489
f 322 2084 1501
f 341 2140 1532
f 286 1976 1411
f 294 1998 1441
f 372 2232 1591
f 394 2299 1382
f 416 2330 911
f 408 2324 893
f 406 2325 888
f 412 2332 900
f 415 2335 906
f 424 2344 924
f 492 2410 1062
f 582 2497 1242
f 565 2486 1206
f 514 2434 1104
f 461 2375 1001
f 453 2369 983
f 451 2370 978
f 457 2377 990
f 460 2380 996
f 475 2393 1026
f 439 2359 954
f 496 2415 1068
f 533 2455 1140
f 551 2461 1181
f 579 2489 1235
f 483 2399 1043
f 426 2341 929
f 521 2431 1121
f 566 2476 1211
f 489 2405 1055
f 578 2500 1230
f 560 2481 1194
f 518 2439 1110
f 429 2348 935
f 547 2465 1169
f 465 2383 1007
f 441 2356 959
f 504 2420 1085
f 537 2452 1152
f 550 2471 1176
f 476 2386 1031
f 444 2363 965
f 502 2422 1079
f 526 2445 1128
f 481 2400 1038
f 420 2338 917
f 510 2428 1097
f 555 2473 1187
f 571 2490 1218
f 540 2458 1157
f 473 2394 1020
f 447 2366 972
f 507 2425 1092
f 534 2444 1145
f 469 2389 1014
f 435 2353 947
f 498 2414 1073
f 529 2449 1133
f 545 2466 1164
f 487 2407 1049
f 574 2494 1223
f 562 2480 1199
f 520 2438 1116
f 432 2351 942
f 589 2510 1283
f 583 2504 1259
f 586 2508 1295
f 593 2514 1313
f 596 2517 1331
f 599 2520 1379
f 633 2554 1541
f 620 2539 1452
f 640 2560 1578
f 603 2523 1368
f 622 2543 1487
f 607 2527 1391
f 612 2532 1440
f 626 2547 1511
f 629 2550 1529
f 631 2552 1547
f 614 2535 1469
f 618 2538 1458
f 641 2558 1584
f 605 2524 1362
f 164 1607 1609
f 163 1603 1605
f 165 1604 1611
f 166 1610 1614
f 167 1613 1617
f 172 1622 1631
f 190 1686 1688
f 219 1773 1775
f 215 1761 1763
f 201 1712 1719
f 179 1652 1654
f 178 1648 1650
f 180 1649 1656
f 181 1655 1659
f 182 1658 1662
f 185 1670 1672
f 177 1637 1646
f 197 1694 1706
f 206 1731 1735
f 208 1739 1741
f 218 1768 1770
f 188 1678 1680
f 168 1619 1621
f 198 1709 1711
f 213 1754 1756
f 189 1682 1684
f 221 1776 1780
f 217 1758 1767
f 202 1716 1722
f 170 1625 1627
f 209 1742 1744
f 184 1663 1668
f 173 1634 1636
f 194 1697 1699
f 204 1728 1730
f 210 1746 1748
f 183 1664 1666
f 175 1640 1642
f 196 1700 1705
f 207 1724 1736
f 192 1679 1691
f 169 1618 1623
f 199 1708 1713
f 216 1753 1764
f 222 1769 1781
f 211 1738 1749
f 187 1671 1677
f 176 1643 1645
f 195 1701 1703
f 203 1723 1725
f 186 1667 1674
f 174 1633 1638
f 193 1693 1695
f 205 1727 1732
f 212 1743 1752
f 191 1685 1690
f 220 1772 1777
f 214 1757 1759
f 200 1715 1717
f 171 1628 1630
f 358 2187 2191
f 256 1881 1885
f 261 1899 1901
f 387 2277 2279
f 399 2313 2315
f 351 2169 2171
f 348 2156 2160
f 300 2010 2016
f 366 2208 2214
f 267 1917 1919
f 340 2133 2137
f 287 1971 1978
f 291 1989 1991
f 369 2223 2225
f 395 2300 2302
f 354 2174 2178
f 345 2151 2153
f 297 2007 2009
f 363 2205 2207
f 270 1920 1926
f 247 1855 1857
f 229 1801 1803
f 223 1784 1786
f 235 1820 1822
f 241 1838 1840
f 253 1874 1876
f 355 2180 2182
f 398 2310 2312
f 386 2274 2276
f 260 1896 1898
f 325 2089 2091
f 307 2035 2037
f 278 1950 1952
f 313 2054 2056
f 319 2072 2074
f 337 2126 2128
f 283 1964 1966
f 290 1986 1988
f 368 2220 2222
f 392 2291 2293
f 356 2183 2185
f 254 1877 1879
f 259 1891 1893
f 385 2269 2271
f 397 2305 2307
f 349 2161 2163
f 344 2148 2150
f 296 2004 2006
f 362 2202 2204
f 265 1909 1911
f 338 2129 2131
f 284 1967 1969
f 289 1981 1983
f 367 2215 2217
f 391 2288 2290
f 350 2166 2168
f 343 2143 2145
f 295 1999 2001
f 361 2197 2199
f 266 1914 1916
f 230 1806 1808
f 224 1787 1789
f 236 1823 1825
f 242 1841 1843
f 248 1860 1862
f 272 1931 1933
f 331 2108 2110
f 301 2018 2020
f 373 2234 2236
f 380 2255 2257
f 308 2040 2042
f 277 1945 1947
f 314 2057 2059
f 320 2075 2077
f 326 2094 2096
f 332 2111 2113
f 302 2021 2023
f 374 2237 2239
f 379 2252 2254
f 271 1928 1930
f 234 1812 1818
f 227 1791 1798
f 239 1827 1834
f 245 1845 1852
f 252 1866 1872
f 275 1935 1942
f 334 2118 2120
f 304 2028 2030
f 377 2246 2248
f 382 2259 2263
f 312 2048 2052
f 279 1953 1955
f 316 2061 2065
f 323 2079 2086
f 330 2100 2106
f 335 2115 2122
f 305 2025 2032
f 376 2241 2245
f 383 2264 2266
f 274 1938 1940
f 232 1802 1813
f 225 1783 1792
f 237 1819 1828
f 243 1837 1846
f 250 1856 1867
f 273 1927 1936
f 336 2112 2123
f 306 2022 2033
f 378 2238 2249
f 381 2251 2260
f 311 2036 2049
f 281 1949 1959
f 315 2053 2062
f 321 2071 2080
f 328 2090 2101
f 333 2107 2116
f 303 2017 2026
f 375 2233 2242
f 384 2256 2267
f 276 1932 1943
f 251 1859 1869
f 233 1805 1815
f 228 1788 1799
f 240 1824 1835
f 246 1842 1853
f 258 1878 1889
f 360 2184 2195
f 401 2306 2319
f 389 2270 2283
f 263 1892 1905
f 329 2093 2103
f 310 2039 2046
f 280 1946 1957
f 318 2058 2069
f 324 2076 2087
f 342 2130 2141
f 288 1968 1979
f 292 1982 1993
f 371 2216 2229
f 393 2287 2296
f 357 2179 2188
f 255 1873 1882
f 262 1895 1902
f 388 2273 2280
f 400 2309 2316
f 352 2165 2172
f 347 2144 2157
f 298 2000 2011
f 364 2198 2209
f 269 1913 1923
f 339 2125 2134
f 285 1963 1972
f 293 1985 1995
f 370 2219 2226
f 396 2292 2303
f 353 2162 2175
f 346 2147 2154
f 299 2003 2013
f 365 2201 2211
f 268 1910 1921
f 249 1863 1865
f 231 1809 1811
f 226 1794 1796
f 238 1830 1832
f 244 1848 1850
f 257 1886 1888
f 359 2192 2194
f 402 2318 2322
f 390 2282 2286
f 264 1904 1908
f 327 2097 2099
f 309 2043 2045
f 282 1956 1962
f 317 2066 2068
f 322 2082 2084
f 341 2138 2140
f 286 1974 1976
f 294 1992 1998
f 372 2228 2232
f 394 2295 2299
f 416 2331 2330
f 408 2327 2324
f 406 2328 2325
f 412 2334 2332
f 415 2337 2335
f 424 2346 2344
f 492 2412 2410
f 582 2499 2497
f 565 2487 2486
f 514 2436 2434
f 461 2376 2375
f 453 2372 2369
f 451 2373 2370
f 457 2379 2377
f 460 2382 2380
f 475 2396 2393
f 439 2361 2359
f 496 2418 2415
f 533 2457 2455
f 551 2463 2461
f 579 2492 2489
f 483 2402 2399
f 426 2343 2341
f 521 2433 2431
f 566 2478 2476
f 489 2406 2405
f 578 2502 2500
f 560 2484 2481
f 518 2442 2439
f 429 2349 2348
f 547 2468 2465
f 465 2387 2383
f 441 2358 2356
f 504 2421 2420
f 537 2454 2452
f 550 2472 2471
f 476 2388 2386
f 444 2364 2363
f 502 2426 2422
f 526 2448 2445
f 481 2403 2400
f 420 2342 2338
f 510 2432 2428
f 555 2477 2473
f 571 2493 2490
f 540 2462 2458
f 473 2397 2394
f 447 2367 2366
f 507 2427 2425
f 534 2447 2444
f 469 2391 2389
f 435 2357 2353
f 498 2417 2414
f 529 2453 2449
f 545 2469 2466
f 487 2411 2407
f 574 2498 2494
f 562 2483 2480
f 520 2441 2438
f 432 2352 2351
f 589 2509 2510
f 583 2503 2504
f 586 2506 2508
f 593 2512 2514
f 596 2515 2517
f 599 2518 2520
f 633 2555 2554
f 620 2541 2539
f 640 2562 2560
f 603 2522 2523
f 622 2542 2543
f 607 2528 2527
f 612 2531 2532
f 626 2545 2547
f 629 2548 2550
f 631 2551 2552
f 614 2533 2535
f 618 2537 2538
f 641 2559 2558
f 605 2526 2524
f 164 644 1607
f 163 643 1603
f 165 645 1604
f 166 646 1610
f 167 647 1613
f 172 652 1622
f 190 670 1686
f 219 699 1773
f 215 695 1761
f 201 681 1712
f 179 659 1652
f 178 658 1648
f 180 660 1649
f 181 661 1655
f 182 662 1658
f 185 665 1670
f 177 657 1637
f 197 677 1694
f 206 686 1731
f 208 688 1739
f 218 698 1768
f 188 668 1678
f 168 648 1619
f 198 678 1709
f 213 693 1754
f 189 669 1682
f 221 701 1776
f 217 697 1758
f 202 682 1716
f 170 650 1625
f 209 689 1742
f 184 664 1663
f 173 653 1634
f 194 674 1697
f 204 684 1728
f 210 690 1746
f 183 663 1664
f 175 655 1640
f 196 676 1700
f 207 687 1724
f 192 672 1679
f 169 649 1618
f 199 679 1708
f 216 696 1753
f 222 702 1769
f 211 691 1738
f 187 667 1671
f 176 656 1643
f 195 675 1701
f 203 683 1723
f 186 666 1667
f 174 654 1633
f 193 673 1693
f 205 685 1727
f 212 692 1743
f 191 671 1685
f 220 700 1772
f 214 694 1757
f 200 680 1715
f 171 651 1628
f 358 838 2187
f 256 736 1881
f 261 741 1899
f 387 867 2277
f 399 879 2313
f 351 831 2169
f 348 828 2156
f 300 780 2010
f 366 846 2208
f 267 747 1917
f 340 820 2133
f 287 767 1971
f 291 771 1989
f 369 849 2223
f 395 875 2300
f 354 834 2174
f 345 825 2151
f 297 777 2007
f 363 843 2205
f 270 750 1920
f 247 727 1855
f 229 709 1801
f 223 703 1784
f 235 715 1820
f 241 721 1838
f 253 733 1874
f 355 835 2180
f 398 878 2310
f 386 866 2274
f 260 740 1896
f 325 805 2089
f 307 787 2035
f 278 758 1950
f 313 793 2054
f 319 799 2072
f 337 817 2126
f 283 763 1964
f 290 770 1986
f 368 848 2220
f 392 872 2291
f 356 836 2183
f 254 734 1877
f 259 739 1891
f 385 865 2269
f 397 877 2305
f 349 829 2161
f 344 824 2148
f 296 776 2004
f 362 842 2202
f 265 745 1909
f 338 818 2129
f 284 764 1967
f 289 769 1981
f 367 847 2215
f 391 871 2288
f 350 830 2166
f 343 823 2143
f 295 775 1999
f 361 841 2197
f 266 746 1914
f 230 710 1806
f 224 704 1787
f 236 716 1823
f 242 722 1841
f 248 728 1860
f 272 752 1931
f 331 811 2108
f 301 781 2018
f 373 853 2234
f 380 860 2255
f 308 788 2040
f 277 757 1945
f 314 794 2057
f 320 800 2075
f 326 806 2094
f 332 812 2111
f 302 782 2021
f 374 854 2237
f 379 859 2252
f 271 751 1928
f 234 714 1812
f 227 707 1791
f 239 719 1827
f 245 725 1845
f 252 732 1866
f 275 755 1935
f 334 814 2118
f 304 784 2028
f 377 857 2246
f 382 862 2259
f 312 792 2048
f 279 759 1953
f 316 796 2061
f 323 803 2079
f 330 810 2100
f 335 815 2115
f 305 785 2025
f 376 856 2241
f 383 863 2264
f 274 754 1938
f 232 712 1802
f 225 705 1783
f 237 717 1819
f 243 723 1837
f 250 730 1856
f 273 753 1927
f 336 816 2112
f 306 786 2022
f 378 858 2238
f 381 861 2251
f 311 791 2036
f 281 761 1949
f 315 795 2053
f 321 801 2071
f 328 808 2090
f 333 813 2107
f 303 783 2017
f 375 855 2233
f 384 864 2256
f 276 756 1932
f 251 731 1859
f 233 713 1805
f 228 708 1788
f 240 720 1824
f 246 726 1842
f 258 738 1878
f 360 840 2184
f 401 881 2306
f 389 869 2270
f 263 743 1892
f 329 809 2093
f 310 790 2039
f 280 760 1946
f 318 798 2058
f 324 804 2076
f 342 822 2130
f 288 768 1968
f 292 772 1982
f 371 851 2216
f 393 873 2287
f 357 837 2179
f 255 735 1873
f 262 742 1895
f 388 868 2273
f 400 880 2309
f 352 832 2165
f 347 827 2144
f 298 778 2000
f 364 844 2198
f 269 749 1913
f 339 819 2125
f 285 765 1963
f 293 773 1985
f 370 850 2219
f 396 876 2292
f 353 833 2162
f 346 826 2147
f 299 779 2003
f 365 845 2201
f 268 748 1910
f 249 729 1863
f 231 711 1809
f 226 706 1794
f 238 718 1830
f 244 724 1848
f 257 737 1886
f 359 839 2192
f 402 882 2318
f 390 870 2282
f 264 744 1904
f 327 807 2097
f 309 789 2043
f 282 762 1956
f 317 797 2066
f 322 802 2082
f 341 821 2138
f 286 766 1974
f 294 774 1992
f 372 852 2228
f 394 874 2295
f 416 1270 2331
f 408 1246 2327
f 406 1251 2328
f 412 1287 2334
f 415 1305 2337
f 424 1335 2346
f 492 1552 2412
f 582 1474 2499
f 565 1600 2487
f 514 1353 2436
f 461 1480 2376
f 453 1402 2372
f 451 1407 2373
f 457 1491 2379
f 460 1503 2382
f 475 1534 2396
f 439 1413 2361
f 496 1443 2418
f 533 1593 2457
f 551 1384 2463
f 579 1324 2492
f 483 1276 2402
f 426 1264 2343
f 521 1300 2433
f 566 1318 2478
f 489 1342 2406
f 578 1563 2502
f 560 1461 2484
f 518 1587 2442
f 429 1348 2349
f 547 1522 2468
f 465 1419 2387
f 441 1396 2358
f 504 1498 2421
f 537 1516 2454
f 550 1558 2472
f 476 1426 2388
f 444 1432 2364
f 502 1569 2426
f 526 1371 2448
f 481 1281 2403
f 420 1257 2342
f 510 1293 2432
f 555 1311 2477
f 571 1329 2493
f 540 1377 2462
f 473 1539 2397
f 447 1450 2367
f 507 1576 2427
f 534 1366 2447
f 469 1485 2391
f 435 1389 2357
f 498 1438 2417
f 529 1509 2453
f 545 1527 2469
f 487 1545 2411
f 574 1467 2498
f 562 1456 2483
f 520 1582 2441
f 432 1360 2352
f 589 1271 2509
f 583 1247 2503
f 586 1254 2506
f 593 1290 2512
f 596 1308 2515
f 599 1338 2518
f 633 1553 2555
f 620 1475 2541
f 640 1601 2562
f 603 1356 2522
f 622 1481 2542
f 607 1403 2528
f 612 1410 2531
f 626 1494 2545
f 629 1506 2548
f 631 1535 2551
f 614 1416 2533
f 618 1446 2537
f 641 1596 2559
f 605 1385 2526
f 167 907 1616
f 164 889 1608
f 163 883 1606
f 165 895 1612
f 166 901 1615
f 169 919 1624
f 192 1057 1692
f 222 1237 1782
f 216 1201 1765
f 199 1099 1714
f 182 997 1661
f 179 979 1653
f 178 973 1651
f 180 985 1657
f 181 991 1660
f 186 1021 1675
f 174 949 1639
f 193 1063 1696
f 205 1135 1733
f 212 1177 1751
f 221 1231 1779
f 189 1039 1683
f 170 925 1626
f 202 1117 1721
f 217 1207 1766
f 191 1051 1689
f 220 1225 1778
f 214 1189 1760
f 200 1105 1718
f 171 931 1629
f 210 1165 1747
f 183 1003 1665
f 175 955 1641
f 196 1081 1704
f 207 1147 1737
f 211 1171 1750
f 187 1027 1676
f 176 961 1644
f 195 1075 1702
f 203 1123 1726
f 188 1033 1681
f 168 913 1620
f 198 1093 1710
f 213 1183 1755
f 218 1213 1771
f 208 1153 1740
f 185 1015 1673
f 177 967 1647
f 197 1087 1707
f 206 1141 1734
f 184 1009 1669
f 173 943 1635
f 194 1069 1698
f 204 1129 1729
f 209 1159 1745
f 190 1045 1687
f 219 1219 1774
f 215 1195 1762
f 201 1111 1720
f 172 937 1632
f 357 1280 2189
f 255 1256 1883
f 262 1292 1903
f 388 1310 2281
f 400 1328 2317
f 352 1376 2173
f 347 1538 2158
f 298 1447 2012
f 364 1573 2210
f 269 1363 1924
f 339 1484 2135
f 285 1388 1973
f 293 1435 1996
f 370 1508 2227
f 396 1526 2304
f 353 1544 2176
f 346 1466 2155
f 299 1453 2014
f 365 1579 2212
f 268 1357 1922
f 249 1268 1864
f 231 1244 1810
f 226 1249 1795
f 238 1285 1831
f 244 1303 1849
f 257 1333 1887
f 359 1550 2193
f 402 1472 2321
f 390 1598 2285
f 264 1351 1907
f 327 1478 2098
f 309 1400 2044
f 282 1405 1961
f 317 1489 2067
f 322 1501 2083
f 341 1532 2139
f 286 1411 1975
f 294 1441 1997
f 372 1591 2231
f 394 1382 2298
f 358 1322 2190
f 256 1274 1884
f 261 1262 1900
f 387 1298 2278
f 399 1316 2314
f 351 1340 2170
f 348 1561 2159
f 300 1459 2015
f 366 1585 2213
f 267 1346 1918
f 340 1520 2136
f 287 1417 1977
f 291 1394 1990
f 369 1496 2224
f 395 1514 2301
f 354 1556 2177
f 345 1424 2152
f 297 1430 2008
f 363 1567 2206
f 270 1369 1925
f 234 1279 1817
f 227 1255 1797
f 239 1291 1833
f 245 1309 1851
f 252 1327 1871
f 275 1375 1941
f 334 1537 2119
f 304 1448 2029
f 377 1574 2247
f 382 1364 2262
f 312 1483 2051
f 279 1387 1954
f 316 1436 2064
f 323 1507 2085
f 330 1525 2105
f 335 1543 2121
f 305 1465 2031
f 376 1454 2244
f 383 1580 2265
f 274 1358 1939
f 232 1267 1814
f 225 1243 1793
f 237 1250 1829
f 243 1286 1847
f 250 1304 1868
f 273 1334 1937
f 336 1549 2124
f 306 1471 2034
f 378 1597 2250
f 381 1352 2261
f 311 1477 2050
f 281 1399 1960
f 315 1406 2063
f 321 1490 2081
f 328 1502 2102
f 333 1531 2117
f 303 1412 2027
f 375 1442 2243
f 384 1592 2268
f 276 1381 1944
f 229 890 1804
f 223 884 1785
f 235 896 1821
f 241 902 1839
f 247 908 1858
f 271 938 1929
f 332 1046 2114
f 302 1220 2024
f 374 1196 2240
f 379 1112 2253
f 307 980 2038
f 278 974 1951
f 313 986 2055
f 319 992 2073
f 325 998 2092
f 331 1016 2109
f 301 968 2019
f 373 1088 2235
f 380 1142 2258
f 272 1154 1934
f 248 1214 1861
f 230 1034 1807
f 224 914 1790
f 236 1094 1826
f 242 1184 1844
f 254 1040 1880
f 356 1232 2186
f 397 1208 2308
f 385 1118 2272
f 259 926 1894
f 326 1160 2095
f 308 1010 2041
f 277 944 1948
f 314 1070 2060
f 320 1130 2078
f 338 1166 2132
f 284 1004 1970
f 289 956 1984
f 367 1082 2218
f 391 1148 2289
f 355 1058 2181
f 253 920 1875
f 260 1100 1897
f 386 1202 2275
f 398 1238 2311
f 350 1172 2167
f 343 1028 2146
f 295 962 2002
f 361 1076 2200
f 266 1124 1915
f 337 1022 2127
f 283 950 1965
f 290 1064 1987
f 368 1136 2221
f 392 1178 2294
f 349 1052 2164
f 344 1226 2149
f 296 1190 2005
f 362 1106 2203
f 265 932 1912
f 251 1321 1870
f 233 1273 1816
f 228 1261 1800
f 240 1297 1836
f 246 1315 1854
f 258 1339 1890
f 360 1562 2196
f 401 1460 2320
f 389 1586 2284
f 263 1345 1906
f 329 1519 2104
f 310 1418 2047
f 280 1393 1958
f 318 1495 2070
f 324 1513 2088
f 342 1555 2142
f 288 1423 1980
f 292 1429 1994
f 371 1568 2230
f 393 1370 2297
f 409 894 2329
f 405 887 2323
f 411 899 2326
f 414 905 2333
f 417 912 2336
f 431 941 2345
f 488 1050 2409
f 575 1224 2496
f 563 1200 2485
f 519 1115 2435
f 454 984 2374
f 450 977 2368
f 456 989 2371
f 459 995 2378
f 462 1002 2381
f 472 1019 2392
f 446 971 2360
f 506 1091 2416
f 535 1146 2456
f 541 1158 2460
f 570 1217 2488
f 480 1037 2398
f 421 918 2340
f 511 1098 2430
f 556 1188 2475
f 484 1044 2404
f 580 1236 2501
f 567 1212 2482
f 522 1122 2440
f 427 930 2347
f 544 1163 2464
f 468 1013 2384
f 436 948 2355
f 499 1074 2419
f 530 1134 2451
f 548 1170 2470
f 466 1008 2385
f 442 960 2362
f 505 1086 2423
f 536 1151 2446
f 491 1061 2401
f 423 923 2339
f 513 1103 2429
f 564 1205 2474
f 581 1241 2491
f 549 1175 2459
f 477 1032 2395
f 445 966 2365
f 503 1080 2424
f 525 1127 2443
f 474 1025 2390
f 438 953 2354
f 495 1067 2413
f 532 1139 2450
f 552 1182 2467
f 490 1056 2408
f 577 1229 2495
f 559 1193 2479
f 517 1109 2437
f 430 936 2350
f 590 1325 2511
f 584 1277 2505
f 585 1265 2507
f 592 1301 2513
f 595 1319 2516
f 598 1343 2519
f 636 1566 2556
f 621 1464 2540
f 642 1590 2561
f 601 1349 2521
f 623 1523 2544
f 611 1422 2529
f 609 1397 2530
f 625 1499 2546
f 628 1517 2549
f 632 1559 2553
f 613 1427 2534
f 616 1433 2536
f 638 1572 2557
f 606 1374 2525
f 407 892 1609
f 403 885 1605
f 404 897 1611
f 410 903 1614
f 413 910 1617
f 422 939 1631
f 486 1048 1688
f 573 1222 1775
f 561 1198 1763
f 512 1113 1719
f 452 982 1654
f 448 975 1650
f 449 987 1656
f 455 993 1659
f 458 1000 1662
f 470 1017 1672
f 437 969 1646
f 494 1089 1706
f 531 1144 1735
f 539 1156 1741
f 568 1215 1770
f 478 1035 1680
f 419 916 1621
f 509 1096 1711
f 554 1186 1756
f 482 1042 1684
f 576 1234 1780
f 558 1210 1767
f 516 1120 1722
f 425 928 1627
f 542 1161 1744
f 463 1011 1668
f 434 946 1636
f 497 1072 1699
f 528 1132 1730
f 546 1168 1748
f 464 1006 1666
f 440 958 1642
f 500 1084 1705
f 524 1149 1736
f 479 1059 1691
f 418 921 1623
f 508 1101 1713
f 553 1203 1764
f 569 1239 1781
f 538 1173 1749
f 471 1030 1677
f 443 964 1645
f 501 1078 1703
f 523 1125 1725
f 467 1023 1674
f 433 951 1638
f 493 1065 1695
f 527 1137 1732
f 543 1180 1752
f 485 1054 1690
f 572 1227 1777
f 557 1191 1759
f 515 1107 1717
f 428 934 1630
f 591 1326 2191
f 587 1278 1885
f 588 1266 1901
f 594 1302 2279
f 597 1320 2315
f 600 1344 2171
f 634 1565 2160
f 619 1463 2016
f 639 1589 2214
f 602 1350 1919
f 624 1524 2137
f 608 1421 1978
f 610 1398 1991
f 627 1500 2225
f 630 1518 2302
f 635 1560 2178
f 615 1428 2153
f 617 1434 2009
f 637 1571 2207
f 604 1373 1926
f 416 911 1857
f 408 893 1803
f 406 888 1786
f 412 900 1822
f 415 906 1840
f 424 924 1876
f 492 1062 2182
f 582 1242 2312
f 565 1206 2276
f 514 1104 1898
f 461 1001 2091
f 453 983 2037
f 451 978 1952
f 457 990 2056
f 460 996 2074
f 475 1026 2128
f 439 954 1966
f 496 1068 1988
f 533 1140 2222
f 551 1181 2293
f 579 1235 2185
f 483 1043 1879
f 426 929 1893
f 521 1121 2271
f 566 1211 2307
f 489 1055 2163
f 578 1230 2150
f 560 1194 2006
f 518 1110 2204
f 429 935 1911
f 547 1169 2131
f 465 1007 1969
f 441 959 1983
f 504 1085 2217
f 537 1152 2290
f 550 1176 2168
f 476 1031 2145
f 444 965 2001
f 502 1079 2199
f 526 1128 1916
f 481 1038 1808
f 420 917 1789
f 510 1097 1825
f 555 1187 1843
f 571 1218 1862
f 540 1157 1933
f 473 1020 2110
f 447 972 2020
f 507 1092 2236
f 534 1145 2257
f 469 1014 2042
f 435 947 1947
f 498 1073 2059
f 529 1133 2077
f 545 1164 2096
f 487 1049 2113
f 574 1223 2023
f 562 1199 2239
f 520 1116 2254
f 432 942 1930
f 589 1283 1818
f 583 1259 1798
f 586 1295 1834
f 593 1313 1852
f 596 1331 1872
f 599 1379 1942
f 633 1541 2120
f 620 1452 2030
f 640 1578 2248
f 603 1368 2263
f 622 1487 2052
f 607 1391 1955
f 612 1440 2065
f 626 1511 2086
f 629 1529 2106
f 631 1547 2122
f 614 1469 2032
f 618 1458 2245
f 641 1584 2266
f 605 1362 1940
f 409 1269 1813
f 405 1245 1792
f 411 1252 1828
f 414 1288 1846
f 417 1306 1867
f 431 1336 1936
f 488 1551 2123
f 575 1473 2033
f 563 1599 2249
f 519 1354 2260
f 454 1479 2049
f 450 1401 1959
f 456 1408 2062
f 459 1492 2080
f 462 1504 2101
f 472 1533 2116
f 446 1414 2026
f 506 1444 2242
f 535 1594 2267
f 541 1383 1943
f 570 1323 1869
f 480 1275 1815
f 421 1263 1799
f 511 1299 1835
f 556 1317 1853
f 484 1341 1889
f 580 1564 2195
f 567 1462 2319
f 522 1588 2283
f 427 1347 1905
f 544 1521 2103
f 468 1420 2046
f 436 1395 1957
f 499 1497 2069
f 530 1515 2087
f 548 1557 2141
f 466 1425 1979
f 442 1431 1993
f 505 1570 2229
f 536 1372 2296
f 491 1282 2188
f 423 1258 1882
f 513 1294 1902
f 564 1312 2280
f 581 1330 2316
f 549 1378 2172
f 477 1540 2157
f 445 1449 2011
f 503 1575 2209
f 525 1365 1923
f 474 1486 2134
f 438 1390 1972
f 495 1437 1995
f 532 1510 2226
f 552 1528 2303
f 490 1546 2175
f 577 1468 2154
f 559 1455 2013
f 517 1581 2211
f 430 1359 1921
f 590 1272 1865
f 584 1248 1811
f 585 1253 1796
f 592 1289 1832
f 595 1307 1850
f 598 1337 1888
f 636 1554 2194
f 621 1476 2322
f 642 1602 2286
f 601 1355 1908
f 623 1482 2099
f 611 1404 2045
f 609 1409 1962
f 625 1493 2068
f 628 1505 2084
f 632 1536 2140
f 613 1415 1976
f 616 1445 1998
f 638 1595 2232
f 606 1386 2299
f 407 909 2330
f 403 891 2324
f 404 886 2325
f 410 898 2332
f 413 904 2335
f 422 922 2344
f 486 1060 2410
f 573 1240 2497
f 561 1204 2486
f 512 1102 2434
f 452 999 2375
f 448 981 2369
f 449 976 2370
f 455 988 2377
f 458 994 2380
f 470 1024 2393
f 437 952 2359
f 494 1066 2415
f 531 1138 2455
f 539 1179 2461
f 568 1233 2489
f 478 1041 2399
f 419 927 2341
f 509 1119 2431
f 554 1209 2476
f 482 1053 2405
f 576 1228 2500
f 558 1192 2481
f 516 1108 2439
f 425 933 2348
f 542 1167 2465
f 463 1005 2383
f 434 957 2356
f 497 1083 2420
f 528 1150 2452
f 546 1174 2471
f 464 1029 2386
f 440 963 2363
f 500 1077 2422
f 524 1126 2445
f 479 1036 2400
f 418 915 2338
f 508 1095 2428
f 553 1185 2473
f 569 1216 2490
f 538 1155 2458
f 471 1018 2394
f 443 970 2366
f 501 1090 2425
f 523 1143 2444
f 467 1012 2389
f 433 945 2353
f 493 1071 2414
f 527 1131 2449
f 543 1162 2466
f 485 1047 2407
f 572 1221 2494
f 557 1197 2480
f 515 1114 2438
f 428 940 2351
f 591 1284 2510
f 587 1260 2504
f 588 1296 2508
f 594 1314 2514
f 597 1332 2517
f 600 1380 2520
f 634 1542 2554
f 619 1451 2539
f 639 1577 2560
f 602 1367 2523
f 624 1488 2543
f 608 1392 2527
f 610 1439 2532
f 627 1512 2547
f 630 1530 2550
f 635 1548 2552
f 615 1470 2535
f 617 1457 2538
f 637 1583 2558
f 604 1361 2524
f 167 1616 1607
f 164 1608 1603
f 163 1606 1604
f 165 1612 1610
f 166 1615 1613
f 169 1624 1622
f 192 1692 1686
f 222 1782 1773
f 216 1765 1761
f 199 1714 1712
f 182 1661 1652
f 179 1653 1648
f 178 1651 1649
f 180 1657 1655
f 181 1660 1658
f 186 1675 1670
f 174 1639 1637
f 193 1696 1694
f 205 1733 1731
f 212 1751 1739
f 221 1779 1768
f 189 1683 1678
f 170 1626 1619
f 202 1721 1709
f 217 1766 1754
f 191 1689 1682
f 220 1778 1776
f 214 1760 1758
f 200 1718 1716
f 171 1629 1625
f 210 1747 1742
f 183 1665 1663
f 175 1641 1634
f 196 1704 1697
f 207 1737 1728
f 211 1750 1746
f 187 1676 1664
f 176 1644 1640
f 195 1702 1700
f 203 1726 1724
f 188 1681 1679
f 168 1620 1618
f 198 1710 1708
f 213 1755 1753
f 218 1771 1769
f 208 1740 1738
f 185 1673 1671
f 177 1647 1643
f 197 1707 1701
f 206 1734 1723
f 184 1669 1667
f 173 1635 1633
f 194 1698 1693
f 204 1729 1727
f 209 1745 1743
f 190 1687 1685
f 219 1774 1772
f 215 1762 1757
f 201 1720 1715
f 172 1632 1628
f 357 2189 2187
f 255 1883 1881
f 262 1903 1899
f 388 2281 2277
f 400 2317 2313
f 352 2173 2169
f 347 2158 2156
f 298 2012 2010
f 364 2210 2208
f 269 1924 1917
f 339 2135 2133
f 285 1973 1971
f 293 1996 1989
f 370 2227 2223
f 396 2304 2300
f 353 2176 2174
f 346 2155 2151
f 299 2014 2007
f 365 2212 2205
f 268 1922 1920
f 249 1864 1855
f 231 1810 1801
f 226 1795 1784
f 238 1831 1820
f 244 1849 1838
f 257 1887 1874
f 359 2193 2180
f 402 2321 2310
f 390 2285 2274
f 264 1907 1896
f 327 2098 2089
f 309 2044 2035
f 282 1961 1950
f 317 2067 2054
f 322 2083 2072
f 341 2139 2126
f 286 1975 1964
f 294 1997 1986
f 372 2231 2220
f 394 2298 2291
f 358 2190 2183
f 256 1884 1877
f 261 1900 1891
f 387 2278 2269
f 399 2314 2305
f 351 2170 2161
f 348 2159 2148
f 300 2015 2004
f 366 2213 2202
f 267 1918 1909
f 340 2136 2129
f 287 1977 1967
f 291 1990 1981
f 369 2224 2215
f 395 2301 2288
f 354 2177 2166
f 345 2152 2143
f 297 2008 1999
f 363 2206 2197
f 270 1925 1914
f 234 1817 1806
f 227 1797 1787
f 239 1833 1823
f 245 1851 1841
f 252 1871 1860
f 275 1941 1931
f 334 2119 2108
f 304 2029 2018
f 377 2247 2234
f 382 2262 2255
f 312 2051 2040
f 279 1954 1945
f 316 2064 2057
f 323 2085 2075
f 330 2105 2094
f 335 2121 2111
f 305 2031 2021
f 376 2244 2237
f 383 2265 2252
f 274 1939 1928
f 232 1814 1812
f 225 1793 1791
f 237 1829 1827
f 243 1847 1845
f 250 1868 1866
f 273 1937 1935
f 336 2124 2118
f 306 2034 2028
f 378 2250 2246
f 381 2261 2259
f 311 2050 2048
f 281 1960 1953
f 315 2063 2061
f 321 2081 2079
f 328 2102 2100
f 333 2117 2115
f 303 2027 2025
f 375 2243 2241
f 384 2268 2264
f 276 1944 1938
f 229 1804 1802
f 223 1785 1783
f 235 1821 1819
f 241 1839 1837
f 247 1858 1856
f 271 1929 1927
f 332 2114 2112
f 302 2024 2022
f 374 2240 2238
f 379 2253 2251
f 307 2038 2036
f 278 1951 1949
f 313 2055 2053
f 319 2073 2071
f 325 2092 2090
f 331 2109 2107
f 301 2019 2017
f 373 2235 2233
f 380 2258 2256
f 272 1934 1932
f 248 1861 1859
f 230 1807 1805
f 224 1790 1788
f 236 1826 1824
f 242 1844 1842
f 254 1880 1878
f 356 2186 2184
f 397 2308 2306
f 385 2272 2270
f 259 1894 1892
f 326 2095 2093
f 308 2041 2039
f 277 1948 1946
f 314 2060 2058
f 320 2078 2076
f 338 2132 2130
f 284 1970 1968
f 289 1984 1982
f 367 2218 2216
f 391 2289 2287
f 355 2181 2179
f 253 1875 1873
f 260 1897 1895
f 386 2275 2273
f 398 2311 2309
f 350 2167 2165
f 343 2146 2144
f 295 2002 2000
f 361 2200 2198
f 266 1915 1913
f 337 2127 2125
f 283 1965 1963
f 290 1987 1985
f 368 2221 2219
f 392 2294 2292
f 349 2164 2162
f 344 2149 2147
f 296 2005 2003
f 362 2203 2201
f 265 1912 1910
f 251 1870 1863
f 233 1816 1809
f 228 1800 1794
f 240 1836 1830
f 246 1854 1848
f 258 1890 1886
f 360 2196 2192
f 401 2320 2318
f 389 2284 2282
f 263 1906 1904
f 329 2104 2097
f 310 2047 2043
f 280 1958 1956
f 318 2070 2066
f 324 2088 2082
f 342 2142 2138
f 288 1980 1974
f 292 1994 1992
f 371 2230 2228
f 393 2297 2295
f 409 2329 2331
f 405 2323 2327
f 411 2326 2328
f 414 2333 2334
f 417 2336 2337
f 431 2345 2346
f 488 2409 2412
f 575 2496 2499
f 563 2485 2487
f 519 2435 2436
f 454 2374 2376
f 450 2368 2372
f 456 2371 2373
f 459 2378 2379
f 462 2381 2382
f 472 2392 2396
f 446 2360 2361
f 506 2416 2418
f 535 2456 2457
f 541 2460 2463
f 570 2488 2492
f 480 2398 2402
f 421 2340 2343
f 511 2430 2433
f 556 2475 2478
f 484 2404 2406
f 580 2501 2502
f 567 2482 2484
f 522 2440 2442
f 427 2347 2349
f 544 2464 2468
f 468 2384 2387
f 436 2355 2358
f 499 2419 2421
f 530 2451 2454
f 548 2470 2472
f 466 2385 2388
f 442 2362 2364
f 505 2423 2426
f 536 2446 2448
f 491 2401 2403
f 423 2339 2342
f 513 2429 2432
f 564 2474 2477
f 581 2491 2493
f 549 2459 2462
f 477 2395 2397
f 445 2365 2367
f 503 2424 2427
f 525 2443 2447
f 474 2390 2391
f 438 2354 2357
f 495 2413 2417
f 532 2450 2453
f 552 2467 2469
f 490 2408 2411
f 577 2495 2498
f 559 2479 2483
f 517 2437 2441
f 430 2350 2352
f 590 2511 2509
f 584 2505 2503
f 585 2507 2506
f 592 2513 2512
f 595 2516 2515
f 598 2519 2518
f 636 2556 2555
f 621 2540 2541
f 642 2561 2562
f 601 2521 2522
f 623 2544 2542
f 611 2529 2528
f 609 2530 2531
f 625 2546 2545
f 628 2549 2548
f 632 2553 2551
f 613 2534 2533
f 616 2536 2537
f 638 2557 2559
f 606 2525 2526
f 1607 644 647
f 1603 643 644
f 1604 645 643
f 1610 646 645
f 1613 647 646
f 1622 652 649
f 1686 670 672
f 1773 699 702
f 1761 695 696
f 1712 681 679
f 1652 659 662
f 1648 658 659
f 1649 660 658
f 1655 661 660
f 1658 662 661
f 1670 665 666
f 1637 657 654
f 1694 677 673
f 1731 686 685
f 1739 688 692
f 1768 698 701
f 1678 668 669
f 1619 648 650
f 1709 678 682
f 1754 693 697
f 1682 669 671
f 1776 701 700
f 1758 697 694
f 1716 682 680
f 1625 650 651
f 1742 689 690
f 1663 664 663
f 1634 653 655
f 1697 674 676
f 1728 684 687
f 1746 690 691
f 1664 663 667
f 1640 655 656
f 1700 676 675
f 1724 687 683
f 1679 672 668
f 1618 649 648
f 1708 679 678
f 1753 696 693
f 1769 702 698
f 1738 691 688
f 1671 667 665
f 1643 656 657
f 1701 675 677
f 1723 683 686
f 1667 666 664
f 1633 654 653
f 1693 673 674
f 1727 685 684
f 1743 692 689
f 1685 671 670
f 1772 700 699
f 1757 694 695
f 1715 680 681
f 1628 651 652
f 2187 838 837
f 1881 736 735
f 1899 741 742
f 2277 867 868
f 2313 879 880
f 2169 831 832
f 2156 828 827
f 2010 780 778
f 2208 846 844
f 1917 747 749
f 2133 820 819
f 1971 767 765
f 1989 771 773
f 2223 849 850
f 2300 875 876
f 2174 834 833
f 2151 825 826
f 2007 777 779
f 2205 843 845
f 1920 750 748
f 1855 727 729
f 1801 709 711
f 1784 703 706
f 1820 715 718
f 1838 721 724
f 1874 733 737
f 2180 835 839
f 2310 878 882
f 2274 866 870
f 1896 740 744
f 2089 805 807
f 2035 787 789
f 1950 758 762
f 2054 793 797
f 2072 799 802
f 2126 817 821
f 1964 763 766
f 1986 770 774
f 2220 848 852
f 2291 872 874
f 2183 836 838
f 1877 734 736
f 1891 739 741
f 2269 865 867
f 2305 877 879
f 2161 829 831
f 2148 824 828
f 2004 776 780
f 2202 842 846
f 1909 745 747
f 2129 818 820
f 1967 764 767
f 1981 769 771
f 2215 847 849
f 2288 871 875
f 2166 830 834
f 2143 823 825
f 1999 775 777
f 2197 841 843
f 1914 746 750
f 1806 710 714
f 1787 704 707
f 1823 716 719
f 1841 722 725
f 1860 728 732
f 1931 752 755
f 2108 811 814
f 2018 781 784
f 2234 853 857
f 2255 860 862
f 2040 788 792
f 1945 757 759
f 2057 794 796
f 2075 800 803
f 2094 806 810
f 2111 812 815
f 2021 782 785
f 2237 854 856
f 2252 859 863
f 1928 751 754
f 1812 714 712
f 1791 707 705
f 1827 719 717
f 1845 725 723
f 1866 732 730
f 1935 755 753
f 2118 814 816
f 2028 784 786
f 2246 857 858
f 2259 862 861
f 2048 792 791
f 1953 759 761
f 2061 796 795
f 2079 803 801
f 2100 810 808
f 2115 815 813
f 2025 785 783
f 2241 856 855
f 2264 863 864
f 1938 754 756
f 1802 712 709
f 1783 705 703
f 1819 717 715
f 1837 723 721
f 1856 730 727
f 1927 753 751
f 2112 816 812
f 2022 786 782
f 2238 858 854
f 2251 861 859
f 2036 791 787
f 1949 761 758
f 2053 795 793
f 2071 801 799
f 2090 808 805
f 2107 813 811
f 2017 783 781
f 2233 855 853
f 2256 864 860
f 1932 756 752
f 1859 731 728
f 1805 713 710
f 1788 708 704
f 1824 720 716
f 1842 726 722
f 1878 738 734
f 2184 840 836
f 2306 881 877
f 2270 869 865
f 1892 743 739
f 2093 809 806
f 2039 790 788
f 1946 760 757
f 2058 798 794
f 2076 804 800
f 2130 822 818
f 1968 768 764
f 1982 772 769
f 2216 851 847
f 2287 873 871
f 2179 837 835
f 1873 735 733
f 1895 742 740
f 2273 868 866
f 2309 880 878
f 2165 832 830
f 2144 827 823
f 2000 778 775
f 2198 844 841
f 1913 749 746
f 2125 819 817
f 1963 765 763
f 1985 773 770
f 2219 850 848
f 2292 876 872
f 2162 833 829
f 2147 826 824
f 2003 779 776
f 2201 845 842
f 1910 748 745
f 1863 729 731
f 1809 711 713
f 1794 706 708
f 1830 718 720
f 1848 724 726
f 1886 737 738
f 2192 839 840
f 2318 882 881
f 2282 870 869
f 1904 744 743
f 2097 807 809
f 2043 789 790
f 1956 762 760
f 2066 797 798
f 2082 802 804
f 2138 821 822
f 1974 766 768
f 1992 774 772
f 2228 852 851
f 2295 874 873
f 2331 1270 1269
f 2327 1246 1245
f 2328 1251 1252
f 2334 1287 1288
f 2337 1305 1306
f 2346 1335 1336
f 2412 1552 1551
f 2499 1474 1473
f 2487 1600 1599
f 2436 1353 1354
f 2376 1480 1479
f 2372 1402 1401
f 2373 1407 1408
f 2379 1491 1492
f 2382 1503 1504
f 2396 1534 1533
f 2361 1413 1414
f 2418 1443 1444
f 2457 1593 1594
f 2463 1384 1383
f 2492 1324 1323
f 2402 1276 1275
f 2343 1264 1263
f 2433 1300 1299
f 2478 1318 1317
f 2406 1342 1341
f 2502 1563 1564
f 2484 1461 1462
f 2442 1587 1588
f 2349 1348 1347
f 2468 1522 1521
f 2387 1419 1420
f 2358 1396 1395
f 2421 1498 1497
f 2454 1516 1515
f 2472 1558 1557
f 2388 1426 1425
f 2364 1432 1431
f 2426 1569 1570
f 2448 1371 1372
f 2403 1281 1282
f 2342 1257 1258
f 2432 1293 1294
f 2477 1311 1312
f 2493 1329 1330
f 2462 1377 1378
f 2397 1539 1540
f 2367 1450 1449
f 2427 1576 1575
f 2447 1366 1365
f 2391 1485 1486
f 2357 1389 1390
f 2417 1438 1437
f 2453 1509 1510
f 2469 1527 1528
f 2411 1545 1546
f 2498 1467 1468
f 2483 1456 1455
f 2441 1582 1581
f 2352 1360 1359
f 2509 1271 1272
f 2503 1247 1248
f 2506 1254 1253
f 2512 1290 1289
f 2515 1308 1307
f 2518 1338 1337
f 2555 1553 1554
f 2541 1475 1476
f 2562 1601 1602
f 2522 1356 1355
f 2542 1481 1482
f 2528 1403 1404
f 2531 1410 1409
f 2545 1494 1493
f 2548 1506 1505
f 2551 1535 1536
f 2533 1416 1415
f 2537 1446 1445
f 2559 1596 1595
f 2526 1385 1386
f 1616 907 909
f 1608 889 891
f 1606 883 886
f 1612 895 898
f 1615 901 904
f 1624 919 922
f 1692 1057 1060
f 1782 1237 1240
f 1765 1201 1204
f 1714 1099 1102
f 1661 997 999
f 1653 979 981
f 1651 973 976
f 1657 985 988
f 1660 991 994
f 1675 1021 1024
f 1639 949 952
f 1696 1063 1066
f 1733 1135 1138
f 1751 1177 1179
f 1779 1231 1233
f 1683 1039 1041
f 1626 925 927
f 1721 1117 1119
f 1766 1207 1209
f 1689 1051 1053
f 1778 1225 1228
f 1760 1189 1192
f 1718 1105 1108
f 1629 931 933
f 1747 1165 1167
f 1665 1003 1005
f 1641 955 957
f 1704 1081 1083
f 1737 1147 1150
f 1750 1171 1174
f 1676 1027 1029
f 1644 961 963
f 1702 1075 1077
f 1726 1123 1126
f 1681 1033 1036
f 1620 913 915
f 1710 1093 1095
f 1755 1183 1185
f 1771 1213 1216
f 1740 1153 1155
f 1673 1015 1018
f 1647 967 970
f 1707 1087 1090
f 1734 1141 1143
f 1669 1009 1012
f 1635 943 945
f 1698 1069 1071
f 1729 1129 1131
f 1745 1159 1162
f 1687 1045 1047
f 1774 1219 1221
f 1762 1195 1197
f 1720 1111 1114
f 1632 937 940
f 2189 1280 1284
f 1883 1256 1260
f 1903 1292 1296
f 2281 1310 1314
f 2317 1328 1332
f 2173 1376 1380
f 2158 1538 1542
f 2012 1447 1451
f 2210 1573 1577
f 1924 1363 1367
f 2135 1484 1488
f 1973 1388 1392
f 1996 1435 1439
f 2227 1508 1512
f 2304 1526 1530
f 2176 1544 1548
f 2155 1466 1470
f 2014 1453 1457
f 2212 1579 1583
f 1922 1357 1361
f 1864 1268 1270
f 1810 1244 1246
f 1795 1249 1251
f 1831 1285 1287
f 1849 1303 1305
f 1887 1333 1335
f 2193 1550 1552
f 2321 1472 1474
f 2285 1598 1600
f 1907 1351 1353
f 2098 1478 1480
f 2044 1400 1402
f 1961 1405 1407
f 2067 1489 1491
f 2083 1501 1503
f 2139 1532 1534
f 1975 1411 1413
f 1997 1441 1443
f 2231 1591 1593
f 2298 1382 1384
f 2190 1322 1324
f 1884 1274 1276
f 1900 1262 1264
f 2278 1298 1300
f 2314 1316 1318
f 2170 1340 1342
f 2159 1561 1563
f 2015 1459 1461
f 2213 1585 1587
f 1918 1346 1348
f 2136 1520 1522
f 1977 1417 1419
f 1990 1394 1396
f 2224 1496 1498
f 2301 1514 1516
f 2177 1556 1558
f 2152 1424 1426
f 2008 1430 1432
f 2206 1567 1569
f 1925 1369 1371
f 1817 1279 1281
f 1797 1255 1257
f 1833 1291 1293
f 1851 1309 1311
f 1871 1327 1329
f 1941 1375 1377
f 2119 1537 1539
f 2029 1448 1450
f 2247 1574 1576
f 2262 1364 1366
f 2051 1483 1485
f 1954 1387 1389
f 2064 1436 1438
f 2085 1507 1509
f 2105 1525 1527
f 2121 1543 1545
f 2031 1465 1467
f 2244 1454 1456
f 2265 1580 1582
f 1939 1358 1360
f 1814 1267 1271
f 1793 1243 1247
f 1829 1250 1254
f 1847 1286 1290
f 1868 1304 1308
f 1937 1334 1338
f 2124 1549 1553
f 2034 1471 1475
f 2250 1597 1601
f 2261 1352 1356
f 2050 1477 1481
f 1960 1399 1403
f 2063 1406 1410
f 2081 1490 1494
f 2102 1502 1506
f 2117 1531 1535
f 2027 1412 1416
f 2243 1442 1446
f 2268 1592 1596
f 1944 1381 1385
f 1804 890 894
f 1785 884 887
f 1821 896 899
f 1839 902 905
f 1858 908 912
f 1929 938 941
f 2114 1046 1050
f 2024 1220 1224
f 2240 1196 1200
f 2253 1112 1115
f 2038 980 984
f 1951 974 977
f 2055 986 989
f 2073 992 995
f 2092 998 1002
f 2109 1016 1019
f 2019 968 971
f 2235 1088 1091
f 2258 1142 1146
f 1934 1154 1158
f 1861 1214 1217
f 1807 1034 1037
f 1790 914 918
f 1826 1094 1098
f 1844 1184 1188
f 1880 1040 1044
f 2186 1232 1236
f 2308 1208 1212
f 2272 1118 1122
f 1894 926 930
f 2095 1160 1163
f 2041 1010 1013
f 1948 944 948
f 2060 1070 1074
f 2078 1130 1134
f 2132 1166 1170
f 1970 1004 1008
f 1984 956 960
f 2218 1082 1086
f 2289 1148 1151
f 2181 1058 1061
f 1875 920 923
f 1897 1100 1103
f 2275 1202 1205
f 2311 1238 1241
f 2167 1172 1175
f 2146 1028 1032
f 2002 962 966
f 2200 1076 1080
f 1915 1124 1127
f 2127 1022 1025
f 1965 950 953
f 1987 1064 1067
f 2221 1136 1139
f 2294 1178 1182
f 2164 1052 1056
f 2149 1226 1229
f 2005 1190 1193
f 2203 1106 1109
f 1912 932 936
f 1870 1321 1325
f 1816 1273 1277
f 1800 1261 1265
f 1836 1297 1301
f 1854 1315 1319
f 1890 1339 1343
f 2196 1562 1566
f 2320 1460 1464
f 2284 1586 1590
f 1906 1345 1349
f 2104 1519 1523
f 2047 1418 1422
f 1958 1393 1397
f 2070 1495 1499
f 2088 1513 1517
f 2142 1555 1559
f 1980 1423 1427
f 1994 1429 1433
f 2230 1568 1572
f 2297 1370 1374
f 2329 894 892
f 2323 887 885
f 2326 899 897
f 2333 905 903
f 2336 912 910
f 2345 941 939
f 2409 1050 1048
f 2496 1224 1222
f 2485 1200 1198
f 2435 1115 1113
f 2374 984 982
f 2368 977 975
f 2371 989 987
f 2378 995 993
f 2381 1002 1000
f 2392 1019 1017
f 2360 971 969
f 2416 1091 1089
f 2456 1146 1144
f 2460 1158 1156
f 2488 1217 1215
f 2398 1037 1035
f 2340 918 916
f 2430 1098 1096
f 2475 1188 1186
f 2404 1044 1042
f 2501 1236 1234
f 2482 1212 1210
f 2440 1122 1120
f 2347 930 928
f 2464 1163 1161
f 2384 1013 1011
f 2355 948 946
f 2419 1074 1072
f 2451 1134 1132
f 2470 1170 1168
f 2385 1008 1006
f 2362 960 958
f 2423 1086 1084
f 2446 1151 1149
f 2401 1061 1059
f 2339 923 921
f 2429 1103 1101
f 2474 1205 1203
f 2491 1241 1239
f 2459 1175 1173
f 2395 1032 1030
f 2365 966 964
f 2424 1080 1078
f 2443 1127 1125
f 2390 1025 1023
f 2354 953 951
f 2413 1067 1065
f 2450 1139 1137
f 2467 1182 1180
f 2408 1056 1054
f 2495 1229 1227
f 2479 1193 1191
f 2437 1109 1107
f 2350 936 934
f 2511 1325 1326
f 2505 1277 1278
f 2507 1265 1266
f 2513 1301 1302
f 2516 1319 1320
f 2519 1343 1344
f 2556 1566 1565
f 2540 1464 1463
f 2561 1590 1589
f 2521 1349 1350
f 2544 1523 1524
f 2529 1422 1421
f 2530 1397 1398
f 2546 1499 1500
f 2549 1517 1518
f 2553 1559 1560
f 2534 1427 1428
f 2536 1433 1434
f 2557 1572 1571
f 2525 1374 1373
f 1609 892 889
f 1605 885 883
f 1611 897 895
f 1614 903 901
f 1617 910 907
f 1631 939 937
f 1688 1048 1045
f 1775 1222 1219
f 1763 1198 1195
f 1719 1113 1111
f 1654 982 979
f 1650 975 973
f 1656 987 985
f 1659 993 991
f 1662 1000 997
f 1672 1017 1015
f 1646 969 967
f 1706 1089 1087
f 1735 1144 1141
f 1741 1156 1153
f 1770 1215 1213
f 1680 1035 1033
f 1621 916 913
f 1711 1096 1093
f 1756 1186 1183
f 1684 1042 1039
f 1780 1234 1231
f 1767 1210 1207
f 1722 1120 1117
f 1627 928 925
f 1744 1161 1159
f 1668 1011 1009
f 1636 946 943
f 1699 1072 1069
f 1730 1132 1129
f 1748 1168 1165
f 1666 1006 1003
f 1642 958 955
f 1705 1084 1081
f 1736 1149 1147
f 1691 1059 1057
f 1623 921 919
f 1713 1101 1099
f 1764 1203 1201
f 1781 1239 1237
f 1749 1173 1171
f 1677 1030 1027
f 1645 964 961
f 1703 1078 1075
f 1725 1125 1123
f 1674 1023 1021
f 1638 951 949
f 1695 1065 1063
f 1732 1137 1135
f 1752 1180 1177
f 1690 1054 1051
f 1777 1227 1225
f 1759 1191 1189
f 1717 1107 1105
f 1630 934 931
f 2191 1326 1322
f 1885 1278 1274
f 1901 1266 1262
f 2279 1302 1298
f 2315 1320 1316
f 2171 1344 1340
f 2160 1565 1561
f 2016 1463 1459
f 2214 1589 1585
f 1919 1350 1346
f 2137 1524 1520
f 1978 1421 1417
f 1991 1398 1394
f 2225 1500 1496
f 2302 1518 1514
f 2178 1560 1556
f 2153 1428 1424
f 2009 1434 1430
f 2207 1571 1567
f 1926 1373 1369
f 1857 911 908
f 1803 893 890
f 1786 888 884
f 1822 900 896
f 1840 906 902
f 1876 924 920
f 2182 1062 1058
f 2312 1242 1238
f 2276 1206 1202
f 1898 1104 1100
f 2091 1001 998
f 2037 983 980
f 1952 978 974
f 2056 990 986
f 2074 996 992
f 2128 1026 1022
f 1966 954 950
f 1988 1068 1064
f 2222 1140 1136
f 2293 1181 1178
f 2185 1235 1232
f 1879 1043 1040
f 1893 929 926
f 2271 1121 1118
f 2307 1211 1208
f 2163 1055 1052
f 2150 1230 1226
f 2006 1194 1190
f 2204 1110 1106
f 1911 935 932
f 2131 1169 1166
f 1969 1007 1004
f 1983 959 956
f 2217 1085 1082
f 2290 1152 1148
f 2168 1176 1172
f 2145 1031 1028
f 2001 965 962
f 2199 1079 1076
f 1916 1128 1124
f 1808 1038 1034
f 1789 917 914
f 1825 1097 1094
f 1843 1187 1184
f 1862 1218 1214
f 1933 1157 1154
f 2110 1020 1016
f 2020 972 968
f 2236 1092 1088
f 2257 1145 1142
f 2042 1014 1010
f 1947 947 944
f 2059 1073 1070
f 2077 1133 1130
f 2096 1164 1160
f 2113 1049 1046
f 2023 1223 1220
f 2239 1199 1196
f 2254 1116 1112
f 1930 942 938
f 1818 1283 1279
f 1798 1259 1255
f 1834 1295 1291
f 1852 1313 1309
f 1872 1331 1327
f 1942 1379 1375
f 2120 1541 1537
f 2030 1452 1448
f 2248 1578 1574
f 2263 1368 1364
f 2052 1487 1483
f 1955 1391 1387
f 2065 1440 1436
f 2086 1511 1507
f 2106 1529 1525
f 2122 1547 1543
f 2032 1469 1465
f 2245 1458 1454
f 2266 1584 1580
f 1940 1362 1358
f 1813 1269 1267
f 1792 1245 1243
f 1828 1252 1250
f 1846 1288 1286
f 1867 1306 1304
f 1936 1336 1334
f 2123 1551 1549
f 2033 1473 1471
f 2249 1599 1597
f 2260 1354 1352
f 2049 1479 1477
f 1959 1401 1399
f 2062 1408 1406
f 2080 1492 1490
f 2101 1504 1502
f 2116 1533 1531
f 2026 1414 1412
f 2242 1444 1442
f 2267 1594 1592
f 1943 1383 1381
f 1869 1323 1321
f 1815 1275 1273
f 1799 1263 1261
f 1835 1299 1297
f 1853 1317 1315
f 1889 1341 1339
f 2195 1564 1562
f 2319 1462 1460
f 2283 1588 1586
f 1905 1347 1345
f 2103 1521 1519
f 2046 1420 1418
f 1957 1395 1393
f 2069 1497 1495
f 2087 1515 1513
f 2141 1557 1555
f 1979 1425 1423
f 1993 1431 1429
f 2229 1570 1568
f 2296 1372 1370
f 2188 1282 1280
f 1882 1258 1256
f 1902 1294 1292
f 2280 1312 1310
f 2316 1330 1328
f 2172 1378 1376
f 2157 1540 1538
f 2011 1449 1447
f 2209 1575 1573
f 1923 1365 1363
f 2134 1486 1484
f 1972 1390 1388
f 1995 1437 1435
f 2226 1510 1508
f 2303 1528 1526
f 2175 1546 1544
f 2154 1468 1466
f 2013 1455 1453
f 2211 1581 1579
f 1921 1359 1357
f 1865 1272 1268
f 1811 1248 1244
f 1796 1253 1249
f 1832 1289 1285
f 1850 1307 1303
f 1888 1337 1333
f 2194 1554 1550
f 2322 1476 1472
f 2286 1602 1598
f 1908 1355 1351
f 2099 1482 1478
f 2045 1404 1400
f 1962 1409 1405
f 2068 1493 1489
f 2084 1505 1501
f 2140 1536 1532
f 1976 1415 1411
f 1998 1445 1441
f 2232 1595 1591
f 2299 1386 1382
f 2330 909 911
f 2324 891 893
f 2325 886 888
f 2332 898 900
f 2335 904 906
f 2344 922 924
f 2410 1060 1062
f 2497 1240 1242
f 2486 1204 1206
f 2434 1102 1104
f 2375 999 1001
f 2369 981 983
f 2370 976 978
f 2377 988 990
f 2380 994 996
f 2393 1024 1026
f 2359 952 954
f 2415 1066 1068
f 2455 1138 1140
f 2461 1179 1181
f 2489 1233 1235
f 2399 1041 1043
f 2341 927 929
f 2431 1119 1121
f 2476 1209 1211
f 2405 1053 1055
f 2500 1228 1230
f 2481 1192 1194
f 2439 1108 1110
f 2348 933 935
f 2465 1167 1169
f 2383 1005 1007
f 2356 957 959
f 2420 1083 1085
f 2452 1150 1152
f 2471 1174 1176
f 2386 1029 1031
f 2363 963 965
f 2422 1077 1079
f 2445 1126 1128
f 2400 1036 1038
f 2338 915 917
f 2428 1095 1097
f 2473 1185 1187
f 2490 1216 1218
f 2458 1155 1157
f 2394 1018 1020
f 2366 970 972
f 2425 1090 1092
f 2444 1143 1145
f 2389 1012 1014
f 2353 945 947
f 2414 1071 1073
f 2449 1131 1133
f 2466 1162 1164
f 2407 1047 1049
f 2494 1221 1223
f 2480 1197 1199
f 2438 1114 1116
f 2351 940 942
f 2510 1284 1283
f 2504 1260 1259
f 2508 1296 1295
f 2514 1314 1313
f 2517 1332 1331
f 2520 1380 1379
f 2554 1542 1541
f 2539 1451 1452
f 2560 1577 1578
f 2523 1367 1368
f 2543 1488 1487
f 2527 1392 1391
f 2532 1439 1440
f 2547 1512 1511
f 2550 1530 1529
f 2552 1548 1547
f 2535 1470 1469
f 2538 1457 1458
f 2558 1583 1584
f 2524 1361 1362
f 1607 1616 1609
f 1603 1608 1605
f 1604 1606 1611
f 1610 1612 1614
f 1613 1615 1617
f 1622 1624 1631
f 1686 1692 1688
f 1773 1782 1775
f 1761 1765 1763
f 1712 1714 1719
f 1652 1661 1654
f 1648 1653 1650
f 1649 1651 1656
f 1655 1657 1659
f 1658 1660 1662
f 1670 1675 1672
f 1637 1639 1646
f 1694 1696 1706
f 1731 1733 1735
f 1739 1751 1741
f 1768 1779 1770
f 1678 1683 1680
f 1619 1626 1621
f 1709 1721 1711
f 1754 1766 1756
f 1682 1689 1684
f 1776 1778 1780
f 1758 1760 1767
f 1716 1718 1722
f 1625 1629 1627
f 1742 1747 1744
f 1663 1665 1668
f 1634 1641 1636
f 1697 1704 1699
f 1728 1737 1730
f 1746 1750 1748
f 1664 1676 1666
f 1640 1644 1642
f 1700 1702 1705
f 1724 1726 1736
f 1679 1681 1691
f 1618 1620 1623
f 1708 1710 1713
f 1753 1755 1764
f 1769 1771 1781
f 1738 1740 1749
f 1671 1673 1677
f 1643 1647 1645
f 1701 1707 1703
f 1723 1734 1725
f 1667 1669 1674
f 1633 1635 1638
f 1693 1698 1695
f 1727 1729 1732
f 1743 1745 1752
f 1685 1687 1690
f 1772 1774 1777
f 1757 1762 1759
f 1715 1720 1717
f 1628 1632 1630
f 2187 2189 2191
f 1881 1883 1885
f 1899 1903 1901
f 2277 2281 2279
f 2313 2317 2315
f 2169 2173 2171
f 2156 2158 2160
f 2010 2012 2016
f 2208 2210 2214
f 1917 1924 1919
f 2133 2135 2137
f 1971 1973 1978
f 1989 1996 1991
f 2223 2227 2225
f 2300 2304 2302
f 2174 2176 2178
f 2151 2155 2153
f 2007 2014 2009
f 2205 2212 2207
f 1920 1922 1926
f 1855 1864 1857
f 1801 1810 1803
f 1784 1795 1786
f 1820 1831 1822
f 1838 1849 1840
f 1874 1887 1876
f 2180 2193 2182
f 2310 2321 2312
f 2274 2285 2276
f 1896 1907 1898
f 2089 2098 2091
f 2035 2044 2037
f 1950 1961 1952
f 2054 2067 2056
f 2072 2083 2074
f 2126 2139 2128
f 1964 1975 1966
f 1986 1997 1988
f 2220 2231 2222
f 2291 2298 2293
f 2183 2190 2185
f 1877 1884 1879
f 1891 1900 1893
f 2269 2278 2271
f 2305 2314 2307
f 2161 2170 2163
f 2148 2159 2150
f 2004 2015 2006
f 2202 2213 2204
f 1909 1918 1911
f 2129 2136 2131
f 1967 1977 1969
f 1981 1990 1983
f 2215 2224 2217
f 2288 2301 2290
f 2166 2177 2168
f 2143 2152 2145
f 1999 2008 2001
f 2197 2206 2199
f 1914 1925 1916
f 1806 1817 1808
f 1787 1797 1789
f 1823 1833 1825
f 1841 1851 1843
f 1860 1871 1862
f 1931 1941 1933
f 2108 2119 2110
f 2018 2029 2020
f 2234 2247 2236
f 2255 2262 2257
f 2040 2051 2042
f 1945 1954 1947
f 2057 2064 2059
f 2075 2085 2077
f 2094 2105 2096
f 2111 2121 2113
f 2021 2031 2023
f 2237 2244 2239
f 2252 2265 2254
f 1928 1939 1930
f 1812 1814 1818
f 1791 1793 1798
f 1827 1829 1834
f 1845 1847 1852
f 1866 1868 1872
f 1935 1937 1942
f 2118 2124 2120
f 2028 2034 2030
f 2246 2250 2248
f 2259 2261 2263
f 2048 2050 2052
f 1953 1960 1955
f 2061 2063 2065
f 2079 2081 2086
f 2100 2102 2106
f 2115 2117 2122
f 2025 2027 2032
f 2241 2243 2245
f 2264 2268 2266
f 1938 1944 1940
f 1802 1804 1813
f 1783 1785 1792
f 1819 1821 1828
f 1837 1839 1846
f 1856 1858 1867
f 1927 1929 1936
f 2112 2114 2123
f 2022 2024 2033
f 2238 2240 2249
f 2251 2253 2260
f 2036 2038 2049
f 1949 1951 1959
f 2053 2055 2062
f 2071 2073 2080
f 2090 2092 2101
f 2107 2109 2116
f 2017 2019 2026
f 2233 2235 2242
f 2256 2258 2267
f 1932 1934 1943
f 1859 1861 1869
f 1805 1807 1815
f 1788 1790 1799
f 1824 1826 1835
f 1842 1844 1853
f 1878 1880 1889
f 2184 2186 2195
f 2306 2308 2319
f 2270 2272 2283
f 1892 1894 1905
f 2093 2095 2103
f 2039 2041 2046
f 1946 1948 1957
f 2058 2060 2069
f 2076 2078 2087
f 2130 2132 2141
f 1968 1970 1979
f 1982 1984 1993
f 2216 2218 2229
f 2287 2289 2296
f 2179 2181 2188
f 1873 1875 1882
f 1895 1897 1902
f 2273 2275 2280
f 2309 2311 2316
f 2165 2167 2172
f 2144 2146 2157
f 2000 2002 2011
f 2198 2200 2209
f 1913 1915 1923
f 2125 2127 2134
f 1963 1965 1972
f 1985 1987 1995
f 2219 2221 2226
f 2292 2294 2303
f 2162 2164 2175
f 2147 2149 2154
f 2003 2005 2013
f 2201 2203 2211
f 1910 1912 1921
f 1863 1870 1865
f 1809 1816 1811
f 1794 1800 1796
f 1830 1836 1832
f 1848 1854 1850
f 1886 1890 1888
f 2192 2196 2194
f 2318 2320 2322
f 2282 2284 2286
f 1904 1906 1908
f 2097 2104 2099
f 2043 2047 2045
f 1956 1958 1962
f 2066 2070 2068
f 2082 2088 2084
f 2138 2142 2140
f 1974 1980 1976
f 1992 1994 1998
f 2228 2230 2232
f 2295 2297 2299
f 2331 2329 2330
f 2327 2323 2324
f 2328 2326 2325
f 2334 2333 2332
f 2337 2336 2335
f 2346 2345 2344
f 2412 2409 2410
f 2499 2496 2497
f 2487 2485 2486
f 2436 2435 2434
f 2376 2374 2375
f 2372 2368 2369
f 2373 2371 2370
f 2379 2378 2377
f 2382 2381 2380
f 2396 2392 2393
f 2361 2360 2359
f 2418 2416 2415
f 2457 2456 2455
f 2463 2460 2461
f 2492 2488 2489
f 2402 2398 2399
f 2343 2340 2341
f 2433 2430 2431
f 2478 2475 2476
f 2406 2404 2405
f 2502 2501 2500
f 2484 2482 2481
f 2442 2440 2439
f 2349 2347 2348
f 2468 2464 2465
f 2387 2384 2383
f 2358 2355 2356
f 2421 2419 2420
f 2454 2451 2452
f 2472 2470 2471
f 2388 2385 2386
f 2364 2362 2363
f 2426 2423 2422
f 2448 2446 2445
f 2403 2401 2400
f 2342 2339 2338
f 2432 2429 2428
f 2477 2474 2473
f 2493 2491 2490
f 2462 2459 2458
f 2397 2395 2394
f 2367 2365 2366
f 2427 2424 2425
f 2447 2443 2444
f 2391 2390 2389
f 2357 2354 2353
f 2417 2413 2414
f 2453 2450 2449
f 2469 2467 2466
f 2411 2408 2407
f 2498 2495 2494
f 2483 2479 2480
f 2441 2437 2438
f 2352 2350 2351
f 2509 2511 2510
f 2503 2505 2504
f 2506 2507 2508
f 2512 2513 2514
f 2515 2516 2517
f 2518 2519 2520
f 2555 2556 2554
f 2541 2540 2539
f 2562 2561 2560
f 2522 2521 2523
f 2542 2544 2543
f 2528 2529 2527
f 2531 2530 2532
f 2545 2546 2547
f 2548 2549 2550
f 2551 2553 2552
f 2533 2534 2535
f 2537 2536 2538
f 2559 2557 2558
f 2526 2525 2524