v -0.428589 0.663110 0.003282
v 0.428634 0.663081 0.003266
v -0.432877 -0.670381 0.003328
v 0.432836 -0.670434 0.003359
v 0.000034 -0.468994 0.754190
v 0.000000 0.460555 0.752319
v 0.000001 -0.458332 -0.751547
v -0.000006 0.455341 -0.750513
v 0.757859 0.001322 -0.472869
v 0.771149 -0.000052 0.475486
v -0.757861 0.001325 -0.472870
v -0.771152 -0.000057 0.475487
v 0.000002 0.804734 -0.002268
v -0.254662 0.630737 0.411714
v -0.238355 0.662752 -0.437139
v -0.685485 0.417260 -0.260709
v -0.706338 0.430696 0.268922
v 0.254638 0.630716 0.411676
v 0.238423 0.662949 -0.437124
v 0.685518 0.417290 -0.260719
v 0.706317 0.430681 0.268923
v -0.000018 -0.814140 0.030943
v -0.273155 -0.716400 0.467901
v -0.249604 -0.621600 -0.408737
v -0.686382 -0.418429 -0.258874
v -0.705332 -0.431143 0.269115
v 0.273041 -0.716288 0.467815
v 0.249575 -0.621618 -0.408739
v 0.686372 -0.418427 -0.258875
v 0.705342 -0.431142 0.269120
v -0.000001 -0.002268 0.889341
v 0.446485 -0.271577 0.721847
v -0.446486 -0.271604 0.721764
v 0.446093 0.273529 0.723182
v -0.446079 0.273519 0.723167
v -0.000000 0.003143 -0.891380
v 0.444478 -0.272419 -0.719946
v -0.444478 -0.272419 -0.719944
v 0.442685 0.271306 -0.718011
v -0.442687 0.271297 -0.718007
v 0.893844 0.000524 0.001548
v -0.893848 0.000527 0.001555
v -0.206443 0.743543 0.004379
v -0.354632 0.666749 0.192616
v -0.355407 0.674609 -0.190018
v -0.573704 0.576529 -0.119557
v -0.579103 0.578038 0.127495
v 0.206450 0.743559 0.004354
v 0.354633 0.666743 0.192603
v 0.354892 0.673988 -0.189901
v 0.573694 0.576554 -0.119557
v 0.579115 0.578047 0.127505
v -0.213053 -0.756201 0.007172
v -0.360539 -0.687540 0.202851
v -0.359179 -0.685341 -0.191254
v -0.573512 -0.573635 -0.118422
v -0.582216 -0.585405 0.129966
v 0.213072 -0.756091 0.007151
v 0.360443 -0.687663 0.202724
v 0.359187 -0.685162 -0.191171
v 0.573515 -0.573661 -0.118422
v 0.582246 -0.585447 0.129979
v -0.151776 -0.678306 0.699553
v 0.151030 -0.677974 0.699106
v -0.000025 -0.255976 0.852633
v 0.209986 -0.387031 0.758766
v -0.209773 -0.387233 0.758869
v -0.127752 0.559134 0.610129
v 0.127746 0.559131 0.610121
v 0.000001 0.258620 0.854119
v 0.214349 0.385764 0.764411
v -0.214348 0.385760 0.764401
v -0.126936 -0.549206 -0.607809
v 0.126936 -0.549200 -0.607803
v 0.000002 -0.258556 -0.858151
v 0.216424 -0.388870 -0.765663
v -0.216427 -0.388872 -0.765669
v -0.127957 0.576355 -0.620431
v 0.128181 0.576437 -0.620077
v -0.000002 0.256191 -0.856291
v 0.214788 0.386323 -0.763363
v -0.214786 0.386320 -0.763378
v 0.752784 0.206577 -0.389644
v 0.753334 -0.208591 -0.389051
v 0.633989 -0.133321 -0.610509
v 0.634221 0.133002 -0.610424
v 0.843424 0.000457 -0.252276
v 0.774693 0.213753 0.393567
v 0.773338 -0.216508 0.393779
v 0.639326 -0.136630 0.616362
v 0.640421 0.134119 0.616356
v 0.863706 0.000318 0.259966
v -0.752771 0.206563 -0.389644
v -0.753333 -0.208590 -0.389051
v -0.633989 -0.133322 -0.610509
v -0.634222 0.133002 -0.610426
v -0.843372 0.000451 -0.252285
v -0.774650 0.213740 0.393550
v -0.773341 -0.216509 0.393777
v -0.639327 -0.136627 0.616361
v -0.640416 0.134117 0.616357
v -0.863704 0.000312 0.259961
v -0.108972 0.732918 0.191974
v -0.109635 0.753891 -0.206284
v 0.108973 0.732938 0.191981
v 0.109861 0.754176 -0.206459
v -0.500058 0.559271 0.369564
v 0.000002 0.659365 0.414341
v -0.376099 0.499138 0.592424
v -0.494560 0.554126 -0.368879
v -0.000109 0.698841 -0.438645
v -0.372020 0.490893 -0.588200
v -0.737223 0.438980 0.004198
v -0.588801 0.369356 -0.513950
v -0.833931 0.229461 -0.128776
v -0.599997 0.378316 0.518827
v -0.844064 0.233575 0.134654
v 0.500083 0.559309 0.369572
v 0.376107 0.499167 0.592449
v 0.494627 0.554111 -0.368884
v 0.371863 0.490791 -0.588126
v 0.737234 0.438981 0.004200
v 0.588798 0.369336 -0.513936
v 0.833928 0.229474 -0.128763
v 0.599995 0.378311 0.518824
v 0.844064 0.233572 0.134653
v -0.106696 -0.776052 0.218367
v -0.116809 -0.749919 -0.197579
v 0.107043 -0.776042 0.218595
v 0.116909 -0.749878 -0.197550
v -0.509166 -0.582606 0.383040
v 0.000165 -0.752600 0.474165
v -0.378509 -0.521130 0.605623
v -0.489098 -0.541516 -0.363761
v 0.000005 -0.659990 -0.418675
v -0.372416 -0.489877 -0.590130
v -0.737373 -0.439741 0.004379
v -0.590274 -0.371512 -0.513738
v -0.833336 -0.232002 -0.128477
v -0.599937 -0.378296 0.517133
v -0.843402 -0.235499 0.135526
v 0.509168 -0.582341 0.382892
v 0.378300 -0.521359 0.605740
v 0.489134 -0.541459 -0.363823
v 0.372408 -0.489871 -0.590132
v 0.737338 -0.439695 0.004378
v 0.590278 -0.371514 -0.513745
v 0.833337 -0.232002 -0.128477
v 0.599934 -0.378297 0.517102
v 0.843393 -0.235496 0.135527
v 0.239420 -0.137777 0.848488
v -0.239477 -0.137750 0.848486
v 0.240504 0.135240 0.849094
v -0.240501 0.135238 0.849096
v 0.461305 -0.000828 0.766333
v -0.461307 -0.000830 0.766331
v 0.241976 -0.135531 -0.849142
v -0.241977 -0.135529 -0.849145
v 0.239629 0.137878 -0.847867
v -0.239622 0.137885 -0.847869
v 0.459915 0.002222 -0.764168
v -0.459912 0.002219 -0.764169
v -0.333251 0.698465 0.004287
v -0.397318 0.669002 0.087263
v -0.397950 0.671036 -0.080433
v -0.501146 0.631984 -0.051039
v -0.499111 0.628356 0.056704
v 0.333278 0.698464 0.004295
v 0.397299 0.668986 0.087270
v 0.397891 0.671066 -0.080458
v 0.501163 0.631992 -0.051042
v 0.499107 0.628350 0.056687
v -0.338361 -0.709277 0.004113
v -0.402879 -0.681845 0.090491
v -0.399859 -0.676869 -0.081963
v -0.499898 -0.630643 -0.050891
v -0.503367 -0.637094 0.058089
v 0.338531 -0.708928 0.004067
v 0.402832 -0.681939 0.090349
v 0.399874 -0.676808 -0.081876
v 0.499891 -0.630670 -0.050885
v 0.503411 -0.637127 0.058133
v -0.061177 -0.552168 0.722524
v 0.060940 -0.552075 0.722876
v -0.000116 -0.370422 0.798179
v 0.094796 -0.435568 0.762586
v -0.094804 -0.435753 0.762809
v -0.059022 0.510575 0.693998
v 0.059015 0.510572 0.693997
v 0.000001 0.375086 0.803750
v 0.097889 0.433502 0.766807
v -0.097890 0.433499 0.766805
v -0.059178 -0.505130 -0.692615
v 0.059181 -0.505117 -0.692608
v 0.000001 -0.376202 -0.807748
v 0.096760 -0.430255 -0.762206
v -0.096761 -0.430258 -0.762205
v -0.058442 0.509248 -0.692732
v 0.058570 0.509596 -0.692948
v -0.000003 0.372092 -0.805509
v 0.096454 0.426978 -0.760713
v -0.096462 0.426995 -0.760697
v 0.762735 0.095047 -0.439783
v 0.762139 -0.094232 -0.439193
v 0.708493 -0.058655 -0.538523
v 0.709249 0.060514 -0.539203
v 0.799699 0.000852 -0.378124
v 0.779063 0.096492 0.441769
v 0.777740 -0.097688 0.441756
v 0.716690 -0.061217 0.543348
v 0.717625 0.059806 0.543684
v 0.823445 0.000312 0.382444
v -0.762752 0.095051 -0.439789
v -0.762139 -0.094236 -0.439194
v -0.708491 -0.058659 -0.538520
v -0.709250 0.060513 -0.539203
v -0.799677 0.000855 -0.378094
v -0.779065 0.096480 0.441768
v -0.777736 -0.097686 0.441753
v -0.716690 -0.061218 0.543349
v -0.717623 0.059805 0.543686
v -0.823447 0.000306 0.382439
v -0.076514 0.787565 0.000563
v 0.076542 0.787588 0.000573
v -0.038895 0.782124 0.069869
v -0.037225 0.798356 -0.073450
v 0.038890 0.782119 0.069863
v 0.037211 0.798277 -0.073398
v -0.307360 0.653515 0.302707
v -0.194129 0.598970 0.514932
v -0.182375 0.682207 0.306001
v -0.379294 0.599472 0.398680
v -0.127748 0.651487 0.414357
v -0.320210 0.572609 0.506337
v -0.301727 0.668376 -0.311909
v -0.195391 0.637066 -0.536295
v -0.181108 0.725435 -0.352910
v -0.374822 0.608746 -0.403041
v -0.160501 0.798535 -0.482568
v -0.315968 0.582171 -0.512106
v -0.636495 0.507467 -0.190590
v -0.725951 0.315221 -0.328400
v -0.595095 0.490381 -0.320295
v -0.723673 0.435256 -0.129506
v -0.642333 0.398195 -0.392049
v -0.768202 0.331730 -0.196326
v -0.650268 0.515638 0.199529
v -0.750871 0.327347 0.334969
v -0.611903 0.505058 0.325212
v -0.732807 0.439873 0.137887
v -0.658752 0.409044 0.394619
v -0.782544 0.338086 0.203786
v 0.307354 0.653503 0.302707
v 0.194137 0.598981 0.514937
v 0.182379 0.682214 0.306012
v 0.127752 0.651468 0.414355
v 0.379290 0.599470 0.398677
v 0.320217 0.572610 0.506335
v 0.301361 0.668156 -0.312263
v 0.195385 0.637032 -0.536376
v 0.180981 0.725351 -0.352848
v 0.160408 0.798578 -0.482603
v 0.374992 0.608856 -0.402907
v 0.316461 0.582731 -0.512491
v 0.636501 0.507457 -0.190609
v 0.725917 0.315200 -0.328412
v 0.595096 0.490381 -0.320301
v 0.723684 0.435253 -0.129519
v 0.642331 0.398188 -0.392063
v 0.768246 0.331768 -0.196330
v 0.650293 0.515662 0.199546
v 0.750868 0.327353 0.334967
v 0.611867 0.505037 0.325196
v 0.732810 0.439867 0.137887
v 0.658775 0.409072 0.394615
v 0.782521 0.338071 0.203783
v -0.081888 -0.796440 0.020641
v 0.081924 -0.796410 0.020608
v -0.031104 -0.814711 0.100094
v -0.046560 -0.778809 -0.065360
v 0.031048 -0.814728 0.100167
v 0.046503 -0.778868 -0.065345
v -0.313857 -0.691936 0.326576
v -0.242091 -0.775956 0.624647
v -0.188152 -0.738407 0.345620
v -0.387247 -0.639273 0.422464
v -0.146616 -0.766932 0.481294
v -0.337300 -0.642570 0.551704
v -0.306970 -0.662808 -0.301770
v -0.190964 -0.588298 -0.513376
v -0.184791 -0.692731 -0.309153
v -0.371675 -0.585389 -0.393624
v -0.125175 -0.645570 -0.414710
v -0.314794 -0.558934 -0.504083
v -0.637135 -0.505972 -0.188913
v -0.726606 -0.317342 -0.326947
v -0.595806 -0.489711 -0.318244
v -0.724223 -0.436040 -0.127882
v -0.643210 -0.399582 -0.390566
v -0.768848 -0.334075 -0.194618
v -0.650663 -0.518831 0.201237
v -0.749278 -0.328975 0.335161
v -0.613883 -0.510802 0.328746
v -0.732240 -0.440304 0.137531
v -0.657546 -0.409668 0.394861
v -0.781269 -0.339569 0.203893
v 0.313993 -0.691860 0.326703
v 0.242442 -0.776025 0.624578
v 0.188361 -0.738929 0.345149
v 0.147516 -0.766793 0.481612
v 0.387167 -0.639586 0.423132
v 0.337477 -0.642515 0.551549
v 0.306937 -0.662750 -0.301699
v 0.190961 -0.588305 -0.513374
v 0.184761 -0.692747 -0.309170
v 0.125185 -0.645595 -0.414722
v 0.371684 -0.585348 -0.393602
v 0.314805 -0.558918 -0.504103
v 0.637133 -0.505976 -0.188918
v 0.726601 -0.317338 -0.326945
v 0.595815 -0.489761 -0.318246
v 0.724221 -0.436044 -0.127880
v 0.643215 -0.399574 -0.390571
v 0.768842 -0.334070 -0.194617
v 0.650659 -0.518840 0.201257
v 0.749280 -0.328969 0.335164
v 0.613835 -0.510853 0.328697
v 0.732253 -0.440308 0.137530
v 0.657564 -0.409686 0.394853
v 0.781269 -0.339566 0.203897
v 0.000021 -0.133811 0.882866
v 0.000000 0.130527 0.883979
v 0.121149 -0.069600 0.880828
v -0.121138 -0.069608 0.880828
v 0.121739 0.065272 0.881101
v -0.121737 0.065270 0.881102
v 0.330401 -0.329924 0.745807
v 0.547385 -0.207262 0.675457
v 0.414230 -0.393832 0.660222
v 0.525745 -0.329331 0.623704
v 0.350496 -0.206313 0.795795
v 0.457612 -0.142656 0.756293
v -0.330411 -0.330006 0.745885
v -0.547410 -0.207238 0.675446
v -0.414150 -0.394055 0.660263
v -0.525774 -0.329443 0.623631
v -0.350508 -0.206258 0.795747
v -0.457594 -0.142644 0.756305
v 0.334457 0.333323 0.752404
v 0.547694 0.206741 0.676154
v 0.417239 0.393495 0.663894
v 0.526994 0.330751 0.627040
v 0.351220 0.205922 0.796605
v 0.458440 0.141129 0.756478
v -0.334460 0.333326 0.752404
v -0.547693 0.206745 0.676158
v -0.417237 0.393510 0.663906
v -0.526998 0.330760 0.627055
v -0.351222 0.205919 0.796606
v -0.458458 0.141147 0.756521
v 0.000001 -0.130207 -0.884930
v -0.000003 0.132959 -0.883210
v 0.122376 -0.065149 -0.879729
v -0.122377 -0.065147 -0.879730
v 0.121948 0.069600 -0.879616
v -0.121947 0.069602 -0.879614
v 0.331565 -0.332786 -0.748789
v 0.545966 -0.206267 -0.674805
v 0.415820 -0.392873 -0.662427
v 0.522988 -0.329004 -0.624696
v 0.349811 -0.205553 -0.795249
v 0.456676 -0.139029 -0.753443
v -0.331567 -0.332786 -0.748786
v -0.545964 -0.206267 -0.674809
v -0.415825 -0.392872 -0.662424
v -0.522986 -0.329005 -0.624695
v -0.349813 -0.205555 -0.795251
v -0.456676 -0.139030 -0.753447
v 0.329588 0.331560 -0.747331
v 0.545422 0.204844 -0.673457
v 0.414519 0.391211 -0.661140
v 0.521627 0.327225 -0.623779
v 0.347259 0.205920 -0.793441
v 0.455985 0.140768 -0.753186
v -0.329586 0.331569 -0.747345
v -0.545420 0.204833 -0.673456
v -0.414482 0.391198 -0.661117
v -0.521638 0.327227 -0.623794
v -0.347248 0.205923 -0.793433
v -0.455988 0.140767 -0.753185
v 0.878332 0.000214 -0.124590
v 0.889495 0.000661 0.130395
v 0.876228 0.117038 -0.062383
v 0.882004 0.118594 0.066155
v 0.874896 -0.118071 -0.062149
v 0.881331 -0.119145 0.067033
v -0.878279 0.000215 -0.124593
v -0.889501 0.000645 0.130400
v -0.876224 0.117038 -0.062389
v -0.882001 0.118603 0.066161
v -0.874972 -0.118088 -0.062158
v -0.881331 -0.119142 0.067037
v -0.278166 0.710217 0.097154
v -0.279199 0.713539 -0.091234
v -0.150141 0.751007 0.092118
v -0.150831 0.759370 -0.089187
v -0.473324 0.625727 0.169956
v -0.230243 0.703603 0.198357
v -0.430418 0.616573 0.284868
v -0.474528 0.630551 -0.163699
v -0.229019 0.715189 -0.205746
v -0.436226 0.633474 -0.287358
v -0.588772 0.579965 0.003472
v -0.539434 0.568090 -0.243625
v -0.664290 0.517267 -0.061243
v -0.546629 0.571620 0.249512
v -0.668432 0.519265 0.069946
v 0.278171 0.710228 0.097176
v 0.279169 0.713642 -0.091286
v 0.150126 0.751020 0.092114
v 0.150760 0.759411 -0.089246
v 0.473318 0.625735 0.169953
v 0.230249 0.703599 0.198341
v 0.430416 0.616566 0.284864
v 0.474487 0.630589 -0.163685
v 0.229345 0.715138 -0.205784
v 0.436196 0.633563 -0.287209
v 0.588802 0.579988 0.003472
v 0.539447 0.568103 -0.243575
v 0.664292 0.517248 -0.061241
v 0.546624 0.571633 0.249503
v 0.668430 0.519266 0.069945
v -0.282591 -0.724206 0.104696
v -0.292345 -0.748905 -0.096743
v -0.150320 -0.772244 0.108325
v -0.164924 -0.783225 -0.092785
v -0.482675 -0.643256 0.176473
v -0.233409 -0.732993 0.216978
v -0.441906 -0.642991 0.300234
v -0.468015 -0.621951 -0.161198
v -0.242644 -0.769179 -0.221246
v -0.422639 -0.607362 -0.276157
v -0.590623 -0.581250 0.004204
v -0.536222 -0.558955 -0.240182
v -0.664652 -0.516122 -0.060642
v -0.557274 -0.589366 0.259380
v -0.669579 -0.520657 0.070294
v 0.282519 -0.724342 0.104896
v 0.292441 -0.748835 -0.096764
v 0.150354 -0.772098 0.108415
v 0.165034 -0.783140 -0.092830
v 0.482687 -0.643313 0.176421
v 0.233168 -0.732962 0.217269
v 0.441844 -0.642899 0.300218
v 0.468070 -0.621940 -0.161167
v 0.242596 -0.769317 -0.221319
v 0.422559 -0.607646 -0.276063
v 0.590626 -0.581266 0.004206
v 0.536202 -0.558817 -0.240177
v 0.664685 -0.516149 -0.060651
v 0.557305 -0.589410 0.259399
v 0.669589 -0.520672 0.070294
v 0.000017 -0.654284 0.674512
v -0.182922 -0.522544 0.716087
v -0.081441 -0.735632 0.598190
v -0.281940 -0.619557 0.672258
v 0.182742 -0.522816 0.716781
v 0.081674 -0.735849 0.598178
v 0.281646 -0.619977 0.672591
v 0.116734 -0.315336 0.822143
v -0.116525 -0.315445 0.822293
v 0.121485 -0.198405 0.863633
v -0.121543 -0.198360 0.863617
v 0.299206 -0.461852 0.691360
v 0.233330 -0.262998 0.816428
v -0.299586 -0.461418 0.690904
v -0.233271 -0.263119 0.816526
v -0.000001 0.568165 0.610441
v -0.180672 0.488968 0.695627
v -0.065207 0.613602 0.516773
v -0.254062 0.536250 0.606570
v 0.180669 0.488965 0.695628
v 0.065204 0.613613 0.516771
v 0.254057 0.536249 0.606562
v 0.115876 0.322908 0.825903
v -0.115875 0.322911 0.825903
v 0.121972 0.197639 0.865004
v -0.121969 0.197637 0.865005
v 0.302042 0.448949 0.687530
v 0.234317 0.265683 0.818759
v -0.302039 0.448945 0.687530
v -0.234318 0.265683 0.818758
v -0.000002 -0.557141 -0.608321
v -0.181287 -0.485017 -0.693575
v -0.063756 -0.604423 -0.515324
v -0.252452 -0.526456 -0.604483
v 0.181276 -0.484992 -0.693566
v 0.063758 -0.604421 -0.515325
v 0.252444 -0.526451 -0.604484
v 0.113248 -0.321928 -0.820319
v -0.113248 -0.321930 -0.820325
v 0.120598 -0.197709 -0.862609
v -0.120596 -0.197709 -0.862609
v 0.299675 -0.444301 -0.683823
v 0.235247 -0.267610 -0.819729
v -0.299676 -0.444300 -0.683821
v -0.235247 -0.267611 -0.819725
v -0.000144 0.600066 -0.630581
v -0.180246 0.484699 -0.692075
v -0.070374 0.661476 -0.543046
v -0.250600 0.537332 -0.606662
v 0.180029 0.484348 -0.691819
v 0.070599 0.661650 -0.542902
v 0.251115 0.537557 -0.606652
v 0.112084 0.319027 -0.818530
v -0.112067 0.319025 -0.818471
v 0.119244 0.197552 -0.860993
v -0.119236 0.197558 -0.860994
v 0.299747 0.442805 -0.682052
v 0.232452 0.266009 -0.817658
v -0.299764 0.442830 -0.681983
v -0.232447 0.266017 -0.817647
v 0.702238 0.180836 -0.509783
v 0.808074 0.107995 -0.319163
v 0.680553 0.294300 -0.458089
v 0.796587 0.220080 -0.259259
v 0.702263 -0.182687 -0.509831
v 0.807418 -0.108301 -0.318874
v 0.680905 -0.297063 -0.457534
v 0.797110 -0.222533 -0.258633
v 0.639320 0.001044 -0.624339
v 0.619139 -0.258747 -0.571796
v 0.554350 -0.069290 -0.697209
v 0.618494 0.255932 -0.571328
v 0.554904 0.071895 -0.697903
v 0.851934 0.114439 -0.189276
v 0.850928 -0.115489 -0.189791
v 0.711796 0.182163 0.511377
v 0.831255 0.112566 0.324982
v 0.693866 0.300344 0.460013
v 0.817313 0.227301 0.266616
v 0.710544 -0.185379 0.512188
v 0.830275 -0.113552 0.325292
v 0.692459 -0.301965 0.459705
v 0.816374 -0.229464 0.267591
v 0.643492 -0.000714 0.629382
v 0.627913 -0.263429 0.578961
v 0.555168 -0.071495 0.698856
v 0.628595 0.262117 0.579561
v 0.555944 0.070210 0.699479
v 0.865237 0.117456 0.197020
v 0.864580 -0.117930 0.198110
v -0.702248 0.180835 -0.509786
v -0.808021 0.107982 -0.319189
v -0.680566 0.294306 -0.458094
v -0.796529 0.220061 -0.259258
v -0.702263 -0.182688 -0.509830
v -0.807419 -0.108297 -0.318875
v -0.680907 -0.297065 -0.457536
v -0.797130 -0.222543 -0.258643
v -0.639317 0.001044 -0.624338
v -0.619138 -0.258747 -0.571796
v -0.554349 -0.069294 -0.697217
v -0.618488 0.255923 -0.571319
v -0.554903 0.071892 -0.697903
v -0.851988 0.114423 -0.189303
v -0.850927 -0.115490 -0.189788
v -0.711806 0.182167 0.511389
v -0.831253 0.112557 0.324981
v -0.693870 0.300342 0.460015
v -0.817317 0.227303 0.266615
v -0.710547 -0.185379 0.512188
v -0.830280 -0.113556 0.325291
v -0.692470 -0.301953 0.459696
v -0.816382 -0.229468 0.267590
v -0.643491 -0.000715 0.629384
v -0.627913 -0.263398 0.578937
v -0.555166 -0.071500 0.698853
v -0.628599 0.262109 0.579565
v -0.555939 0.070212 0.699478
v -0.865226 0.117445 0.197028
v -0.864580 -0.117932 0.198105
v 0.000002 0.744959 0.185019
v -0.060038 0.699322 0.303638
v -0.000038 0.779661 -0.193469
v -0.065526 0.746796 -0.335166
v 0.060044 0.699322 0.303639
v 0.065449 0.746733 -0.335212
v -0.442502 0.535532 0.485075
v -0.557621 0.482626 0.447723
v -0.491322 0.444109 0.560786
v -0.436046 0.527553 -0.483432
v -0.547548 0.469351 -0.446550
v -0.484692 0.435390 -0.559348
v -0.793175 0.339705 -0.063716
v -0.800272 0.344018 0.070806
v -0.848106 0.232744 0.002261
v 0.442505 0.535535 0.485080
v 0.557616 0.482621 0.447715
v 0.491320 0.444091 0.560763
v 0.436063 0.527547 -0.483400
v 0.547555 0.469332 -0.446547
v 0.484671 0.435333 -0.559328
v 0.793130 0.339690 -0.063718
v 0.800218 0.343983 0.070804
v 0.848106 0.232744 0.002254
v -0.000052 -0.806205 0.208269
v -0.062000 -0.773970 0.346206
v -0.000045 -0.737901 -0.186055
v -0.061227 -0.696520 -0.305446
v 0.061968 -0.774258 0.346064
v 0.061220 -0.696493 -0.305461
v -0.446844 -0.558461 0.498656
v -0.557431 -0.486275 0.449914
v -0.491152 -0.448746 0.561812
v -0.435712 -0.521227 -0.483168
v -0.548171 -0.469867 -0.444815
v -0.485275 -0.436688 -0.559009
v -0.792848 -0.341743 -0.062929
v -0.799492 -0.345755 0.070457
v -0.847443 -0.234917 0.002765
v 0.446702 -0.559088 0.498741
v 0.557521 -0.486130 0.449882
v 0.491192 -0.448855 0.561410
v 0.435703 -0.521225 -0.483157
v 0.548166 -0.469858 -0.444810
v 0.485251 -0.436672 -0.558995
v 0.792857 -0.341742 -0.062926
v 0.799493 -0.345744 0.070451
v 0.847442 -0.234916 0.002764
v 0.240411 -0.001780 0.857077
v 0.354480 -0.071845 0.815029
v -0.240401 -0.001782 0.857078
v -0.354474 -0.071860 0.815025
v 0.355229 0.069223 0.815489
v -0.355227 0.069223 0.815489
v 0.242058 0.002700 -0.856503
v 0.354464 -0.067489 -0.814075
v -0.242058 0.002699 -0.856502
v -0.354465 -0.067490 -0.814078
v 0.353986 0.072221 -0.814777
v -0.353982 0.072221 -0.814777
v -0.387270 0.678882 0.004029
v -0.415541 0.666783 0.040604
v -0.415984 0.667961 -0.033347
v -0.461933 0.650747 -0.020199
v -0.460689 0.648734 0.026508
v 0.387272 0.678869 0.004040
v 0.415525 0.666796 0.040620
v 0.415993 0.667958 -0.033338
v 0.461902 0.650732 -0.020175
v 0.460690 0.648742 0.026521
v -0.391208 -0.687311 0.003453
v -0.420923 -0.677082 0.041500
v -0.418107 -0.672870 -0.034356
v -0.464034 -0.654567 -0.020792
v -0.465344 -0.657776 0.026708
v 0.391216 -0.687307 0.003267
v 0.420915 -0.677139 0.041478
v 0.418154 -0.672675 -0.034237
v 0.464036 -0.654637 -0.020782
v 0.465360 -0.657774 0.026738
v -0.026299 -0.505244 0.740017
v 0.026531 -0.504984 0.739955
v -0.000120 -0.425290 0.772825
v 0.042191 -0.455081 0.758562
v -0.042014 -0.455080 0.759168
v -0.026503 0.485170 0.728617
v 0.026502 0.485171 0.728614
v 0.000000 0.425395 0.777369
v 0.043489 0.450136 0.760158
v -0.043490 0.450136 0.760158
v -0.026421 -0.481528 -0.727527
v 0.026424 -0.481523 -0.727522
v 0.000002 -0.425071 -0.778313
v 0.042791 -0.447457 -0.758319
v -0.042791 -0.447457 -0.758314
v -0.026236 0.479153 -0.725870
v 0.026064 0.479112 -0.725846
v 0.000006 0.421535 -0.776673
v 0.042617 0.444136 -0.757063
v -0.042625 0.444162 -0.757046
v 0.763132 0.043141 -0.460136
v 0.762804 -0.040862 -0.459786
v 0.739642 -0.024845 -0.504152
v 0.739845 0.027682 -0.504521
v 0.778993 0.001225 -0.433169
v 0.777835 0.043009 0.462289
v 0.776955 -0.043292 0.462050
v 0.749057 -0.027036 0.507073
v 0.749653 0.026579 0.507307
v 0.795180 0.000131 0.434844
v -0.763138 0.043140 -0.460138
v -0.762820 -0.040869 -0.459795
v -0.739634 -0.024850 -0.504146
v -0.739849 0.027683 -0.504520
v -0.778995 0.001227 -0.433174
v -0.777861 0.042997 0.462298
v -0.776956 -0.043293 0.462049
v -0.749057 -0.027036 0.507072
v -0.749653 0.026574 0.507307
v -0.795186 0.000127 0.434836
v -0.031002 0.800475 -0.000744
v 0.031006 0.800482 -0.000735
v -0.015814 0.797523 0.027221
v -0.013848 0.808025 -0.030725
v 0.015819 0.797518 0.027221
v 0.013868 0.808054 -0.030728
v -0.281862 0.643277 0.357584
v -0.225354 0.615928 0.464380
v -0.218965 0.656848 0.359938
v -0.316824 0.615545 0.406103
v -0.191307 0.642497 0.413825
v -0.288515 0.602893 0.460347
v -0.270091 0.662437 -0.375243
v -0.221217 0.660688 -0.492106
v -0.216863 0.715063 -0.403425
v -0.307759 0.632189 -0.417465
v -0.211518 0.755284 -0.485851
v -0.280555 0.623841 -0.473651
v -0.661717 0.463863 -0.225712
v -0.706908 0.367258 -0.295070
v -0.641113 0.454972 -0.291314
v -0.705674 0.426459 -0.194963
v -0.664355 0.408006 -0.326676
v -0.727725 0.376047 -0.228909
v -0.680057 0.476498 0.234661
v -0.730258 0.380517 0.302428
v -0.662332 0.471422 0.298400
v -0.720366 0.434843 0.203488
v -0.686605 0.422853 0.332614
v -0.745281 0.385325 0.236928
v 0.281883 0.643313 0.357614
v 0.225376 0.615971 0.464409
v 0.218974 0.656848 0.359941
v 0.191304 0.642493 0.413803
v 0.316815 0.615541 0.406080
v 0.288497 0.602861 0.460306
v 0.270121 0.662568 -0.375422
v 0.221100 0.660601 -0.491649
v 0.217034 0.715173 -0.403432
v 0.211484 0.755069 -0.485856
v 0.307569 0.631792 -0.417673
v 0.280117 0.623766 -0.473509
v 0.661742 0.463839 -0.225729
v 0.706945 0.367318 -0.295090
v 0.641113 0.454973 -0.291325
v 0.705647 0.426459 -0.194948
v 0.664380 0.408026 -0.326692
v 0.727764 0.376070 -0.228935
v 0.680048 0.476502 0.234661
v 0.730285 0.380537 0.302443
v 0.662309 0.471425 0.298401
v 0.720365 0.434843 0.203487
v 0.686564 0.422821 0.332600
v 0.745284 0.385318 0.236933
v -0.035858 -0.809128 0.027798
v 0.035850 -0.809102 0.027781
v -0.016944 -0.816752 0.063214
v -0.017730 -0.801715 -0.006202
v 0.016945 -0.816746 0.063237
v 0.017705 -0.801715 -0.006201
v -0.291194 -0.697881 0.394335
v -0.271230 -0.767225 0.551023
v -0.229437 -0.723659 0.409480
v -0.328589 -0.674737 0.444742
v -0.215712 -0.756473 0.480397
v -0.310135 -0.690849 0.515843
v -0.278203 -0.640799 -0.354567
v -0.220775 -0.605050 -0.463488
v -0.217005 -0.655475 -0.359600
v -0.310961 -0.604626 -0.402667
v -0.187622 -0.634629 -0.412654
v -0.282601 -0.589750 -0.458217
v -0.662591 -0.464088 -0.223863
v -0.707772 -0.369055 -0.293428
v -0.642031 -0.455378 -0.289352
v -0.706485 -0.427545 -0.193100
v -0.665195 -0.409182 -0.324943
v -0.728447 -0.377690 -0.227115
v -0.679054 -0.477218 0.235215
v -0.728870 -0.381295 0.302679
v -0.662363 -0.472936 0.299561
v -0.719649 -0.435492 0.203536
v -0.685539 -0.423387 0.333011
v -0.744034 -0.386170 0.236985
v 0.291447 -0.697859 0.394660
v 0.271148 -0.766365 0.550642
v 0.229434 -0.723263 0.409188
v 0.216527 -0.756512 0.480033
v 0.328744 -0.674975 0.444701
v 0.310499 -0.690972 0.515347
v 0.278179 -0.640883 -0.354520
v 0.220801 -0.605035 -0.463515
v 0.217011 -0.655490 -0.359679
v 0.187626 -0.634597 -0.412654
v 0.310947 -0.604649 -0.402688
v 0.282633 -0.589726 -0.458219
v 0.662641 -0.464168 -0.223875
v 0.707775 -0.369056 -0.293429
v 0.641993 -0.455310 -0.289342
v 0.706488 -0.427530 -0.193109
v 0.665184 -0.409185 -0.324942
v 0.728448 -0.377692 -0.227113
v 0.679033 -0.477198 0.235231
v 0.728874 -0.381286 0.302678
v 0.662337 -0.472951 0.299570
v 0.719666 -0.435505 0.203540
v 0.685532 -0.423399 0.333025
v 0.744036 -0.386170 0.236983
v 0.000004 -0.068877 0.888262
v 0.000001 0.064625 0.889065
v 0.060766 -0.035741 0.887255
v -0.060764 -0.035743 0.887255
v 0.060960 0.031242 0.887226
v -0.060960 0.031241 0.887226
v 0.392881 -0.300719 0.738952
v 0.497528 -0.240262 0.700212
v 0.432725 -0.332265 0.692236
v 0.486651 -0.301151 0.673706
v 0.401615 -0.240032 0.762892
v 0.453873 -0.209321 0.742999
v -0.392839 -0.300936 0.739122
v -0.497563 -0.240255 0.700147
v -0.432549 -0.332200 0.692386
v -0.486505 -0.301190 0.673763
v -0.401692 -0.240024 0.762899
v -0.453913 -0.209285 0.742978
v 0.392841 0.304843 0.741947
v 0.497506 0.240610 0.700982
v 0.433857 0.335046 0.696425
v 0.487284 0.303160 0.676844
v 0.401608 0.241156 0.763885
v 0.454042 0.209009 0.743349
v -0.392839 0.304843 0.741945
v -0.497504 0.240610 0.700987
v -0.433837 0.335037 0.696400
v -0.487288 0.303171 0.676854
v -0.401611 0.241154 0.763886
v -0.454069 0.209037 0.743398
v 0.000001 -0.064007 -0.889646
v -0.000002 0.068920 -0.889634
v 0.061210 -0.030712 -0.886816
v -0.061210 -0.030711 -0.886816
v 0.061154 0.036096 -0.887213
v -0.061155 0.036096 -0.887211
v 0.388896 -0.303297 -0.736049
v 0.497075 -0.240557 -0.700311
v 0.431848 -0.334378 -0.693067
v 0.487255 -0.303870 -0.676857
v 0.398749 -0.239512 -0.759602
v 0.452043 -0.207153 -0.739804
v -0.388898 -0.303296 -0.736046
v -0.497073 -0.240556 -0.700309
v -0.431852 -0.334376 -0.693065
v -0.487257 -0.303866 -0.676853
v -0.398749 -0.239513 -0.759601
v -0.452041 -0.207154 -0.739806
v 0.386729 0.302129 -0.734217
v 0.495938 0.239159 -0.698547
v 0.429996 0.332932 -0.691311
v 0.485719 0.302242 -0.674998
v 0.396779 0.239185 -0.758027
v 0.450529 0.207006 -0.738294
v -0.386739 0.302126 -0.734231
v -0.495931 0.239150 -0.698538
v -0.429968 0.332921 -0.691281
v -0.485719 0.302239 -0.674996
v -0.396764 0.239181 -0.758018
v -0.450529 0.207001 -0.738286
v 0.888393 0.000307 -0.061717
v 0.894355 0.000578 0.065472
v 0.888853 0.059123 -0.030349
v 0.890709 0.059558 0.033491
v 0.887890 -0.058984 -0.030016
v 0.890009 -0.059074 0.033940
v -0.888456 0.000306 -0.061725
v -0.894363 0.000582 0.065477
v -0.888854 0.059129 -0.030354
v -0.890704 0.059566 0.033499
v -0.887886 -0.058991 -0.030012
v -0.890009 -0.059071 0.033945
v -0.272344 0.720109 0.004350
v -0.138236 0.767568 0.003259
v -0.241201 0.728510 0.050154
v -0.242416 0.730530 -0.042246
v -0.174028 0.751811 0.047982
v -0.176176 0.754058 -0.041234
v -0.376378 0.668791 0.138585
v -0.331694 0.661640 0.247831
v -0.316042 0.689459 0.144739
v -0.414892 0.646509 0.183379
v -0.292774 0.686108 0.197469
v -0.393276 0.642565 0.239988
v -0.377567 0.673386 -0.133179
v -0.329639 0.672127 -0.250202
v -0.316429 0.694180 -0.140966
v -0.416255 0.653186 -0.178595
v -0.291787 0.694488 -0.198665
v -0.394043 0.652571 -0.238234
v -0.538019 0.605991 -0.084467
v -0.607180 0.544594 -0.155183
v -0.525248 0.604116 -0.143757
v -0.584308 0.578876 -0.058049
v -0.558978 0.573348 -0.181541
v -0.621033 0.548543 -0.091796
v -0.539672 0.604654 0.091157
v -0.616298 0.548841 0.163681
v -0.527627 0.602752 0.150773
v -0.585628 0.578772 0.065189
v -0.565517 0.575704 0.188944
v -0.625259 0.549955 0.099988
v 0.272361 0.720101 0.004378
v 0.138262 0.767574 0.003238
v 0.241206 0.728528 0.050142
v 0.242353 0.730539 -0.042217
v 0.174037 0.751817 0.048013
v 0.176099 0.754021 -0.041201
v 0.376385 0.668818 0.138598
v 0.331694 0.661638 0.247823
v 0.316031 0.689425 0.144746
v 0.414889 0.646512 0.183373
v 0.292782 0.686105 0.197460
v 0.393273 0.642563 0.239993
v 0.377651 0.673539 -0.133054
v 0.329796 0.671780 -0.250126
v 0.316553 0.693965 -0.140980
v 0.416423 0.653207 -0.178567
v 0.291582 0.694094 -0.198780
v 0.393919 0.652514 -0.238234
v 0.537988 0.605989 -0.084460
v 0.607182 0.544591 -0.155197
v 0.525286 0.604106 -0.143768
v 0.584290 0.578856 -0.058053
v 0.558977 0.573345 -0.181535
v 0.621016 0.548487 -0.091798
v 0.539670 0.604670 0.091147
v 0.616320 0.548837 0.163695
v 0.527618 0.602759 0.150770
v 0.585610 0.578780 0.065189
v 0.565543 0.575717 0.188957
v 0.625258 0.549962 0.099993
v -0.279056 -0.732722 0.005469
v -0.141880 -0.776179 0.012199
v -0.246181 -0.739866 0.055999
v -0.252116 -0.752803 -0.044589
v -0.178095 -0.763653 0.058446
v -0.186859 -0.772595 -0.041558
v -0.382433 -0.684943 0.144886
v -0.337203 -0.689647 0.262905
v -0.320683 -0.706708 0.153642
v -0.422285 -0.665588 0.191181
v -0.297159 -0.710248 0.211303
v -0.401021 -0.666652 0.251602
v -0.380324 -0.682623 -0.134832
v -0.335363 -0.680392 -0.248418
v -0.329200 -0.726673 -0.147003
v -0.412952 -0.648115 -0.175989
v -0.312691 -0.742520 -0.210651
v -0.389972 -0.642945 -0.233288
v -0.537039 -0.603483 -0.083929
v -0.607189 -0.541531 -0.153645
v -0.523182 -0.598134 -0.142225
v -0.583863 -0.577566 -0.057153
v -0.557392 -0.567483 -0.179352
v -0.620735 -0.546259 -0.090762
v -0.544126 -0.613046 0.093302
v -0.618397 -0.554835 0.166209
v -0.535883 -0.616043 0.156077
v -0.589037 -0.583537 0.066454
v -0.572433 -0.587869 0.195031
v -0.627848 -0.554210 0.101265
v 0.279020 -0.733012 0.005297
v 0.141884 -0.776172 0.012160
v 0.246131 -0.739687 0.056060
v 0.252358 -0.752981 -0.044726
v 0.178095 -0.763694 0.058434
v 0.186762 -0.772533 -0.041541
v 0.382398 -0.685091 0.144978
v 0.337315 -0.689181 0.263121
v 0.320719 -0.706808 0.153619
v 0.422269 -0.665558 0.191201
v 0.297262 -0.710081 0.211380
v 0.401097 -0.666571 0.251845
v 0.380374 -0.682348 -0.134944
v 0.335378 -0.680412 -0.248327
v 0.329338 -0.727350 -0.147174
v 0.412970 -0.647965 -0.175866
v 0.312331 -0.742386 -0.210538
v 0.389935 -0.643470 -0.233225
v 0.537042 -0.603498 -0.083925
v 0.607178 -0.541555 -0.153637
v 0.523182 -0.598096 -0.142262
v 0.583870 -0.577581 -0.057146
v 0.557397 -0.567433 -0.179358
v 0.620736 -0.546267 -0.090759
v 0.544176 -0.613079 0.093338
v 0.618399 -0.554856 0.166215
v 0.535855 -0.616045 0.156075
v 0.589036 -0.583561 0.066460
v 0.572440 -0.587903 0.195033
v 0.627861 -0.554244 0.101283
v -0.102449 -0.606888 0.706151
v -0.201726 -0.749858 0.677650
v -0.074675 -0.661066 0.681152
v -0.169149 -0.598144 0.705962
v -0.120549 -0.723567 0.658528
v -0.224783 -0.665474 0.697206
v 0.101746 -0.606699 0.705969
v 0.200326 -0.750622 0.677809
v 0.074490 -0.660995 0.680899
v 0.169129 -0.598282 0.705982
v 0.120044 -0.723201 0.658079
v 0.224104 -0.665622 0.697265
v 0.000000 -0.313537 0.826395
v -0.000009 -0.196593 0.871024
v 0.059891 -0.285262 0.839708
v -0.059854 -0.285289 0.839711
v 0.060906 -0.227187 0.860662
v -0.060974 -0.227150 0.860644
v 0.151705 -0.413135 0.763027
v 0.269804 -0.359333 0.752933
v 0.196560 -0.452728 0.734157
v 0.163598 -0.350565 0.791184
v 0.255301 -0.424611 0.726071
v 0.222972 -0.324250 0.787679
v -0.151541 -0.412790 0.762841
v -0.269507 -0.359158 0.752927
v -0.196442 -0.452906 0.734257
v -0.164016 -0.350695 0.790955
v -0.255303 -0.424709 0.725937
v -0.222706 -0.324119 0.787568
v -0.093120 0.535030 0.653491
v -0.161711 0.580728 0.563966
v -0.063865 0.565635 0.610372
v -0.156450 0.527522 0.654554
v -0.097362 0.588485 0.564727
v -0.191667 0.550215 0.609783
v 0.093115 0.535025 0.653490
v 0.161711 0.580740 0.563968
v 0.063856 0.565630 0.610367
v 0.156445 0.527509 0.654555
v 0.097353 0.588488 0.564721
v 0.191656 0.550219 0.609776
v 0.000002 0.318754 0.831011
v 0.000001 0.195412 0.871558
v 0.059416 0.290054 0.841985
v -0.059413 0.290056 0.841984
v 0.060889 0.227943 0.861801
v -0.060887 0.227943 0.861800
v 0.155308 0.410683 0.767490
v 0.274523 0.360091 0.759366
v 0.198981 0.439748 0.730923
v 0.166937 0.354479 0.798290
v 0.259297 0.417179 0.727156
v 0.226166 0.327215 0.793939
v -0.155304 0.410687 0.767487
v -0.274523 0.360094 0.759367
v -0.198979 0.439747 0.730921
v -0.166934 0.354474 0.798284
v -0.259296 0.417181 0.727159
v -0.226171 0.327223 0.793957
v -0.093160 -0.527773 -0.651998
v -0.159782 -0.569600 -0.561400
v -0.063568 -0.555197 -0.608392
v -0.155334 -0.518566 -0.651348
v -0.096065 -0.577413 -0.562393
v -0.189643 -0.538874 -0.606327
v 0.093167 -0.527782 -0.652007
v 0.159783 -0.569605 -0.561396
v 0.063562 -0.555184 -0.608381
v 0.155333 -0.518568 -0.651351
v 0.096062 -0.577406 -0.562381
v 0.189638 -0.538875 -0.606325
v 0.000001 -0.319549 -0.835132
v 0.000002 -0.195059 -0.874552
v 0.057705 -0.289973 -0.842196
v -0.057702 -0.289972 -0.842195
v 0.059560 -0.227798 -0.862028
v -0.059557 -0.227797 -0.862027
v 0.155731 -0.410938 -0.765000
v 0.274466 -0.362099 -0.759834
v 0.201637 -0.442195 -0.732052
v 0.166219 -0.355059 -0.794894
v 0.259876 -0.418336 -0.727269
v 0.227552 -0.330089 -0.795608
v -0.155731 -0.410940 -0.765003
v -0.274472 -0.362100 -0.759832
v -0.201639 -0.442198 -0.732049
v -0.166224 -0.355068 -0.794910
v -0.259881 -0.418339 -0.727267
v -0.227557 -0.330095 -0.795614
v -0.092303 0.542614 -0.657664
v -0.163257 0.608382 -0.580134
v -0.065705 0.591367 -0.625652
v -0.154377 0.528700 -0.654467
v -0.101953 0.627713 -0.587266
v -0.189930 0.558467 -0.614182
v 0.092500 0.542296 -0.657345
v 0.162981 0.608000 -0.579687
v 0.065311 0.590422 -0.624628
v 0.154760 0.529148 -0.654655
v 0.102109 0.628787 -0.588038
v 0.190118 0.558753 -0.614168
v -0.000005 0.315604 -0.833551
v -0.000002 0.195412 -0.872607
v 0.057040 0.287055 -0.840199
v -0.057038 0.287054 -0.840208
v 0.058887 0.226635 -0.860353
v -0.058886 0.226637 -0.860353
v 0.154959 0.407839 -0.763065
v 0.272595 0.360408 -0.758086
v 0.201654 0.439712 -0.730665
v 0.164635 0.352307 -0.792618
v 0.259436 0.416496 -0.725961
v 0.225070 0.327977 -0.793053
v -0.154948 0.407844 -0.763063
v -0.272592 0.360416 -0.758106
v -0.201671 0.439743 -0.730594
v -0.164623 0.352299 -0.792595
v -0.259441 0.416513 -0.725942
v -0.225065 0.327974 -0.793058
v 0.759770 0.150611 -0.416252
v 0.741668 0.261621 -0.360229
v 0.728764 0.196075 -0.451621
v 0.782911 0.158408 -0.354096
v 0.718524 0.251884 -0.424698
v 0.774992 0.213935 -0.324888
v 0.759886 -0.151443 -0.415835
v 0.742182 -0.263949 -0.359094
v 0.728836 -0.197772 -0.451222
v 0.782714 -0.159552 -0.353539
v 0.719104 -0.254337 -0.424206
v 0.775763 -0.216304 -0.324145
v 0.673160 -0.095498 -0.574663
v 0.591426 -0.170417 -0.644194
v 0.669279 -0.159800 -0.561371
v 0.637706 -0.066617 -0.620581
v 0.628565 -0.198183 -0.594675
v 0.595536 -0.102769 -0.655793
v 0.673634 0.096088 -0.574978
v 0.591188 0.169425 -0.643450
v 0.669400 0.158627 -0.561323
v 0.638198 0.068081 -0.621040
v 0.628258 0.196049 -0.594179
v 0.596148 0.104017 -0.656335
v 0.821257 0.000568 -0.316623
v 0.865077 0.000259 -0.187630
v 0.828613 0.055383 -0.285210
v 0.828067 -0.054892 -0.285175
v 0.850752 0.056916 -0.220380
v 0.850190 -0.056813 -0.220619
v 0.778907 0.154717 0.418815
v 0.765590 0.271566 0.365471
v 0.744716 0.200288 0.453727
v 0.806672 0.164935 0.358998
v 0.736056 0.258187 0.427071
v 0.799072 0.222456 0.331082
v 0.777798 -0.157146 0.419142
v 0.764347 -0.274066 0.365804
v 0.743381 -0.203225 0.454228
v 0.805695 -0.167350 0.359389
v 0.734710 -0.260701 0.427336
v 0.798081 -0.225145 0.331745
v 0.680405 -0.098859 0.581396
v 0.594786 -0.172798 0.647480
v 0.676703 -0.163778 0.567344
v 0.642309 -0.069014 0.625914
v 0.634998 -0.202250 0.601221
v 0.598541 -0.105283 0.659602
v 0.681559 0.096672 0.581769
v 0.595440 0.170882 0.647352
v 0.677786 0.160627 0.566721
v 0.643438 0.067280 0.627080
v 0.636248 0.199694 0.600956
v 0.599491 0.103462 0.660196
v 0.844160 0.000236 0.322476
v 0.878053 0.000479 0.195609
v 0.850955 0.057738 0.292039
v 0.850101 -0.057571 0.292278
v 0.868115 0.058903 0.228168
v 0.867222 -0.058475 0.228843
v -0.759773 0.150614 -0.416257
v -0.741674 0.261624 -0.360216
v -0.728760 0.196083 -0.451616
v -0.782886 0.158398 -0.354067
v -0.718515 0.251896 -0.424694
v -0.775151 0.214014 -0.324944
v -0.759885 -0.151446 -0.415834
v -0.742184 -0.263950 -0.359094
v -0.728836 -0.197772 -0.451221
v -0.782712 -0.159553 -0.353543
v -0.719105 -0.254337 -0.424205
v -0.775760 -0.216305 -0.324147
v -0.673160 -0.095500 -0.574659
v -0.591424 -0.170418 -0.644197
v -0.669281 -0.159802 -0.561371
v -0.637704 -0.066617 -0.620579
v -0.628566 -0.198183 -0.594674
v -0.595533 -0.102770 -0.655797
v -0.673634 0.096087 -0.574979
v -0.591191 0.169419 -0.643452
v -0.669407 0.158624 -0.561327
v -0.638196 0.068085 -0.621040
v -0.628262 0.196041 -0.594178
v -0.596147 0.104018 -0.656337
v -0.821323 0.000580 -0.316635
v -0.865080 0.000260 -0.187648
v -0.828606 0.055410 -0.285198
v -0.828063 -0.054885 -0.285162
v -0.850827 0.056934 -0.220394
v -0.850189 -0.056809 -0.220612
v -0.778903 0.154709 0.418812
v -0.765554 0.271535 0.365448
v -0.744732 0.200295 0.453742
v -0.806668 0.164922 0.358998
v -0.736072 0.258194 0.427083
v -0.799084 0.222460 0.331086
v -0.777799 -0.157143 0.419135
v -0.764297 -0.274034 0.365793
v -0.743384 -0.203222 0.454228
v -0.805698 -0.167347 0.359389
v -0.734749 -0.260741 0.427357
v -0.798086 -0.225148 0.331738
v -0.680405 -0.098862 0.581394
v -0.594783 -0.172779 0.647487
v -0.676707 -0.163779 0.567342
v -0.642310 -0.069018 0.625913
v -0.635000 -0.202232 0.601229
v -0.598538 -0.105284 0.659602
v -0.681555 0.096670 0.581771
v -0.595440 0.170891 0.647362
v -0.677785 0.160630 0.566726
v -0.643435 0.067278 0.627081
v -0.636249 0.199696 0.600964
v -0.599488 0.103465 0.660196
v -0.844156 0.000227 0.322471
v -0.878056 0.000496 0.195595
v -0.850973 0.057732 0.292022
v -0.850078 -0.057574 0.292293
v -0.868116 0.058899 0.228169
v -0.867223 -0.058476 0.228844
v -0.072918 0.758046 0.131587
v -0.145633 0.707701 0.250060
v -0.129531 0.744657 0.139803
v -0.168451 0.720183 0.196452
v -0.052790 0.742347 0.186952
v -0.085961 0.718013 0.247295
v -0.072539 0.777084 -0.136981
v -0.144885 0.734544 -0.276650
v -0.129866 0.757450 -0.144884
v -0.168314 0.735238 -0.209185
v -0.053384 0.768895 -0.199800
v -0.088339 0.751599 -0.271887
v 0.072924 0.758028 0.131596
v 0.145633 0.707734 0.250072
v 0.129529 0.744665 0.139793
v 0.168456 0.720186 0.196445
v 0.052791 0.742329 0.186957
v 0.085963 0.718010 0.247300
v 0.072442 0.776998 -0.136914
v 0.145004 0.734643 -0.276622
v 0.130159 0.757108 -0.145146
v 0.168217 0.735329 -0.208933
v 0.053344 0.769255 -0.199864
v 0.087908 0.751623 -0.272013
v -0.440133 0.580471 0.386038
v -0.557718 0.534557 0.349233
v -0.466430 0.589292 0.328300
v -0.525168 0.566847 0.310091
v -0.471756 0.547748 0.427423
v -0.530509 0.524249 0.409182
v -0.063844 0.657008 0.414194
v 0.063845 0.657014 0.414191
v -0.032454 0.636838 0.466427
v 0.032452 0.636847 0.466418
v -0.031163 0.679947 0.359747
v 0.031163 0.679948 0.359739
v -0.349846 0.539118 0.550534
v -0.398023 0.449114 0.629370
v -0.315780 0.519588 0.601208
v -0.340602 0.476915 0.642536
v -0.410626 0.519660 0.540305
v -0.434052 0.472919 0.578056
v -0.441003 0.588322 -0.390117
v -0.546501 0.522851 -0.346196
v -0.463544 0.592592 -0.327575
v -0.517721 0.561563 -0.306213
v -0.466203 0.542536 -0.427330
v -0.521132 0.512064 -0.407470
v -0.080970 0.716685 -0.447293
v 0.080820 0.716823 -0.447405
v -0.037595 0.686725 -0.493932
v 0.037885 0.686301 -0.493230
v -0.039817 0.719191 -0.387546
v 0.039809 0.719274 -0.387597
v -0.346874 0.538109 -0.550710
v -0.396365 0.444568 -0.627306
v -0.311754 0.514719 -0.597925
v -0.338310 0.468713 -0.636738
v -0.404773 0.510640 -0.537237
v -0.430901 0.466068 -0.577408
v -0.732703 0.437425 -0.062995
v -0.739414 0.442036 0.071532
v -0.702472 0.480749 -0.028993
v -0.705802 0.483030 0.037788
v -0.766554 0.391179 -0.029791
v -0.769917 0.393373 0.037600
v -0.619334 0.387575 -0.456093
v -0.555877 0.349277 -0.569749
v -0.638008 0.333821 -0.488295
v -0.605425 0.313878 -0.544338
v -0.569702 0.422010 -0.481582
v -0.537417 0.403057 -0.537720
v -0.804781 0.282801 -0.162898
v -0.857456 0.173899 -0.095201
v -0.817852 0.225772 -0.193699
v -0.846424 0.172287 -0.159117
v -0.816092 0.285531 -0.097053
v -0.842769 0.231021 -0.063582
v -0.629892 0.394634 0.457054
v -0.566212 0.357227 0.576029
v -0.647990 0.339880 0.490663
v -0.616810 0.321727 0.551831
v -0.580387 0.433178 0.484036
v -0.548249 0.414303 0.542386
v -0.815016 0.287057 0.169422
v -0.867360 0.177371 0.100084
v -0.832223 0.230836 0.200904
v -0.856422 0.175610 0.165887
v -0.826356 0.290606 0.103366
v -0.849275 0.234252 0.068530
v 0.440154 0.580509 0.386056
v 0.557769 0.534631 0.349261
v 0.466422 0.589284 0.328283
v 0.525128 0.566800 0.310065
v 0.471781 0.547769 0.427442
v 0.530508 0.524243 0.409187
v 0.349845 0.539122 0.550533
v 0.398042 0.449134 0.629391
v 0.315796 0.519588 0.601215
v 0.340619 0.476913 0.642544
v 0.410595 0.519578 0.540254
v 0.434049 0.472902 0.578042
v 0.441082 0.588350 -0.390250
v 0.546516 0.522838 -0.346201
v 0.463619 0.592773 -0.327392
v 0.517722 0.561559 -0.306188
v 0.466042 0.542718 -0.427200
v 0.521175 0.511990 -0.407508
v 0.346247 0.537697 -0.550306
v 0.396412 0.444573 -0.627390
v 0.312027 0.514630 -0.597913
v 0.338196 0.468615 -0.636768
v 0.404816 0.510676 -0.537092
v 0.430863 0.465980 -0.577484
v 0.732709 0.437423 -0.062999
v 0.739420 0.442034 0.071535
v 0.702473 0.480742 -0.028999
v 0.705804 0.483025 0.037787
v 0.766557 0.391181 -0.029793
v 0.769909 0.393354 0.037601
v 0.619337 0.387585 -0.456092
v 0.555903 0.349298 -0.569769
v 0.638049 0.333856 -0.488331
v 0.605406 0.313865 -0.544324
v 0.569696 0.421996 -0.481551
v 0.537451 0.403086 -0.537728
v 0.804788 0.282806 -0.162897
v 0.857445 0.173905 -0.095198
v 0.817978 0.225858 -0.193773
v 0.846430 0.172309 -0.159143
v 0.816093 0.285535 -0.097049
v 0.842762 0.231027 -0.063572
v 0.629873 0.394614 0.457034
v 0.566199 0.357213 0.576014
v 0.647971 0.339866 0.490647
v 0.616815 0.321732 0.551842
v 0.580389 0.433188 0.484040
v 0.548253 0.414302 0.542380
v 0.815014 0.287056 0.169424
v 0.867366 0.177370 0.100083
v 0.832223 0.230830 0.200911
v 0.856419 0.175608 0.165895
v 0.826355 0.290604 0.103362
v 0.849275 0.234253 0.068525
v -0.066170 -0.797079 0.155215
v -0.147438 -0.756728 0.281752
v -0.126723 -0.775982 0.160230
v -0.168835 -0.755889 0.219281
v -0.049876 -0.794193 0.214627
v -0.086026 -0.775931 0.280904
v -0.081749 -0.761017 -0.130509
v -0.151345 -0.727633 -0.256977
v -0.142251 -0.775760 -0.145584
v -0.178101 -0.777541 -0.214634
v -0.057660 -0.739708 -0.188200
v -0.090013 -0.719954 -0.249727
v 0.066255 -0.797201 0.155253
v 0.147406 -0.756791 0.281576
v 0.126592 -0.776164 0.160150
v 0.169082 -0.755610 0.219564
v 0.049668 -0.794078 0.214416
v 0.085668 -0.775845 0.280798
v 0.081760 -0.761121 -0.130568
v 0.151374 -0.727708 -0.256830
v 0.142046 -0.775389 -0.145555
v 0.178352 -0.776720 -0.214518
v 0.057679 -0.739749 -0.188243
v 0.089966 -0.719942 -0.249776
v -0.448047 -0.609069 0.403224
v -0.563297 -0.548007 0.356956
v -0.477068 -0.614952 0.343626
v -0.536172 -0.588255 0.322342
v -0.478434 -0.571050 0.441381
v -0.533962 -0.536350 0.416582
v -0.073998 -0.758299 0.477075
v 0.074383 -0.758822 0.476994
v -0.041435 -0.732868 0.534153
v 0.041215 -0.732872 0.534281
v -0.034028 -0.766880 0.411611
v 0.033869 -0.766610 0.411567
v -0.359192 -0.584445 0.580475
v -0.396274 -0.457330 0.631331
v -0.326557 -0.565553 0.633421
v -0.340855 -0.494555 0.652094
v -0.413332 -0.542180 0.553586
v -0.434460 -0.483889 0.582911
v -0.431538 -0.564409 -0.381106
v -0.544572 -0.517448 -0.343050
v -0.456253 -0.573626 -0.319995
v -0.513033 -0.550275 -0.301646
v -0.463607 -0.532255 -0.424841
v -0.520019 -0.507966 -0.405511
v -0.062412 -0.655107 -0.417356
v 0.062403 -0.655098 -0.417377
v -0.031782 -0.633867 -0.468446
v 0.031785 -0.633866 -0.468449
v -0.030836 -0.676257 -0.361623
v 0.030820 -0.676249 -0.361613
v -0.345016 -0.526609 -0.548458
v -0.396093 -0.445807 -0.628418
v -0.312988 -0.509771 -0.599044
v -0.337552 -0.469218 -0.638791
v -0.404707 -0.506870 -0.537950
v -0.430530 -0.466824 -0.577906
v -0.732965 -0.438116 -0.062093
v -0.739423 -0.442810 0.071168
v -0.702738 -0.480540 -0.028583
v -0.706029 -0.483213 0.037819
v -0.766569 -0.392597 -0.029298
v -0.769753 -0.394744 0.037407
v -0.620257 -0.389058 -0.455146
v -0.557256 -0.351297 -0.570047
v -0.639229 -0.336842 -0.488303
v -0.606643 -0.316610 -0.544601
v -0.571084 -0.423513 -0.480543
v -0.538542 -0.404519 -0.537190
v -0.805220 -0.285649 -0.161902
v -0.856355 -0.175885 -0.095093
v -0.818297 -0.228604 -0.193295
v -0.845673 -0.174564 -0.159453
v -0.815698 -0.288001 -0.096294
v -0.842267 -0.233382 -0.063160
v -0.629144 -0.395015 0.456487
v -0.564771 -0.355983 0.572285
v -0.647031 -0.340415 0.489338
v -0.616645 -0.321965 0.549952
v -0.579767 -0.433583 0.483597
v -0.547147 -0.414372 0.540251
v -0.814220 -0.289052 0.169950
v -0.866793 -0.178764 0.101186
v -0.831523 -0.232833 0.201946
v -0.855941 -0.176926 0.167154
v -0.825527 -0.292735 0.103417
v -0.848569 -0.236140 0.069180
v 0.448092 -0.609062 0.403281
v 0.563386 -0.548046 0.356954
v 0.477001 -0.614853 0.343426
v 0.536255 -0.588321 0.322342
v 0.478211 -0.571112 0.441412
v 0.534151 -0.536313 0.416648
v 0.359547 -0.584381 0.580562
v 0.396390 -0.457451 0.631679
v 0.326374 -0.565736 0.633295
v 0.340071 -0.494726 0.651523
v 0.413288 -0.542509 0.553904
v 0.434355 -0.484119 0.582695
v 0.431542 -0.564335 -0.381034
v 0.544584 -0.517435 -0.343062
v 0.456175 -0.573581 -0.319876
v 0.513029 -0.550230 -0.301664
v 0.463649 -0.532271 -0.424889
v 0.520048 -0.507975 -0.405546
v 0.345000 -0.526623 -0.548452
v 0.396083 -0.445804 -0.628420
v 0.312982 -0.509765 -0.599040
v 0.337549 -0.469216 -0.638787
v 0.404695 -0.506868 -0.537948
v 0.430526 -0.466816 -0.577913
v 0.732975 -0.438132 -0.062098
v 0.739399 -0.442808 0.071165
v 0.702789 -0.480601 -0.028594
v 0.706012 -0.483224 0.037818
v 0.766604 -0.392616 -0.029297
v 0.769763 -0.394742 0.037411
v 0.620253 -0.389058 -0.455145
v 0.557258 -0.351291 -0.570045
v 0.639233 -0.336838 -0.488301
v 0.606649 -0.316608 -0.544600
v 0.571100 -0.423530 -0.480568
v 0.538525 -0.404498 -0.537182
v 0.805228 -0.285651 -0.161900
v 0.856358 -0.175884 -0.095093
v 0.818320 -0.228614 -0.193304
v 0.845674 -0.174565 -0.159455
v 0.815707 -0.288006 -0.096294
v 0.842269 -0.233382 -0.063159
v 0.629130 -0.395013 0.456458
v 0.564919 -0.355908 0.572232
v 0.647040 -0.340422 0.489350
v 0.616656 -0.321972 0.549961
v 0.579787 -0.433588 0.483611
v 0.547232 -0.414160 0.540358
v 0.814236 -0.289061 0.169957
v 0.866793 -0.178762 0.101185
v 0.831509 -0.232824 0.201945
v 0.855936 -0.176926 0.167152
v 0.825496 -0.292722 0.103419
v 0.848564 -0.236139 0.069179
v 0.180851 -0.103681 0.868102
v 0.296063 -0.172060 0.824266
v 0.180780 -0.168846 0.859373
v 0.237940 -0.201953 0.836394
v 0.239995 -0.070728 0.855078
v 0.297666 -0.105559 0.833915
v -0.180846 -0.103685 0.868106
v -0.296118 -0.172023 0.824235
v -0.180835 -0.168803 0.859370
v -0.237929 -0.201948 0.836382
v -0.239985 -0.070735 0.855080
v -0.297689 -0.105559 0.833911
v 0.181773 0.099977 0.868135
v 0.297144 0.170691 0.825123
v 0.181796 0.167074 0.860497
v 0.238795 0.201578 0.837274
v 0.240675 0.067291 0.855368
v 0.298653 0.102775 0.834287
v -0.181772 0.099975 0.868137
v -0.297142 0.170691 0.825124
v -0.181793 0.167071 0.860499
v -0.238794 0.201577 0.837275
v -0.240673 0.067291 0.855368
v -0.298650 0.102774 0.834287
v 0.459939 -0.072684 0.763476
v 0.460589 0.070898 0.763607
v 0.509272 -0.036573 0.734288
v 0.509724 0.035135 0.734547
v 0.409309 -0.036896 0.792988
v 0.409670 0.034692 0.793172
v -0.459938 -0.072693 0.763474
v -0.460599 0.070902 0.763625
v -0.509275 -0.036578 0.734284
v -0.509715 0.035134 0.734534
v -0.409307 -0.036902 0.792988
v -0.409669 0.034692 0.793173
v 0.182751 -0.100061 -0.866388
v 0.298136 -0.171139 -0.826132
v 0.181786 -0.167219 -0.857943
v 0.239808 -0.202546 -0.837484
v 0.242040 -0.066577 -0.854194
v 0.299724 -0.102010 -0.835311
v -0.182751 -0.100057 -0.866390
v -0.298138 -0.171139 -0.826133
v -0.181786 -0.167218 -0.857945
v -0.239809 -0.202546 -0.837486
v -0.242041 -0.066576 -0.854195
v -0.299727 -0.102009 -0.835313
v 0.181563 0.103426 -0.866059
v 0.295489 0.172494 -0.825054
v 0.179734 0.168165 -0.856354
v 0.236825 0.202592 -0.835513
v 0.241382 0.071310 -0.854869
v 0.298244 0.106284 -0.835423
v -0.181558 0.103428 -0.866059
v -0.295484 0.172498 -0.825055
v -0.179727 0.168168 -0.856355
v -0.236816 0.202597 -0.835495
v -0.241379 0.071313 -0.854869
v -0.298239 0.106286 -0.835424
v 0.458844 -0.068618 -0.761014
v 0.458744 0.072282 -0.761601
v 0.508338 -0.033527 -0.732226
v 0.508512 0.037198 -0.732603
v 0.408202 -0.032820 -0.791010
v 0.408147 0.037521 -0.791395
v -0.458843 -0.068621 -0.761019
v -0.458741 0.072280 -0.761601
v -0.508336 -0.033530 -0.732230
v -0.508510 0.037196 -0.732603
v -0.408201 -0.032822 -0.791012
v -0.408144 0.037519 -0.791395
v -0.363221 0.685378 0.046721
v -0.364116 0.686786 -0.038745
v -0.304823 0.706532 0.049687
v -0.305742 0.707991 -0.041456
v -0.449710 0.648542 0.075262
v -0.339623 0.688947 0.094101
v -0.433844 0.648125 0.128001
v -0.451506 0.651725 -0.068810
v -0.340612 0.691612 -0.087455
v -0.435671 0.652481 -0.121740
v -0.504352 0.630668 0.002738
v -0.490318 0.631617 -0.106297
v -0.546377 0.607577 -0.026266
v -0.488041 0.626943 0.112096
v -0.546174 0.606468 0.032210
v 0.363228 0.685391 0.046729
v 0.364120 0.686809 -0.038756
v 0.304823 0.706547 0.049686
v 0.305706 0.707991 -0.041464
v 0.449714 0.648538 0.075262
v 0.339612 0.688954 0.094121
v 0.433844 0.648124 0.127994
v 0.451528 0.651750 -0.068804
v 0.340534 0.691719 -0.087480
v 0.435614 0.652571 -0.121783
v 0.504366 0.630672 0.002737
v 0.490318 0.631597 -0.106272
v 0.546367 0.607588 -0.026269
v 0.488042 0.626946 0.112081
v 0.546160 0.606440 0.032209
v -0.368080 -0.695805 0.048712
v -0.368312 -0.695835 -0.040426
v -0.309907 -0.717327 0.053174
v -0.313046 -0.725138 -0.044113
v -0.455566 -0.660539 0.077266
v -0.344780 -0.702341 0.099152
v -0.440642 -0.663485 0.132593
v -0.451324 -0.651474 -0.069122
v -0.347421 -0.709318 -0.091090
v -0.434002 -0.651513 -0.121863
v -0.505518 -0.634481 0.003235
v -0.489016 -0.627341 -0.106156
v -0.545805 -0.607453 -0.025506
v -0.495242 -0.640100 0.115577
v -0.548228 -0.610527 0.033153
v 0.368236 -0.695752 0.048686
v 0.368261 -0.695791 -0.040362
v 0.309672 -0.717470 0.053022
v 0.312979 -0.725104 -0.044147
v 0.455589 -0.660494 0.077240
v 0.344527 -0.702157 0.099411
v 0.440595 -0.663503 0.132585
v 0.451306 -0.651523 -0.069099
v 0.347431 -0.709247 -0.091108
v 0.434048 -0.651501 -0.121920
v 0.505525 -0.634521 0.003230
v 0.488982 -0.627333 -0.106177
v 0.545816 -0.607476 -0.025498
v 0.495347 -0.640149 0.115566
v 0.548236 -0.610557 0.033149
v 0.000230 -0.555117 0.722069
v -0.080703 -0.494824 0.740809
v -0.034094 -0.606774 0.702569
v -0.122666 -0.542159 0.721916
v 0.080836 -0.494696 0.741153
v 0.033946 -0.606681 0.702614
v 0.122447 -0.542098 0.722143
v 0.049713 -0.400577 0.782502
v -0.049768 -0.400604 0.782284
v 0.055739 -0.343105 0.810550
v -0.055779 -0.343098 0.810615
v 0.138285 -0.476776 0.739458
v 0.106168 -0.375395 0.790687
v -0.138084 -0.476949 0.740047
v -0.106165 -0.375090 0.790535
v -0.000006 0.514300 0.693645
v -0.082034 0.477248 0.732721
v -0.030968 0.540975 0.653676
v -0.119526 0.502424 0.695755
v 0.082030 0.477247 0.732717
v 0.030963 0.540973 0.653679
v 0.119523 0.502419 0.695748
v 0.051293 0.403302 0.788557
v -0.051292 0.403302 0.788556
v 0.056114 0.348874 0.816207
v -0.056112 0.348877 0.816206
v 0.140008 0.461102 0.733666
v 0.108496 0.380780 0.798036
v -0.140006 0.461097 0.733663
v -0.108496 0.380782 0.798034
v 0.000001 -0.506667 -0.691058
v -0.081685 -0.473162 -0.729982
v -0.031018 -0.531977 -0.651601
v -0.119825 -0.497714 -0.693836
v 0.081686 -0.473162 -0.729983
v 0.031025 -0.531974 -0.651597
v 0.119830 -0.497736 -0.693847
v 0.050297 -0.402397 -0.787641
v -0.050294 -0.402385 -0.787627
v 0.054697 -0.348742 -0.815927
v -0.054693 -0.348726 -0.815877
v 0.140788 -0.459504 -0.731570
v 0.106596 -0.379179 -0.792627
v -0.140791 -0.459506 -0.731564
v -0.106588 -0.379155 -0.792585
v 0.000091 0.513957 -0.693083
v -0.081406 0.470435 -0.728316
v -0.031052 0.551657 -0.659952
v -0.117824 0.498648 -0.692510
v 0.081173 0.470269 -0.728301
v 0.031042 0.551572 -0.659922
v 0.118245 0.499108 -0.692604
v 0.049971 0.398538 -0.785500
v -0.049969 0.398525 -0.785507
v 0.054186 0.345133 -0.814109
v -0.054185 0.345137 -0.814155
v 0.140536 0.456736 -0.730095
v 0.105722 0.375675 -0.790406
v -0.140698 0.456879 -0.730028
v -0.105713 0.375680 -0.790409
v 0.737912 0.081553 -0.492185
v 0.785032 0.049717 -0.408074
v 0.734570 0.138400 -0.474102
v 0.785885 0.103027 -0.381727
v 0.737418 -0.080150 -0.491536
v 0.784659 -0.048249 -0.407659
v 0.734528 -0.138837 -0.473772
v 0.785479 -0.102872 -0.381297
v 0.711018 0.001307 -0.544340
v 0.706150 -0.120437 -0.526817
v 0.676528 -0.031151 -0.583146
v 0.706560 0.120409 -0.527110
v 0.676935 0.033166 -0.583554
v 0.806610 0.053120 -0.348595
v 0.806175 -0.052203 -0.348317
v 0.749403 0.081680 0.494631
v 0.805898 0.051110 0.411135
v 0.748181 0.140217 0.476076
v 0.808278 0.106829 0.385545
v 0.748264 -0.082848 0.494471
v 0.804631 -0.051071 0.410955
v 0.746865 -0.142540 0.476416
v 0.806993 -0.108029 0.385609
v 0.718795 -0.000415 0.549537
v 0.714229 -0.123166 0.530277
v 0.683178 -0.033361 0.590062
v 0.715616 0.120820 0.530283
v 0.683801 0.031929 0.590527
v 0.830829 0.055574 0.353660
v 0.829895 -0.055553 0.353566
v -0.737920 0.081555 -0.492184
v -0.785059 0.049729 -0.408067
v -0.734573 0.138409 -0.474104
v -0.785919 0.103066 -0.381699
v -0.737417 -0.080157 -0.491533
v -0.784656 -0.048249 -0.407663
v -0.734529 -0.138843 -0.473769
v -0.785479 -0.102872 -0.381302
v -0.711013 0.001305 -0.544339
v -0.706151 -0.120440 -0.526814
v -0.676525 -0.031151 -0.583144
v -0.706566 0.120408 -0.527109
v -0.676924 0.033167 -0.583548
v -0.806454 0.053108 -0.348553
v -0.806175 -0.052196 -0.348307
v -0.749401 0.081674 0.494634
v -0.805890 0.051096 0.411121
v -0.748177 0.140207 0.476082
v -0.808260 0.106816 0.385532
v -0.748261 -0.082847 0.494466
v -0.804631 -0.051070 0.410954
v -0.746867 -0.142540 0.476410
v -0.806994 -0.108029 0.385607
v -0.718796 -0.000414 0.549541
v -0.714230 -0.123168 0.530273
v -0.683176 -0.033362 0.590065
v -0.715610 0.120816 0.530286
v -0.683798 0.031928 0.590531
v -0.830820 0.055549 0.353670
v -0.829903 -0.055560 0.353552
v -0.054930 0.789160 0.032667
v -0.053180 0.796277 -0.033628
v -0.109438 0.772604 0.041837
v -0.111226 0.776658 -0.038459
v 0.054932 0.789156 0.032664
v 0.053201 0.796306 -0.033654
v 0.109447 0.772620 0.041854
v 0.111145 0.776629 -0.038445
v -0.000001 0.787344 0.061582
v -0.090219 0.768634 0.083078
v -0.023118 0.765682 0.124384
v 0.000019 0.808373 -0.066878
v -0.089029 0.780783 -0.082233
v -0.022172 0.792814 -0.127268
v 0.090220 0.768624 0.083072
v 0.023125 0.765696 0.124373
v 0.088916 0.780791 -0.082156
v 0.022150 0.792756 -0.127214
v -0.244941 0.669744 0.306121
v -0.344319 0.627311 0.352210
v -0.269146 0.678797 0.251091
v -0.369766 0.636256 0.296677
v -0.161197 0.625682 0.465644
v -0.257894 0.587576 0.512261
v -0.129890 0.607991 0.516285
v -0.225458 0.569903 0.561996
v -0.156252 0.668021 0.360635
v -0.206955 0.695305 0.252207
v -0.120945 0.693378 0.305207
v -0.350838 0.587451 0.453580
v -0.406134 0.609555 0.342876
v -0.411803 0.569042 0.442467
v -0.097166 0.633334 0.466583
v -0.093660 0.675881 0.360242
v -0.287553 0.554815 0.556898
v -0.382086 0.555868 0.497954
v -0.239346 0.695489 -0.329594
v -0.337824 0.640054 -0.358726
v -0.265878 0.693364 -0.261380
v -0.367663 0.648083 -0.298556
v -0.172871 0.701455 -0.506663
v -0.253516 0.608787 -0.524440
v -0.136093 0.656499 -0.542545
v -0.223645 0.586238 -0.571217
v -0.190021 0.816579 -0.432992
v -0.204114 0.715765 -0.272448
v -0.127717 0.747429 -0.349516
v -0.344905 0.596660 -0.458711
v -0.405040 0.620028 -0.344517
v -0.410864 0.573779 -0.446269
v -0.111666 0.701649 -0.501411
v -0.109873 0.758636 -0.406229
v -0.284250 0.561599 -0.560756
v -0.378271 0.556596 -0.499392
v -0.616207 0.498718 -0.255227
v -0.681410 0.473334 -0.160551
v -0.589598 0.538888 -0.218811
v -0.653331 0.513970 -0.125989
v -0.685414 0.358030 -0.361043
v -0.747528 0.323838 -0.262315
v -0.703990 0.305840 -0.394156
v -0.763210 0.269256 -0.294314
v -0.619828 0.446326 -0.356961
v -0.568320 0.530741 -0.282255
v -0.572939 0.481567 -0.384864
v -0.747753 0.385311 -0.163164
v -0.695990 0.479329 -0.095280
v -0.760247 0.389556 -0.097041
v -0.663007 0.347522 -0.426035
v -0.597420 0.436928 -0.421787
v -0.784410 0.276394 -0.228292
v -0.785201 0.338033 -0.130523
v -0.633471 0.511421 0.262845
v -0.693630 0.480336 0.169777
v -0.600498 0.545338 0.226028
v -0.661645 0.517861 0.134970
v -0.707036 0.369952 0.365738
v -0.767548 0.332948 0.269586
v -0.723842 0.315239 0.397580
v -0.786009 0.278673 0.301269
v -0.637059 0.459996 0.360268
v -0.580849 0.540890 0.287892
v -0.585935 0.495232 0.386593
v -0.758412 0.390048 0.170947
v -0.703447 0.483624 0.104247
v -0.769571 0.395284 0.104990
v -0.678270 0.355839 0.428352
v -0.608893 0.446675 0.422084
v -0.802491 0.283416 0.235812
v -0.794443 0.342436 0.137547
v 0.244942 0.669743 0.306126
v 0.344318 0.627295 0.352224
v 0.269150 0.678807 0.251092
v 0.369762 0.636257 0.296674
v 0.161181 0.625678 0.465624
v 0.257900 0.587579 0.512262
v 0.129888 0.607964 0.516275
v 0.225460 0.569901 0.561990
v 0.156254 0.668022 0.360632
v 0.206955 0.695290 0.252193
v 0.120938 0.693382 0.305205
v 0.097173 0.633340 0.466592
v 0.093658 0.675887 0.360242
v 0.350861 0.587491 0.453605
v 0.406129 0.609563 0.342867
v 0.411791 0.569010 0.442452
v 0.287558 0.554808 0.556894
v 0.382078 0.555865 0.497947
v 0.238933 0.695086 -0.329594
v 0.338100 0.640125 -0.358405
v 0.265966 0.693624 -0.261466
v 0.368328 0.648608 -0.299067
v 0.173291 0.701476 -0.506855
v 0.253857 0.608878 -0.524398
v 0.136216 0.656649 -0.542768
v 0.224256 0.587119 -0.572087
v 0.190054 0.816599 -0.433107
v 0.204622 0.716196 -0.272504
v 0.127779 0.747229 -0.349378
v 0.111758 0.701691 -0.501448
v 0.109890 0.758174 -0.406070
v 0.345018 0.596824 -0.459005
v 0.404549 0.619538 -0.344659
v 0.410629 0.573730 -0.446108
v 0.284565 0.562005 -0.561013
v 0.378450 0.556473 -0.499182
v 0.616235 0.498766 -0.255258
v 0.681395 0.473364 -0.160522
v 0.589601 0.538881 -0.218821
v 0.653338 0.513968 -0.125996
v 0.685405 0.358037 -0.361043
v 0.747454 0.323806 -0.262306
v 0.703986 0.305847 -0.394159
v 0.763228 0.269294 -0.294306
v 0.619798 0.446297 -0.356949
v 0.568336 0.530743 -0.282260
v 0.572931 0.481567 -0.384864
v 0.747758 0.385322 -0.163179
v 0.695996 0.479329 -0.095287
v 0.760242 0.389552 -0.097046
v 0.663004 0.347557 -0.426041
v 0.597422 0.436949 -0.421779
v 0.784391 0.276384 -0.228306
v 0.785246 0.338059 -0.130535
v 0.633476 0.511437 0.262847
v 0.693607 0.480317 0.169770
v 0.600456 0.545324 0.226008
v 0.661603 0.517829 0.134963
v 0.707043 0.369955 0.365749
v 0.767539 0.332944 0.269585
v 0.723837 0.315243 0.397575
v 0.785999 0.278672 0.301268
v 0.637064 0.460001 0.360279
v 0.580825 0.540865 0.287882
v 0.585947 0.495234 0.386594
v 0.758409 0.390042 0.170946
v 0.703440 0.483622 0.104247
v 0.769569 0.395272 0.104991
v 0.678299 0.355858 0.428362
v 0.608898 0.446695 0.422089
v 0.802490 0.283416 0.235815
v 0.794458 0.342444 0.137554
v -0.053196 -0.808925 0.062593
v -0.063197 -0.793100 -0.017498
v -0.110746 -0.789117 0.060696
v -0.120732 -0.783556 -0.032565
v 0.053228 -0.808913 0.062582
v 0.063175 -0.793125 -0.017500
v 0.110696 -0.789090 0.060669
v 0.120646 -0.783630 -0.032571
v -0.000015 -0.819737 0.101061
v -0.085897 -0.795595 0.105995
v -0.017556 -0.812470 0.147935
v -0.000020 -0.781620 -0.058037
v -0.102909 -0.778390 -0.080182
v -0.026490 -0.759728 -0.125674
v 0.085825 -0.795595 0.106003
v 0.017535 -0.812280 0.147987
v 0.102979 -0.778370 -0.080185
v 0.026510 -0.759726 -0.125677
v -0.251236 -0.716241 0.338244
v -0.351969 -0.668354 0.377232
v -0.274192 -0.713097 0.272703
v -0.376524 -0.666360 0.313156
v -0.203429 -0.805801 0.557238
v -0.291758 -0.705653 0.589292
v -0.166085 -0.792190 0.625412
v -0.272099 -0.708921 0.664491
v -0.166640 -0.747720 0.414724
v -0.210452 -0.735643 0.279229
v -0.125214 -0.759149 0.347083
v -0.361821 -0.640878 0.487105
v -0.413939 -0.640519 0.360146
v -0.418784 -0.602932 0.463206
v -0.118931 -0.768849 0.546346
v -0.101359 -0.761916 0.412986
v -0.311747 -0.637859 0.615692
v -0.389303 -0.595247 0.522505
v -0.246966 -0.684065 -0.309586
v -0.338424 -0.620736 -0.346283
v -0.278684 -0.716467 -0.263009
v -0.365077 -0.634838 -0.289859
v -0.158259 -0.617565 -0.466181
v -0.253407 -0.575136 -0.510326
v -0.127684 -0.598237 -0.514726
v -0.222554 -0.558019 -0.559443
v -0.154990 -0.665810 -0.360669
v -0.215638 -0.737025 -0.267890
v -0.122749 -0.695502 -0.307159
v -0.344402 -0.572871 -0.451360
v -0.397665 -0.596977 -0.335028
v -0.405131 -0.554006 -0.440379
v -0.094903 -0.626227 -0.466408
v -0.092702 -0.672613 -0.361913
v -0.284696 -0.544178 -0.555829
v -0.375777 -0.541269 -0.495371
v -0.617116 -0.498082 -0.253315
v -0.682288 -0.473484 -0.158958
v -0.589060 -0.534827 -0.216585
v -0.653673 -0.512153 -0.124939
v -0.686035 -0.359791 -0.359542
v -0.748105 -0.325822 -0.260648
v -0.704624 -0.308298 -0.393189
v -0.763829 -0.271658 -0.293103
v -0.620712 -0.446935 -0.355053
v -0.567430 -0.526478 -0.279664
v -0.573368 -0.480952 -0.382744
v -0.748245 -0.387208 -0.161391
v -0.696585 -0.479033 -0.094249
v -0.760416 -0.391160 -0.095714
v -0.663696 -0.349692 -0.425102
v -0.598369 -0.437701 -0.420121
v -0.784954 -0.278898 -0.227133
v -0.785045 -0.340054 -0.129164
v -0.635239 -0.516496 0.265906
v -0.693038 -0.480847 0.169893
v -0.605755 -0.555283 0.231397
v -0.662965 -0.520545 0.135926
v -0.705553 -0.370841 0.365805
v -0.766289 -0.334587 0.269963
v -0.722338 -0.316848 0.397643
v -0.784669 -0.280798 0.301798
v -0.636408 -0.461440 0.361685
v -0.588401 -0.554474 0.295465
v -0.585684 -0.498601 0.389602
v -0.757190 -0.390884 0.170647
v -0.703887 -0.484201 0.104140
v -0.768452 -0.396035 0.104280
v -0.677052 -0.356761 0.427912
v -0.608312 -0.448134 0.423007
v -0.801290 -0.285370 0.236461
v -0.793276 -0.344052 0.137247
v 0.251364 -0.716556 0.338301
v 0.351895 -0.668519 0.377070
v 0.274206 -0.712982 0.272573
v 0.376731 -0.666771 0.313185
v 0.205597 -0.805351 0.557332
v 0.291825 -0.705768 0.588736
v 0.167392 -0.792122 0.625288
v 0.271321 -0.709889 0.664398
v 0.167218 -0.747629 0.414752
v 0.210622 -0.735593 0.279069
v 0.124751 -0.758813 0.346968
v 0.119853 -0.769995 0.546476
v 0.101664 -0.762537 0.413210
v 0.361721 -0.640975 0.487336
v 0.413856 -0.640476 0.360599
v 0.418442 -0.602316 0.462701
v 0.311729 -0.638371 0.615997
v 0.389094 -0.595241 0.522704
v 0.246942 -0.684135 -0.309463
v 0.338389 -0.620535 -0.346112
v 0.278977 -0.717456 -0.263347
v 0.364972 -0.634318 -0.289752
v 0.158254 -0.617544 -0.466198
v 0.253389 -0.575120 -0.510316
v 0.127678 -0.598240 -0.514723
v 0.222543 -0.558026 -0.559437
v 0.154905 -0.665670 -0.360684
v 0.215492 -0.736824 -0.267763
v 0.122812 -0.695455 -0.307071
v 0.094900 -0.626208 -0.466406
v 0.092741 -0.672607 -0.361828
v 0.344447 -0.572875 -0.451423
v 0.397682 -0.597093 -0.335413
v 0.405134 -0.554004 -0.440367
v 0.284681 -0.544188 -0.555821
v 0.375764 -0.541259 -0.495358
v 0.617113 -0.498091 -0.253317
v 0.682298 -0.473486 -0.158959
v 0.589059 -0.534804 -0.216573
v 0.653675 -0.512156 -0.124935
v 0.686036 -0.359790 -0.359542
v 0.748099 -0.325821 -0.260646
v 0.704619 -0.308296 -0.393187
v 0.763828 -0.271657 -0.293103
v 0.620697 -0.446917 -0.355043
v 0.567449 -0.526474 -0.279672
v 0.573318 -0.480916 -0.382701
v 0.748241 -0.387214 -0.161387
v 0.696577 -0.479023 -0.094251
v 0.760371 -0.391119 -0.095706
v 0.663694 -0.349694 -0.425098
v 0.598377 -0.437689 -0.420131
v 0.784954 -0.278895 -0.227132
v 0.785053 -0.340059 -0.129171
v 0.635208 -0.516516 0.265914
v 0.693046 -0.480860 0.169903
v 0.605752 -0.555319 0.231384
v 0.662953 -0.520552 0.135933
v 0.705553 -0.370855 0.365810
v 0.766295 -0.334591 0.269967
v 0.722324 -0.316851 0.397651
v 0.784673 -0.280797 0.301805
v 0.636349 -0.461401 0.361665
v 0.588399 -0.554549 0.295432
v 0.585734 -0.498570 0.389545
v 0.757197 -0.390885 0.170648
v 0.703876 -0.484194 0.104130
v 0.768449 -0.396027 0.104286
v 0.677041 -0.356762 0.427919
v 0.608272 -0.448053 0.422974
v 0.801286 -0.285364 0.236465
v 0.793276 -0.344054 0.137247
v 0.060785 -0.101846 0.883692
v -0.060761 -0.101852 0.883694
v 0.060915 -0.165914 0.874778
v -0.060915 -0.165902 0.874780
v 0.061226 0.097986 0.884277
v -0.061224 0.097985 0.884278
v 0.061418 0.163784 0.876810
v -0.061417 0.163784 0.876811
v 0.121243 -0.002229 0.882479
v 0.121384 -0.135308 0.875030
v 0.180995 -0.036239 0.871552
v -0.121242 -0.002231 0.882479
v -0.121370 -0.135303 0.875036
v -0.180985 -0.036246 0.871553
v 0.122305 0.132088 0.876183
v 0.181362 0.032162 0.872160
v -0.122303 0.132087 0.876185
v -0.181360 0.032161 0.872162
v 0.375163 -0.363022 0.705962
v 0.344725 -0.268199 0.775726
v 0.314665 -0.393970 0.716319
v 0.283575 -0.296092 0.782879
v 0.539366 -0.269799 0.653304
v 0.503709 -0.175645 0.717933
v 0.588808 -0.236703 0.628767
v 0.552371 -0.141049 0.690432
v 0.470665 -0.361439 0.642780
v 0.356798 -0.427225 0.676334
v 0.452883 -0.422632 0.612185
v 0.579594 -0.297380 0.603467
v 0.509127 -0.388803 0.592265
v 0.405574 -0.175985 0.779001
v 0.293140 -0.235248 0.808842
v 0.353082 -0.140783 0.808490
v 0.507231 -0.107344 0.728666
v 0.408013 -0.107680 0.788675
v -0.374978 -0.362816 0.706140
v -0.344632 -0.268256 0.775797
v -0.314550 -0.394363 0.716146
v -0.283700 -0.296156 0.782824
v -0.539350 -0.269814 0.653352
v -0.503710 -0.175621 0.717941
v -0.588857 -0.236716 0.628789
v -0.552357 -0.141032 0.690442
v -0.470672 -0.361562 0.642839
v -0.356787 -0.427522 0.676055
v -0.453032 -0.422722 0.611839
v -0.579561 -0.297386 0.603524
v -0.509518 -0.388847 0.592540
v -0.405601 -0.175920 0.779009
v -0.293019 -0.235292 0.808904
v -0.353129 -0.140760 0.808473
v -0.507219 -0.107341 0.728670
v -0.408008 -0.107691 0.788675
v 0.379241 0.366203 0.712941
v 0.344661 0.270801 0.777485
v 0.320384 0.393263 0.722210
v 0.285977 0.299500 0.787359
v 0.539334 0.270279 0.654808
v 0.504322 0.174876 0.718445
v 0.589329 0.235989 0.629656
v 0.552967 0.139574 0.690375
v 0.472566 0.362632 0.646502
v 0.361319 0.423899 0.679190
v 0.454380 0.419098 0.612828
v 0.579672 0.297709 0.605419
v 0.510643 0.388863 0.595133
v 0.406334 0.174573 0.779489
v 0.293725 0.236367 0.810100
v 0.353964 0.138567 0.808693
v 0.507973 0.105861 0.728843
v 0.408819 0.105473 0.788797
v -0.379244 0.366205 0.712944
v -0.344664 0.270801 0.777484
v -0.320387 0.393264 0.722208
v -0.285981 0.299503 0.787359
v -0.539339 0.270286 0.654823
v -0.504290 0.174833 0.718366
v -0.589324 0.235984 0.629660
v -0.552967 0.139578 0.690376
v -0.472559 0.362645 0.646506
v -0.361313 0.423885 0.679177
v -0.454342 0.419065 0.612793
v -0.579680 0.297723 0.605436
v -0.510653 0.388887 0.595162
v -0.406337 0.174573 0.779494
v -0.293725 0.236366 0.810099
v -0.353965 0.138565 0.808693
v -0.507965 0.105861 0.728834
v -0.408819 0.105471 0.788795
v 0.061076 -0.097688 -0.883878
v -0.061075 -0.097687 -0.883878
v 0.060656 -0.163514 -0.876356
v -0.060653 -0.163514 -0.876357
v 0.060825 0.101367 -0.883136
v -0.060826 0.101368 -0.883135
v 0.060098 0.164837 -0.874401
v -0.060097 0.164844 -0.874400
v 0.122296 0.002791 -0.881430
v 0.121937 -0.132146 -0.874338
v 0.182802 -0.031536 -0.869817
v -0.122298 0.002792 -0.881427
v -0.121936 -0.132144 -0.874340
v -0.182802 -0.031534 -0.869817
v 0.120905 0.134451 -0.872961
v 0.182481 0.036651 -0.870214
v -0.120900 0.134454 -0.872961
v -0.182480 0.036652 -0.870210
v 0.374657 -0.363226 -0.706539
v 0.343029 -0.271021 -0.775740
v 0.317168 -0.391106 -0.717866
v 0.286305 -0.301795 -0.789132
v 0.536859 -0.269631 -0.652896
v 0.503452 -0.174222 -0.717342
v 0.583853 -0.234257 -0.624954
v 0.551249 -0.139332 -0.689120
v 0.471664 -0.363423 -0.647062
v 0.357469 -0.418941 -0.673941
v 0.452458 -0.418204 -0.613923
v 0.572564 -0.294412 -0.599740
v 0.505489 -0.384986 -0.593120
v 0.404419 -0.172691 -0.776367
v 0.293858 -0.237442 -0.810620
v 0.353497 -0.137474 -0.808155
v 0.506795 -0.104590 -0.727375
v 0.407316 -0.103360 -0.786980
v -0.374660 -0.363225 -0.706536
v -0.343030 -0.271020 -0.775736
v -0.317172 -0.391107 -0.717863
v -0.286308 -0.301797 -0.789129
v -0.536860 -0.269629 -0.652894
v -0.503451 -0.174224 -0.717348
v -0.583854 -0.234257 -0.624955
v -0.551247 -0.139336 -0.689136
v -0.471666 -0.363420 -0.647062
v -0.357473 -0.418939 -0.673938
v -0.452457 -0.418207 -0.613919
v -0.572561 -0.294412 -0.599740
v -0.505487 -0.384984 -0.593111
v -0.404418 -0.172692 -0.776369
v -0.293859 -0.237442 -0.810619
v -0.353497 -0.137475 -0.808157
v -0.506794 -0.104596 -0.727387
v -0.407316 -0.103361 -0.786986
v 0.373081 0.361767 -0.705021
v 0.340398 0.270191 -0.773874
v 0.316148 0.389559 -0.716493
v 0.283638 0.300331 -0.787095
v 0.535984 0.267520 -0.651648
v 0.502822 0.174184 -0.716388
v 0.583199 0.231894 -0.623859
v 0.551452 0.139918 -0.688930
v 0.469979 0.362043 -0.645859
v 0.357199 0.417506 -0.672575
v 0.451688 0.416799 -0.613466
v 0.571552 0.291972 -0.599041
v 0.504190 0.383612 -0.592920
v 0.402792 0.173919 -0.775398
v 0.290871 0.236938 -0.808930
v 0.351642 0.140032 -0.807068
v 0.506797 0.106848 -0.727642
v 0.406457 0.106641 -0.786699
v -0.373056 0.361754 -0.704993
v -0.340400 0.270195 -0.773892
v -0.316183 0.389630 -0.716564
v -0.283618 0.300325 -0.787073
v -0.535982 0.267510 -0.651637
v -0.502825 0.174179 -0.716388
v -0.583195 0.231876 -0.623846
v -0.551453 0.139916 -0.688931
v -0.469978 0.362048 -0.645862
v -0.357180 0.417487 -0.672507
v -0.451677 0.416811 -0.613480
v -0.571546 0.291966 -0.599032
v -0.504196 0.383626 -0.592941
v -0.402791 0.173920 -0.775397
v -0.290862 0.236949 -0.808922
v -0.351641 0.140034 -0.807072
v -0.506800 0.106847 -0.727643
v -0.406457 0.106640 -0.786700
v 0.880271 0.058676 -0.093357
v 0.879274 -0.058797 -0.093444
v 0.869699 0.057974 -0.156290
v 0.868913 -0.058137 -0.156454
v 0.890527 0.060061 0.097720
v 0.889879 -0.059193 0.098446
v 0.879920 0.059528 0.163299
v 0.879266 -0.058904 0.163939
v 0.881389 0.117868 0.001528
v 0.866579 0.116083 -0.125679
v 0.865094 0.175112 -0.030782
v 0.876891 0.118647 0.131513
v 0.867592 0.176334 0.034447
v 0.880599 -0.118584 0.002057
v 0.865189 -0.117276 -0.125978
v 0.864051 -0.176840 -0.030283
v 0.876206 -0.118981 0.132646
v 0.866744 -0.177858 0.035187
v -0.880267 0.058683 -0.093361
v -0.879272 -0.058800 -0.093443
v -0.869694 0.057971 -0.156298
v -0.868910 -0.058139 -0.156449
v -0.890525 0.060066 0.097719
v -0.889886 -0.059186 0.098448
v -0.879923 0.059524 0.163302
v -0.879269 -0.058902 0.163935
v -0.881389 0.117884 0.001533
v -0.866583 0.116075 -0.125677
v -0.865097 0.175111 -0.030782
v -0.876889 0.118652 0.131505
v -0.867592 0.176334 0.034456
v -0.880598 -0.118590 0.002055
v -0.865118 -0.117264 -0.125976
v -0.864053 -0.176843 -0.030288
v -0.876204 -0.118975 0.132649
v -0.866744 -0.177859 0.035188
v -0.213981 0.731592 0.096578
v -0.253470 0.710131 0.146967
v -0.215291 0.736387 -0.091878
v -0.254109 0.715340 -0.146075
v -0.190488 0.728429 0.145061
v -0.191284 0.736888 -0.147627
v -0.453299 0.622232 0.227581
v -0.511088 0.600203 0.210562
v -0.490074 0.595588 0.269586
v -0.456909 0.631056 -0.224466
v -0.508317 0.601509 -0.204252
v -0.487644 0.598229 -0.265646
v -0.628915 0.550682 -0.028116
v -0.629478 0.550628 0.035972
v -0.669002 0.518742 0.004334
v 0.213980 0.731596 0.096600
v 0.253471 0.710090 0.146955
v 0.215247 0.736359 -0.092021
v 0.254124 0.715347 -0.145914
v 0.190507 0.728460 0.145055
v 0.191363 0.736990 -0.147534
v 0.453295 0.622231 0.227581
v 0.511071 0.600151 0.210558
v 0.490122 0.595642 0.269614
v 0.456907 0.631206 -0.224391
v 0.508322 0.601511 -0.204209
v 0.487549 0.598126 -0.265721
v 0.628955 0.550715 -0.028118
v 0.629467 0.550632 0.035976
v 0.668979 0.518727 0.004331
v -0.217256 -0.747273 0.107667
v -0.256931 -0.730067 0.159026
v -0.231507 -0.784709 -0.097676
v -0.277167 -0.782122 -0.157557
v -0.191844 -0.752819 0.161703
v -0.207159 -0.802818 -0.158282
v -0.464006 -0.643752 0.238092
v -0.521578 -0.617909 0.219484
v -0.502082 -0.617969 0.282425
v -0.446185 -0.614734 -0.217758
v -0.502853 -0.590703 -0.200075
v -0.479678 -0.582572 -0.259481
v -0.629226 -0.549910 -0.027429
v -0.631525 -0.552604 0.036601
v -0.669813 -0.518944 0.004642
v 0.217259 -0.747319 0.107842
v 0.257054 -0.730245 0.158926
v 0.231369 -0.784771 -0.097608
v 0.277202 -0.781980 -0.157543
v 0.191900 -0.752980 0.161637
v 0.206985 -0.803091 -0.158256
v 0.463915 -0.643833 0.237978
v 0.521613 -0.617929 0.219532
v 0.502077 -0.617882 0.282379
v 0.446263 -0.615106 -0.217787
v 0.502837 -0.590667 -0.200128
v 0.479726 -0.582693 -0.259483
v 0.629234 -0.549914 -0.027432
v 0.631535 -0.552629 0.036606
v 0.669783 -0.518929 0.004642
v -0.039669 -0.694952 0.639853
v 0.039255 -0.694788 0.639646
v -0.231049 -0.572417 0.694960
v -0.241284 -0.494451 0.704455
v -0.000070 -0.701809 0.586526
v -0.286816 -0.534798 0.674345
v 0.230719 -0.572714 0.695319
v 0.241717 -0.494833 0.704498
v 0.286707 -0.534903 0.674545
v 0.120787 -0.258375 0.846900
v 0.174910 -0.289697 0.821766
v -0.120813 -0.258414 0.846891
v -0.174797 -0.289829 0.821868
v 0.179737 -0.230824 0.845155
v -0.179707 -0.230846 0.845148
v -0.032401 0.591756 0.564617
v 0.032400 0.591761 0.564617
v -0.218851 0.514790 0.653246
v -0.241120 0.469926 0.692157
v -0.000003 0.614609 0.516296
v -0.280231 0.497423 0.649169
v 0.218846 0.514805 0.653266
v 0.241117 0.469930 0.692161
v 0.280227 0.497410 0.649158
v 0.120021 0.261548 0.848042
v 0.175204 0.294660 0.824832
v -0.120017 0.261548 0.848043
v -0.175201 0.294658 0.824827
v 0.179985 0.232036 0.846085
v -0.179982 0.232034 0.846086
v -0.031946 -0.580698 -0.562368
v 0.031944 -0.580693 -0.562361
v -0.217479 -0.506021 -0.650065
v -0.241749 -0.467630 -0.691060
v 0.000003 -0.607915 -0.516348
v -0.278782 -0.490091 -0.646537
v 0.217477 -0.506027 -0.650069
v 0.241747 -0.467627 -0.691063
v 0.278780 -0.490092 -0.646534
v 0.117880 -0.261204 -0.844702
v 0.174169 -0.295201 -0.822133
v -0.117878 -0.261204 -0.844700
v -0.174167 -0.295203 -0.822130
v 0.179048 -0.232342 -0.843100
v -0.179046 -0.232342 -0.843098
v -0.035042 0.639017 -0.590489
v 0.034795 0.637934 -0.589994
v -0.217197 0.511722 -0.650514
v -0.241318 0.466157 -0.689052
v -0.000193 0.659149 -0.541298
v -0.277548 0.490586 -0.644256
v 0.216276 0.511395 -0.650521
v 0.241426 0.466073 -0.689046
v 0.277335 0.490395 -0.644044
v 0.116467 0.259227 -0.843008
v 0.172012 0.293053 -0.819739
v -0.116469 0.259234 -0.843006
v -0.172019 0.293055 -0.819749
v 0.176784 0.231253 -0.840984
v -0.176781 0.231263 -0.840989
v 0.693466 0.238908 -0.486365
v 0.661973 0.218901 -0.541354
v 0.804923 0.163924 -0.289450
v 0.829898 0.111500 -0.254483
v 0.652230 0.277516 -0.516913
v 0.826813 0.168566 -0.224010
v 0.693872 -0.241731 -0.486301
v 0.662701 -0.221884 -0.541960
v 0.804843 -0.165605 -0.288913
v 0.829039 -0.112210 -0.254543
v 0.652848 -0.280621 -0.517041
v 0.826466 -0.170570 -0.223945
v 0.597822 -0.033443 -0.661686
v 0.598231 0.035826 -0.662225
v 0.555592 0.001683 -0.700373
v 0.705108 0.242673 0.488156
v 0.671687 0.222845 0.546457
v 0.826507 0.170083 0.296113
v 0.850398 0.115712 0.261815
v 0.662336 0.283030 0.521391
v 0.843734 0.173512 0.231632
v 0.703688 -0.245264 0.488473
v 0.670613 -0.225965 0.547188
v 0.825644 -0.171875 0.296936
v 0.849337 -0.116355 0.262753
v 0.661398 -0.284676 0.520859
v 0.842799 -0.174939 0.232839
v 0.600775 -0.035697 0.665582
v 0.601401 0.034275 0.666332
v 0.556760 -0.000626 0.702371
v -0.693468 0.238888 -0.486352
v -0.661973 0.218892 -0.541355
v -0.804963 0.163935 -0.289445
v -0.829944 0.111476 -0.254461
v -0.652225 0.277509 -0.516911
v -0.826779 0.168540 -0.224007
v -0.693872 -0.241729 -0.486302
v -0.662703 -0.221883 -0.541960
v -0.804832 -0.165604 -0.288913
v -0.829038 -0.112206 -0.254537
v -0.652847 -0.280619 -0.517041
v -0.826478 -0.170574 -0.223955
v -0.597820 -0.033446 -0.661688
v -0.598230 0.035824 -0.662225
v -0.555589 0.001678 -0.700372
v -0.705127 0.242683 0.488171
v -0.671700 0.222848 0.546470
v -0.826502 0.170074 0.296121
v -0.850393 0.115708 0.261805
v -0.662335 0.283027 0.521394
v -0.843731 0.173505 0.231629
v -0.703692 -0.245263 0.488477
v -0.670613 -0.225956 0.547193
v -0.825643 -0.171879 0.296927
v -0.849335 -0.116358 0.262754
v -0.661405 -0.284662 0.520854
v -0.842800 -0.174941 0.232834
v -0.600777 -0.035701 0.665581
v -0.601398 0.034275 0.666333
v -0.556762 -0.000629 0.702369
v -0.028423 0.723157 0.245151
v 0.028434 0.723145 0.245159
v 0.000005 0.702998 0.303376
v -0.029238 0.758003 -0.266227
v 0.029465 0.758627 -0.265931
v 0.000066 0.741968 -0.329511
v -0.501743 0.511922 0.468489
v -0.469614 0.495358 0.525133
v -0.527427 0.467685 0.506925
v -0.493207 0.498371 -0.466443
v -0.462615 0.482947 -0.522899
v -0.517053 0.453020 -0.503609
v -0.798346 0.341805 0.003401
v -0.823000 0.287378 -0.030570
v -0.825881 0.289104 0.036335
v 0.501753 0.511906 0.468489
v 0.469629 0.495382 0.525142
v 0.527438 0.467679 0.506924
v 0.493229 0.498274 -0.466527
v 0.462588 0.482899 -0.522995
v 0.517090 0.453045 -0.503656
v 0.798433 0.341849 0.003397
v 0.823003 0.287384 -0.030575
v 0.825886 0.289102 0.036334
v -0.026053 -0.794307 0.278547
v 0.025838 -0.794280 0.278301
v -0.000082 -0.785532 0.346503
v -0.030224 -0.717262 -0.246518
v 0.030215 -0.717231 -0.246534
v -0.000022 -0.696451 -0.304439
v -0.504915 -0.524653 0.475711
v -0.472120 -0.508153 0.531049
v -0.528529 -0.472460 0.508842
v -0.493317 -0.497158 -0.465855
v -0.462789 -0.483214 -0.522880
v -0.517887 -0.454423 -0.502904
v -0.797774 -0.343670 0.003593
v -0.822454 -0.289658 -0.030060
v -0.825227 -0.291307 0.036575
v 0.505014 -0.524510 0.475689
v 0.472027 -0.508171 0.531128
v 0.528640 -0.472268 0.508807
v 0.493317 -0.497165 -0.465854
v 0.462772 -0.483194 -0.522863
v 0.517894 -0.454436 -0.502908
v 0.797813 -0.343694 0.003593
v 0.822467 -0.289666 -0.030059
v 0.825236 -0.291311 0.036573
v 0.298536 -0.036441 0.838348
v 0.298932 0.033373 0.838514
v 0.355095 -0.001339 0.817294
v -0.298519 -0.036448 0.838348
v -0.298927 0.033375 0.838516
v -0.355089 -0.001340 0.817297
v 0.299751 -0.032133 -0.838765
v 0.299540 0.037726 -0.839524
v 0.354500 0.002606 -0.816060
v -0.299752 -0.032134 -0.838765
v -0.299538 0.037725 -0.839522
v -0.354498 0.002605 -0.816058
f 1 647 644
f 1 644 643
f 1 643 645
f 1 645 646
f 1 646 647
f 2 649 652
f 6 672 670
f 12 702 699
f 11 696 695
f 8 679 681
f 4 662 659
f 4 659 658
f 4 658 660
f 4 660 661
f 4 661 662
f 5 666 665
f 3 654 657
f 7 673 677
f 9 685 686
f 10 692 688
f 12 701 698
f 6 669 668
f 2 650 648
f 8 682 678
f 11 697 693
f 6 671 669
f 12 700 701
f 11 694 697
f 8 680 682
f 2 651 650
f 10 690 689
f 5 663 664
f 3 655 653
f 7 676 674
f 9 687 684
f 10 691 690
f 5 667 663
f 3 656 655
f 7 675 676
f 9 683 687
f 6 668 672
f 2 648 649
f 8 678 679
f 11 693 696
f 12 698 702
f 10 688 691
f 5 665 667
f 3 657 656
f 7 677 675
f 9 686 683
f 5 664 666
f 3 653 654
f 7 674 673
f 9 684 685
f 10 689 692
f 6 670 671
f 12 699 700
f 11 695 694
f 8 681 680
f 2 652 651
f 35 837 838
f 18 735 736
f 19 742 741
f 40 868 867
f 42 880 879
f 34 832 831
f 33 827 828
f 25 778 780
f 36 844 846
f 20 749 747
f 32 819 820
f 23 765 767
f 24 773 771
f 37 850 849
f 41 876 875
f 34 833 834
f 33 826 825
f 25 779 777
f 36 845 843
f 20 748 750
f 17 729 727
f 14 711 709
f 13 706 703
f 15 718 715
f 16 724 721
f 18 737 733
f 35 839 835
f 42 882 878
f 40 870 866
f 19 744 740
f 30 807 805
f 27 789 787
f 22 762 758
f 28 797 793
f 29 802 799
f 32 821 817
f 23 766 763
f 24 774 770
f 37 852 848
f 41 874 872
f 35 838 836
f 18 736 734
f 19 741 739
f 40 867 865
f 42 879 877
f 34 831 829
f 33 828 824
f 25 780 776
f 36 846 842
f 20 747 745
f 32 820 818
f 23 767 764
f 24 771 769
f 37 849 847
f 41 875 871
f 34 834 830
f 33 825 823
f 25 777 775
f 36 843 841
f 20 750 746
f 14 714 710
f 13 707 704
f 15 719 716
f 16 725 722
f 17 732 728
f 21 755 752
f 31 814 811
f 26 784 781
f 38 857 853
f 39 862 860
f 27 792 788
f 22 759 757
f 28 796 794
f 29 803 800
f 30 810 806
f 31 815 812
f 26 785 782
f 38 856 854
f 39 863 859
f 21 754 751
f 14 712 714
f 13 705 707
f 15 717 719
f 16 723 725
f 17 730 732
f 21 753 755
f 31 816 814
f 26 786 784
f 38 858 857
f 39 861 862
f 27 791 792
f 22 761 759
f 28 795 796
f 29 801 803
f 30 808 810
f 31 813 815
f 26 783 785
f 38 855 856
f 39 864 863
f 21 756 754
f 14 709 712
f 13 703 705
f 15 715 717
f 16 721 723
f 17 727 730
f 21 751 753
f 31 812 816
f 26 782 786
f 38 854 858
f 39 859 861
f 27 787 791
f 22 758 761
f 28 793 795
f 29 799 801
f 30 805 808
f 31 811 813
f 26 781 783
f 38 853 855
f 39 860 864
f 21 752 756
f 17 728 731
f 14 710 713
f 13 704 708
f 15 716 720
f 16 722 726
f 18 734 738
f 35 836 840
f 42 877 881
f 40 865 869
f 19 739 743
f 30 806 809
f 27 788 790
f 22 757 760
f 28 794 798
f 29 800 804
f 32 818 822
f 23 764 768
f 24 769 772
f 37 847 851
f 41 871 873
f 35 835 837
f 18 733 735
f 19 740 742
f 40 866 868
f 42 878 880
f 34 830 832
f 33 823 827
f 25 775 778
f 36 841 844
f 20 746 749
f 32 817 819
f 23 763 765
f 24 770 773
f 37 848 850
f 41 872 876
f 34 829 833
f 33 824 826
f 25 776 779
f 36 842 845
f 20 745 748
f 17 731 729
f 14 713 711
f 13 708 706
f 15 720 718
f 16 726 724
f 18 738 737
f 35 840 839
f 42 881 882
f 40 869 870
f 19 743 744
f 30 809 807
f 27 790 789
f 22 760 762
f 28 798 797
f 29 804 802
f 32 822 821
f 23 768 766
f 24 772 774
f 37 851 852
f 41 873 874
f 107 1269 1270
f 103 1245 1246
f 104 1252 1251
f 110 1288 1287
f 113 1306 1305
f 118 1336 1335
f 154 1551 1552
f 141 1473 1474
f 162 1599 1600
f 121 1354 1353
f 142 1479 1480
f 129 1401 1402
f 130 1408 1407
f 144 1492 1491
f 146 1504 1503
f 151 1533 1534
f 131 1414 1413
f 136 1444 1443
f 161 1594 1593
f 126 1383 1384
f 116 1323 1324
f 108 1275 1276
f 106 1263 1264
f 112 1299 1300
f 115 1317 1318
f 119 1341 1342
f 156 1564 1563
f 139 1462 1461
f 160 1588 1587
f 120 1347 1348
f 149 1521 1522
f 132 1420 1419
f 128 1395 1396
f 145 1497 1498
f 148 1515 1516
f 155 1557 1558
f 133 1425 1426
f 134 1431 1432
f 157 1570 1569
f 124 1372 1371
f 109 1282 1281
f 105 1258 1257
f 111 1294 1293
f 114 1312 1311
f 117 1330 1329
f 125 1378 1377
f 152 1540 1539
f 137 1449 1450
f 158 1575 1576
f 123 1365 1366
f 143 1486 1485
f 127 1390 1389
f 135 1437 1438
f 147 1510 1509
f 150 1528 1527
f 153 1546 1545
f 140 1468 1467
f 138 1455 1456
f 159 1581 1582
f 122 1359 1360
f 107 1272 1271
f 103 1248 1247
f 104 1253 1254
f 110 1289 1290
f 113 1307 1308
f 118 1337 1338
f 154 1554 1553
f 141 1476 1475
f 162 1602 1601
f 121 1355 1356
f 142 1482 1481
f 129 1404 1403
f 130 1409 1410
f 144 1493 1494
f 146 1505 1506
f 151 1536 1535
f 131 1415 1416
f 136 1445 1446
f 161 1595 1596
f 126 1386 1385
f 47 909 907
f 44 891 889
f 43 886 883
f 45 898 895
f 46 904 901
f 49 922 919
f 72 1060 1057
f 102 1240 1237
f 96 1204 1201
f 79 1102 1099
f 62 999 997
f 59 981 979
f 58 976 973
f 60 988 985
f 61 994 991
f 66 1024 1021
f 54 952 949
f 73 1066 1063
f 85 1138 1135
f 92 1179 1177
f 101 1233 1231
f 69 1041 1039
f 50 927 925
f 82 1119 1117
f 97 1209 1207
f 71 1053 1051
f 100 1228 1225
f 94 1192 1189
f 80 1108 1105
f 51 933 931
f 90 1167 1165
f 63 1005 1003
f 55 957 955
f 76 1083 1081
f 87 1150 1147
f 91 1174 1171
f 67 1029 1027
f 56 963 961
f 75 1077 1075
f 83 1126 1123
f 68 1036 1033
f 48 915 913
f 78 1095 1093
f 93 1185 1183
f 98 1216 1213
f 88 1155 1153
f 65 1018 1015
f 57 970 967
f 77 1090 1087
f 86 1143 1141
f 64 1012 1009
f 53 945 943
f 74 1071 1069
f 84 1131 1129
f 89 1162 1159
f 70 1047 1045
f 99 1221 1219
f 95 1197 1195
f 81 1114 1111
f 52 940 937
f 109 1284 1280
f 105 1260 1256
f 111 1296 1292
f 114 1314 1310
f 117 1332 1328
f 125 1380 1376
f 152 1542 1538
f 137 1451 1447
f 158 1577 1573
f 123 1367 1363
f 143 1488 1484
f 127 1392 1388
f 135 1439 1435
f 147 1512 1508
f 150 1530 1526
f 153 1548 1544
f 140 1470 1466
f 138 1457 1453
f 159 1583 1579
f 122 1361 1357
f 107 1270 1268
f 103 1246 1244
f 104 1251 1249
f 110 1287 1285
f 113 1305 1303
f 118 1335 1333
f 154 1552 1550
f 141 1474 1472
f 162 1600 1598
f 121 1353 1351
f 142 1480 1478
f 129 1402 1400
f 130 1407 1405
f 144 1491 1489
f 146 1503 1501
f 151 1534 1532
f 131 1413 1411
f 136 1443 1441
f 161 1593 1591
f 126 1384 1382
f 116 1324 1322
f 108 1276 1274
f 106 1264 1262
f 112 1300 1298
f 115 1318 1316
f 119 1342 1340
f 156 1563 1561
f 139 1461 1459
f 160 1587 1585
f 120 1348 1346
f 149 1522 1520
f 132 1419 1417
f 128 1396 1394
f 145 1498 1496
f 148 1516 1514
f 155 1558 1556
f 133 1426 1424
f 134 1432 1430
f 157 1569 1567
f 124 1371 1369
f 109 1281 1279
f 105 1257 1255
f 111 1293 1291
f 114 1311 1309
f 117 1329 1327
f 125 1377 1375
f 152 1539 1537
f 137 1450 1448
f 158 1576 1574
f 123 1366 1364
f 143 1485 1483
f 127 1389 1387
f 135 1438 1436
f 147 1509 1507
f 150 1527 1525
f 153 1545 1543
f 140 1467 1465
f 138 1456 1454
f 159 1582 1580
f 122 1360 1358
f 107 1271 1267
f 103 1247 1243
f 104 1254 1250
f 110 1290 1286
f 113 1308 1304
f 118 1338 1334
f 154 1553 1549
f 141 1475 1471
f 162 1601 1597
f 121 1356 1352
f 142 1481 1477
f 129 1403 1399
f 130 1410 1406
f 144 1494 1490
f 146 1506 1502
f 151 1535 1531
f 131 1416 1412
f 136 1446 1442
f 161 1596 1592
f 126 1385 1381
f 44 894 890
f 43 887 884
f 45 899 896
f 46 905 902
f 47 912 908
f 52 941 938
f 70 1050 1046
f 99 1224 1220
f 95 1200 1196
f 81 1115 1112
f 59 984 980
f 58 977 974
f 60 989 986
f 61 995 992
f 62 1002 998
f 65 1019 1016
f 57 971 968
f 77 1091 1088
f 86 1146 1142
f 88 1158 1154
f 98 1217 1214
f 68 1037 1034
f 48 918 914
f 78 1098 1094
f 93 1188 1184
f 69 1044 1040
f 101 1236 1232
f 97 1212 1208
f 82 1122 1118
f 50 930 926
f 89 1163 1160
f 64 1013 1010
f 53 948 944
f 74 1074 1070
f 84 1134 1130
f 90 1170 1166
f 63 1008 1004
f 55 960 956
f 76 1086 1082
f 87 1151 1148
f 72 1061 1058
f 49 923 920
f 79 1103 1100
f 96 1205 1202
f 102 1241 1238
f 91 1175 1172
f 67 1032 1028
f 56 966 962
f 75 1080 1076
f 83 1127 1124
f 66 1025 1022
f 54 953 950
f 73 1067 1064
f 85 1139 1136
f 92 1182 1178
f 71 1056 1052
f 100 1229 1226
f 94 1193 1190
f 80 1109 1106
f 51 936 932
f 116 1325 1321
f 108 1277 1273
f 106 1265 1261
f 112 1301 1297
f 115 1319 1315
f 119 1343 1339
f 156 1566 1562
f 139 1464 1460
f 160 1590 1586
f 120 1349 1345
f 149 1523 1519
f 132 1422 1418
f 128 1397 1393
f 145 1499 1495
f 148 1517 1513
f 155 1559 1555
f 133 1427 1423
f 134 1433 1429
f 157 1572 1568
f 124 1374 1370
f 44 892 894
f 43 885 887
f 45 897 899
f 46 903 905
f 47 910 912
f 52 939 941
f 70 1048 1050
f 99 1222 1224
f 95 1198 1200
f 81 1113 1115
f 59 982 984
f 58 975 977
f 60 987 989
f 61 993 995
f 62 1000 1002
f 65 1017 1019
f 57 969 971
f 77 1089 1091
f 86 1144 1146
f 88 1156 1158
f 98 1215 1217
f 68 1035 1037
f 48 916 918
f 78 1096 1098
f 93 1186 1188
f 69 1042 1044
f 101 1234 1236
f 97 1210 1212
f 82 1120 1122
f 50 928 930
f 89 1161 1163
f 64 1011 1013
f 53 946 948
f 74 1072 1074
f 84 1132 1134
f 90 1168 1170
f 63 1006 1008
f 55 958 960
f 76 1084 1086
f 87 1149 1151
f 72 1059 1061
f 49 921 923
f 79 1101 1103
f 96 1203 1205
f 102 1239 1241
f 91 1173 1175
f 67 1030 1032
f 56 964 966
f 75 1078 1080
f 83 1125 1127
f 66 1023 1025
f 54 951 953
f 73 1065 1067
f 85 1137 1139
f 92 1180 1182
f 71 1054 1056
f 100 1227 1229
f 94 1191 1193
f 80 1107 1109
f 51 934 936
f 116 1326 1325
f 108 1278 1277
f 106 1266 1265
f 112 1302 1301
f 115 1320 1319
f 119 1344 1343
f 156 1565 1566
f 139 1463 1464
f 160 1589 1590
f 120 1350 1349
f 149 1524 1523
f 132 1421 1422
f 128 1398 1397
f 145 1500 1499
f 148 1518 1517
f 155 1560 1559
f 133 1428 1427
f 134 1434 1433
f 157 1571 1572
f 124 1373 1374
f 44 889 892
f 43 883 885
f 45 895 897
f 46 901 903
f 47 907 910
f 52 937 939
f 70 1045 1048
f 99 1219 1222
f 95 1195 1198
f 81 1111 1113
f 59 979 982
f 58 973 975
f 60 985 987
f 61 991 993
f 62 997 1000
f 65 1015 1017
f 57 967 969
f 77 1087 1089
f 86 1141 1144
f 88 1153 1156
f 98 1213 1215
f 68 1033 1035
f 48 913 916
f 78 1093 1096
f 93 1183 1186
f 69 1039 1042
f 101 1231 1234
f 97 1207 1210
f 82 1117 1120
f 50 925 928
f 89 1159 1161
f 64 1009 1011
f 53 943 946
f 74 1069 1072
f 84 1129 1132
f 90 1165 1168
f 63 1003 1006
f 55 955 958
f 76 1081 1084
f 87 1147 1149
f 72 1057 1059
f 49 919 921
f 79 1099 1101
f 96 1201 1203
f 102 1237 1239
f 91 1171 1173
f 67 1027 1030
f 56 961 964
f 75 1075 1078
f 83 1123 1125
f 66 1021 1023
f 54 949 951
f 73 1063 1065
f 85 1135 1137
f 92 1177 1180
f 71 1051 1054
f 100 1225 1227
f 94 1189 1191
f 80 1105 1107
f 51 931 934
f 116 1322 1326
f 108 1274 1278
f 106 1262 1266
f 112 1298 1302
f 115 1316 1320
f 119 1340 1344
f 156 1561 1565
f 139 1459 1463
f 160 1585 1589
f 120 1346 1350
f 149 1520 1524
f 132 1417 1421
f 128 1394 1398
f 145 1496 1500
f 148 1514 1518
f 155 1556 1560
f 133 1424 1428
f 134 1430 1434
f 157 1567 1571
f 124 1369 1373
f 47 908 911
f 44 890 893
f 43 884 888
f 45 896 900
f 46 902 906
f 49 920 924
f 72 1058 1062
f 102 1238 1242
f 96 1202 1206
f 79 1100 1104
f 62 998 1001
f 59 980 983
f 58 974 978
f 60 986 990
f 61 992 996
f 66 1022 1026
f 54 950 954
f 73 1064 1068
f 85 1136 1140
f 92 1178 1181
f 101 1232 1235
f 69 1040 1043
f 50 926 929
f 82 1118 1121
f 97 1208 1211
f 71 1052 1055
f 100 1226 1230
f 94 1190 1194
f 80 1106 1110
f 51 932 935
f 90 1166 1169
f 63 1004 1007
f 55 956 959
f 76 1082 1085
f 87 1148 1152
f 91 1172 1176
f 67 1028 1031
f 56 962 965
f 75 1076 1079
f 83 1124 1128
f 68 1034 1038
f 48 914 917
f 78 1094 1097
f 93 1184 1187
f 98 1214 1218
f 88 1154 1157
f 65 1016 1020
f 57 968 972
f 77 1088 1092
f 86 1142 1145
f 64 1010 1014
f 53 944 947
f 74 1070 1073
f 84 1130 1133
f 89 1160 1164
f 70 1046 1049
f 99 1220 1223
f 95 1196 1199
f 81 1112 1116
f 52 938 942
f 109 1279 1283
f 105 1255 1259
f 111 1291 1295
f 114 1309 1313
f 117 1327 1331
f 125 1375 1379
f 152 1537 1541
f 137 1448 1452
f 158 1574 1578
f 123 1364 1368
f 143 1483 1487
f 127 1387 1391
f 135 1436 1440
f 147 1507 1511
f 150 1525 1529
f 153 1543 1547
f 140 1465 1469
f 138 1454 1458
f 159 1580 1584
f 122 1358 1362
f 107 1267 1269
f 103 1243 1245
f 104 1250 1252
f 110 1286 1288
f 113 1304 1306
f 118 1334 1336
f 154 1549 1551
f 141 1471 1473
f 162 1597 1599
f 121 1352 1354
f 142 1477 1479
f 129 1399 1401
f 130 1406 1408
f 144 1490 1492
f 146 1502 1504
f 151 1531 1533
f 131 1412 1414
f 136 1442 1444
f 161 1592 1594
f 126 1381 1383
f 116 1321 1323
f 108 1273 1275
f 106 1261 1263
f 112 1297 1299
f 115 1315 1317
f 119 1339 1341
f 156 1562 1564
f 139 1460 1462
f 160 1586 1588
f 120 1345 1347
f 149 1519 1521
f 132 1418 1420
f 128 1393 1395
f 145 1495 1497
f 148 1513 1515
f 155 1555 1557
f 133 1423 1425
f 134 1429 1431
f 157 1568 1570
f 124 1370 1372
f 109 1280 1282
f 105 1256 1258
f 111 1292 1294
f 114 1310 1312
f 117 1328 1330
f 125 1376 1378
f 152 1538 1540
f 137 1447 1449
f 158 1573 1575
f 123 1363 1365
f 143 1484 1486
f 127 1388 1390
f 135 1435 1437
f 147 1508 1510
f 150 1526 1528
f 153 1544 1546
f 140 1466 1468
f 138 1453 1455
f 159 1579 1581
f 122 1357 1359
f 107 1268 1272
f 103 1244 1248
f 104 1249 1253
f 110 1285 1289
f 113 1303 1307
f 118 1333 1337
f 154 1550 1554
f 141 1472 1476
f 162 1598 1602
f 121 1351 1355
f 142 1478 1482
f 129 1400 1404
f 130 1405 1409
f 144 1489 1493
f 146 1501 1505
f 151 1532 1536
f 131 1411 1415
f 136 1441 1445
f 161 1591 1595
f 126 1382 1386
f 47 911 909
f 44 893 891
f 43 888 886
f 45 900 898
f 46 906 904
f 49 924 922
f 72 1062 1060
f 102 1242 1240
f 96 1206 1204
f 79 1104 1102
f 62 1001 999
f 59 983 981
f 58 978 976
f 60 990 988
f 61 996 994
f 66 1026 1024
f 54 954 952
f 73 1068 1066
f 85 1140 1138
f 92 1181 1179
f 101 1235 1233
f 69 1043 1041
f 50 929 927
f 82 1121 1119
f 97 1211 1209
f 71 1055 1053
f 100 1230 1228
f 94 1194 1192
f 80 1110 1108
f 51 935 933
f 90 1169 1167
f 63 1007 1005
f 55 959 957
f 76 1085 1083
f 87 1152 1150
f 91 1176 1174
f 67 1031 1029
f 56 965 963
f 75 1079 1077
f 83 1128 1126
f 68 1038 1036
f 48 917 915
f 78 1097 1095
f 93 1187 1185
f 98 1218 1216
f 88 1157 1155
f 65 1020 1018
f 57 972 970
f 77 1092 1090
f 86 1145 1143
f 64 1014 1012
f 53 947 945
f 74 1073 1071
f 84 1133 1131
f 89 1164 1162
f 70 1049 1047
f 99 1223 1221
f 95 1199 1197
f 81 1116 1114
f 52 942 940
f 109 1283 1284
f 105 1259 1260
f 111 1295 1296
f 114 1313 1314
f 117 1331 1332
f 125 1379 1380
f 152 1541 1542
f 137 1452 1451
f 158 1578 1577
f 123 1368 1367
f 143 1487 1488
f 127 1391 1392
f 135 1440 1439
f 147 1511 1512
f 150 1529 1530
f 153 1547 1548
f 140 1469 1470
f 138 1458 1457
f 159 1584 1583
f 122 1362 1361
f 407 1609 1616
f 403 1605 1608
f 404 1611 1606
f 410 1614 1612
f 413 1617 1615
f 422 1631 1624
f 486 1688 1692
f 573 1775 1782
f 561 1763 1765
f 512 1719 1714
f 452 1654 1661
f 448 1650 1653
f 449 1656 1651
f 455 1659 1657
f 458 1662 1660
f 470 1672 1675
f 437 1646 1639
f 494 1706 1696
f 531 1735 1733
f 539 1741 1751
f 568 1770 1779
f 478 1680 1683
f 419 1621 1626
f 509 1711 1721
f 554 1756 1766
f 482 1684 1689
f 576 1780 1778
f 558 1767 1760
f 516 1722 1718
f 425 1627 1629
f 542 1744 1747
f 463 1668 1665
f 434 1636 1641
f 497 1699 1704
f 528 1730 1737
f 546 1748 1750
f 464 1666 1676
f 440 1642 1644
f 500 1705 1702
f 524 1736 1726
f 479 1691 1681
f 418 1623 1620
f 508 1713 1710
f 553 1764 1755
f 569 1781 1771
f 538 1749 1740
f 471 1677 1673
f 443 1645 1647
f 501 1703 1707
f 523 1725 1734
f 467 1674 1669
f 433 1638 1635
f 493 1695 1698
f 527 1732 1729
f 543 1752 1745
f 485 1690 1687
f 572 1777 1774
f 557 1759 1762
f 515 1717 1720
f 428 1630 1632
f 591 2191 2189
f 587 1885 1883
f 588 1901 1903
f 594 2279 2281
f 597 2315 2317
f 600 2171 2173
f 634 2160 2158
f 619 2016 2012
f 639 2214 2210
f 602 1919 1924
f 624 2137 2135
f 608 1978 1973
f 610 1991 1996
f 627 2225 2227
f 630 2302 2304
f 635 2178 2176
f 615 2153 2155
f 617 2009 2014
f 637 2207 2212
f 604 1926 1922
f 416 1857 1864
f 408 1803 1810
f 406 1786 1795
f 412 1822 1831
f 415 1840 1849
f 424 1876 1887
f 492 2182 2193
f 582 2312 2321
f 565 2276 2285
f 514 1898 1907
f 461 2091 2098
f 453 2037 2044
f 451 1952 1961
f 457 2056 2067
f 460 2074 2083
f 475 2128 2139
f 439 1966 1975
f 496 1988 1997
f 533 2222 2231
f 551 2293 2298
f 579 2185 2190
f 483 1879 1884
f 426 1893 1900
f 521 2271 2278
f 566 2307 2314
f 489 2163 2170
f 578 2150 2159
f 560 2006 2015
f 518 2204 2213
f 429 1911 1918
f 547 2131 2136
f 465 1969 1977
f 441 1983 1990
f 504 2217 2224
f 537 2290 2301
f 550 2168 2177
f 476 2145 2152
f 444 2001 2008
f 502 2199 2206
f 526 1916 1925
f 481 1808 1817
f 420 1789 1797
f 510 1825 1833
f 555 1843 1851
f 571 1862 1871
f 540 1933 1941
f 473 2110 2119
f 447 2020 2029
f 507 2236 2247
f 534 2257 2262
f 469 2042 2051
f 435 1947 1954
f 498 2059 2064
f 529 2077 2085
f 545 2096 2105
f 487 2113 2121
f 574 2023 2031
f 562 2239 2244
f 520 2254 2265
f 432 1930 1939
f 589 1818 1814
f 583 1798 1793
f 586 1834 1829
f 593 1852 1847
f 596 1872 1868
f 599 1942 1937
f 633 2120 2124
f 620 2030 2034
f 640 2248 2250
f 603 2263 2261
f 622 2052 2050
f 607 1955 1960
f 612 2065 2063
f 626 2086 2081
f 629 2106 2102
f 631 2122 2117
f 614 2032 2027
f 618 2245 2243
f 641 2266 2268
f 605 1940 1944
f 409 1813 1804
f 405 1792 1785
f 411 1828 1821
f 414 1846 1839
f 417 1867 1858
f 431 1936 1929
f 488 2123 2114
f 575 2033 2024
f 563 2249 2240
f 519 2260 2253
f 454 2049 2038
f 450 1959 1951
f 456 2062 2055
f 459 2080 2073
f 462 2101 2092
f 472 2116 2109
f 446 2026 2019
f 506 2242 2235
f 535 2267 2258
f 541 1943 1934
f 570 1869 1861
f 480 1815 1807
f 421 1799 1790
f 511 1835 1826
f 556 1853 1844
f 484 1889 1880
f 580 2195 2186
f 567 2319 2308
f 522 2283 2272
f 427 1905 1894
f 544 2103 2095
f 468 2046 2041
f 436 1957 1948
f 499 2069 2060
f 530 2087 2078
f 548 2141 2132
f 466 1979 1970
f 442 1993 1984
f 505 2229 2218
f 536 2296 2289
f 491 2188 2181
f 423 1882 1875
f 513 1902 1897
f 564 2280 2275
f 581 2316 2311
f 549 2172 2167
f 477 2157 2146
f 445 2011 2002
f 503 2209 2200
f 525 1923 1915
f 474 2134 2127
f 438 1972 1965
f 495 1995 1987
f 532 2226 2221
f 552 2303 2294
f 490 2175 2164
f 577 2154 2149
f 559 2013 2005
f 517 2211 2203
f 430 1921 1912
f 590 1865 1870
f 584 1811 1816
f 585 1796 1800
f 592 1832 1836
f 595 1850 1854
f 598 1888 1890
f 636 2194 2196
f 621 2322 2320
f 642 2286 2284
f 601 1908 1906
f 623 2099 2104
f 611 2045 2047
f 609 1962 1958
f 625 2068 2070
f 628 2084 2088
f 632 2140 2142
f 613 1976 1980
f 616 1998 1994
f 638 2232 2230
f 606 2299 2297
f 407 2330 2329
f 403 2324 2323
f 404 2325 2326
f 410 2332 2333
f 413 2335 2336
f 422 2344 2345
f 486 2410 2409
f 573 2497 2496
f 561 2486 2485
f 512 2434 2435
f 452 2375 2374
f 448 2369 2368
f 449 2370 2371
f 455 2377 2378
f 458 2380 2381
f 470 2393 2392
f 437 2359 2360
f 494 2415 2416
f 531 2455 2456
f 539 2461 2460
f 568 2489 2488
f 478 2399 2398
f 419 2341 2340
f 509 2431 2430
f 554 2476 2475
f 482 2405 2404
f 576 2500 2501
f 558 2481 2482
f 516 2439 2440
f 425 2348 2347
f 542 2465 2464
f 463 2383 2384
f 434 2356 2355
f 497 2420 2419
f 528 2452 2451
f 546 2471 2470
f 464 2386 2385
f 440 2363 2362
f 500 2422 2423
f 524 2445 2446
f 479 2400 2401
f 418 2338 2339
f 508 2428 2429
f 553 2473 2474
f 569 2490 2491
f 538 2458 2459
f 471 2394 2395
f 443 2366 2365
f 501 2425 2424
f 523 2444 2443
f 467 2389 2390
f 433 2353 2354
f 493 2414 2413
f 527 2449 2450
f 543 2466 2467
f 485 2407 2408
f 572 2494 2495
f 557 2480 2479
f 515 2438 2437
f 428 2351 2350
f 591 2510 2511
f 587 2504 2505
f 588 2508 2507
f 594 2514 2513
f 597 2517 2516
f 600 2520 2519
f 634 2554 2556
f 619 2539 2540
f 639 2560 2561
f 602 2523 2521
f 624 2543 2544
f 608 2527 2529
f 610 2532 2530
f 627 2547 2546
f 630 2550 2549
f 635 2552 2553
f 615 2535 2534
f 617 2538 2536
f 637 2558 2557
f 604 2524 2525
f 167 1607 647
f 164 1603 644
f 163 1604 643
f 165 1610 645
f 166 1613 646
f 169 1622 649
f 192 1686 672
f 222 1773 702
f 216 1761 696
f 199 1712 679
f 182 1652 662
f 179 1648 659
f 178 1649 658
f 180 1655 660
f 181 1658 661
f 186 1670 666
f 174 1637 654
f 193 1694 673
f 205 1731 685
f 212 1739 692
f 221 1768 701
f 189 1678 669
f 170 1619 650
f 202 1709 682
f 217 1754 697
f 191 1682 671
f 220 1776 700
f 214 1758 694
f 200 1716 680
f 171 1625 651
f 210 1742 690
f 183 1663 663
f 175 1634 655
f 196 1697 676
f 207 1728 687
f 211 1746 691
f 187 1664 667
f 176 1640 656
f 195 1700 675
f 203 1724 683
f 188 1679 668
f 168 1618 648
f 198 1708 678
f 213 1753 693
f 218 1769 698
f 208 1738 688
f 185 1671 665
f 177 1643 657
f 197 1701 677
f 206 1723 686
f 184 1667 664
f 173 1633 653
f 194 1693 674
f 204 1727 684
f 209 1743 689
f 190 1685 670
f 219 1772 699
f 215 1757 695
f 201 1715 681
f 172 1628 652
f 357 2187 837
f 255 1881 735
f 262 1899 742
f 388 2277 868
f 400 2313 880
f 352 2169 832
f 347 2156 827
f 298 2010 778
f 364 2208 844
f 269 1917 749
f 339 2133 819
f 285 1971 765
f 293 1989 773
f 370 2223 850
f 396 2300 876
f 353 2174 833
f 346 2151 826
f 299 2007 779
f 365 2205 845
f 268 1920 748
f 249 1855 729
f 231 1801 711
f 226 1784 706
f 238 1820 718
f 244 1838 724
f 257 1874 737
f 359 2180 839
f 402 2310 882
f 390 2274 870
f 264 1896 744
f 327 2089 807
f 309 2035 789
f 282 1950 762
f 317 2054 797
f 322 2072 802
f 341 2126 821
f 286 1964 766
f 294 1986 774
f 372 2220 852
f 394 2291 874
f 358 2183 838
f 256 1877 736
f 261 1891 741
f 387 2269 867
f 399 2305 879
f 351 2161 831
f 348 2148 828
f 300 2004 780
f 366 2202 846
f 267 1909 747
f 340 2129 820
f 287 1967 767
f 291 1981 771
f 369 2215 849
f 395 2288 875
f 354 2166 834
f 345 2143 825
f 297 1999 777
f 363 2197 843
f 270 1914 750
f 234 1806 714
f 227 1787 707
f 239 1823 719
f 245 1841 725
f 252 1860 732
f 275 1931 755
f 334 2108 814
f 304 2018 784
f 377 2234 857
f 382 2255 862
f 312 2040 792
f 279 1945 759
f 316 2057 796
f 323 2075 803
f 330 2094 810
f 335 2111 815
f 305 2021 785
f 376 2237 856
f 383 2252 863
f 274 1928 754
f 232 1812 712
f 225 1791 705
f 237 1827 717
f 243 1845 723
f 250 1866 730
f 273 1935 753
f 336 2118 816
f 306 2028 786
f 378 2246 858
f 381 2259 861
f 311 2048 791
f 281 1953 761
f 315 2061 795
f 321 2079 801
f 328 2100 808
f 333 2115 813
f 303 2025 783
f 375 2241 855
f 384 2264 864
f 276 1938 756
f 229 1802 709
f 223 1783 703
f 235 1819 715
f 241 1837 721
f 247 1856 727
f 271 1927 751
f 332 2112 812
f 302 2022 782
f 374 2238 854
f 379 2251 859
f 307 2036 787
f 278 1949 758
f 313 2053 793
f 319 2071 799
f 325 2090 805
f 331 2107 811
f 301 2017 781
f 373 2233 853
f 380 2256 860
f 272 1932 752
f 248 1859 728
f 230 1805 710
f 224 1788 704
f 236 1824 716
f 242 1842 722
f 254 1878 734
f 356 2184 836
f 397 2306 877
f 385 2270 865
f 259 1892 739
f 326 2093 806
f 308 2039 788
f 277 1946 757
f 314 2058 794
f 320 2076 800
f 338 2130 818
f 284 1968 764
f 289 1982 769
f 367 2216 847
f 391 2287 871
f 355 2179 835
f 253 1873 733
f 260 1895 740
f 386 2273 866
f 398 2309 878
f 350 2165 830
f 343 2144 823
f 295 2000 775
f 361 2198 841
f 266 1913 746
f 337 2125 817
f 283 1963 763
f 290 1985 770
f 368 2219 848
f 392 2292 872
f 349 2162 829
f 344 2147 824
f 296 2003 776
f 362 2201 842
f 265 1910 745
f 251 1863 731
f 233 1809 713
f 228 1794 708
f 240 1830 720
f 246 1848 726
f 258 1886 738
f 360 2192 840
f 401 2318 881
f 389 2282 869
f 263 1904 743
f 329 2097 809
f 310 2043 790
f 280 1956 760
f 318 2066 798
f 324 2082 804
f 342 2138 822
f 288 1974 768
f 292 1992 772
f 371 2228 851
f 393 2295 873
f 409 2331 1269
f 405 2327 1245
f 411 2328 1252
f 414 2334 1288
f 417 2337 1306
f 431 2346 1336
f 488 2412 1551
f 575 2499 1473
f 563 2487 1599
f 519 2436 1354
f 454 2376 1479
f 450 2372 1401
f 456 2373 1408
f 459 2379 1492
f 462 2382 1504
f 472 2396 1533
f 446 2361 1414
f 506 2418 1444
f 535 2457 1594
f 541 2463 1383
f 570 2492 1323
f 480 2402 1275
f 421 2343 1263
f 511 2433 1299
f 556 2478 1317
f 484 2406 1341
f 580 2502 1564
f 567 2484 1462
f 522 2442 1588
f 427 2349 1347
f 544 2468 1521
f 468 2387 1420
f 436 2358 1395
f 499 2421 1497
f 530 2454 1515
f 548 2472 1557
f 466 2388 1425
f 442 2364 1431
f 505 2426 1570
f 536 2448 1372
f 491 2403 1282
f 423 2342 1258
f 513 2432 1294
f 564 2477 1312
f 581 2493 1330
f 549 2462 1378
f 477 2397 1540
f 445 2367 1449
f 503 2427 1575
f 525 2447 1365
f 474 2391 1486
f 438 2357 1390
f 495 2417 1437
f 532 2453 1510
f 552 2469 1528
f 490 2411 1546
f 577 2498 1468
f 559 2483 1455
f 517 2441 1581
f 430 2352 1359
f 590 2509 1272
f 584 2503 1248
f 585 2506 1253
f 592 2512 1289
f 595 2515 1307
f 598 2518 1337
f 636 2555 1554
f 621 2541 1476
f 642 2562 1602
f 601 2522 1355
f 623 2542 1482
f 611 2528 1404
f 609 2531 1409
f 625 2545 1493
f 628 2548 1505
f 632 2551 1536
f 613 2533 1415
f 616 2537 1445
f 638 2559 1595
f 606 2526 1386
f 407 1616 909
f 403 1608 891
f 404 1606 886
f 410 1612 898
f 413 1615 904
f 422 1624 922
f 486 1692 1060
f 573 1782 1240
f 561 1765 1204
f 512 1714 1102
f 452 1661 999
f 448 1653 981
f 449 1651 976
f 455 1657 988
f 458 1660 994
f 470 1675 1024
f 437 1639 952
f 494 1696 1066
f 531 1733 1138
f 539 1751 1179
f 568 1779 1233
f 478 1683 1041
f 419 1626 927
f 509 1721 1119
f 554 1766 1209
f 482 1689 1053
f 576 1778 1228
f 558 1760 1192
f 516 1718 1108
f 425 1629 933
f 542 1747 1167
f 463 1665 1005
f 434 1641 957
f 497 1704 1083
f 528 1737 1150
f 546 1750 1174
f 464 1676 1029
f 440 1644 963
f 500 1702 1077
f 524 1726 1126
f 479 1681 1036
f 418 1620 915
f 508 1710 1095
f 553 1755 1185
f 569 1771 1216
f 538 1740 1155
f 471 1673 1018
f 443 1647 970
f 501 1707 1090
f 523 1734 1143
f 467 1669 1012
f 433 1635 945
f 493 1698 1071
f 527 1729 1131
f 543 1745 1162
f 485 1687 1047
f 572 1774 1221
f 557 1762 1197
f 515 1720 1114
f 428 1632 940
f 591 2189 1284
f 587 1883 1260
f 588 1903 1296
f 594 2281 1314
f 597 2317 1332
f 600 2173 1380
f 634 2158 1542
f 619 2012 1451
f 639 2210 1577
f 602 1924 1367
f 624 2135 1488
f 608 1973 1392
f 610 1996 1439
f 627 2227 1512
f 630 2304 1530
f 635 2176 1548
f 615 2155 1470
f 617 2014 1457
f 637 2212 1583
f 604 1922 1361
f 416 1864 1270
f 408 1810 1246
f 406 1795 1251
f 412 1831 1287
f 415 1849 1305
f 424 1887 1335
f 492 2193 1552
f 582 2321 1474
f 565 2285 1600
f 514 1907 1353
f 461 2098 1480
f 453 2044 1402
f 451 1961 1407
f 457 2067 1491
f 460 2083 1503
f 475 2139 1534
f 439 1975 1413
f 496 1997 1443
f 533 2231 1593
f 551 2298 1384
f 579 2190 1324
f 483 1884 1276
f 426 1900 1264
f 521 2278 1300
f 566 2314 1318
f 489 2170 1342
f 578 2159 1563
f 560 2015 1461
f 518 2213 1587
f 429 1918 1348
f 547 2136 1522
f 465 1977 1419
f 441 1990 1396
f 504 2224 1498
f 537 2301 1516
f 550 2177 1558
f 476 2152 1426
f 444 2008 1432
f 502 2206 1569
f 526 1925 1371
f 481 1817 1281
f 420 1797 1257
f 510 1833 1293
f 555 1851 1311
f 571 1871 1329
f 540 1941 1377
f 473 2119 1539
f 447 2029 1450
f 507 2247 1576
f 534 2262 1366
f 469 2051 1485
f 435 1954 1389
f 498 2064 1438
f 529 2085 1509
f 545 2105 1527
f 487 2121 1545
f 574 2031 1467
f 562 2244 1456
f 520 2265 1582
f 432 1939 1360
f 589 1814 1271
f 583 1793 1247
f 586 1829 1254
f 593 1847 1290
f 596 1868 1308
f 599 1937 1338
f 633 2124 1553
f 620 2034 1475
f 640 2250 1601
f 603 2261 1356
f 622 2050 1481
f 607 1960 1403
f 612 2063 1410
f 626 2081 1494
f 629 2102 1506
f 631 2117 1535
f 614 2027 1416
f 618 2243 1446
f 641 2268 1596
f 605 1944 1385
f 409 1804 894
f 405 1785 887
f 411 1821 899
f 414 1839 905
f 417 1858 912
f 431 1929 941
f 488 2114 1050
f 575 2024 1224
f 563 2240 1200
f 519 2253 1115
f 454 2038 984
f 450 1951 977
f 456 2055 989
f 459 2073 995
f 462 2092 1002
f 472 2109 1019
f 446 2019 971
f 506 2235 1091
f 535 2258 1146
f 541 1934 1158
f 570 1861 1217
f 480 1807 1037
f 421 1790 918
f 511 1826 1098
f 556 1844 1188
f 484 1880 1044
f 580 2186 1236
f 567 2308 1212
f 522 2272 1122
f 427 1894 930
f 544 2095 1163
f 468 2041 1013
f 436 1948 948
f 499 2060 1074
f 530 2078 1134
f 548 2132 1170
f 466 1970 1008
f 442 1984 960
f 505 2218 1086
f 536 2289 1151
f 491 2181 1061
f 423 1875 923
f 513 1897 1103
f 564 2275 1205
f 581 2311 1241
f 549 2167 1175
f 477 2146 1032
f 445 2002 966
f 503 2200 1080
f 525 1915 1127
f 474 2127 1025
f 438 1965 953
f 495 1987 1067
f 532 2221 1139
f 552 2294 1182
f 490 2164 1056
f 577 2149 1229
f 559 2005 1193
f 517 2203 1109
f 430 1912 936
f 590 1870 1325
f 584 1816 1277
f 585 1800 1265
f 592 1836 1301
f 595 1854 1319
f 598 1890 1343
f 636 2196 1566
f 621 2320 1464
f 642 2284 1590
f 601 1906 1349
f 623 2104 1523
f 611 2047 1422
f 609 1958 1397
f 625 2070 1499
f 628 2088 1517
f 632 2142 1559
f 613 1980 1427
f 616 1994 1433
f 638 2230 1572
f 606 2297 1374
f 407 2329 892
f 403 2323 885
f 404 2326 897
f 410 2333 903
f 413 2336 910
f 422 2345 939
f 486 2409 1048
f 573 2496 1222
f 561 2485 1198
f 512 2435 1113
f 452 2374 982
f 448 2368 975
f 449 2371 987
f 455 2378 993
f 458 2381 1000
f 470 2392 1017
f 437 2360 969
f 494 2416 1089
f 531 2456 1144
f 539 2460 1156
f 568 2488 1215
f 478 2398 1035
f 419 2340 916
f 509 2430 1096
f 554 2475 1186
f 482 2404 1042
f 576 2501 1234
f 558 2482 1210
f 516 2440 1120
f 425 2347 928
f 542 2464 1161
f 463 2384 1011
f 434 2355 946
f 497 2419 1072
f 528 2451 1132
f 546 2470 1168
f 464 2385 1006
f 440 2362 958
f 500 2423 1084
f 524 2446 1149
f 479 2401 1059
f 418 2339 921
f 508 2429 1101
f 553 2474 1203
f 569 2491 1239
f 538 2459 1173
f 471 2395 1030
f 443 2365 964
f 501 2424 1078
f 523 2443 1125
f 467 2390 1023
f 433 2354 951
f 493 2413 1065
f 527 2450 1137
f 543 2467 1180
f 485 2408 1054
f 572 2495 1227
f 557 2479 1191
f 515 2437 1107
f 428 2350 934
f 591 2511 1326
f 587 2505 1278
f 588 2507 1266
f 594 2513 1302
f 597 2516 1320
f 600 2519 1344
f 634 2556 1565
f 619 2540 1463
f 639 2561 1589
f 602 2521 1350
f 624 2544 1524
f 608 2529 1421
f 610 2530 1398
f 627 2546 1500
f 630 2549 1518
f 635 2553 1560
f 615 2534 1428
f 617 2536 1434
f 637 2557 1571
f 604 2525 1373
f 164 1609 889
f 163 1605 883
f 165 1611 895
f 166 1614 901
f 167 1617 907
f 172 1631 937
f 190 1688 1045
f 219 1775 1219
f 215 1763 1195
f 201 1719 1111
f 179 1654 979
f 178 1650 973
f 180 1656 985
f 181 1659 991
f 182 1662 997
f 185 1672 1015
f 177 1646 967
f 197 1706 1087
f 206 1735 1141
f 208 1741 1153
f 218 1770 1213
f 188 1680 1033
f 168 1621 913
f 198 1711 1093
f 213 1756 1183
f 189 1684 1039
f 221 1780 1231
f 217 1767 1207
f 202 1722 1117
f 170 1627 925
f 209 1744 1159
f 184 1668 1009
f 173 1636 943
f 194 1699 1069
f 204 1730 1129
f 210 1748 1165
f 183 1666 1003
f 175 1642 955
f 196 1705 1081
f 207 1736 1147
f 192 1691 1057
f 169 1623 919
f 199 1713 1099
f 216 1764 1201
f 222 1781 1237
f 211 1749 1171
f 187 1677 1027
f 176 1645 961
f 195 1703 1075
f 203 1725 1123
f 186 1674 1021
f 174 1638 949
f 193 1695 1063
f 205 1732 1135
f 212 1752 1177
f 191 1690 1051
f 220 1777 1225
f 214 1759 1189
f 200 1717 1105
f 171 1630 931
f 358 2191 1322
f 256 1885 1274
f 261 1901 1262
f 387 2279 1298
f 399 2315 1316
f 351 2171 1340
f 348 2160 1561
f 300 2016 1459
f 366 2214 1585
f 267 1919 1346
f 340 2137 1520
f 287 1978 1417
f 291 1991 1394
f 369 2225 1496
f 395 2302 1514
f 354 2178 1556
f 345 2153 1424
f 297 2009 1430
f 363 2207 1567
f 270 1926 1369
f 247 1857 908
f 229 1803 890
f 223 1786 884
f 235 1822 896
f 241 1840 902
f 253 1876 920
f 355 2182 1058
f 398 2312 1238
f 386 2276 1202
f 260 1898 1100
f 325 2091 998
f 307 2037 980
f 278 1952 974
f 313 2056 986
f 319 2074 992
f 337 2128 1022
f 283 1966 950
f 290 1988 1064
f 368 2222 1136
f 392 2293 1178
f 356 2185 1232
f 254 1879 1040
f 259 1893 926
f 385 2271 1118
f 397 2307 1208
f 349 2163 1052
f 344 2150 1226
f 296 2006 1190
f 362 2204 1106
f 265 1911 932
f 338 2131 1166
f 284 1969 1004
f 289 1983 956
f 367 2217 1082
f 391 2290 1148
f 350 2168 1172
f 343 2145 1028
f 295 2001 962
f 361 2199 1076
f 266 1916 1124
f 230 1808 1034
f 224 1789 914
f 236 1825 1094
f 242 1843 1184
f 248 1862 1214
f 272 1933 1154
f 331 2110 1016
f 301 2020 968
f 373 2236 1088
f 380 2257 1142
f 308 2042 1010
f 277 1947 944
f 314 2059 1070
f 320 2077 1130
f 326 2096 1160
f 332 2113 1046
f 302 2023 1220
f 374 2239 1196
f 379 2254 1112
f 271 1930 938
f 234 1818 1279
f 227 1798 1255
f 239 1834 1291
f 245 1852 1309
f 252 1872 1327
f 275 1942 1375
f 334 2120 1537
f 304 2030 1448
f 377 2248 1574
f 382 2263 1364
f 312 2052 1483
f 279 1955 1387
f 316 2065 1436
f 323 2086 1507
f 330 2106 1525
f 335 2122 1543
f 305 2032 1465
f 376 2245 1454
f 383 2266 1580
f 274 1940 1358
f 232 1813 1267
f 225 1792 1243
f 237 1828 1250
f 243 1846 1286
f 250 1867 1304
f 273 1936 1334
f 336 2123 1549
f 306 2033 1471
f 378 2249 1597
f 381 2260 1352
f 311 2049 1477
f 281 1959 1399
f 315 2062 1406
f 321 2080 1490
f 328 2101 1502
f 333 2116 1531
f 303 2026 1412
f 375 2242 1442
f 384 2267 1592
f 276 1943 1381
f 251 1869 1321
f 233 1815 1273
f 228 1799 1261
f 240 1835 1297
f 246 1853 1315
f 258 1889 1339
f 360 2195 1562
f 401 2319 1460
f 389 2283 1586
f 263 1905 1345
f 329 2103 1519
f 310 2046 1418
f 280 1957 1393
f 318 2069 1495
f 324 2087 1513
f 342 2141 1555
f 288 1979 1423
f 292 1993 1429
f 371 2229 1568
f 393 2296 1370
f 357 2188 1280
f 255 1882 1256
f 262 1902 1292
f 388 2280 1310
f 400 2316 1328
f 352 2172 1376
f 347 2157 1538
f 298 2011 1447
f 364 2209 1573
f 269 1923 1363
f 339 2134 1484
f 285 1972 1388
f 293 1995 1435
f 370 2226 1508
f 396 2303 1526
f 353 2175 1544
f 346 2154 1466
f 299 2013 1453
f 365 2211 1579
f 268 1921 1357
f 249 1865 1268
f 231 1811 1244
f 226 1796 1249
f 238 1832 1285
f 244 1850 1303
f 257 1888 1333
f 359 2194 1550
f 402 2322 1472
f 390 2286 1598
f 264 1908 1351
f 327 2099 1478
f 309 2045 1400
f 282 1962 1405
f 317 2068 1489
f 322 2084 1501
f 341 2140 1532
f 286 1976 1411
f 294 1998 1441
f 372 2232 1591
f 394 2299 1382
f 416 2330 911
f 408 2324 893
f 406 2325 888
f 412 2332 900
f 415 2335 906
f 424 2344 924
f 492 2410 1062
f 582 2497 1242
f 565 2486 1206
f 514 2434 1104
f 461 2375 1001
f 453 2369 983
f 451 2370 978
f 457 2377 990
f 460 2380 996
f 475 2393 1026
f 439 2359 954
f 496 2415 1068
f 533 2455 1140
f 551 2461 1181
f 579 2489 1235
f 483 2399 1043
f 426 2341 929
f 521 2431 1121
f 566 2476 1211
f 489 2405 1055
f 578 2500 1230
f 560 2481 1194
f 518 2439 1110
f 429 2348 935
f 547 2465 1169
f 465 2383 1007
f 441 2356 959
f 504 2420 1085
f 537 2452 1152
f 550 2471 1176
f 476 2386 1031
f 444 2363 965
f 502 2422 1079
f 526 2445 1128
f 481 2400 1038
f 420 2338 917
f 510 2428 1097
f 555 2473 1187
f 571 2490 1218
f 540 2458 1157
f 473 2394 1020
f 447 2366 972
f 507 2425 1092
f 534 2444 1145
f 469 2389 1014
f 435 2353 947
f 498 2414 1073
f 529 2449 1133
f 545 2466 1164
f 487 2407 1049
f 574 2494 1223
f 562 2480 1199
f 520 2438 1116
f 432 2351 942
f 589 2510 1283
f 583 2504 1259
f 586 2508 1295
f 593 2514 1313
f 596 2517 1331
f 599 2520 1379
f 633 2554 1541
f 620 2539 1452
f 640 2560 1578
f 603 2523 1368
f 622 2543 1487
f 607 2527 1391
f 612 2532 1440
f 626 2547 1511
f 629 2550 1529
f 631 2552 1547
f 614 2535 1469
f 618 2538 1458
f 641 2558 1584
f 605 2524 1362
f 164 1607 1609
f 163 1603 1605
f 165 1604 1611
f 166 1610 1614
f 167 1613 1617
f 172 1622 1631
f 190 1686 1688
f 219 1773 1775
f 215 1761 1763
f 201 1712 1719
f 179 1652 1654
f 178 1648 1650
f 180 1649 1656
f 181 1655 1659
f 182 1658 1662
f 185 1670 1672
f 177 1637 1646
f 197 1694 1706
f 206 1731 1735
f 208 1739 1741
f 218 1768 1770
f 188 1678 1680
f 168 1619 1621
f 198 1709 1711
f 213 1754 1756
f 189 1682 1684
f 221 1776 1780
f 217 1758 1767
f 202 1716 1722
f 170 1625 1627
f 209 1742 1744
f 184 1663 1668
f 173 1634 1636
f 194 1697 1699
f 204 1728 1730
f 210 1746 1748
f 183 1664 1666
f 175 1640 1642
f 196 1700 1705
f 207 1724 1736
f 192 1679 1691
f 169 1618 1623
f 199 1708 1713
f 216 1753 1764
f 222 1769 1781
f 211 1738 1749
f 187 1671 1677
f 176 1643 1645
f 195 1701 1703
f 203 1723 1725
f 186 1667 1674
f 174 1633 1638
f 193 1693 1695
f 205 1727 1732
f 212 1743 1752
f 191 1685 1690
f 220 1772 1777
f 214 1757 1759
f 200 1715 1717
f 171 1628 1630
f 358 2187 2191
f 256 1881 1885
f 261 1899 1901
f 387 2277 2279
f 399 2313 2315
f 351 2169 2171
f 348 2156 2160
f 300 2010 2016
f 366 2208 2214
f 267 1917 1919
f 340 2133 2137
f 287 1971 1978
f 291 1989 1991
f 369 2223 2225
f 395 2300 2302
f 354 2174 2178
f 345 2151 2153
f 297 2007 2009
f 363 2205 2207
f 270 1920 1926
f 247 1855 1857
f 229 1801 1803
f 223 1784 1786
f 235 1820 1822
f 241 1838 1840
f 253 1874 1876
f 355 2180 2182
f 398 2310 2312
f 386 2274 2276
f 260 1896 1898
f 325 2089 2091
f 307 2035 2037
f 278 1950 1952
f 313 2054 2056
f 319 2072 2074
f 337 2126 2128
f 283 1964 1966
f 290 1986 1988
f 368 2220 2222
f 392 2291 2293
f 356 2183 2185
f 254 1877 1879
f 259 1891 1893
f 385 2269 2271
f 397 2305 2307
f 349 2161 2163
f 344 2148 2150
f 296 2004 2006
f 362 2202 2204
f 265 1909 1911
f 338 2129 2131
f 284 1967 1969
f 289 1981 1983
f 367 2215 2217
f 391 2288 2290
f 350 2166 2168
f 343 2143 2145
f 295 1999 2001
f 361 2197 2199
f 266 1914 1916
f 230 1806 1808
f 224 1787 1789
f 236 1823 1825
f 242 1841 1843
f 248 1860 1862
f 272 1931 1933
f 331 2108 2110
f 301 2018 2020
f 373 2234 2236
f 380 2255 2257
f 308 2040 2042
f 277 1945 1947
f 314 2057 2059
f 320 2075 2077
f 326 2094 2096
f 332 2111 2113
f 302 2021 2023
f 374 2237 2239
f 379 2252 2254
f 271 1928 1930
f 234 1812 1818
f 227 1791 1798
f 239 1827 1834
f 245 1845 1852
f 252 1866 1872
f 275 1935 1942
f 334 2118 2120
f 304 2028 2030
f 377 2246 2248
f 382 2259 2263
f 312 2048 2052
f 279 1953 1955
f 316 2061 2065
f 323 2079 2086
f 330 2100 2106
f 335 2115 2122
f 305 2025 2032
f 376 2241 2245
f 383 2264 2266
f 274 1938 1940
f 232 1802 1813
f 225 1783 1792
f 237 1819 1828
f 243 1837 1846
f 250 1856 1867
f 273 1927 1936
f 336 2112 2123
f 306 2022 2033
f 378 2238 2249
f 381 2251 2260
f 311 2036 2049
f 281 1949 1959
f 315 2053 2062
f 321 2071 2080
f 328 2090 2101
f 333 2107 2116
f 303 2017 2026
f 375 2233 2242
f 384 2256 2267
f 276 1932 1943
f 251 1859 1869
f 233 1805 1815
f 228 1788 1799
f 240 1824 1835
f 246 1842 1853
f 258 1878 1889
f 360 2184 2195
f 401 2306 2319
f 389 2270 2283
f 263 1892 1905
f 329 2093 2103
f 310 2039 2046
f 280 1946 1957
f 318 2058 2069
f 324 2076 2087
f 342 2130 2141
f 288 1968 1979
f 292 1982 1993
f 371 2216 2229
f 393 2287 2296
f 357 2179 2188
f 255 1873 1882
f 262 1895 1902
f 388 2273 2280
f 400 2309 2316
f 352 2165 2172
f 347 2144 2157
f 298 2000 2011
f 364 2198 2209
f 269 1913 1923
f 339 2125 2134
f 285 1963 1972
f 293 1985 1995
f 370 2219 2226
f 396 2292 2303
f 353 2162 2175
f 346 2147 2154
f 299 2003 2013
f 365 2201 2211
f 268 1910 1921
f 249 1863 1865
f 231 1809 1811
f 226 1794 1796
f 238 1830 1832
f 244 1848 1850
f 257 1886 1888
f 359 2192 2194
f 402 2318 2322
f 390 2282 2286
f 264 1904 1908
f 327 2097 2099
f 309 2043 2045
f 282 1956 1962
f 317 2066 2068
f 322 2082 2084
f 341 2138 2140
f 286 1974 1976
f 294 1992 1998
f 372 2228 2232
f 394 2295 2299
f 416 2331 2330
f 408 2327 2324
f 406 2328 2325
f 412 2334 2332
f 415 2337 2335
f 424 2346 2344
f 492 2412 2410
f 582 2499 2497
f 565 2487 2486
f 514 2436 2434
f 461 2376 2375
f 453 2372 2369
f 451 2373 2370
f 457 2379 2377
f 460 2382 2380
f 475 2396 2393
f 439 2361 2359
f 496 2418 2415
f 533 2457 2455
f 551 2463 2461
f 579 2492 2489
f 483 2402 2399
f 426 2343 2341
f 521 2433 2431
f 566 2478 2476
f 489 2406 2405
f 578 2502 2500
f 560 2484 2481
f 518 2442 2439
f 429 2349 2348
f 547 2468 2465
f 465 2387 2383
f 441 2358 2356
f 504 2421 2420
f 537 2454 2452
f 550 2472 2471
f 476 2388 2386
f 444 2364 2363
f 502 2426 2422
f 526 2448 2445
f 481 2403 2400
f 420 2342 2338
f 510 2432 2428
f 555 2477 2473
f 571 2493 2490
f 540 2462 2458
f 473 2397 2394
f 447 2367 2366
f 507 2427 2425
f 534 2447 2444
f 469 2391 2389
f 435 2357 2353
f 498 2417 2414
f 529 2453 2449
f 545 2469 2466
f 487 2411 2407
f 574 2498 2494
f 562 2483 2480
f 520 2441 2438
f 432 2352 2351
f 589 2509 2510
f 583 2503 2504
f 586 2506 2508
f 593 2512 2514
f 596 2515 2517
f 599 2518 2520
f 633 2555 2554
f 620 2541 2539
f 640 2562 2560
f 603 2522 2523
f 622 2542 2543
f 607 2528 2527
f 612 2531 2532
f 626 2545 2547
f 629 2548 2550
f 631 2551 2552
f 614 2533 2535
f 618 2537 2538
f 641 2559 2558
f 605 2526 2524
f 164 644 1607
f 163 643 1603
f 165 645 1604
f 166 646 1610
f 167 647 1613
f 172 652 1622
f 190 670 1686
f 219 699 1773
f 215 695 1761
f 201 681 1712
f 179 659 1652
f 178 658 1648
f 180 660 1649
f 181 661 1655
f 182 662 1658
f 185 665 1670
f 177 657 1637
f 197 677 1694
f 206 686 1731
f 208 688 1739
f 218 698 1768
f 188 668 1678
f 168 648 1619
f 198 678 1709
f 213 693 1754
f 189 669 1682
f 221 701 1776
f 217 697 1758
f 202 682 1716
f 170 650 1625
f 209 689 1742
f 184 664 1663
f 173 653 1634
f 194 674 1697
f 204 684 1728
f 210 690 1746
f 183 663 1664
f 175 655 1640
f 196 676 1700
f 207 687 1724
f 192 672 1679
f 169 649 1618
f 199 679 1708
f 216 696 1753
f 222 702 1769
f 211 691 1738
f 187 667 1671
f 176 656 1643
f 195 675 1701
f 203 683 1723
f 186 666 1667
f 174 654 1633
f 193 673 1693
f 205 685 1727
f 212 692 1743
f 191 671 1685
f 220 700 1772
f 214 694 1757
f 200 680 1715
f 171 651 1628
f 358 838 2187
f 256 736 1881
f 261 741 1899
f 387 867 2277
f 399 879 2313
f 351 831 2169
f 348 828 2156
f 300 780 2010
f 366 846 2208
f 267 747 1917
f 340 820 2133
f 287 767 1971
f 291 771 1989
f 369 849 2223
f 395 875 2300
f 354 834 2174
f 345 825 2151
f 297 777 2007
f 363 843 2205
f 270 750 1920
f 247 727 1855
f 229 709 1801
f 223 703 1784
f 235 715 1820
f 241 721 1838
f 253 733 1874
f 355 835 2180
f 398 878 2310
f 386 866 2274
f 260 740 1896
f 325 805 2089
f 307 787 2035
f 278 758 1950
f 313 793 2054
f 319 799 2072
f 337 817 2126
f 283 763 1964
f 290 770 1986
f 368 848 2220
f 392 872 2291
f 356 836 2183
f 254 734 1877
f 259 739 1891
f 385 865 2269
f 397 877 2305
f 349 829 2161
f 344 824 2148
f 296 776 2004
f 362 842 2202
f 265 745 1909
f 338 818 2129
f 284 764 1967
f 289 769 1981
f 367 847 2215
f 391 871 2288
f 350 830 2166
f 343 823 2143
f 295 775 1999
f 361 841 2197
f 266 746 1914
f 230 710 1806
f 224 704 1787
f 236 716 1823
f 242 722 1841
f 248 728 1860
f 272 752 1931
f 331 811 2108
f 301 781 2018
f 373 853 2234
f 380 860 2255
f 308 788 2040
f 277 757 1945
f 314 794 2057
f 320 800 2075
f 326 806 2094
f 332 812 2111
f 302 782 2021
f 374 854 2237
f 379 859 2252
f 271 751 1928
f 234 714 1812
f 227 707 1791
f 239 719 1827
f 245 725 1845
f 252 732 1866
f 275 755 1935
f 334 814 2118
f 304 784 2028
f 377 857 2246
f 382 862 2259
f 312 792 2048
f 279 759 1953
f 316 796 2061
f 323 803 2079
f 330 810 2100
f 335 815 2115
f 305 785 2025
f 376 856 2241
f 383 863 2264
f 274 754 1938
f 232 712 1802
f 225 705 1783
f 237 717 1819
f 243 723 1837
f 250 730 1856
f 273 753 1927
f 336 816 2112
f 306 786 2022
f 378 858 2238
f 381 861 2251
f 311 791 2036
f 281 761 1949
f 315 795 2053
f 321 801 2071
f 328 808 2090
f 333 813 2107
f 303 783 2017
f 375 855 2233
f 384 864 2256
f 276 756 1932
f 251 731 1859
f 233 713 1805
f 228 708 1788
f 240 720 1824
f 246 726 1842
f 258 738 1878
f 360 840 2184
f 401 881 2306
f 389 869 2270
f 263 743 1892
f 329 809 2093
f 310 790 2039
f 280 760 1946
f 318 798 2058
f 324 804 2076
f 342 822 2130
f 288 768 1968
f 292 772 1982
f 371 851 2216
f 393 873 2287
f 357 837 2179
f 255 735 1873
f 262 742 1895
f 388 868 2273
f 400 880 2309
f 352 832 2165
f 347 827 2144
f 298 778 2000
f 364 844 2198
f 269 749 1913
f 339 819 2125
f 285 765 1963
f 293 773 1985
f 370 850 2219
f 396 876 2292
f 353 833 2162
f 346 826 2147
f 299 779 2003
f 365 845 2201
f 268 748 1910
f 249 729 1863
f 231 711 1809
f 226 706 1794
f 238 718 1830
f 244 724 1848
f 257 737 1886
f 359 839 2192
f 402 882 2318
f 390 870 2282
f 264 744 1904
f 327 807 2097
f 309 789 2043
f 282 762 1956
f 317 797 2066
f 322 802 2082
f 341 821 2138
f 286 766 1974
f 294 774 1992
f 372 852 2228
f 394 874 2295
f 416 1270 2331
f 408 1246 2327
f 406 1251 2328
f 412 1287 2334
f 415 1305 2337
f 424 1335 2346
f 492 1552 2412
f 582 1474 2499
f 565 1600 2487
f 514 1353 2436
f 461 1480 2376
f 453 1402 2372
f 451 1407 2373
f 457 1491 2379
f 460 1503 2382
f 475 1534 2396
f 439 1413 2361
f 496 1443 2418
f 533 1593 2457
f 551 1384 2463
f 579 1324 2492
f 483 1276 2402
f 426 1264 2343
f 521 1300 2433
f 566 1318 2478
f 489 1342 2406
f 578 1563 2502
f 560 1461 2484
f 518 1587 2442
f 429 1348 2349
f 547 1522 2468
f 465 1419 2387
f 441 1396 2358
f 504 1498 2421
f 537 1516 2454
f 550 1558 2472
f 476 1426 2388
f 444 1432 2364
f 502 1569 2426
f 526 1371 2448
f 481 1281 2403
f 420 1257 2342
f 510 1293 2432
f 555 1311 2477
f 571 1329 2493
f 540 1377 2462
f 473 1539 2397
f 447 1450 2367
f 507 1576 2427
f 534 1366 2447
f 469 1485 2391
f 435 1389 2357
f 498 1438 2417
f 529 1509 2453
f 545 1527 2469
f 487 1545 2411
f 574 1467 2498
f 562 1456 2483
f 520 1582 2441
f 432 1360 2352
f 589 1271 2509
f 583 1247 2503
f 586 1254 2506
f 593 1290 2512
f 596 1308 2515
f 599 1338 2518
f 633 1553 2555
f 620 1475 2541
f 640 1601 2562
f 603 1356 2522
f 622 1481 2542
f 607 1403 2528
f 612 1410 2531
f 626 1494 2545
f 629 1506 2548
f 631 1535 2551
f 614 1416 2533
f 618 1446 2537
f 641 1596 2559
f 605 1385 2526
f 167 907 1616
f 164 889 1608
f 163 883 1606
f 165 895 1612
f 166 901 1615
f 169 919 1624
f 192 1057 1692
f 222 1237 1782
f 216 1201 1765
f 199 1099 1714
f 182 997 1661
f 179 979 1653
f 178 973 1651
f 180 985 1657
f 181 991 1660
f 186 1021 1675
f 174 949 1639
f 193 1063 1696
f 205 1135 1733
f 212 1177 1751
f 221 1231 1779
f 189 1039 1683
f 170 925 1626
f 202 1117 1721
f 217 1207 1766
f 191 1051 1689
f 220 1225 1778
f 214 1189 1760
f 200 1105 1718
f 171 931 1629
f 210 1165 1747
f 183 1003 1665
f 175 955 1641
f 196 1081 1704
f 207 1147 1737
f 211 1171 1750
f 187 1027 1676
f 176 961 1644
f 195 1075 1702
f 203 1123 1726
f 188 1033 1681
f 168 913 1620
f 198 1093 1710
f 213 1183 1755
f 218 1213 1771
f 208 1153 1740
f 185 1015 1673
f 177 967 1647
f 197 1087 1707
f 206 1141 1734
f 184 1009 1669
f 173 943 1635
f 194 1069 1698
f 204 1129 1729
f 209 1159 1745
f 190 1045 1687
f 219 1219 1774
f 215 1195 1762
f 201 1111 1720
f 172 937 1632
f 357 1280 2189
f 255 1256 1883
f 262 1292 1903
f 388 1310 2281
f 400 1328 2317
f 352 1376 2173
f 347 1538 2158
f 298 1447 2012
f 364 1573 2210
f 269 1363 1924
f 339 1484 2135
f 285 1388 1973
f 293 1435 1996
f 370 1508 2227
f 396 1526 2304
f 353 1544 2176
f 346 1466 2155
f 299 1453 2014
f 365 1579 2212
f 268 1357 1922
f 249 1268 1864
f 231 1244 1810
f 226 1249 1795
f 238 1285 1831
f 244 1303 1849
f 257 1333 1887
f 359 1550 2193
f 402 1472 2321
f 390 1598 2285
f 264 1351 1907
f 327 1478 2098
f 309 1400 2044
f 282 1405 1961
f 317 1489 2067
f 322 1501 2083
f 341 1532 2139
f 286 1411 1975
f 294 1441 1997
f 372 1591 2231
f 394 1382 2298
f 358 1322 2190
f 256 1274 1884
f 261 1262 1900
f 387 1298 2278
f 399 1316 2314
f 351 1340 2170
f 348 1561 2159
f 300 1459 2015
f 366 1585 2213
f 267 1346 1918
f 340 1520 2136
f 287 1417 1977
f 291 1394 1990
f 369 1496 2224
f 395 1514 2301
f 354 1556 2177
f 345 1424 2152
f 297 1430 2008
f 363 1567 2206
f 270 1369 1925
f 234 1279 1817
f 227 1255 1797
f 239 1291 1833
f 245 1309 1851
f 252 1327 1871
f 275 1375 1941
f 334 1537 2119
f 304 1448 2029
f 377 1574 2247
f 382 1364 2262
f 312 1483 2051
f 279 1387 1954
f 316 1436 2064
f 323 1507 2085
f 330 1525 2105
f 335 1543 2121
f 305 1465 2031
f 376 1454 2244
f 383 1580 2265
f 274 1358 1939
f 232 1267 1814
f 225 1243 1793
f 237 1250 1829
f 243 1286 1847
f 250 1304 1868
f 273 1334 1937
f 336 1549 2124
f 306 1471 2034
f 378 1597 2250
f 381 1352 2261
f 311 1477 2050
f 281 1399 1960
f 315 1406 2063
f 321 1490 2081
f 328 1502 2102
f 333 1531 2117
f 303 1412 2027
f 375 1442 2243
f 384 1592 2268
f 276 1381 1944
f 229 890 1804
f 223 884 1785
f 235 896 1821
f 241 902 1839
f 247 908 1858
f 271 938 1929
f 332 1046 2114
f 302 1220 2024
f 374 1196 2240
f 379 1112 2253
f 307 980 2038
f 278 974 1951
f 313 986 2055
f 319 992 2073
f 325 998 2092
f 331 1016 2109
f 301 968 2019
f 373 1088 2235
f 380 1142 2258
f 272 1154 1934
f 248 1214 1861
f 230 1034 1807
f 224 914 1790
f 236 1094 1826
f 242 1184 1844
f 254 1040 1880
f 356 1232 2186
f 397 1208 2308
f 385 1118 2272
f 259 926 1894
f 326 1160 2095
f 308 1010 2041
f 277 944 1948
f 314 1070 2060
f 320 1130 2078
f 338 1166 2132
f 284 1004 1970
f 289 956 1984
f 367 1082 2218
f 391 1148 2289
f 355 1058 2181
f 253 920 1875
f 260 1100 1897
f 386 1202 2275
f 398 1238 2311
f 350 1172 2167
f 343 1028 2146
f 295 962 2002
f 361 1076 2200
f 266 1124 1915
f 337 1022 2127
f 283 950 1965
f 290 1064 1987
f 368 1136 2221
f 392 1178 2294
f 349 1052 2164
f 344 1226 2149
f 296 1190 2005
f 362 1106 2203
f 265 932 1912
f 251 1321 1870
f 233 1273 1816
f 228 1261 1800
f 240 1297 1836
f 246 1315 1854
f 258 1339 1890
f 360 1562 2196
f 401 1460 2320
f 389 1586 2284
f 263 1345 1906
f 329 1519 2104
f 310 1418 2047
f 280 1393 1958
f 318 1495 2070
f 324 1513 2088
f 342 1555 2142
f 288 1423 1980
f 292 1429 1994
f 371 1568 2230
f 393 1370 2297
f 409 894 2329
f 405 887 2323
f 411 899 2326
f 414 905 2333
f 417 912 2336
f 431 941 2345
f 488 1050 2409
f 575 1224 2496
f 563 1200 2485
f 519 1115 2435
f 454 984 2374
f 450 977 2368
f 456 989 2371
f 459 995 2378
f 462 1002 2381
f 472 1019 2392
f 446 971 2360
f 506 1091 2416
f 535 1146 2456
f 541 1158 2460
f 570 1217 2488
f 480 1037 2398
f 421 918 2340
f 511 1098 2430
f 556 1188 2475
f 484 1044 2404
f 580 1236 2501
f 567 1212 2482
f 522 1122 2440
f 427 930 2347
f 544 1163 2464
f 468 1013 2384
f 436 948 2355
f 499 1074 2419
f 530 1134 2451
f 548 1170 2470
f 466 1008 2385
f 442 960 2362
f 505 1086 2423
f 536 1151 2446
f 491 1061 2401
f 423 923 2339
f 513 1103 2429
f 564 1205 2474
f 581 1241 2491
f 549 1175 2459
f 477 1032 2395
f 445 966 2365
f 503 1080 2424
f 525 1127 2443
f 474 1025 2390
f 438 953 2354
f 495 1067 2413
f 532 1139 2450
f 552 1182 2467
f 490 1056 2408
f 577 1229 2495
f 559 1193 2479
f 517 1109 2437
f 430 936 2350
f 590 1325 2511
f 584 1277 2505
f 585 1265 2507
f 592 1301 2513
f 595 1319 2516
f 598 1343 2519
f 636 1566 2556
f 621 1464 2540
f 642 1590 2561
f 601 1349 2521
f 623 1523 2544
f 611 1422 2529
f 609 1397 2530
f 625 1499 2546
f 628 1517 2549
f 632 1559 2553
f 613 1427 2534
f 616 1433 2536
f 638 1572 2557
f 606 1374 2525
f 407 892 1609
f 403 885 1605
f 404 897 1611
f 410 903 1614
f 413 910 1617
f 422 939 1631
f 486 1048 1688
f 573 1222 1775
f 561 1198 1763
f 512 1113 1719
f 452 982 1654
f 448 975 1650
f 449 987 1656
f 455 993 1659
f 458 1000 1662
f 470 1017 1672
f 437 969 1646
f 494 1089 1706
f 531 1144 1735
f 539 1156 1741
f 568 1215 1770
f 478 1035 1680
f 419 916 1621
f 509 1096 1711
f 554 1186 1756
f 482 1042 1684
f 576 1234 1780
f 558 1210 1767
f 516 1120 1722
f 425 928 1627
f 542 1161 1744
f 463 1011 1668
f 434 946 1636
f 497 1072 1699
f 528 1132 1730
f 546 1168 1748
f 464 1006 1666
f 440 958 1642
f 500 1084 1705
f 524 1149 1736
f 479 1059 1691
f 418 921 1623
f 508 1101 1713
f 553 1203 1764
f 569 1239 1781
f 538 1173 1749
f 471 1030 1677
f 443 964 1645
f 501 1078 1703
f 523 1125 1725
f 467 1023 1674
f 433 951 1638
f 493 1065 1695
f 527 1137 1732
f 543 1180 1752
f 485 1054 1690
f 572 1227 1777
f 557 1191 1759
f 515 1107 1717
f 428 934 1630
f 591 1326 2191
f 587 1278 1885
f 588 1266 1901
f 594 1302 2279
f 597 1320 2315
f 600 1344 2171
f 634 1565 2160
f 619 1463 2016
f 639 1589 2214
f 602 1350 1919
f 624 1524 2137
f 608 1421 1978
f 610 1398 1991
f 627 1500 2225
f 630 1518 2302
f 635 1560 2178
f 615 1428 2153
f 617 1434 2009
f 637 1571 2207
f 604 1373 1926
f 416 911 1857
f 408 893 1803
f 406 888 1786
f 412 900 1822
f 415 906 1840
f 424 924 1876
f 492 1062 2182
f 582 1242 2312
f 565 1206 2276
f 514 1104 1898
f 461 1001 2091
f 453 983 2037
f 451 978 1952
f 457 990 2056
f 460 996 2074
f 475 1026 2128
f 439 954 1966
f 496 1068 1988
f 533 1140 2222
f 551 1181 2293
f 579 1235 2185
f 483 1043 1879
f 426 929 1893
f 521 1121 2271
f 566 1211 2307
f 489 1055 2163
f 578 1230 2150
f 560 1194 2006
f 518 1110 2204
f 429 935 1911
f 547 1169 2131
f 465 1007 1969
f 441 959 1983
f 504 1085 2217
f 537 1152 2290
f 550 1176 2168
f 476 1031 2145
f 444 965 2001
f 502 1079 2199
f 526 1128 1916
f 481 1038 1808
f 420 917 1789
f 510 1097 1825
f 555 1187 1843
f 571 1218 1862
f 540 1157 1933
f 473 1020 2110
f 447 972 2020
f 507 1092 2236
f 534 1145 2257
f 469 1014 2042
f 435 947 1947
f 498 1073 2059
f 529 1133 2077
f 545 1164 2096
f 487 1049 2113
f 574 1223 2023
f 562 1199 2239
f 520 1116 2254
f 432 942 1930
f 589 1283 1818
f 583 1259 1798
f 586 1295 1834
f 593 1313 1852
f 596 1331 1872
f 599 1379 1942
f 633 1541 2120
f 620 1452 2030
f 640 1578 2248
f 603 1368 2263
f 622 1487 2052
f 607 1391 1955
f 612 1440 2065
f 626 1511 2086
f 629 1529 2106
f 631 1547 2122
f 614 1469 2032
f 618 1458 2245
f 641 1584 2266
f 605 1362 1940
f 409 1269 1813
f 405 1245 1792
f 411 1252 1828
f 414 1288 1846
f 417 1306 1867
f 431 1336 1936
f 488 1551 2123
f 575 1473 2033
f 563 1599 2249
f 519 1354 2260
f 454 1479 2049
f 450 1401 1959
f 456 1408 2062
f 459 1492 2080
f 462 1504 2101
f 472 1533 2116
f 446 1414 2026
f 506 1444 2242
f 535 1594 2267
f 541 1383 1943
f 570 1323 1869
f 480 1275 1815
f 421 1263 1799
f 511 1299 1835
f 556 1317 1853
f 484 1341 1889
f 580 1564 2195
f 567 1462 2319
f 522 1588 2283
f 427 1347 1905
f 544 1521 2103
f 468 1420 2046
f 436 1395 1957
f 499 1497 2069
f 530 1515 2087
f 548 1557 2141
f 466 1425 1979
f 442 1431 1993
f 505 1570 2229
f 536 1372 2296
f 491 1282 2188
f 423 1258 1882
f 513 1294 1902
f 564 1312 2280
f 581 1330 2316
f 549 1378 2172
f 477 1540 2157
f 445 1449 2011
f 503 1575 2209
f 525 1365 1923
f 474 1486 2134
f 438 1390 1972
f 495 1437 1995
f 532 1510 2226
f 552 1528 2303
f 490 1546 2175
f 577 1468 2154
f 559 1455 2013
f 517 1581 2211
f 430 1359 1921
f 590 1272 1865
f 584 1248 1811
f 585 1253 1796
f 592 1289 1832
f 595 1307 1850
f 598 1337 1888
f 636 1554 2194
f 621 1476 2322
f 642 1602 2286
f 601 1355 1908
f 623 1482 2099
f 611 1404 2045
f 609 1409 1962
f 625 1493 2068
f 628 1505 2084
f 632 1536 2140
f 613 1415 1976
f 616 1445 1998
f 638 1595 2232
f 606 1386 2299
f 407 909 2330
f 403 891 2324
f 404 886 2325
f 410 898 2332
f 413 904 2335
f 422 922 2344
f 486 1060 2410
f 573 1240 2497
f 561 1204 2486
f 512 1102 2434
f 452 999 2375
f 448 981 2369
f 449 976 2370
f 455 988 2377
f 458 994 2380
f 470 1024 2393
f 437 952 2359
f 494 1066 2415
f 531 1138 2455
f 539 1179 2461
f 568 1233 2489
f 478 1041 2399
f 419 927 2341
f 509 1119 2431
f 554 1209 2476
f 482 1053 2405
f 576 1228 2500
f 558 1192 2481
f 516 1108 2439
f 425 933 2348
f 542 1167 2465
f 463 1005 2383
f 434 957 2356
f 497 1083 2420
f 528 1150 2452
f 546 1174 2471
f 464 1029 2386
f 440 963 2363
f 500 1077 2422
f 524 1126 2445
f 479 1036 2400
f 418 915 2338
f 508 1095 2428
f 553 1185 2473
f 569 1216 2490
f 538 1155 2458
f 471 1018 2394
f 443 970 2366
f 501 1090 2425
f 523 1143 2444
f 467 1012 2389
f 433 945 2353
f 493 1071 2414
f 527 1131 2449
f 543 1162 2466
f 485 1047 2407
f 572 1221 2494
f 557 1197 2480
f 515 1114 2438
f 428 940 2351
f 591 1284 2510
f 587 1260 2504
f 588 1296 2508
f 594 1314 2514
f 597 1332 2517
f 600 1380 2520
f 634 1542 2554
f 619 1451 2539
f 639 1577 2560
f 602 1367 2523
f 624 1488 2543
f 608 1392 2527
f 610 1439 2532
f 627 1512 2547
f 630 1530 2550
f 635 1548 2552
f 615 1470 2535
f 617 1457 2538
f 637 1583 2558
f 604 1361 2524
f 167 1616 1607
f 164 1608 1603
f 163 1606 1604
f 165 1612 1610
f 166 1615 1613
f 169 1624 1622
f 192 1692 1686
f 222 1782 1773
f 216 1765 1761
f 199 1714 1712
f 182 1661 1652
f 179 1653 1648
f 178 1651 1649
f 180 1657 1655
f 181 1660 1658
f 186 1675 1670
f 174 1639 1637
f 193 1696 1694
f 205 1733 1731
f 212 1751 1739
f 221 1779 1768
f 189 1683 1678
f 170 1626 1619
f 202 1721 1709
f 217 1766 1754
f 191 1689 1682
f 220 1778 1776
f 214 1760 1758
f 200 1718 1716
f 171 1629 1625
f 210 1747 1742
f 183 1665 1663
f 175 1641 1634
f 196 1704 1697
f 207 1737 1728
f 211 1750 1746
f 187 1676 1664
f 176 1644 1640
f 195 1702 1700
f 203 1726 1724
f 188 1681 1679
f 168 1620 1618
f 198 1710 1708
f 213 1755 1753
f 218 1771 1769
f 208 1740 1738
f 185 1673 1671
f 177 1647 1643
f 197 1707 1701
f 206 1734 1723
f 184 1669 1667
f 173 1635 1633
f 194 1698 1693
f 204 1729 1727
f 209 1745 1743
f 190 1687 1685
f 219 1774 1772
f 215 1762 1757
f 201 1720 1715
f 172 1632 1628
f 357 2189 2187
f 255 1883 1881
f 262 1903 1899
f 388 2281 2277
f 400 2317 2313
f 352 2173 2169
f 347 2158 2156
f 298 2012 2010
f 364 2210 2208
f 269 1924 1917
f 339 2135 2133
f 285 1973 1971
f 293 1996 1989
f 370 2227 2223
f 396 2304 2300
f 353 2176 2174
f 346 2155 2151
f 299 2014 2007
f 365 2212 2205
f 268 1922 1920
f 249 1864 1855
f 231 1810 1801
f 226 1795 1784
f 238 1831 1820
f 244 1849 1838
f 257 1887 1874
f 359 2193 2180
f 402 2321 2310
f 390 2285 2274
f 264 1907 1896
f 327 2098 2089
f 309 2044 2035
f 282 1961 1950
f 317 2067 2054
f 322 2083 2072
f 341 2139 2126
f 286 1975 1964
f 294 1997 1986
f 372 2231 2220
f 394 2298 2291
f 358 2190 2183
f 256 1884 1877
f 261 1900 1891
f 387 2278 2269
f 399 2314 2305
f 351 2170 2161
f 348 2159 2148
f 300 2015 2004
f 366 2213 2202
f 267 1918 1909
f 340 2136 2129
f 287 1977 1967
f 291 1990 1981
f 369 2224 2215
f 395 2301 2288
f 354 2177 2166
f 345 2152 2143
f 297 2008 1999
f 363 2206 2197
f 270 1925 1914
f 234 1817 1806
f 227 1797 1787
f 239 1833 1823
f 245 1851 1841
f 252 1871 1860
f 275 1941 1931
f 334 2119 2108
f 304 2029 2018
f 377 2247 2234
f 382 2262 2255
f 312 2051 2040
f 279 1954 1945
f 316 2064 2057
f 323 2085 2075
f 330 2105 2094
f 335 2121 2111
f 305 2031 2021
f 376 2244 2237
f 383 2265 2252
f 274 1939 1928
f 232 1814 1812
f 225 1793 1791
f 237 1829 1827
f 243 1847 1845
f 250 1868 1866
f 273 1937 1935
f 336 2124 2118
f 306 2034 2028
f 378 2250 2246
f 381 2261 2259
f 311 2050 2048
f 281 1960 1953
f 315 2063 2061
f 321 2081 2079
f 328 2102 2100
f 333 2117 2115
f 303 2027 2025
f 375 2243 2241
f 384 2268 2264
f 276 1944 1938
f 229 1804 1802
f 223 1785 1783
f 235 1821 1819
f 241 1839 1837
f 247 1858 1856
f 271 1929 1927
f 332 2114 2112
f 302 2024 2022
f 374 2240 2238
f 379 2253 2251
f 307 2038 2036
f 278 1951 1949
f 313 2055 2053
f 319 2073 2071
f 325 2092 2090
f 331 2109 2107
f 301 2019 2017
f 373 2235 2233
f 380 2258 2256
f 272 1934 1932
f 248 1861 1859
f 230 1807 1805
f 224 1790 1788
f 236 1826 1824
f 242 1844 1842
f 254 1880 1878
f 356 2186 2184
f 397 2308 2306
f 385 2272 2270
f 259 1894 1892
f 326 2095 2093
f 308 2041 2039
f 277 1948 1946
f 314 2060 2058
f 320 2078 2076
f 338 2132 2130
f 284 1970 1968
f 289 1984 1982
f 367 2218 2216
f 391 2289 2287
f 355 2181 2179
f 253 1875 1873
f 260 1897 1895
f 386 2275 2273
f 398 2311 2309
f 350 2167 2165
f 343 2146 2144
f 295 2002 2000
f 361 2200 2198
f 266 1915 1913
f 337 2127 2125
f 283 1965 1963
f 290 1987 1985
f 368 2221 2219
f 392 2294 2292
f 349 2164 2162
f 344 2149 2147
f 296 2005 2003
f 362 2203 2201
f 265 1912 1910
f 251 1870 1863
f 233 1816 1809
f 228 1800 1794
f 240 1836 1830
f 246 1854 1848
f 258 1890 1886
f 360 2196 2192
f 401 2320 2318
f 389 2284 2282
f 263 1906 1904
f 329 2104 2097
f 310 2047 2043
f 280 1958 1956
f 318 2070 2066
f 324 2088 2082
f 342 2142 2138
f 288 1980 1974
f 292 1994 1992
f 371 2230 2228
f 393 2297 2295
f 409 2329 2331
f 405 2323 2327
f 411 2326 2328
f 414 2333 2334
f 417 2336 2337
f 431 2345 2346
f 488 2409 2412
f 575 2496 2499
f 563 2485 2487
f 519 2435 2436
f 454 2374 2376
f 450 2368 2372
f 456 2371 2373
f 459 2378 2379
f 462 2381 2382
f 472 2392 2396
f 446 2360 2361
f 506 2416 2418
f 535 2456 2457
f 541 2460 2463
f 570 2488 2492
f 480 2398 2402
f 421 2340 2343
f 511 2430 2433
f 556 2475 2478
f 484 2404 2406
f 580 2501 2502
f 567 2482 2484
f 522 2440 2442
f 427 2347 2349
f 544 2464 2468
f 468 2384 2387
f 436 2355 2358
f 499 2419 2421
f 530 2451 2454
f 548 2470 2472
f 466 2385 2388
f 442 2362 2364
f 505 2423 2426
f 536 2446 2448
f 491 2401 2403
f 423 2339 2342
f 513 2429 2432
f 564 2474 2477
f 581 2491 2493
f 549 2459 2462
f 477 2395 2397
f 445 2365 2367
f 503 2424 2427
f 525 2443 2447
f 474 2390 2391
f 438 2354 2357
f 495 2413 2417
f 532 2450 2453
f 552 2467 2469
f 490 2408 2411
f 577 2495 2498
f 559 2479 2483
f 517 2437 2441
f 430 2350 2352
f 590 2511 2509
f 584 2505 2503
f 585 2507 2506
f 592 2513 2512
f 595 2516 2515
f 598 2519 2518
f 636 2556 2555
f 621 2540 2541
f 642 2561 2562
f 601 2521 2522
f 623 2544 2542
f 611 2529 2528
f 609 2530 2531
f 625 2546 2545
f 628 2549 2548
f 632 2553 2551
f 613 2534 2533
f 616 2536 2537
f 638 2557 2559
f 606 2525 2526
f 1607 644 647
f 1603 643 644
f 1604 645 643
f 1610 646 645
f 1613 647 646
f 1622 652 649
f 1686 670 672
f 1773 699 702
f 1761 695 696
f 1712 681 679
f 1652 659 662
f 1648 658 659
f 1649 660 658
f 1655 661 660
f 1658 662 661
f 1670 665 666
f 1637 657 654
f 1694 677 673
f 1731 686 685
f 1739 688 692
f 1768 698 701
f 1678 668 669
f 1619 648 650
f 1709 678 682
f 1754 693 697
f 1682 669 671
f 1776 701 700
f 1758 697 694
f 1716 682 680
f 1625 650 651
f 1742 689 690
f 1663 664 663
f 1634 653 655
f 1697 674 676
f 1728 684 687
f 1746 690 691
f 1664 663 667
f 1640 655 656
f 1700 676 675
f 1724 687 683
f 1679 672 668
f 1618 649 648
f 1708 679 678
f 1753 696 693
f 1769 702 698
f 1738 691 688
f 1671 667 665
f 1643 656 657
f 1701 675 677
f 1723 683 686
f 1667 666 664
f 1633 654 653
f 1693 673 674
f 1727 685 684
f 1743 692 689
f 1685 671 670
f 1772 700 699
f 1757 694 695
f 1715 680 681
f 1628 651 652
f 2187 838 837
f 1881 736 735
f 1899 741 742
f 2277 867 868
f 2313 879 880
f 2169 831 832
f 2156 828 827
f 2010 780 778
f 2208 846 844
f 1917 747 749
f 2133 820 819
f 1971 767 765
f 1989 771 773
f 2223 849 850
f 2300 875 876
f 2174 834 833
f 2151 825 826
f 2007 777 779
f 2205 843 845
f 1920 750 748
f 1855 727 729
f 1801 709 711
f 1784 703 706
f 1820 715 718
f 1838 721 724
f 1874 733 737
f 2180 835 839
f 2310 878 882
f 2274 866 870
f 1896 740 744
f 2089 805 807
f 2035 787 789
f 1950 758 762
f 2054 793 797
f 2072 799 802
f 2126 817 821
f 1964 763 766
f 1986 770 774
f 2220 848 852
f 2291 872 874
f 2183 836 838
f 1877 734 736
f 1891 739 741
f 2269 865 867
f 2305 877 879
f 2161 829 831
f 2148 824 828
f 2004 776 780
f 2202 842 846
f 1909 745 747
f 2129 818 820
f 1967 764 767
f 1981 769 771
f 2215 847 849
f 2288 871 875
f 2166 830 834
f 2143 823 825
f 1999 775 777
f 2197 841 843
f 1914 746 750
f 1806 710 714
f 1787 704 707
f 1823 716 719
f 1841 722 725
f 1860 728 732
f 1931 752 755
f 2108 811 814
f 2018 781 784
f 2234 853 857
f 2255 860 862
f 2040 788 792
f 1945 757 759
f 2057 794 796
f 2075 800 803
f 2094 806 810
f 2111 812 815
f 2021 782 785
f 2237 854 856
f 2252 859 863
f 1928 751 754
f 1812 714 712
f 1791 707 705
f 1827 719 717
f 1845 725 723
f 1866 732 730
f 1935 755 753
f 2118 814 816
f 2028 784 786
f 2246 857 858
f 2259 862 861
f 2048 792 791
f 1953 759 761
f 2061 796 795
f 2079 803 801
f 2100 810 808
f 2115 815 813
f 2025 785 783
f 2241 856 855
f 2264 863 864
f 1938 754 756
f 1802 712 709
f 1783 705 703
f 1819 717 715
f 1837 723 721
f 1856 730 727
f 1927 753 751
f 2112 816 812
f 2022 786 782
f 2238 858 854
f 2251 861 859
f 2036 791 787
f 1949 761 758
f 2053 795 793
f 2071 801 799
f 2090 808 805
f 2107 813 811
f 2017 783 781
f 2233 855 853
f 2256 864 860
f 1932 756 752
f 1859 731 728
f 1805 713 710
f 1788 708 704
f 1824 720 716
f 1842 726 722
f 1878 738 734
f 2184 840 836
f 2306 881 877
f 2270 869 865
f 1892 743 739
f 2093 809 806
f 2039 790 788
f 1946 760 757
f 2058 798 794
f 2076 804 800
f 2130 822 818
f 1968 768 764
f 1982 772 769
f 2216 851 847
f 2287 873 871
f 2179 837 835
f 1873 735 733
f 1895 742 740
f 2273 868 866
f 2309 880 878
f 2165 832 830
f 2144 827 823
f 2000 778 775
f 2198 844 841
f 1913 749 746
f 2125 819 817
f 1963 765 763
f 1985 773 770
f 2219 850 848
f 2292 876 872
f 2162 833 829
f 2147 826 824
f 2003 779 776
f 2201 845 842
f 1910 748 745
f 1863 729 731
f 1809 711 713
f 1794 706 708
f 1830 718 720
f 1848 724 726
f 1886 737 738
f 2192 839 840
f 2318 882 881
f 2282 870 869
f 1904 744 743
f 2097 807 809
f 2043 789 790
f 1956 762 760
f 2066 797 798
f 2082 802 804
f 2138 821 822
f 1974 766 768
f 1992 774 772
f 2228 852 851
f 2295 874 873
f 2331 1270 1269
f 2327 1246 1245
f 2328 1251 1252
f 2334 1287 1288
f 2337 1305 1306
f 2346 1335 1336
f 2412 1552 1551
f 2499 1474 1473
f 2487 1600 1599
f 2436 1353 1354
f 2376 1480 1479
f 2372 1402 1401
f 2373 1407 1408
f 2379 1491 1492
f 2382 1503 1504
f 2396 1534 1533
f 2361 1413 1414
f 2418 1443 1444
f 2457 1593 1594
f 2463 1384 1383
f 2492 1324 1323
f 2402 1276 1275
f 2343 1264 1263
f 2433 1300 1299
f 2478 1318 1317
f 2406 1342 1341
f 2502 1563 1564
f 2484 1461 1462
f 2442 1587 1588
f 2349 1348 1347
f 2468 1522 1521
f 2387 1419 1420
f 2358 1396 1395
f 2421 1498 1497
f 2454 1516 1515
f 2472 1558 1557
f 2388 1426 1425
f 2364 1432 1431
f 2426 1569 1570
f 2448 1371 1372
f 2403 1281 1282
f 2342 1257 1258
f 2432 1293 1294
f 2477 1311 1312
f 2493 1329 1330
f 2462 1377 1378
f 2397 1539 1540
f 2367 1450 1449
f 2427 1576 1575
f 2447 1366 1365
f 2391 1485 1486
f 2357 1389 1390
f 2417 1438 1437
f 2453 1509 1510
f 2469 1527 1528
f 2411 1545 1546
f 2498 1467 1468
f 2483 1456 1455
f 2441 1582 1581
f 2352 1360 1359
f 2509 1271 1272
f 2503 1247 1248
f 2506 1254 1253
f 2512 1290 1289
f 2515 1308 1307
f 2518 1338 1337
f 2555 1553 1554
f 2541 1475 1476
f 2562 1601 1602
f 2522 1356 1355
f 2542 1481 1482
f 2528 1403 1404
f 2531 1410 1409
f 2545 1494 1493
f 2548 1506 1505
f 2551 1535 1536
f 2533 1416 1415
f 2537 1446 1445
f 2559 1596 1595
f 2526 1385 1386
f 1616 907 909
f 1608 889 891
f 1606 883 886
f 1612 895 898
f 1615 901 904
f 1624 919 922
f 1692 1057 1060
f 1782 1237 1240
f 1765 1201 1204
f 1714 1099 1102
f 1661 997 999
f 1653 979 981
f 1651 973 976
f 1657 985 988
f 1660 991 994
f 1675 1021 1024
f 1639 949 952
f 1696 1063 1066
f 1733 1135 1138
f 1751 1177 1179
f 1779 1231 1233
f 1683 1039 1041
f 1626 925 927
f 1721 1117 1119
f 1766 1207 1209
f 1689 1051 1053
f 1778 1225 1228
f 1760 1189 1192
f 1718 1105 1108
f 1629 931 933
f 1747 1165 1167
f 1665 1003 1005
f 1641 955 957
f 1704 1081 1083
f 1737 1147 1150
f 1750 1171 1174
f 1676 1027 1029
f 1644 961 963
f 1702 1075 1077
f 1726 1123 1126
f 1681 1033 1036
f 1620 913 915
f 1710 1093 1095
f 1755 1183 1185
f 1771 1213 1216
f 1740 1153 1155
f 1673 1015 1018
f 1647 967 970
f 1707 1087 1090
f 1734 1141 1143
f 1669 1009 1012
f 1635 943 945
f 1698 1069 1071
f 1729 1129 1131
f 1745 1159 1162
f 1687 1045 1047
f 1774 1219 1221
f 1762 1195 1197
f 1720 1111 1114
f 1632 937 940
f 2189 1280 1284
f 1883 1256 1260
f 1903 1292 1296
f 2281 1310 1314
f 2317 1328 1332
f 2173 1376 1380
f 2158 1538 1542
f 2012 1447 1451
f 2210 1573 1577
f 1924 1363 1367
f 2135 1484 1488
f 1973 1388 1392
f 1996 1435 1439
f 2227 1508 1512
f 2304 1526 1530
f 2176 1544 1548
f 2155 1466 1470
f 2014 1453 1457
f 2212 1579 1583
f 1922 1357 1361
f 1864 1268 1270
f 1810 1244 1246
f 1795 1249 1251
f 1831 1285 1287
f 1849 1303 1305
f 1887 1333 1335
f 2193 1550 1552
f 2321 1472 1474
f 2285 1598 1600
f 1907 1351 1353
f 2098 1478 1480
f 2044 1400 1402
f 1961 1405 1407
f 2067 1489 1491
f 2083 1501 1503
f 2139 1532 1534
f 1975 1411 1413
f 1997 1441 1443
f 2231 1591 1593
f 2298 1382 1384
f 2190 1322 1324
f 1884 1274 1276
f 1900 1262 1264
f 2278 1298 1300
f 2314 1316 1318
f 2170 1340 1342
f 2159 1561 1563
f 2015 1459 1461
f 2213 1585 1587
f 1918 1346 1348
f 2136 1520 1522
f 1977 1417 1419
f 1990 1394 1396
f 2224 1496 1498
f 2301 1514 1516
f 2177 1556 1558
f 2152 1424 1426
f 2008 1430 1432
f 2206 1567 1569
f 1925 1369 1371
f 1817 1279 1281
f 1797 1255 1257
f 1833 1291 1293
f 1851 1309 1311
f 1871 1327 1329
f 1941 1375 1377
f 2119 1537 1539
f 2029 1448 1450
f 2247 1574 1576
f 2262 1364 1366
f 2051 1483 1485
f 1954 1387 1389
f 2064 1436 1438
f 2085 1507 1509
f 2105 1525 1527
f 2121 1543 1545
f 2031 1465 1467
f 2244 1454 1456
f 2265 1580 1582
f 1939 1358 1360
f 1814 1267 1271
f 1793 1243 1247
f 1829 1250 1254
f 1847 1286 1290
f 1868 1304 1308
f 1937 1334 1338
f 2124 1549 1553
f 2034 1471 1475
f 2250 1597 1601
f 2261 1352 1356
f 2050 1477 1481
f 1960 1399 1403
f 2063 1406 1410
f 2081 1490 1494
f 2102 1502 1506
f 2117 1531 1535
f 2027 1412 1416
f 2243 1442 1446
f 2268 1592 1596
f 1944 1381 1385
f 1804 890 894
f 1785 884 887
f 1821 896 899
f 1839 902 905
f 1858 908 912
f 1929 938 941
f 2114 1046 1050
f 2024 1220 1224
f 2240 1196 1200
f 2253 1112 1115
f 2038 980 984
f 1951 974 977
f 2055 986 989
f 2073 992 995
f 2092 998 1002
f 2109 1016 1019
f 2019 968 971
f 2235 1088 1091
f 2258 1142 1146
f 1934 1154 1158
f 1861 1214 1217
f 1807 1034 1037
f 1790 914 918
f 1826 1094 1098
f 1844 1184 1188
f 1880 1040 1044
f 2186 1232 1236
f 2308 1208 1212
f 2272 1118 1122
f 1894 926 930
f 2095 1160 1163
f 2041 1010 1013
f 1948 944 948
f 2060 1070 1074
f 2078 1130 1134
f 2132 1166 1170
f 1970 1004 1008
f 1984 956 960
f 2218 1082 1086
f 2289 1148 1151
f 2181 1058 1061
f 1875 920 923
f 1897 1100 1103
f 2275 1202 1205
f 2311 1238 1241
f 2167 1172 1175
f 2146 1028 1032
f 2002 962 966
f 2200 1076 1080
f 1915 1124 1127
f 2127 1022 1025
f 1965 950 953
f 1987 1064 1067
f 2221 1136 1139
f 2294 1178 1182
f 2164 1052 1056
f 2149 1226 1229
f 2005 1190 1193
f 2203 1106 1109
f 1912 932 936
f 1870 1321 1325
f 1816 1273 1277
f 1800 1261 1265
f 1836 1297 1301
f 1854 1315 1319
f 1890 1339 1343
f 2196 1562 1566
f 2320 1460 1464
f 2284 1586 1590
f 1906 1345 1349
f 2104 1519 1523
f 2047 1418 1422
f 1958 1393 1397
f 2070 1495 1499
f 2088 1513 1517
f 2142 1555 1559
f 1980 1423 1427
f 1994 1429 1433
f 2230 1568 1572
f 2297 1370 1374
f 2329 894 892
f 2323 887 885
f 2326 899 897
f 2333 905 903
f 2336 912 910
f 2345 941 939
f 2409 1050 1048
f 2496 1224 1222
f 2485 1200 1198
f 2435 1115 1113
f 2374 984 982
f 2368 977 975
f 2371 989 987
f 2378 995 993
f 2381 1002 1000
f 2392 1019 1017
f 2360 971 969
f 2416 1091 1089
f 2456 1146 1144
f 2460 1158 1156
f 2488 1217 1215
f 2398 1037 1035
f 2340 918 916
f 2430 1098 1096
f 2475 1188 1186
f 2404 1044 1042
f 2501 1236 1234
f 2482 1212 1210
f 2440 1122 1120
f 2347 930 928
f 2464 1163 1161
f 2384 1013 1011
f 2355 948 946
f 2419 1074 1072
f 2451 1134 1132
f 2470 1170 1168
f 2385 1008 1006
f 2362 960 958
f 2423 1086 1084
f 2446 1151 1149
f 2401 1061 1059
f 2339 923 921
f 2429 1103 1101
f 2474 1205 1203
f 2491 1241 1239
f 2459 1175 1173
f 2395 1032 1030
f 2365 966 964
f 2424 1080 1078
f 2443 1127 1125
f 2390 1025 1023
f 2354 953 951
f 2413 1067 1065
f 2450 1139 1137
f 2467 1182 1180
f 2408 1056 1054
f 2495 1229 1227
f 2479 1193 1191
f 2437 1109 1107
f 2350 936 934
f 2511 1325 1326
f 2505 1277 1278
f 2507 1265 1266
f 2513 1301 1302
f 2516 1319 1320
f 2519 1343 1344
f 2556 1566 1565
f 2540 1464 1463
f 2561 1590 1589
f 2521 1349 1350
f 2544 1523 1524
f 2529 1422 1421
f 2530 1397 1398
f 2546 1499 1500
f 2549 1517 1518
f 2553 1559 1560
f 2534 1427 1428
f 2536 1433 1434
f 2557 1572 1571
f 2525 1374 1373
f 1609 892 889
f 1605 885 883
f 1611 897 895
f 1614 903 901
f 1617 910 907
f 1631 939 937
f 1688 1048 1045
f 1775 1222 1219
f 1763 1198 1195
f 1719 1113 1111
f 1654 982 979
f 1650 975 973
f 1656 987 985
f 1659 993 991
f 1662 1000 997
f 1672 1017 1015
f 1646 969 967
f 1706 1089 1087
f 1735 1144 1141
f 1741 1156 1153
f 1770 1215 1213
f 1680 1035 1033
f 1621 916 913
f 1711 1096 1093
f 1756 1186 1183
f 1684 1042 1039
f 1780 1234 1231
f 1767 1210 1207
f 1722 1120 1117
f 1627 928 925
f 1744 1161 1159
f 1668 1011 1009
f 1636 946 943
f 1699 1072 1069
f 1730 1132 1129
f 1748 1168 1165
f 1666 1006 1003
f 1642 958 955
f 1705 1084 1081
f 1736 1149 1147
f 1691 1059 1057
f 1623 921 919
f 1713 1101 1099
f 1764 1203 1201
f 1781 1239 1237
f 1749 1173 1171
f 1677 1030 1027
f 1645 964 961
f 1703 1078 1075
f 1725 1125 1123
f 1674 1023 1021
f 1638 951 949
f 1695 1065 1063
f 1732 1137 1135
f 1752 1180 1177
f 1690 1054 1051
f 1777 1227 1225
f 1759 1191 1189
f 1717 1107 1105
f 1630 934 931
f 2191 1326 1322
f 1885 1278 1274
f 1901 1266 1262
f 2279 1302 1298
f 2315 1320 1316
f 2171 1344 1340
f 2160 1565 1561
f 2016 1463 1459
f 2214 1589 1585
f 1919 1350 1346
f 2137 1524 1520
f 1978 1421 1417
f 1991 1398 1394
f 2225 1500 1496
f 2302 1518 1514
f 2178 1560 1556
f 2153 1428 1424
f 2009 1434 1430
f 2207 1571 1567
f 1926 1373 1369
f 1857 911 908
f 1803 893 890
f 1786 888 884
f 1822 900 896
f 1840 906 902
f 1876 924 920
f 2182 1062 1058
f 2312 1242 1238
f 2276 1206 1202
f 1898 1104 1100
f 2091 1001 998
f 2037 983 980
f 1952 978 974
f 2056 990 986
f 2074 996 992
f 2128 1026 1022
f 1966 954 950
f 1988 1068 1064
f 2222 1140 1136
f 2293 1181 1178
f 2185 1235 1232
f 1879 1043 1040
f 1893 929 926
f 2271 1121 1118
f 2307 1211 1208
f 2163 1055 1052
f 2150 1230 1226
f 2006 1194 1190
f 2204 1110 1106
f 1911 935 932
f 2131 1169 1166
f 1969 1007 1004
f 1983 959 956
f 2217 1085 1082
f 2290 1152 1148
f 2168 1176 1172
f 2145 1031 1028
f 2001 965 962
f 2199 1079 1076
f 1916 1128 1124
f 1808 1038 1034
f 1789 917 914
f 1825 1097 1094
f 1843 1187 1184
f 1862 1218 1214
f 1933 1157 1154
f 2110 1020 1016
f 2020 972 968
f 2236 1092 1088
f 2257 1145 1142
f 2042 1014 1010
f 1947 947 944
f 2059 1073 1070
f 2077 1133 1130
f 2096 1164 1160
f 2113 1049 1046
f 2023 1223 1220
f 2239 1199 1196
f 2254 1116 1112
f 1930 942 938
f 1818 1283 1279
f 1798 1259 1255
f 1834 1295 1291
f 1852 1313 1309
f 1872 1331 1327
f 1942 1379 1375
f 2120 1541 1537
f 2030 1452 1448
f 2248 1578 1574
f 2263 1368 1364
f 2052 1487 1483
f 1955 1391 1387
f 2065 1440 1436
f 2086 1511 1507
f 2106 1529 1525
f 2122 1547 1543
f 2032 1469 1465
f 2245 1458 1454
f 2266 1584 1580
f 1940 1362 1358
f 1813 1269 1267
f 1792 1245 1243
f 1828 1252 1250
f 1846 1288 1286
f 1867 1306 1304
f 1936 1336 1334
f 2123 1551 1549
f 2033 1473 1471
f 2249 1599 1597
f 2260 1354 1352
f 2049 1479 1477
f 1959 1401 1399
f 2062 1408 1406
f 2080 1492 1490
f 2101 1504 1502
f 2116 1533 1531
f 2026 1414 1412
f 2242 1444 1442
f 2267 1594 1592
f 1943 1383 1381
f 1869 1323 1321
f 1815 1275 1273
f 1799 1263 1261
f 1835 1299 1297
f 1853 1317 1315
f 1889 1341 1339
f 2195 1564 1562
f 2319 1462 1460
f 2283 1588 1586
f 1905 1347 1345
f 2103 1521 1519
f 2046 1420 1418
f 1957 1395 1393
f 2069 1497 1495
f 2087 1515 1513
f 2141 1557 1555
f 1979 1425 1423
f 1993 1431 1429
f 2229 1570 1568
f 2296 1372 1370
f 2188 1282 1280
f 1882 1258 1256
f 1902 1294 1292
f 2280 1312 1310
f 2316 1330 1328
f 2172 1378 1376
f 2157 1540 1538
f 2011 1449 1447
f 2209 1575 1573
f 1923 1365 1363
f 2134 1486 1484
f 1972 1390 1388
f 1995 1437 1435
f 2226 1510 1508
f 2303 1528 1526
f 2175 1546 1544
f 2154 1468 1466
f 2013 1455 1453
f 2211 1581 1579
f 1921 1359 1357
f 1865 1272 1268
f 1811 1248 1244
f 1796 1253 1249
f 1832 1289 1285
f 1850 1307 1303
f 1888 1337 1333
f 2194 1554 1550
f 2322 1476 1472
f 2286 1602 1598
f 1908 1355 1351
f 2099 1482 1478
f 2045 1404 1400
f 1962 1409 1405
f 2068 1493 1489
f 2084 1505 1501
f 2140 1536 1532
f 1976 1415 1411
f 1998 1445 1441
f 2232 1595 1591
f 2299 1386 1382
f 2330 909 911
f 2324 891 893
f 2325 886 888
f 2332 898 900
f 2335 904 906
f 2344 922 924
f 2410 1060 1062
f 2497 1240 1242
f 2486 1204 1206
f 2434 1102 1104
f 2375 999 1001
f 2369 981 983
f 2370 976 978
f 2377 988 990
f 2380 994 996
f 2393 1024 1026
f 2359 952 954
f 2415 1066 1068
f 2455 1138 1140
f 2461 1179 1181
f 2489 1233 1235
f 2399 1041 1043
f 2341 927 929
f 2431 1119 1121
f 2476 1209 1211
f 2405 1053 1055
f 2500 1228 1230
f 2481 1192 1194
f 2439 1108 1110
f 2348 933 935
f 2465 1167 1169
f 2383 1005 1007
f 2356 957 959
f 2420 1083 1085
f 2452 1150 1152
f 2471 1174 1176
f 2386 1029 1031
f 2363 963 965
f 2422 1077 1079
f 2445 1126 1128
f 2400 1036 1038
f 2338 915 917
f 2428 1095 1097
f 2473 1185 1187
f 2490 1216 1218
f 2458 1155 1157
f 2394 1018 1020
f 2366 970 972
f 2425 1090 1092
f 2444 1143 1145
f 2389 1012 1014
f 2353 945 947
f 2414 1071 1073
f 2449 1131 1133
f 2466 1162 1164
f 2407 1047 1049
f 2494 1221 1223
f 2480 1197 1199
f 2438 1114 1116
f 2351 940 942
f 2510 1284 1283
f 2504 1260 1259
f 2508 1296 1295
f 2514 1314 1313
f 2517 1332 1331
f 2520 1380 1379
f 2554 1542 1541
f 2539 1451 1452
f 2560 1577 1578
f 2523 1367 1368
f 2543 1488 1487
f 2527 1392 1391
f 2532 1439 1440
f 2547 1512 1511
f 2550 1530 1529
f 2552 1548 1547
f 2535 1470 1469
f 2538 1457 1458
f 2558 1583 1584
f 2524 1361 1362
f 1607 1616 1609
f 1603 1608 1605
f 1604 1606 1611
f 1610 1612 1614
f 1613 1615 1617
f 1622 1624 1631
f 1686 1692 1688
f 1773 1782 1775
f 1761 1765 1763
f 1712 1714 1719
f 1652 1661 1654
f 1648 1653 1650
f 1649 1651 1656
f 1655 1657 1659
f 1658 1660 1662
f 1670 1675 1672
f 1637 1639 1646
f 1694 1696 1706
f 1731 1733 1735
f 1739 1751 1741
f 1768 1779 1770
f 1678 1683 1680
f 1619 1626 1621
f 1709 1721 1711
f 1754 1766 1756
f 1682 1689 1684
f 1776 1778 1780
f 1758 1760 1767
f 1716 1718 1722
f 1625 1629 1627
f 1742 1747 1744
f 1663 1665 1668
f 1634 1641 1636
f 1697 1704 1699
f 1728 1737 1730
f 1746 1750 1748
f 1664 1676 1666
f 1640 1644 1642
f 1700 1702 1705
f 1724 1726 1736
f 1679 1681 1691
f 1618 1620 1623
f 1708 1710 1713
f 1753 1755 1764
f 1769 1771 1781
f 1738 1740 1749
f 1671 1673 1677
f 1643 1647 1645
f 1701 1707 1703
f 1723 1734 1725
f 1667 1669 1674
f 1633 1635 1638
f 1693 1698 1695
f 1727 1729 1732
f 1743 1745 1752
f 1685 1687 1690
f 1772 1774 1777
f 1757 1762 1759
f 1715 1720 1717
f 1628 1632 1630
f 2187 2189 2191
f 1881 1883 1885
f 1899 1903 1901
f 2277 2281 2279
f 2313 2317 2315
f 2169 2173 2171
f 2156 2158 2160
f 2010 2012 2016
f 2208 2210 2214
f 1917 1924 1919
f 2133 2135 2137
f 1971 1973 1978
f 1989 1996 1991
f 2223 2227 2225
f 2300 2304 2302
f 2174 2176 2178
f 2151 2155 2153
f 2007 2014 2009
f 2205 2212 2207
f 1920 1922 1926
f 1855 1864 1857
f 1801 1810 1803
f 1784 1795 1786
f 1820 1831 1822
f 1838 1849 1840
f 1874 1887 1876
f 2180 2193 2182
f 2310 2321 2312
f 2274 2285 2276
f 1896 1907 1898
f 2089 2098 2091
f 2035 2044 2037
f 1950 1961 1952
f 2054 2067 2056
f 2072 2083 2074
f 2126 2139 2128
f 1964 1975 1966
f 1986 1997 1988
f 2220 2231 2222
f 2291 2298 2293
f 2183 2190 2185
f 1877 1884 1879
f 1891 1900 1893
f 2269 2278 2271
f 2305 2314 2307
f 2161 2170 2163
f 2148 2159 2150
f 2004 2015 2006
f 2202 2213 2204
f 1909 1918 1911
f 2129 2136 2131
f 1967 1977 1969
f 1981 1990 1983
f 2215 2224 2217
f 2288 2301 2290
f 2166 2177 2168
f 2143 2152 2145
f 1999 2008 2001
f 2197 2206 2199
f 1914 1925 1916
f 1806 1817 1808
f 1787 1797 1789
f 1823 1833 1825
f 1841 1851 1843
f 1860 1871 1862
f 1931 1941 1933
f 2108 2119 2110
f 2018 2029 2020
f 2234 2247 2236
f 2255 2262 2257
f 2040 2051 2042
f 1945 1954 1947
f 2057 2064 2059
f 2075 2085 2077
f 2094 2105 2096
f 2111 2121 2113
f 2021 2031 2023
f 2237 2244 2239
f 2252 2265 2254
f 1928 1939 1930
f 1812 1814 1818
f 1791 1793 1798
f 1827 1829 1834
f 1845 1847 1852
f 1866 1868 1872
f 1935 1937 1942
f 2118 2124 2120
f 2028 2034 2030
f 2246 2250 2248
f 2259 2261 2263
f 2048 2050 2052
f 1953 1960 1955
f 2061 2063 2065
f 2079 2081 2086
f 2100 2102 2106
f 2115 2117 2122
f 2025 2027 2032
f 2241 2243 2245
f 2264 2268 2266
f 1938 1944 1940
f 1802 1804 1813
f 1783 1785 1792
f 1819 1821 1828
f 1837 1839 1846
f 1856 1858 1867
f 1927 1929 1936
f 2112 2114 2123
f 2022 2024 2033
f 2238 2240 2249
f 2251 2253 2260
f 2036 2038 2049
f 1949 1951 1959
f 2053 2055 2062
f 2071 2073 2080
f 2090 2092 2101
f 2107 2109 2116
f 2017 2019 2026
f 2233 2235 2242
f 2256 2258 2267
f 1932 1934 1943
f 1859 1861 1869
f 1805 1807 1815
f 1788 1790 1799
f 1824 1826 1835
f 1842 1844 1853
f 1878 1880 1889
f 2184 2186 2195
f 2306 2308 2319
f 2270 2272 2283
f 1892 1894 1905
f 2093 2095 2103
f 2039 2041 2046
f 1946 1948 1957
f 2058 2060 2069
f 2076 2078 2087
f 2130 2132 2141
f 1968 1970 1979
f 1982 1984 1993
f 2216 2218 2229
f 2287 2289 2296
f 2179 2181 2188
f 1873 1875 1882
f 1895 1897 1902
f 2273 2275 2280
f 2309 2311 2316
f 2165 2167 2172
f 2144 2146 2157
f 2000 2002 2011
f 2198 2200 2209
f 1913 1915 1923
f 2125 2127 2134
f 1963 1965 1972
f 1985 1987 1995
f 2219 2221 2226
f 2292 2294 2303
f 2162 2164 2175
f 2147 2149 2154
f 2003 2005 2013
f 2201 2203 2211
f 1910 1912 1921
f 1863 1870 1865
f 1809 1816 1811
f 1794 1800 1796
f 1830 1836 1832
f 1848 1854 1850
f 1886 1890 1888
f 2192 2196 2194
f 2318 2320 2322
f 2282 2284 2286
f 1904 1906 1908
f 2097 2104 2099
f 2043 2047 2045
f 1956 1958 1962
f 2066 2070 2068
f 2082 2088 2084
f 2138 2142 2140
f 1974 1980 1976
f 1992 1994 1998
f 2228 2230 2232
f 2295 2297 2299
f 2331 2329 2330
f 2327 2323 2324
f 2328 2326 2325
f 2334 2333 2332
f 2337 2336 2335
f 2346 2345 2344
f 2412 2409 2410
f 2499 2496 2497
f 2487 2485 2486
f 2436 2435 2434
f 2376 2374 2375
f 2372 2368 2369
f 2373 2371 2370
f 2379 2378 2377
f 2382 2381 2380
f 2396 2392 2393
f 2361 2360 2359
f 2418 2416 2415
f 2457 2456 2455
f 2463 2460 2461
f 2492 2488 2489
f 2402 2398 2399
f 2343 2340 2341
f 2433 2430 2431
f 2478 2475 2476
f 2406 2404 2405
f 2502 2501 2500
f 2484 2482 2481
f 2442 2440 2439
f 2349 2347 2348
f 2468 2464 2465
f 2387 2384 2383
f 2358 2355 2356
f 2421 2419 2420
f 2454 2451 2452
f 2472 2470 2471
f 2388 2385 2386
f 2364 2362 2363
f 2426 2423 2422
f 2448 2446 2445
f 2403 2401 2400
f 2342 2339 2338
f 2432 2429 2428
f 2477 2474 2473
f 2493 2491 2490
f 2462 2459 2458
f 2397 2395 2394
f 2367 2365 2366
f 2427 2424 2425
f 2447 2443 2444
f 2391 2390 2389
f 2357 2354 2353
f 2417 2413 2414
f 2453 2450 2449
f 2469 2467 2466
f 2411 2408 2407
f 2498 2495 2494
f 2483 2479 2480
f 2441 2437 2438
f 2352 2350 2351
f 2509 2511 2510
f 2503 2505 2504
f 2506 2507 2508
f 2512 2513 2514
f 2515 2516 2517
f 2518 2519 2520
f 2555 2556 2554
f 2541 2540 2539
f 2562 2561 2560
f 2522 2521 2523
f 2542 2544 2543
f 2528 2529 2527
f 2531 2530 2532
f 2545 2546 2547
f 2548 2549 2550
f 2551 2553 2552
f 2533 2534 2535
f 2537 2536 2538
f 2559 2557 2558
f 2526 2525 2524