v -0.281136 0.355441 -0.053179
v 0.280696 0.355518 -0.053476
v -0.336412 -0.539500 0.003931
v 0.336255 -0.539929 0.004224
v -0.000133 -0.444680 0.705793
v -0.000003 0.204599 0.571869
v 0.000021 -0.206894 -0.551492
v 0.000078 0.421200 -0.706853
v 0.532896 0.002840 -0.342482
v 0.555184 0.005880 0.335808
v -0.532901 0.002842 -0.342515
v -0.555172 0.005966 0.335753
v 0.000020 0.438780 -0.088451
v -0.181126 0.263236 0.274522
v -0.215059 0.657089 -0.447902
v -0.442087 0.235273 -0.195821
v -0.487826 0.197982 0.196859
v 0.181100 0.263148 0.274636
v 0.214857 0.657139 -0.447670
v 0.441545 0.235319 -0.195957
v 0.487699 0.198096 0.196853
v -0.000271 -0.602781 0.011290
v -0.240616 -0.668891 0.454140
v -0.195868 -0.481855 -0.306541
v -0.440085 -0.209712 -0.166842
v -0.457409 -0.250729 0.207524
v 0.240150 -0.668660 0.453455
v 0.195719 -0.482269 -0.306651
v 0.440285 -0.210074 -0.167185
v 0.457762 -0.250809 0.207611
v 0.000081 0.001188 0.693334
v 0.324527 -0.214331 0.564213
v -0.325108 -0.213937 0.564848
v 0.306829 0.153900 0.497457
v -0.306865 0.153760 0.497368
v 0.000016 0.027218 -0.693711
v 0.294432 -0.131991 -0.492116
v -0.294502 -0.132158 -0.491985
v 0.342580 0.212381 -0.609565
v -0.342589 0.212392 -0.609639
v 0.628797 0.001406 0.017697
v -0.628834 0.001295 0.017659
v -0.159554 0.411574 -0.078555
v -0.246108 0.312056 0.092140
v -0.247811 0.476088 -0.225296
v -0.359416 0.328051 -0.119809
v -0.386236 0.270930 0.070578
v 0.159207 0.411164 -0.079252
v 0.246008 0.312007 0.091817
v 0.247740 0.475573 -0.225709
v 0.359241 0.327999 -0.119815
v 0.386278 0.271016 0.070227
v -0.210555 -0.647457 -0.000025
v -0.282804 -0.529654 0.188225
v -0.353876 -0.677114 -0.188221
v -0.381540 -0.398143 -0.071165
v -0.391692 -0.403939 0.113587
v 0.209961 -0.647735 -0.000090
v 0.283112 -0.529674 0.187860
v 0.353871 -0.677397 -0.188220
v 0.381231 -0.398097 -0.070875
v 0.392185 -0.404357 0.114176
v -0.133312 -0.646462 0.674952
v 0.133519 -0.646919 0.675005
v 0.000086 -0.229693 0.763369
v 0.186973 -0.365452 0.697522
v -0.186797 -0.365247 0.697167
v -0.090919 0.219772 0.465092
v 0.090649 0.219706 0.465288
v -0.000067 0.170272 0.585425
v 0.144982 0.203210 0.551767
v -0.145043 0.203271 0.551786
v -0.079249 -0.283593 -0.413688
v 0.079197 -0.283644 -0.413563
v -0.000015 -0.164712 -0.572880
v 0.134581 -0.195620 -0.536156
v -0.134486 -0.195600 -0.536125
v -0.125026 0.573260 -0.634400
v 0.125087 0.573385 -0.634532
v -0.000004 0.239453 -0.788789
v 0.189220 0.351307 -0.720578
v -0.189322 0.351706 -0.720742
v 0.521373 0.090741 -0.287156
v 0.516881 -0.080268 -0.278408
v 0.442164 -0.051750 -0.425887
v 0.459095 0.077465 -0.454535
v 0.577498 0.000708 -0.183086
v 0.535230 0.093434 0.281274
v 0.527231 -0.098244 0.280098
v 0.453939 -0.071077 0.428564
v 0.455061 0.067440 0.419503
v 0.613017 0.003606 0.200880
v -0.521315 0.090741 -0.287126
v -0.516882 -0.080110 -0.278499
v -0.442005 -0.051735 -0.425877
v -0.458961 0.077357 -0.454332
v -0.577467 0.000720 -0.183035
v -0.534933 0.093162 0.281213
v -0.527686 -0.097837 0.279968
v -0.453150 -0.071664 0.428334
v -0.454949 0.067309 0.419434
v -0.613078 0.003587 0.200881
v -0.084945 0.339548 0.090969
v -0.093267 0.577565 -0.262232
v 0.085497 0.340186 0.090750
v 0.093027 0.577932 -0.262328
v -0.353827 0.238530 0.254786
v -0.000032 0.272044 0.276135
v -0.274262 0.211958 0.444514
v -0.360894 0.462687 -0.327887
v 0.000298 0.700122 -0.456386
v -0.289078 0.437881 -0.540129
v -0.497258 0.212574 0.013877
v -0.387900 0.243041 -0.404353
v -0.565314 0.102128 -0.081217
v -0.422044 0.183006 0.370336
v -0.576653 0.103071 0.111462
v 0.353771 0.238840 0.254725
v 0.274255 0.211998 0.444551
v 0.361639 0.462648 -0.328163
v 0.289380 0.437762 -0.540176
v 0.497206 0.212796 0.014013
v 0.387456 0.242841 -0.404285
v 0.565012 0.102282 -0.081328
v 0.421917 0.183006 0.370416
v 0.575880 0.102919 0.111283
v -0.098297 -0.583521 0.231107
v -0.106863 -0.673902 -0.188584
v 0.098732 -0.583845 0.231207
v 0.105531 -0.671313 -0.188266
v -0.363964 -0.434013 0.330399
v 0.000034 -0.645024 0.470574
v -0.326723 -0.478470 0.568538
v -0.333210 -0.352595 -0.246983
v -0.000296 -0.472735 -0.299685
v -0.237696 -0.245556 -0.396505
v -0.469101 -0.233254 0.022588
v -0.389183 -0.169266 -0.352358
v -0.558975 -0.092422 -0.080059
v -0.406400 -0.255753 0.393393
v -0.568062 -0.100184 0.108757
v 0.363600 -0.434136 0.329579
v 0.326382 -0.479136 0.567947
v 0.333175 -0.352208 -0.246581
v 0.237702 -0.245494 -0.396564
v 0.469064 -0.233639 0.022544
v 0.389115 -0.169161 -0.352368
v 0.559063 -0.092379 -0.080034
v 0.407182 -0.255415 0.394140
v 0.568177 -0.099928 0.108920
v 0.192442 -0.110417 0.694438
v -0.192527 -0.110473 0.694108
v 0.164120 0.081325 0.590708
v -0.163836 0.080932 0.590896
v 0.331798 -0.004734 0.541494
v -0.331499 -0.005316 0.541166
v 0.164501 -0.063402 -0.588942
v -0.164691 -0.063158 -0.588647
v 0.225574 0.117749 -0.778969
v -0.225812 0.118068 -0.779097
v 0.334654 0.023732 -0.567159
v -0.334632 0.023984 -0.567021
v -0.228448 0.382948 -0.066369
v -0.267560 0.335765 0.010866
v -0.261693 0.399119 -0.128263
v -0.317733 0.346935 -0.083660
v -0.326364 0.315275 0.001544
v 0.228282 0.382948 -0.066245
v 0.267222 0.335443 0.010404
v 0.261822 0.398532 -0.128554
v 0.317625 0.347476 -0.083841
v 0.325459 0.315695 0.001617
v -0.292354 -0.602309 -0.003608
v -0.313743 -0.530640 0.076863
v -0.341564 -0.600179 -0.071562
v -0.363730 -0.487980 -0.031423
v -0.362832 -0.476065 0.055712
v 0.292066 -0.602407 -0.003642
v 0.313784 -0.530673 0.077059
v 0.341224 -0.600612 -0.071544
v 0.363752 -0.488443 -0.031310
v 0.363209 -0.476398 0.055755
v -0.056645 -0.522217 0.689137
v 0.056456 -0.522464 0.689287
v 0.000103 -0.349770 0.724447
v 0.085712 -0.414700 0.708522
v -0.085825 -0.414618 0.708268
v -0.041366 0.208357 0.545158
v 0.041277 0.208398 0.545157
v 0.000053 0.202832 0.575495
v 0.064635 0.204811 0.566086
v -0.064668 0.204845 0.565988
v -0.035852 -0.229559 -0.497385
v 0.035909 -0.229539 -0.497391
v 0.000025 -0.200478 -0.563410
v 0.059587 -0.204380 -0.551744
v -0.059539 -0.204332 -0.551784
v -0.053183 0.487498 -0.675422
v 0.053268 0.487386 -0.675272
v 0.000026 0.340876 -0.746658
v 0.084858 0.393950 -0.716605
v -0.084547 0.393638 -0.716586
v 0.539101 0.037953 -0.324116
v 0.532264 -0.033574 -0.317443
v 0.499164 -0.019540 -0.383500
v 0.504544 0.030758 -0.391198
v 0.555916 0.001074 -0.277134
v 0.556283 0.041074 0.316472
v 0.556293 -0.031381 0.313835
v 0.519227 -0.019174 0.376939
v 0.518002 0.030321 0.376689
v 0.584144 0.004725 0.278055
v -0.539040 0.037825 -0.324096
v -0.532213 -0.033584 -0.317492
v -0.499292 -0.019588 -0.383451
v -0.504643 0.030720 -0.391128
v -0.555868 0.001010 -0.277123
v -0.556242 0.040932 0.316519
v -0.556398 -0.031457 0.313959
v -0.519268 -0.019189 0.377176
v -0.518122 0.030335 0.376725
v -0.584122 0.004789 0.278054
v -0.081274 0.431613 -0.085982
v 0.081649 0.431384 -0.086381
v -0.041595 0.385405 0.000363
v -0.042368 0.503410 -0.174234
v 0.041295 0.385181 0.000393
v 0.042756 0.503358 -0.174501
v -0.217563 0.288043 0.181089
v -0.137794 0.239828 0.370206
v -0.132130 0.299211 0.182220
v -0.270411 0.252693 0.268875
v -0.090697 0.269409 0.276024
v -0.231134 0.233339 0.365970
v -0.245433 0.587436 -0.334722
v -0.182412 0.638192 -0.542590
v -0.160333 0.673658 -0.357650
v -0.408765 0.630683 -0.407776
v -0.154007 0.811672 -0.458176
v -0.282694 0.563744 -0.500400
v -0.400992 0.292451 -0.155926
v -0.481374 0.164277 -0.240792
v -0.367285 0.326872 -0.260890
v -0.476501 0.223283 -0.087162
v -0.411454 0.244747 -0.300698
v -0.508464 0.163773 -0.135875
v -0.443150 0.233461 0.137873
v -0.513442 0.149112 0.242131
v -0.426050 0.222497 0.229601
v -0.498252 0.204488 0.105988
v -0.460758 0.190492 0.285732
v -0.535183 0.155926 0.155978
v 0.217210 0.287864 0.180887
v 0.137936 0.239774 0.370324
v 0.131265 0.299329 0.182039
v 0.090073 0.270038 0.276059
v 0.269955 0.252580 0.268716
v 0.231476 0.233375 0.365922
v 0.244683 0.587373 -0.335223
v 0.182694 0.638329 -0.542705
v 0.160067 0.673470 -0.357831
v 0.153745 0.811796 -0.458278
v 0.408808 0.630793 -0.407810
v 0.282336 0.563817 -0.500260
v 0.400948 0.292395 -0.155975
v 0.481304 0.164483 -0.241121
v 0.367645 0.326827 -0.261216
v 0.475778 0.222858 -0.087695
v 0.411090 0.243826 -0.300359
v 0.509265 0.163837 -0.135087
v 0.443176 0.233502 0.137768
v 0.513319 0.149004 0.242169
v 0.426058 0.222634 0.229664
v 0.498230 0.204329 0.105927
v 0.460724 0.190436 0.285773
v 0.535213 0.156140 0.155962
v -0.106437 -0.624557 0.005225
v 0.106230 -0.623792 0.004922
v -0.050113 -0.590642 0.112417
v -0.066319 -0.609030 -0.082287
v 0.049962 -0.591995 0.113198
v 0.065629 -0.608250 -0.082550
v -0.250681 -0.550513 0.329289
v -0.201147 -0.800214 0.609588
v -0.150081 -0.582731 0.368386
v -0.309141 -0.535786 0.401726
v -0.116927 -0.699992 0.467952
v -0.310739 -0.623432 0.536192
v -0.290741 -0.628700 -0.293148
v -0.129504 -0.367032 -0.343174
v -0.162281 -0.627558 -0.277078
v -0.281884 -0.434195 -0.289396
v -0.097707 -0.481299 -0.303428
v -0.210155 -0.338685 -0.328940
v -0.399910 -0.295114 -0.111821
v -0.484147 -0.136996 -0.226855
v -0.379663 -0.275397 -0.204255
v -0.457117 -0.221619 -0.070067
v -0.419490 -0.190384 -0.262877
v -0.500940 -0.147985 -0.125219
v -0.422589 -0.328146 0.164376
v -0.494779 -0.172601 0.244950
v -0.408386 -0.339350 0.265222
v -0.468567 -0.243288 0.114637
v -0.437012 -0.256318 0.301206
v -0.512789 -0.169941 0.155776
v 0.250407 -0.550734 0.328959
v 0.201217 -0.801078 0.607416
v 0.150490 -0.582945 0.368340
v 0.116550 -0.698568 0.467582
v 0.308811 -0.535762 0.401904
v 0.310458 -0.624416 0.535549
v 0.290706 -0.629075 -0.293457
v 0.129484 -0.366939 -0.343285
v 0.161528 -0.626973 -0.276054
v 0.097493 -0.481345 -0.303747
v 0.282471 -0.434061 -0.289083
v 0.210060 -0.338673 -0.328986
v 0.399718 -0.295121 -0.111763
v 0.484125 -0.137009 -0.226573
v 0.379790 -0.275102 -0.204290
v 0.456973 -0.221932 -0.070292
v 0.419548 -0.190377 -0.262711
v 0.501718 -0.147158 -0.125771
v 0.422848 -0.328156 0.165150
v 0.494130 -0.173402 0.245113
v 0.408864 -0.339394 0.264672
v 0.468753 -0.243311 0.114403
v 0.436548 -0.256308 0.301581
v 0.513094 -0.169205 0.155953
v 0.000048 -0.104097 0.774264
v -0.000066 0.083279 0.620451
v 0.095018 -0.055959 0.705169
v -0.094730 -0.056034 0.704488
v 0.085978 0.037954 0.639082
v -0.085586 0.037796 0.639463
v 0.267458 -0.294130 0.646561
v 0.385632 -0.138290 0.490232
v 0.322406 -0.338434 0.568054
v 0.370505 -0.243573 0.483097
v 0.264675 -0.168637 0.633731
v 0.330272 -0.102923 0.556624
v -0.267332 -0.294025 0.646764
v -0.386025 -0.138154 0.490168
v -0.322697 -0.338187 0.568355
v -0.370722 -0.243063 0.482932
v -0.264562 -0.168476 0.633220
v -0.330029 -0.102921 0.556623
v 0.227559 0.194176 0.529340
v 0.383192 0.109369 0.460195
v 0.293982 0.198393 0.480386
v 0.369081 0.171766 0.441170
v 0.237392 0.122605 0.544486
v 0.319299 0.077789 0.516586
v -0.227670 0.194462 0.529252
v -0.383413 0.109523 0.460286
v -0.293939 0.198547 0.480325
v -0.368937 0.172159 0.441138
v -0.237345 0.122083 0.544579
v -0.319154 0.078015 0.516354
v -0.000198 -0.067032 -0.607265
v -0.000292 0.127903 -0.774446
v 0.089684 -0.019651 -0.644128
v -0.089804 -0.019359 -0.644434
v 0.106789 0.067826 -0.748328
v -0.106844 0.070482 -0.745167
v 0.214761 -0.171221 -0.516692
v 0.370320 -0.088762 -0.461883
v 0.271047 -0.185406 -0.460430
v 0.348745 -0.150426 -0.432170
v 0.232736 -0.103149 -0.543157
v 0.313787 -0.057887 -0.524300
v -0.214827 -0.171225 -0.516710
v -0.370517 -0.089206 -0.461850
v -0.271061 -0.185375 -0.460523
v -0.348722 -0.150530 -0.432196
v -0.232573 -0.102871 -0.543600
v -0.313502 -0.057555 -0.524503
v 0.277920 0.288896 -0.686968
v 0.410601 0.139866 -0.532430
v 0.306936 0.318218 -0.576527
v 0.369247 0.232208 -0.507380
v 0.306110 0.178517 -0.720109
v 0.351989 0.113369 -0.605848
v -0.277917 0.288999 -0.687259
v -0.410724 0.139828 -0.532628
v -0.306991 0.318064 -0.577076
v -0.369503 0.232290 -0.507809
v -0.305977 0.178398 -0.720299
v -0.351902 0.113188 -0.605467
v 0.606394 0.000895 -0.081546
v 0.622998 0.002446 0.111614
v 0.611861 0.047179 -0.029548
v 0.613869 0.049434 0.065887
v 0.605142 -0.043461 -0.031905
v 0.611245 -0.044380 0.063498
v -0.606442 0.000929 -0.081514
v -0.623048 0.002363 0.111588
v -0.611859 0.047178 -0.029558
v -0.613615 0.049467 0.065886
v -0.605121 -0.043453 -0.031937
v -0.611241 -0.044222 0.063467
v -0.199294 0.356799 0.008108
v -0.198737 0.446462 -0.155330
v -0.122704 0.375023 0.003380
v -0.124189 0.483097 -0.170186
v -0.318742 0.292620 0.085655
v -0.168070 0.328374 0.092652
v -0.299653 0.272538 0.174748
v -0.299858 0.398441 -0.182075
v -0.175899 0.538357 -0.253092
v -0.314373 0.493089 -0.286477
v -0.377673 0.294773 -0.022102
v -0.332871 0.379142 -0.225253
v -0.427677 0.265684 -0.052534
v -0.376278 0.253787 0.160777
v -0.442431 0.246922 0.044998
v 0.199252 0.357180 0.008530
v 0.198557 0.446401 -0.155523
v 0.122995 0.374985 0.003575
v 0.124491 0.483382 -0.169767
v 0.318118 0.292562 0.085289
v 0.167807 0.328463 0.092081
v 0.299736 0.272726 0.174846
v 0.300154 0.398322 -0.181895
v 0.175130 0.538068 -0.253138
v 0.313950 0.493088 -0.286961
v 0.378123 0.294345 -0.021805
v 0.333517 0.379037 -0.225350
v 0.427791 0.265755 -0.052443
v 0.376486 0.253780 0.160813
v 0.442112 0.246774 0.044521
v -0.239784 -0.557767 0.078776
v -0.298328 -0.747894 -0.083344
v -0.146309 -0.575338 0.092416
v -0.159816 -0.766820 -0.072884
v -0.362584 -0.483628 0.155064
v -0.194406 -0.562612 0.215606
v -0.330874 -0.493416 0.272666
v -0.362876 -0.511250 -0.126954
v -0.228389 -0.784934 -0.222644
v -0.359545 -0.509097 -0.234451
v -0.390377 -0.399246 0.019586
v -0.366401 -0.388796 -0.164073
v -0.417375 -0.308437 -0.020909
v -0.382553 -0.415004 0.217302
v -0.426626 -0.319296 0.069656
v 0.239337 -0.557506 0.078809
v 0.297377 -0.749206 -0.083567
v 0.146224 -0.575153 0.092911
v 0.157922 -0.765890 -0.074681
v 0.362435 -0.483439 0.155135
v 0.194765 -0.562639 0.215342
v 0.330668 -0.493049 0.272672
v 0.362441 -0.511044 -0.126851
v 0.227243 -0.785072 -0.222776
v 0.359415 -0.509088 -0.234315
v 0.390864 -0.399150 0.019566
v 0.366631 -0.388784 -0.164158
v 0.417143 -0.308358 -0.020895
v 0.382824 -0.414952 0.217837
v 0.426226 -0.319275 0.069698
v 0.000011 -0.598619 0.652350
v -0.176635 -0.507852 0.695477
v -0.059399 -0.670658 0.584586
v -0.283380 -0.627668 0.676950
v 0.176861 -0.508515 0.695489
v 0.058965 -0.669670 0.584144
v 0.283822 -0.628840 0.676609
v 0.095921 -0.294341 0.728586
v -0.095890 -0.294113 0.729007
v 0.099836 -0.169587 0.743980
v -0.100475 -0.169983 0.745334
v 0.282116 -0.441470 0.666102
v 0.191284 -0.233789 0.703397
v -0.282077 -0.441353 0.666209
v -0.191285 -0.233861 0.703201
v -0.000083 0.220727 0.464686
v -0.127061 0.207932 0.536950
v -0.045805 0.241297 0.371657
v -0.184311 0.216485 0.462384
v 0.127026 0.207958 0.536893
v 0.045785 0.241208 0.371663
v 0.184156 0.216664 0.462382
v 0.074331 0.198441 0.572406
v -0.074193 0.198597 0.572372
v 0.079962 0.126126 0.592442
v -0.079687 0.126501 0.592066
v 0.212338 0.206433 0.511891
v 0.155703 0.167893 0.563510
v -0.212313 0.206519 0.511815
v -0.155613 0.167401 0.563615
v 0.000049 -0.287156 -0.414945
v -0.111251 -0.223652 -0.493926
v -0.043896 -0.375655 -0.350053
v -0.158562 -0.269332 -0.406372
v 0.111234 -0.223631 -0.493876
v 0.043843 -0.375595 -0.350659
v 0.158602 -0.269369 -0.406455
v 0.071004 -0.191061 -0.561972
v -0.071010 -0.191134 -0.561924
v 0.079140 -0.114657 -0.583618
v -0.079287 -0.114847 -0.583594
v 0.190920 -0.210193 -0.482037
v 0.149857 -0.150800 -0.553850
v -0.190840 -0.210270 -0.481937
v -0.149944 -0.150974 -0.553775
v -0.000014 0.584414 -0.636286
v -0.162078 0.461867 -0.673526
v -0.067713 0.665096 -0.560803
v -0.224536 0.521967 -0.601005
v 0.162072 0.461734 -0.673868
v 0.067626 0.664935 -0.559984
v 0.224433 0.521695 -0.600919
v 0.105088 0.295298 -0.772856
v -0.105305 0.295322 -0.772234
v 0.120154 0.183851 -0.821124
v -0.120297 0.184590 -0.820933
v 0.249095 0.402126 -0.641257
v 0.223319 0.244310 -0.789008
v -0.248881 0.402207 -0.641558
v -0.223226 0.244797 -0.788820
v 0.500049 0.084512 -0.379193
v 0.559632 0.042449 -0.233763
v 0.458915 0.160401 -0.343076
v 0.541366 0.098175 -0.185142
v 0.481809 -0.070169 -0.355885
v 0.555037 -0.039794 -0.231715
v 0.460259 -0.123130 -0.319962
v 0.537157 -0.088079 -0.181380
v 0.460526 0.009544 -0.449183
v 0.420545 -0.110289 -0.396434
v 0.390401 -0.019283 -0.492352
v 0.439180 0.151946 -0.440995
v 0.409263 0.055356 -0.521394
v 0.584029 0.045855 -0.132275
v 0.577645 -0.042836 -0.132441
v 0.499887 0.083535 0.354124
v 0.586140 0.045709 0.242509
v 0.481257 0.141034 0.324497
v 0.561750 0.099777 0.199668
v 0.495823 -0.088620 0.357856
v 0.585129 -0.038493 0.238301
v 0.465397 -0.170679 0.331381
v 0.557313 -0.098429 0.196344
v 0.468875 0.005902 0.434191
v 0.429914 -0.160412 0.414136
v 0.401573 -0.041332 0.492359
v 0.436996 0.128421 0.396775
v 0.402076 0.040971 0.482416
v 0.606406 0.048672 0.158252
v 0.604331 -0.042601 0.154485
v -0.499847 0.084429 -0.379001
v -0.559534 0.042334 -0.233776
v -0.459236 0.159930 -0.342929
v -0.541542 0.098201 -0.185036
v -0.481844 -0.070181 -0.355837
v -0.555052 -0.039820 -0.231710
v -0.460349 -0.123008 -0.319978
v -0.537311 -0.088105 -0.181523
v -0.460550 0.009414 -0.449238
v -0.420576 -0.110323 -0.396435
v -0.390487 -0.019072 -0.492329
v -0.439009 0.151911 -0.440873
v -0.409234 0.055175 -0.521295
v -0.583897 0.045757 -0.132272
v -0.577637 -0.042846 -0.132516
v -0.500206 0.083548 0.354431
v -0.586077 0.045782 0.242488
v -0.480865 0.140939 0.324291
v -0.562024 0.099804 0.199740
v -0.495802 -0.088503 0.357859
v -0.585442 -0.038532 0.238377
v -0.465405 -0.170574 0.330456
v -0.557623 -0.098341 0.196348
v -0.468865 0.005988 0.434148
v -0.429859 -0.160088 0.413852
v -0.402016 -0.041140 0.492487
v -0.436910 0.128134 0.396694
v -0.402506 0.040990 0.482716
v -0.606199 0.048720 0.158289
v -0.604359 -0.042497 0.154412
v 0.000066 0.343953 0.089784
v -0.044279 0.305745 0.181832
v 0.000032 0.588556 -0.260909
v -0.058951 0.674655 -0.358035
v 0.043979 0.305349 0.181923
v 0.058932 0.674561 -0.358282
v -0.322659 0.223412 0.353914
v -0.395759 0.212674 0.322670
v -0.351665 0.204204 0.409902
v -0.351434 0.478054 -0.442589
v -0.336788 0.346759 -0.363357
v -0.319829 0.337211 -0.471448
v -0.536979 0.162734 -0.030021
v -0.541283 0.158851 0.064390
v -0.581089 0.103681 0.018589
v 0.322786 0.223548 0.353932
v 0.395812 0.212660 0.322586
v 0.351654 0.204100 0.409870
v 0.351415 0.478336 -0.442860
v 0.336869 0.346692 -0.363726
v 0.319657 0.337099 -0.471164
v 0.536547 0.162760 -0.030069
v 0.541273 0.158928 0.064329
v 0.581141 0.103648 0.018518
v 0.000109 -0.591685 0.235053
v -0.049883 -0.604115 0.361923
v -0.000505 -0.565333 -0.163662
v -0.054207 -0.559885 -0.245653
v 0.050445 -0.604140 0.361730
v 0.053367 -0.559434 -0.246361
v -0.343759 -0.463117 0.446598
v -0.386643 -0.350563 0.367580
v -0.358605 -0.354661 0.471081
v -0.281033 -0.292047 -0.312689
v -0.349718 -0.243728 -0.291337
v -0.314647 -0.211402 -0.379332
v -0.519120 -0.154429 -0.027046
v -0.523255 -0.162601 0.065929
v -0.577038 -0.094673 0.017356
v 0.343684 -0.463261 0.446370
v 0.386772 -0.350472 0.367717
v 0.358837 -0.354910 0.471049
v 0.281037 -0.292074 -0.312801
v 0.349743 -0.243971 -0.291169
v 0.314545 -0.211725 -0.378949
v 0.519560 -0.154115 -0.026931
v 0.522141 -0.163297 0.065973
v 0.576979 -0.094709 0.017461
v 0.175022 -0.010271 0.636201
v 0.258934 -0.058894 0.607956
v -0.175533 -0.010220 0.636815
v -0.258757 -0.059295 0.607687
v 0.248016 0.035467 0.572910
v -0.247605 0.035394 0.572750
v 0.188917 0.024132 -0.671725
v 0.253254 -0.017585 -0.591681
v -0.188926 0.024021 -0.671679
v -0.252785 -0.017384 -0.591486
v 0.281880 0.071422 -0.662439
v -0.281760 0.071230 -0.662551
v -0.258384 0.368018 -0.059681
v -0.275604 0.346366 -0.025030
v -0.272116 0.373405 -0.085997
v -0.297798 0.352508 -0.066803
v -0.300499 0.336938 -0.029282
v 0.257709 0.368150 -0.059701
v 0.274934 0.346704 -0.025246
v 0.272002 0.373667 -0.086034
v 0.297559 0.352448 -0.066901
v 0.300289 0.337732 -0.029365
v -0.318578 -0.568519 -0.000181
v -0.326856 -0.535643 0.034655
v -0.336648 -0.563496 -0.028760
v -0.350633 -0.520295 -0.011968
v -0.348823 -0.510122 0.026691
v 0.318694 -0.568984 0.000306
v 0.327118 -0.535752 0.034610
v 0.336739 -0.563758 -0.028902
v 0.350786 -0.520533 -0.012149
v 0.347686 -0.510057 0.027168
v -0.024355 -0.478694 0.698576
v 0.024117 -0.478782 0.698743
v -0.000047 -0.403182 0.713667
v 0.038110 -0.432272 0.707913
v -0.038212 -0.431905 0.707545
v -0.018108 0.205602 0.567987
v 0.018027 0.205556 0.567961
v 0.000006 0.204851 0.574438
v 0.028604 0.204764 0.571319
v -0.028635 0.204879 0.571323
v -0.016182 -0.211162 -0.536719
v 0.016173 -0.211148 -0.536725
v 0.000029 -0.203632 -0.559854
v 0.026442 -0.204572 -0.557459
v -0.026377 -0.204564 -0.557489
v -0.022975 0.450111 -0.693137
v 0.023314 0.450424 -0.693117
v -0.000023 0.385408 -0.723885
v 0.037309 0.409630 -0.711701
v -0.037135 0.409729 -0.711535
v 0.538070 0.018159 -0.335806
v 0.534744 -0.013200 -0.332527
v 0.519764 -0.006496 -0.361603
v 0.522186 0.014133 -0.364354
v 0.545675 0.001823 -0.315994
v 0.558586 0.020768 0.328575
v 0.559017 -0.009408 0.327302
v 0.542290 -0.003534 0.354581
v 0.541617 0.015993 0.355059
v 0.569399 0.005336 0.311246
v -0.538130 0.018160 -0.335799
v -0.534711 -0.013234 -0.332571
v -0.519828 -0.006458 -0.361640
v -0.522246 0.014176 -0.364377
v -0.545702 0.001746 -0.315970
v -0.558636 0.020763 0.328668
v -0.559055 -0.009334 0.327231
v -0.542307 -0.003479 0.354545
v -0.541691 0.015988 0.354980
v -0.569407 0.005473 0.311218
v -0.040730 0.436673 -0.088102
v 0.041022 0.436814 -0.088394
v -0.020665 0.410587 -0.044319
v -0.020693 0.469490 -0.131610
v 0.020842 0.410583 -0.044633
v 0.020983 0.469461 -0.131555
v -0.200150 0.275697 0.227550
v -0.160048 0.251764 0.322028
v -0.155999 0.281210 0.228400
v -0.226302 0.258350 0.272665
v -0.135405 0.267094 0.275482
v -0.206132 0.247671 0.320371
v -0.232521 0.635805 -0.395007
v -0.203701 0.665198 -0.496448
v -0.198295 0.699227 -0.405018
v -0.290160 0.629312 -0.427961
v -0.218547 0.793909 -0.469518
v -0.258991 0.617955 -0.475457
v -0.421633 0.266003 -0.174881
v -0.461765 0.200376 -0.217550
v -0.405169 0.277344 -0.227908
v -0.458406 0.228897 -0.142316
v -0.426098 0.241215 -0.248793
v -0.476366 0.197824 -0.165180
v -0.467582 0.216248 0.168848
v -0.502511 0.176004 0.221190
v -0.458506 0.211957 0.214276
v -0.495382 0.201434 0.151918
v -0.475894 0.194244 0.241393
v -0.513298 0.179671 0.177399
v 0.200206 0.275538 0.227335
v 0.160408 0.251000 0.322402
v 0.156332 0.280980 0.227720
v 0.135534 0.267221 0.275044
v 0.226022 0.258243 0.272744
v 0.206649 0.247447 0.320907
v 0.232357 0.635794 -0.394852
v 0.203556 0.664956 -0.496431
v 0.198845 0.699200 -0.404883
v 0.218221 0.793692 -0.469588
v 0.290611 0.629522 -0.427932
v 0.259146 0.617595 -0.475288
v 0.421695 0.266498 -0.175312
v 0.461403 0.200757 -0.217856
v 0.405101 0.277175 -0.228276
v 0.457931 0.228892 -0.142519
v 0.426036 0.240728 -0.248732
v 0.477103 0.197697 -0.164769
v 0.467593 0.216303 0.168783
v 0.502548 0.175887 0.221207
v 0.458540 0.212006 0.214219
v 0.495349 0.201464 0.151920
v 0.475815 0.194203 0.241397
v 0.513330 0.179636 0.177440
v -0.054667 -0.609263 0.009386
v 0.054212 -0.609189 0.009415
v -0.025919 -0.598817 0.060672
v -0.030634 -0.602446 -0.036274
v 0.025787 -0.598864 0.060826
v 0.030125 -0.602095 -0.036422
v -0.240456 -0.581079 0.406881
v -0.245200 -0.783883 0.515281
v -0.193600 -0.630994 0.411749
v -0.278731 -0.593399 0.439622
v -0.190858 -0.746422 0.453639
v -0.296938 -0.678682 0.497973
v -0.238541 -0.553215 -0.298213
v -0.160348 -0.420930 -0.321724
v -0.183986 -0.559348 -0.296082
v -0.241892 -0.464369 -0.300858
v -0.147088 -0.485940 -0.306261
v -0.203657 -0.407666 -0.315695
v -0.419367 -0.250682 -0.138644
v -0.461965 -0.171878 -0.196290
v -0.409623 -0.241435 -0.186016
v -0.449025 -0.216407 -0.118408
v -0.430761 -0.200832 -0.215439
v -0.470623 -0.178261 -0.146658
v -0.439489 -0.289566 0.186900
v -0.476010 -0.210934 0.226838
v -0.432222 -0.294154 0.235483
v -0.464232 -0.246837 0.160853
v -0.448523 -0.254153 0.254769
v -0.484709 -0.209008 0.181141
v 0.240501 -0.581169 0.406825
v 0.243376 -0.784069 0.513271
v 0.193430 -0.630129 0.411669
v 0.189907 -0.743415 0.452101
v 0.278096 -0.593548 0.439507
v 0.295971 -0.679870 0.497093
v 0.238459 -0.553538 -0.298209
v 0.160377 -0.420573 -0.321134
v 0.183785 -0.560164 -0.296206
v 0.146560 -0.486204 -0.306504
v 0.242104 -0.464410 -0.301037
v 0.203510 -0.407811 -0.315611
v 0.419397 -0.251135 -0.138646
v 0.461795 -0.171674 -0.196562
v 0.409504 -0.242146 -0.185975
v 0.448952 -0.216493 -0.118618
v 0.430401 -0.201110 -0.215035
v 0.470857 -0.178289 -0.146827
v 0.439542 -0.289701 0.186835
v 0.476054 -0.211749 0.226847
v 0.432654 -0.294077 0.235077
v 0.463968 -0.247226 0.160420
v 0.448461 -0.254259 0.254682
v 0.484264 -0.208848 0.181112
v 0.000086 -0.048397 0.732373
v 0.000145 0.040630 0.650988
v 0.046611 -0.026807 0.703796
v -0.046743 -0.026715 0.703405
v 0.044166 0.017790 0.665217
v -0.044202 0.018037 0.665352
v 0.296491 -0.254084 0.605527
v 0.354267 -0.175106 0.525635
v 0.322579 -0.274270 0.566152
v 0.348880 -0.231037 0.525769
v 0.296701 -0.193043 0.600576
v 0.326999 -0.157329 0.561019
v -0.297040 -0.253925 0.606009
v -0.354901 -0.175449 0.525674
v -0.322476 -0.274246 0.566315
v -0.349409 -0.230757 0.525491
v -0.297123 -0.192934 0.600896
v -0.327574 -0.156968 0.561305
v 0.267914 0.177217 0.514465
v 0.345786 0.132430 0.479480
v 0.301532 0.186033 0.491043
v 0.339851 0.167226 0.472080
v 0.272643 0.140364 0.520895
v 0.312774 0.117300 0.505909
v -0.268039 0.177058 0.514395
v -0.345807 0.132425 0.479648
v -0.301579 0.186151 0.490908
v -0.339865 0.167189 0.472007
v -0.272744 0.140037 0.521099
v -0.312811 0.116835 0.505945
v -0.000101 -0.019329 -0.648413
v -0.000084 0.075763 -0.738157
v 0.046819 0.003501 -0.670229
v -0.047198 0.003587 -0.670172
v 0.051058 0.049503 -0.718122
v -0.051190 0.050309 -0.716938
v 0.255050 -0.153331 -0.504979
v 0.332539 -0.109742 -0.477628
v 0.283248 -0.160475 -0.477298
v 0.322241 -0.141151 -0.463151
v 0.264915 -0.121593 -0.518397
v 0.303661 -0.096104 -0.506786
v -0.255102 -0.153355 -0.504933
v -0.332492 -0.109813 -0.477834
v -0.283284 -0.160502 -0.477210
v -0.322294 -0.141314 -0.463054
v -0.265162 -0.122098 -0.518562
v -0.303713 -0.096611 -0.506939
v 0.310182 0.250471 -0.649329
v 0.380944 0.175809 -0.573624
v 0.324364 0.263717 -0.594487
v 0.358273 0.223889 -0.558677
v 0.323954 0.197738 -0.662404
v 0.352561 0.162313 -0.614482
v -0.310058 0.250449 -0.649640
v -0.381812 0.175769 -0.574041
v -0.324883 0.263939 -0.594948
v -0.358306 0.223931 -0.559081
v -0.323160 0.197470 -0.661562
v -0.352685 0.162157 -0.614546
v 0.621025 0.001130 -0.030991
v 0.626582 0.001947 0.064980
v 0.624814 0.023450 -0.005651
v 0.625772 0.024395 0.042146
v 0.621705 -0.020754 -0.007058
v 0.623903 -0.020627 0.040629
v -0.620967 0.001104 -0.030997
v -0.626642 0.001845 0.064953
v -0.624862 0.023408 -0.005667
v -0.625815 0.024345 0.042108
v -0.621699 -0.020690 -0.007050
v -0.623940 -0.020665 0.040686
v -0.195356 0.397576 -0.073263
v -0.121346 0.422872 -0.083173
v -0.178557 0.382308 -0.035299
v -0.178262 0.429653 -0.117660
v -0.141134 0.393183 -0.038574
v -0.141315 0.444643 -0.123879
v -0.257933 0.323871 0.050108
v -0.232856 0.300083 0.135480
v -0.221762 0.333776 0.050461
v -0.283565 0.302625 0.089763
v -0.207688 0.320925 0.093170
v -0.272599 0.291694 0.133332
v -0.252666 0.432316 -0.175849
v -0.246559 0.528554 -0.277809
v -0.221485 0.462001 -0.191337
v -0.275188 0.437745 -0.206389
v -0.213830 0.509322 -0.241072
v -0.277600 0.486636 -0.258139
v -0.338533 0.339596 -0.101522
v -0.380200 0.312626 -0.137489
v -0.328370 0.362695 -0.151993
v -0.369931 0.309467 -0.069916
v -0.347444 0.350988 -0.171725
v -0.392681 0.295914 -0.086750
v -0.354097 0.293159 0.034973
v -0.416554 0.251144 0.105288
v -0.352596 0.282223 0.078915
v -0.383091 0.281960 0.024351
v -0.383336 0.261987 0.115576
v -0.414300 0.259841 0.058246
v 0.195311 0.397704 -0.073526
v 0.121302 0.423109 -0.083158
v 0.178676 0.382694 -0.034302
v 0.178543 0.429455 -0.117842
v 0.141341 0.392982 -0.038392
v 0.141501 0.444903 -0.123872
v 0.257680 0.324020 0.050122
v 0.232764 0.299829 0.135687
v 0.222146 0.333751 0.050535
v 0.282932 0.302587 0.089621
v 0.207284 0.320977 0.092586
v 0.271829 0.291717 0.133324
v 0.252850 0.432633 -0.175657
v 0.246521 0.528649 -0.278220
v 0.221691 0.462320 -0.191225
v 0.275331 0.437893 -0.206234
v 0.213959 0.509393 -0.241104
v 0.278199 0.486709 -0.258332
v 0.338636 0.339957 -0.101680
v 0.380377 0.312726 -0.137667
v 0.328418 0.362781 -0.151910
v 0.369596 0.309581 -0.070159
v 0.347192 0.350834 -0.171845
v 0.392844 0.295949 -0.086471
v 0.354483 0.292904 0.034961
v 0.416521 0.251401 0.104993
v 0.353319 0.282105 0.079091
v 0.383313 0.281835 0.024579
v 0.383904 0.262014 0.115424
v 0.414802 0.259881 0.058508
v -0.256751 -0.633485 -0.002294
v -0.157764 -0.640188 0.001280
v -0.222671 -0.589489 0.029997
v -0.257093 -0.719969 -0.027499
v -0.175416 -0.595806 0.035510
v -0.192576 -0.705860 -0.035997
v -0.299198 -0.527700 0.128688
v -0.266426 -0.536867 0.255152
v -0.259363 -0.544897 0.136732
v -0.322699 -0.507842 0.172407
v -0.240365 -0.547732 0.202823
v -0.308070 -0.513064 0.233486
v -0.347789 -0.641477 -0.124319
v -0.331843 -0.672666 -0.252886
v -0.330963 -0.736890 -0.144005
v -0.358783 -0.585311 -0.156500
v -0.308310 -0.748445 -0.212068
v -0.362296 -0.597049 -0.218425
v -0.374016 -0.446335 -0.051523
v -0.387788 -0.345975 -0.089855
v -0.370463 -0.450675 -0.098376
v -0.386873 -0.398478 -0.025774
v -0.374835 -0.395468 -0.117243
v -0.396459 -0.350658 -0.044436
v -0.378523 -0.440914 0.085639
v -0.406577 -0.366511 0.140615
v -0.376409 -0.444534 0.135064
v -0.392467 -0.400736 0.066039
v -0.388752 -0.408991 0.164034
v -0.408321 -0.361940 0.092073
v 0.256242 -0.634060 -0.002364
v 0.157242 -0.640653 0.001413
v 0.222258 -0.589577 0.029901
v 0.255761 -0.722005 -0.027606
v 0.175178 -0.595807 0.035335
v 0.190835 -0.705881 -0.036758
v 0.299221 -0.527870 0.128534
v 0.265916 -0.536588 0.255123
v 0.259667 -0.545176 0.137202
v 0.323067 -0.507879 0.172306
v 0.240315 -0.547761 0.202475
v 0.307197 -0.512960 0.233511
v 0.347579 -0.642231 -0.124135
v 0.331753 -0.673034 -0.252919
v 0.330745 -0.737461 -0.144044
v 0.358439 -0.585591 -0.156588
v 0.307860 -0.749011 -0.212068
v 0.362283 -0.597140 -0.218350
v 0.373439 -0.446716 -0.051405
v 0.387874 -0.345917 -0.089986
v 0.370682 -0.450607 -0.098678
v 0.386976 -0.398685 -0.025527
v 0.374959 -0.395205 -0.117756
v 0.396297 -0.351024 -0.044831
v 0.377593 -0.440776 0.085401
v 0.406640 -0.366200 0.140318
v 0.376706 -0.444643 0.135023
v 0.392673 -0.401241 0.065826
v 0.388756 -0.408254 0.164550
v 0.408840 -0.362099 0.091979
v -0.093741 -0.575163 0.680369
v -0.170687 -0.752667 0.677725
v -0.064533 -0.613448 0.657925
v -0.161877 -0.582934 0.691678
v -0.094472 -0.678611 0.640305
v -0.215493 -0.675181 0.701990
v 0.093739 -0.575376 0.680555
v 0.171054 -0.753353 0.677666
v 0.064399 -0.613506 0.657716
v 0.161730 -0.583498 0.691526
v 0.094407 -0.678189 0.639785
v 0.215697 -0.676145 0.701545
v 0.000050 -0.291139 0.739645
v 0.000153 -0.166162 0.825197
v 0.048222 -0.261333 0.744681
v -0.048576 -0.261372 0.744577
v 0.049679 -0.199457 0.763783
v -0.049506 -0.199474 0.763741
v 0.136711 -0.392837 0.705456
v 0.233410 -0.332613 0.680768
v 0.183853 -0.435359 0.695907
v 0.141403 -0.328835 0.712977
v 0.235007 -0.404290 0.683984
v 0.190269 -0.298806 0.702071
v -0.136492 -0.392606 0.705419
v -0.233485 -0.332539 0.680839
v -0.183506 -0.434867 0.695856
v -0.141128 -0.328663 0.712858
v -0.234999 -0.404123 0.684322
v -0.190426 -0.298692 0.702474
v -0.066147 0.212954 0.509070
v -0.114776 0.228968 0.418198
v -0.045093 0.220567 0.465055
v -0.111371 0.212003 0.509069
v -0.068558 0.229501 0.419142
v -0.137266 0.218533 0.464731
v 0.066287 0.213112 0.509083
v 0.115040 0.228590 0.418627
v 0.045031 0.220624 0.464734
v 0.111389 0.212096 0.509028
v 0.068632 0.229110 0.419146
v 0.137168 0.218687 0.464579
v 0.000128 0.199327 0.579136
v 0.000135 0.127123 0.599279
v 0.037080 0.197125 0.578237
v -0.036817 0.197938 0.577519
v 0.039053 0.149567 0.588933
v -0.038917 0.149521 0.589629
v 0.103929 0.204219 0.559384
v 0.186579 0.201333 0.542203
v 0.137297 0.205797 0.546746
v 0.110134 0.200870 0.563448
v 0.179109 0.205011 0.535205
v 0.151449 0.197829 0.557387
v -0.103951 0.204134 0.559186
v -0.186675 0.201527 0.542167
v -0.137320 0.205834 0.546601
v -0.110181 0.200641 0.563654
v -0.179168 0.205113 0.535113
v -0.151504 0.197784 0.557524
v -0.057007 -0.253596 -0.455458
v -0.102940 -0.321081 -0.374746
v -0.039615 -0.286550 -0.414954
v -0.095674 -0.249921 -0.453682
v -0.062048 -0.326548 -0.378267
v -0.118840 -0.277320 -0.410521
v 0.057011 -0.253648 -0.455428
v 0.103033 -0.321046 -0.374907
v 0.039679 -0.286664 -0.414791
v 0.095675 -0.249889 -0.453673
v 0.062117 -0.326313 -0.378265
v 0.118807 -0.277461 -0.410535
v 0.000004 -0.194756 -0.566941
v -0.000033 -0.117146 -0.585942
v 0.037008 -0.191583 -0.566930
v -0.037032 -0.191701 -0.566869
v 0.038765 -0.141062 -0.578173
v -0.038888 -0.141001 -0.578538
v 0.096073 -0.201641 -0.544661
v 0.174425 -0.185397 -0.527042
v 0.124680 -0.206990 -0.524572
v 0.103477 -0.192217 -0.551496
v 0.163958 -0.201442 -0.513962
v 0.142819 -0.179891 -0.544952
v -0.096003 -0.201609 -0.544616
v -0.174365 -0.185394 -0.527078
v -0.124658 -0.206934 -0.524592
v -0.103421 -0.192231 -0.551430
v -0.163856 -0.201404 -0.513958
v -0.142803 -0.179968 -0.544812
v -0.087440 0.529631 -0.656384
v -0.159596 0.612276 -0.601348
v -0.062803 0.581135 -0.635246
v -0.145548 0.517432 -0.653983
v -0.098632 0.624386 -0.605253
v -0.185610 0.559326 -0.630846
v 0.087457 0.529137 -0.655820
v 0.159654 0.612134 -0.601246
v 0.062851 0.581355 -0.635386
v 0.145873 0.517815 -0.654614
v 0.098778 0.624489 -0.605626
v 0.185892 0.559162 -0.630838
v 0.000053 0.292534 -0.771559
v -0.000214 0.183776 -0.793221
v 0.054941 0.266773 -0.783681
v -0.054863 0.267309 -0.783549
v 0.058454 0.212539 -0.800332
v -0.058626 0.212832 -0.799887
v 0.136511 0.374208 -0.720349
v 0.240242 0.324342 -0.713570
v 0.175240 0.405918 -0.694465
v 0.149921 0.323268 -0.750169
v 0.224789 0.379915 -0.686268
v 0.206208 0.299166 -0.754388
v -0.136294 0.374518 -0.720354
v -0.239629 0.324557 -0.713597
v -0.175254 0.405850 -0.694372
v -0.149669 0.323418 -0.750029
v -0.224308 0.379941 -0.686337
v -0.206136 0.299269 -0.754568
v 0.534070 0.061378 -0.307720
v 0.501347 0.127332 -0.264041
v 0.512355 0.086353 -0.335412
v 0.543778 0.064572 -0.260159
v 0.491589 0.123706 -0.314365
v 0.530837 0.095068 -0.236742
v 0.526198 -0.056235 -0.299130
v 0.503268 -0.106461 -0.254712
v 0.500809 -0.075881 -0.319184
v 0.537887 -0.059863 -0.255321
v 0.490655 -0.101303 -0.300020
v 0.527161 -0.084519 -0.231153
v 0.473483 -0.034953 -0.405494
v 0.407277 -0.069671 -0.444464
v 0.463302 -0.062499 -0.391835
v 0.452596 -0.021602 -0.438966
v 0.431631 -0.081402 -0.411690
v 0.417121 -0.037023 -0.458486
v 0.482800 0.052051 -0.421195
v 0.434745 0.106775 -0.491711
v 0.480965 0.082639 -0.418079
v 0.460889 0.043048 -0.453714
v 0.455659 0.112516 -0.452018
v 0.435398 0.068157 -0.489195
v 0.566257 0.000709 -0.231908
v 0.590586 0.000863 -0.132610
v 0.570922 0.021403 -0.208292
v 0.568292 -0.019827 -0.207682
v 0.583072 0.022387 -0.158024
v 0.579912 -0.020574 -0.157950
v 0.546093 0.066361 0.299485
v 0.524091 0.121228 0.262005
v 0.519372 0.089076 0.319340
v 0.560681 0.069755 0.261293
v 0.508474 0.117072 0.302236
v 0.549619 0.097146 0.241154
v 0.542795 -0.063222 0.297318
v 0.511259 -0.134960 0.262906
v 0.512303 -0.094088 0.319629
v 0.558037 -0.066108 0.257954
v 0.496393 -0.132807 0.304436
v 0.543216 -0.099209 0.238864
v 0.488552 -0.041975 0.401686
v 0.418894 -0.103684 0.457947
v 0.476320 -0.081105 0.393949
v 0.463716 -0.030221 0.432888
v 0.441761 -0.114799 0.421945
v 0.428499 -0.058014 0.461227
v 0.488163 0.047888 0.398276
v 0.420150 0.088173 0.440533
v 0.477903 0.076175 0.387195
v 0.464874 0.037210 0.429456
v 0.445523 0.097837 0.408338
v 0.430593 0.056166 0.451744
v 0.600105 0.004207 0.241055
v 0.618965 0.002978 0.157238
v 0.604475 0.023991 0.222563
v 0.603845 -0.016259 0.219900
v 0.613941 0.024590 0.180475
v 0.612893 -0.018004 0.177958
v -0.533946 0.061313 -0.307663
v -0.501468 0.127708 -0.264019
v -0.512350 0.086448 -0.335282
v -0.543700 0.064532 -0.260171
v -0.491505 0.123905 -0.314390
v -0.530966 0.095030 -0.236672
v -0.526202 -0.056068 -0.299188
v -0.503296 -0.106399 -0.254841
v -0.500973 -0.075839 -0.319216
v -0.537960 -0.059839 -0.255380
v -0.490749 -0.101302 -0.300070
v -0.527166 -0.084481 -0.231175
v -0.473510 -0.035002 -0.405582
v -0.406529 -0.069513 -0.444460
v -0.463328 -0.062595 -0.391800
v -0.452198 -0.021434 -0.438866
v -0.431832 -0.081663 -0.411856
v -0.416907 -0.036992 -0.458494
v -0.482638 0.051992 -0.421071
v -0.433922 0.106708 -0.491188
v -0.480600 0.082752 -0.417920
v -0.460760 0.042822 -0.453731
v -0.455622 0.112682 -0.452068
v -0.435069 0.068139 -0.488896
v -0.566226 0.000710 -0.231907
v -0.590555 0.000861 -0.132566
v -0.570883 0.021371 -0.208302
v -0.568252 -0.019776 -0.207652
v -0.583096 0.022325 -0.158006
v -0.579870 -0.020567 -0.157940
v -0.546657 0.066199 0.299732
v -0.523668 0.121193 0.261843
v -0.518885 0.088973 0.318954
v -0.560860 0.069518 0.261126
v -0.508397 0.117360 0.302004
v -0.549149 0.096693 0.241123
v -0.542554 -0.063282 0.297105
v -0.511492 -0.134734 0.262797
v -0.511936 -0.094332 0.319955
v -0.557206 -0.066626 0.258025
v -0.496689 -0.133057 0.304294
v -0.542434 -0.099577 0.238953
v -0.488025 -0.042570 0.401635
v -0.418966 -0.103811 0.457715
v -0.476363 -0.081411 0.394101
v -0.463646 -0.030273 0.432995
v -0.442184 -0.114785 0.421954
v -0.428311 -0.058187 0.461269
v -0.488022 0.048039 0.398194
v -0.419985 0.087852 0.440225
v -0.478279 0.076347 0.387210
v -0.464904 0.037251 0.429442
v -0.445518 0.097858 0.408537
v -0.430743 0.056226 0.451758
v -0.600073 0.004194 0.241033
v -0.618989 0.002916 0.157229
v -0.604482 0.023942 0.222626
v -0.603835 -0.016212 0.219825
v -0.613991 0.024513 0.180494
v -0.612901 -0.017997 0.177906
v -0.062447 0.362076 0.045481
v -0.107719 0.319235 0.136471
v -0.104234 0.357052 0.045778
v -0.126774 0.335175 0.091779
v -0.042516 0.342771 0.090403
v -0.064815 0.322595 0.136113
v -0.066230 0.539344 -0.217256
v -0.123726 0.622029 -0.308922
v -0.107865 0.528143 -0.215373
v -0.135394 0.562209 -0.259572
v -0.047796 0.585625 -0.262475
v -0.077333 0.630220 -0.309823
v 0.062913 0.361681 0.045697
v 0.107974 0.319161 0.136408
v 0.104425 0.357307 0.046926
v 0.126954 0.335125 0.091525
v 0.042583 0.342964 0.090196
v 0.064760 0.323019 0.135267
v 0.066376 0.539464 -0.217431
v 0.124120 0.622088 -0.309027
v 0.108171 0.528182 -0.215517
v 0.135176 0.562234 -0.259660
v 0.047754 0.585548 -0.262921
v 0.077525 0.629906 -0.309805
v -0.313205 0.245966 0.263164
v -0.391090 0.230995 0.243289
v -0.326689 0.254855 0.215177
v -0.366413 0.246211 0.207186
v -0.339293 0.230921 0.303943
v -0.377064 0.224915 0.291045
v -0.044910 0.271684 0.275528
v 0.045385 0.271128 0.275817
v -0.022701 0.255551 0.323990
v 0.023109 0.256073 0.323638
v -0.022425 0.288706 0.228430
v 0.022410 0.288705 0.228806
v -0.256547 0.220307 0.410623
v -0.284871 0.205848 0.464865
v -0.230425 0.214414 0.455583
v -0.244209 0.208481 0.481338
v -0.300918 0.217027 0.401573
v -0.313509 0.209133 0.427247
v -0.457850 0.578824 -0.351478
v -0.328585 0.389293 -0.294352
v -0.354564 0.491046 -0.308162
v -0.324808 0.418262 -0.279003
v -0.377410 0.486770 -0.386469
v -0.330493 0.409205 -0.346917
v -0.074165 0.715638 -0.453406
v 0.074169 0.715678 -0.453382
v -0.035931 0.692360 -0.510138
v 0.035715 0.692292 -0.510101
v -0.033541 0.697567 -0.406494
v 0.033370 0.697604 -0.406419
v -0.288584 0.501859 -0.521697
v -0.294092 0.376028 -0.558569
v -0.260126 0.481571 -0.571471
v -0.268774 0.421108 -0.591485
v -0.314839 0.456927 -0.490889
v -0.307899 0.390067 -0.506567
v -0.491447 0.217744 -0.033879
v -0.498965 0.208180 0.060034
v -0.464249 0.238054 -0.017693
v -0.470658 0.231119 0.030374
v -0.520301 0.190188 -0.005926
v -0.522028 0.186615 0.040459
v -0.398591 0.244839 -0.352252
v -0.378446 0.238502 -0.456225
v -0.423938 0.200135 -0.372989
v -0.413838 0.196564 -0.423665
v -0.361250 0.292545 -0.384147
v -0.351476 0.288449 -0.436878
v -0.538273 0.132002 -0.107778
v -0.591050 0.073759 -0.054907
v -0.553074 0.100639 -0.132891
v -0.578357 0.072196 -0.106259
v -0.550383 0.132685 -0.056062
v -0.577193 0.103129 -0.029985
v -0.443508 0.187324 0.329675
v -0.396470 0.177302 0.407141
v -0.452870 0.164457 0.347964
v -0.429282 0.157424 0.384521
v -0.411125 0.200024 0.349805
v -0.388002 0.195886 0.390989
v -0.556121 0.130174 0.133879
v -0.594996 0.076066 0.088613
v -0.570307 0.101752 0.156235
v -0.591516 0.075493 0.134690
v -0.559237 0.130893 0.087945
v -0.579377 0.103607 0.065206
v 0.313560 0.245823 0.263462
v 0.391160 0.231103 0.243166
v 0.326997 0.254705 0.215324
v 0.366581 0.246091 0.207029
v 0.339316 0.231268 0.303985
v 0.377142 0.224911 0.290981
v 0.256418 0.220495 0.410461
v 0.284884 0.205721 0.464840
v 0.230328 0.214465 0.455579
v 0.244204 0.208411 0.481315
v 0.301009 0.217061 0.401667
v 0.313474 0.209059 0.427222
v 0.458167 0.579036 -0.351589
v 0.328448 0.389474 -0.294692
v 0.354276 0.491306 -0.308326
v 0.324948 0.418334 -0.279229
v 0.377110 0.487112 -0.386453
v 0.330780 0.409133 -0.347142
v 0.288429 0.501755 -0.521349
v 0.294272 0.375837 -0.558026
v 0.260219 0.481483 -0.571652
v 0.268968 0.420582 -0.590900
v 0.315292 0.456859 -0.490176
v 0.308294 0.389966 -0.506392
v 0.491280 0.218157 -0.033793
v 0.499007 0.208104 0.060150
v 0.464170 0.238096 -0.017845
v 0.470416 0.231271 0.030321
v 0.520290 0.190378 -0.005869
v 0.522104 0.186658 0.040541
v 0.398804 0.245495 -0.352504
v 0.378352 0.238639 -0.455927
v 0.423731 0.200374 -0.372912
v 0.413709 0.196129 -0.423473
v 0.361434 0.292116 -0.384102
v 0.351728 0.288259 -0.436908
v 0.538444 0.131625 -0.107900
v 0.591297 0.073713 -0.054846
v 0.552688 0.100711 -0.133186
v 0.578576 0.072224 -0.106245
v 0.550283 0.132619 -0.056152
v 0.577355 0.103048 -0.029914
v 0.443340 0.187382 0.329666
v 0.396506 0.176853 0.407039
v 0.453096 0.164297 0.348026
v 0.429138 0.157118 0.384207
v 0.411103 0.199993 0.349866
v 0.387982 0.195894 0.391045
v 0.555316 0.129660 0.133567
v 0.595289 0.075995 0.088744
v 0.570499 0.101760 0.156316
v 0.591273 0.075416 0.134581
v 0.559481 0.131065 0.087978
v 0.579064 0.103633 0.065074
v -0.073769 -0.585841 0.169864
v -0.123454 -0.582395 0.297171
v -0.122090 -0.578692 0.162891
v -0.146908 -0.573822 0.224907
v -0.049206 -0.589273 0.234034
v -0.073986 -0.591366 0.298351
v -0.087482 -0.645970 -0.132999
v -0.132399 -0.669743 -0.241604
v -0.118782 -0.751891 -0.147431
v -0.152262 -0.766906 -0.217999
v -0.065473 -0.596621 -0.170954
v -0.083097 -0.609152 -0.218433
v 0.074117 -0.586371 0.169973
v 0.123961 -0.582036 0.297003
v 0.122216 -0.578357 0.163027
v 0.146997 -0.574793 0.225267
v 0.049221 -0.589728 0.234192
v 0.074508 -0.591471 0.298301
v 0.086992 -0.644031 -0.132949
v 0.131638 -0.667549 -0.240680
v 0.117660 -0.747384 -0.147054
v 0.148740 -0.764098 -0.217801
v 0.064604 -0.595695 -0.170807
v 0.082786 -0.607987 -0.218275
v -0.337960 -0.483484 0.365016
v -0.386290 -0.385798 0.296457
v -0.353377 -0.468458 0.305778
v -0.374703 -0.423379 0.273656
v -0.353203 -0.448153 0.387811
v -0.375566 -0.394726 0.350926
v -0.057447 -0.660880 0.471349
v 0.057083 -0.660143 0.470924
v -0.031257 -0.644714 0.524883
v 0.031384 -0.644407 0.524663
v -0.027018 -0.631311 0.416290
v 0.027100 -0.631143 0.416148
v -0.322698 -0.552635 0.558879
v -0.324883 -0.406302 0.569705
v -0.319373 -0.554904 0.629300
v -0.314374 -0.469286 0.627686
v -0.335230 -0.475137 0.506813
v -0.340039 -0.412514 0.516234
v -0.312183 -0.395214 -0.270236
v -0.352161 -0.310327 -0.222918
v -0.341549 -0.425875 -0.238069
v -0.353389 -0.374874 -0.208158
v -0.306739 -0.322716 -0.279038
v -0.333265 -0.288400 -0.262307
v -0.049110 -0.475036 -0.301050
v 0.048490 -0.474766 -0.301071
v -0.023462 -0.425581 -0.324904
v 0.023043 -0.425278 -0.324661
v -0.025825 -0.517047 -0.272976
v 0.025733 -0.516503 -0.272860
v -0.221780 -0.285305 -0.359933
v -0.255635 -0.210606 -0.434359
v -0.198332 -0.260180 -0.401824
v -0.214741 -0.227214 -0.438725
v -0.259333 -0.267476 -0.353574
v -0.276451 -0.229427 -0.389286
v -0.464393 -0.227714 -0.023439
v -0.470551 -0.238506 0.068566
v -0.442351 -0.270190 0.000985
v -0.446461 -0.275851 0.046275
v -0.494175 -0.192162 -0.001614
v -0.496296 -0.197766 0.044158
v -0.405307 -0.179605 -0.308420
v -0.371274 -0.159091 -0.395856
v -0.426046 -0.145692 -0.337404
v -0.406932 -0.138423 -0.377829
v -0.368684 -0.204161 -0.321836
v -0.351968 -0.191648 -0.366104
v -0.530556 -0.119641 -0.103211
v -0.583209 -0.067371 -0.056316
v -0.547965 -0.090617 -0.130764
v -0.570768 -0.066572 -0.106567
v -0.541803 -0.120941 -0.053251
v -0.570554 -0.092977 -0.030388
v -0.422936 -0.257397 0.347703
v -0.388953 -0.251066 0.439133
v -0.435359 -0.211362 0.360951
v -0.417742 -0.206927 0.404468
v -0.396886 -0.303672 0.381880
v -0.380894 -0.302890 0.430069
v -0.541558 -0.132775 0.131862
v -0.592011 -0.070514 0.086195
v -0.564850 -0.099118 0.153207
v -0.588368 -0.070013 0.131253
v -0.546383 -0.130853 0.087306
v -0.573208 -0.098125 0.063597
v 0.337423 -0.483436 0.364920
v 0.386662 -0.385844 0.296236
v 0.352394 -0.468129 0.305830
v 0.375440 -0.423378 0.273148
v 0.352973 -0.448095 0.387635
v 0.375733 -0.394707 0.350813
v 0.323056 -0.553564 0.558776
v 0.324470 -0.406449 0.569708
v 0.319166 -0.555684 0.628966
v 0.314330 -0.469684 0.627742
v 0.335478 -0.475597 0.506987
v 0.339867 -0.413103 0.516113
v 0.312132 -0.395340 -0.270468
v 0.352029 -0.310264 -0.222832
v 0.341815 -0.425608 -0.238213
v 0.353481 -0.374934 -0.207883
v 0.306587 -0.322596 -0.278911
v 0.333172 -0.288307 -0.262386
v 0.221705 -0.285319 -0.359821
v 0.255687 -0.210819 -0.434257
v 0.198333 -0.260270 -0.401868
v 0.214801 -0.226833 -0.438962
v 0.259370 -0.267434 -0.353595
v 0.276539 -0.229272 -0.389202
v 0.464308 -0.227189 -0.022937
v 0.470622 -0.238590 0.068684
v 0.442468 -0.269924 0.000836
v 0.446417 -0.275847 0.046319
v 0.494023 -0.192124 -0.001616
v 0.496092 -0.197603 0.044439
v 0.406135 -0.178814 -0.309146
v 0.371347 -0.159080 -0.396030
v 0.425831 -0.145780 -0.337338
v 0.406935 -0.138514 -0.377898
v 0.369004 -0.204558 -0.322042
v 0.351874 -0.191656 -0.366244
v 0.530509 -0.119607 -0.103198
v 0.583246 -0.067349 -0.056222
v 0.547821 -0.090674 -0.130650
v 0.570663 -0.066655 -0.106491
v 0.542162 -0.120823 -0.053258
v 0.570556 -0.093034 -0.030310
v 0.423202 -0.257056 0.348096
v 0.389854 -0.251507 0.439338
v 0.435469 -0.211857 0.361322
v 0.418263 -0.207489 0.404782
v 0.397091 -0.303545 0.382139
v 0.381513 -0.302815 0.430431
v 0.541857 -0.132713 0.131834
v 0.591989 -0.070611 0.086137
v 0.564733 -0.099006 0.153205
v 0.588377 -0.070147 0.131267
v 0.546416 -0.130852 0.087106
v 0.573294 -0.098009 0.063520
v 0.146070 -0.081837 0.707209
v 0.229451 -0.140910 0.664527
v 0.152608 -0.138721 0.732347
v 0.193766 -0.170705 0.704396
v 0.183484 -0.058257 0.665573
v 0.225170 -0.085201 0.648271
v -0.146045 -0.082027 0.706682
v -0.229176 -0.140930 0.664018
v -0.152647 -0.138633 0.731946
v -0.193704 -0.170725 0.704220
v -0.183657 -0.058335 0.665986
v -0.224975 -0.085193 0.648308
v 0.125527 0.059421 0.614473
v 0.201035 0.102279 0.567494
v 0.121296 0.103553 0.593420
v 0.159496 0.125486 0.574328
v 0.168654 0.036006 0.611251
v 0.206159 0.058037 0.583599
v -0.125613 0.058835 0.614690
v -0.201166 0.102744 0.567180
v -0.121608 0.103379 0.593667
v -0.159472 0.125090 0.574610
v -0.168955 0.035888 0.611588
v -0.206139 0.058151 0.583812
v 0.333696 -0.051107 0.551223
v 0.325747 0.037390 0.528754
v 0.372860 -0.021117 0.521629
v 0.368207 0.019827 0.511658
v 0.294738 -0.031637 0.572643
v 0.289742 0.014386 0.558479
v -0.333833 -0.051078 0.551504
v -0.325809 0.037270 0.529125
v -0.372884 -0.021117 0.521751
v -0.368232 0.019811 0.511706
v -0.294210 -0.032068 0.572605
v -0.289840 0.014042 0.558523
v 0.128151 -0.041185 -0.614929
v 0.199388 -0.084037 -0.566589
v 0.121117 -0.088465 -0.587011
v 0.156818 -0.108302 -0.568246
v 0.174875 -0.018117 -0.624502
v 0.209257 -0.039595 -0.592706
v -0.128596 -0.041367 -0.615072
v -0.199408 -0.083714 -0.566758
v -0.121263 -0.088309 -0.587661
v -0.156990 -0.108172 -0.568936
v -0.175110 -0.018079 -0.624724
v -0.209170 -0.039806 -0.592987
v 0.167091 0.084757 -0.777524
v 0.275115 0.149863 -0.763600
v 0.175955 0.149523 -0.810265
v 0.230990 0.182199 -0.799815
v 0.207883 0.064565 -0.728591
v 0.261953 0.091749 -0.728413
v -0.167894 0.085640 -0.777631
v -0.275139 0.150046 -0.763620
v -0.176293 0.150200 -0.810522
v -0.230887 0.182705 -0.799820
v -0.208522 0.063819 -0.729570
v -0.261805 0.091768 -0.728287
v 0.323762 -0.017313 -0.544761
v 0.345280 0.067111 -0.588764
v 0.362657 0.001284 -0.528022
v 0.373531 0.041165 -0.546421
v 0.294886 0.003874 -0.582553
v 0.307695 0.047776 -0.611163
v -0.323425 -0.017030 -0.544760
v -0.344730 0.067359 -0.588554
v -0.362456 0.001577 -0.528094
v -0.372918 0.041266 -0.546003
v -0.294920 0.004145 -0.583062
v -0.306873 0.047919 -0.610798
v -0.246606 0.358287 -0.026714
v -0.243923 0.392955 -0.098693
v -0.214181 0.370386 -0.030700
v -0.212682 0.411596 -0.109877
v -0.298223 0.325314 0.008340
v -0.234794 0.346422 0.010549
v -0.292007 0.313721 0.047799
v -0.289912 0.373483 -0.108531
v -0.231844 0.423478 -0.143586
v -0.281115 0.401245 -0.155527
v -0.323570 0.329461 -0.040131
v -0.309047 0.369528 -0.130585
v -0.346955 0.321104 -0.054302
v -0.324022 0.303433 0.042954
v -0.352024 0.305614 -0.009250
v 0.246363 0.358488 -0.027006
v 0.243874 0.393236 -0.099188
v 0.213597 0.371046 -0.030483
v 0.212763 0.412258 -0.109214
v 0.297427 0.325328 0.007886
v 0.234672 0.346370 0.010304
v 0.291768 0.313590 0.047957
v 0.289847 0.373483 -0.108832
v 0.231909 0.423933 -0.143551
v 0.281268 0.401445 -0.155453
v 0.323646 0.329877 -0.040188
v 0.309268 0.370337 -0.130610
v 0.346794 0.320622 -0.054331
v 0.323676 0.303533 0.042830
v 0.352334 0.305540 -0.009144
v -0.300036 -0.558540 0.033193
v -0.319619 -0.613179 -0.037946
v -0.265243 -0.574969 0.027150
v -0.293613 -0.666178 -0.039503
v -0.342386 -0.506302 0.069006
v -0.279843 -0.548637 0.079768
v -0.334755 -0.506008 0.117425
v -0.352272 -0.539084 -0.054009
v -0.334044 -0.678268 -0.082718
v -0.354385 -0.562973 -0.101759
v -0.363610 -0.479702 0.011941
v -0.362990 -0.499979 -0.077502
v -0.375866 -0.442019 -0.006406
v -0.363542 -0.478525 0.102831
v -0.377119 -0.439807 0.039058
v 0.299844 -0.558657 0.033110
v 0.319332 -0.613675 -0.037564
v 0.264939 -0.574948 0.027404
v 0.292888 -0.666945 -0.039673
v 0.342087 -0.506164 0.069087
v 0.279506 -0.548295 0.079657
v 0.334615 -0.505698 0.117215
v 0.352105 -0.539338 -0.053736
v 0.333811 -0.679139 -0.082537
v 0.354299 -0.563514 -0.101686
v 0.363522 -0.479785 0.012193
v 0.362877 -0.499967 -0.077203
v 0.376116 -0.441986 -0.006302
v 0.363426 -0.478219 0.102625
v 0.377619 -0.439805 0.038703
v -0.000366 -0.522571 0.687666
v -0.075186 -0.470816 0.700202
v -0.030751 -0.566158 0.674315
v -0.115406 -0.519563 0.692966
v 0.074803 -0.470866 0.699952
v 0.030762 -0.566508 0.674639
v 0.115690 -0.519594 0.692968
v 0.043900 -0.379854 0.717192
v -0.043994 -0.379583 0.717052
v 0.046575 -0.321953 0.728772
v -0.046914 -0.321978 0.729342
v 0.129252 -0.457160 0.700525
v 0.091796 -0.355485 0.717307
v -0.128904 -0.456811 0.699923
v -0.091750 -0.355530 0.717326
v -0.000054 0.208260 0.545921
v -0.055771 0.205795 0.563589
v -0.021743 0.213564 0.507661
v -0.083726 0.208082 0.542625
v 0.055662 0.205850 0.563616
v 0.021997 0.213634 0.507788
v 0.083627 0.208192 0.542587
v 0.033250 0.203919 0.572555
v -0.033220 0.204021 0.572682
v 0.035915 0.201963 0.575217
v -0.035734 0.202213 0.575224
v 0.095753 0.205949 0.555773
v 0.070367 0.202881 0.568663
v -0.095792 0.205877 0.555690
v -0.070349 0.202911 0.568706
v 0.000018 -0.231461 -0.496893
v -0.050074 -0.210581 -0.536268
v -0.018909 -0.255486 -0.455800
v -0.072893 -0.227005 -0.497053
v 0.050049 -0.210580 -0.536272
v 0.018945 -0.255427 -0.455815
v 0.072954 -0.226914 -0.497027
v 0.031102 -0.202341 -0.560934
v -0.031040 -0.202366 -0.560902
v 0.034237 -0.198433 -0.564170
v -0.034192 -0.198492 -0.564141
v 0.086858 -0.208340 -0.535631
v 0.065983 -0.199246 -0.557178
v -0.086838 -0.208347 -0.535637
v -0.065929 -0.199249 -0.557116
v 0.000123 0.491055 -0.675212
v -0.071302 0.440856 -0.694825
v -0.028848 0.534906 -0.656121
v -0.107391 0.477394 -0.675449
v 0.071629 0.440709 -0.694907
v 0.028983 0.534917 -0.656022
v 0.107431 0.477266 -0.675438
v 0.044401 0.365385 -0.733528
v -0.044324 0.365704 -0.733700
v 0.049843 0.317679 -0.758809
v -0.049959 0.318211 -0.758487
v 0.122904 0.425812 -0.695735
v 0.095355 0.345066 -0.742190
v -0.123015 0.425606 -0.696150
v -0.095424 0.345420 -0.742410
v 0.523886 0.035652 -0.359812
v 0.550057 0.019424 -0.299747
v 0.522380 0.058975 -0.350549
v 0.549257 0.040289 -0.281115
v 0.515700 -0.028105 -0.351268
v 0.547688 -0.016482 -0.297723
v 0.508925 -0.051434 -0.336284
v 0.544879 -0.037231 -0.277556
v 0.503805 0.005266 -0.390530
v 0.491216 -0.044593 -0.371192
v 0.481921 -0.007226 -0.416162
v 0.503724 0.057111 -0.387215
v 0.484388 0.021771 -0.421269
v 0.559935 0.020540 -0.256132
v 0.557601 -0.018564 -0.254841
v 0.539464 0.036701 0.348251
v 0.573477 0.022732 0.297008
v 0.530525 0.061609 0.335253
v 0.570791 0.044036 0.280598
v 0.541065 -0.025300 0.347094
v 0.573292 -0.012955 0.295064
v 0.529661 -0.055948 0.334591
v 0.569604 -0.036381 0.277145
v 0.520594 0.006406 0.379651
v 0.512642 -0.048726 0.369311
v 0.494917 -0.008770 0.405762
v 0.510846 0.055844 0.367405
v 0.494638 0.020240 0.404941
v 0.588818 0.023681 0.261161
v 0.588442 -0.015067 0.258753
v -0.523934 0.035562 -0.359820
v -0.549995 0.019315 -0.299717
v -0.522234 0.058792 -0.350469
v -0.549168 0.040207 -0.281076
v -0.515819 -0.028134 -0.351267
v -0.547688 -0.016555 -0.297739
v -0.509056 -0.051392 -0.336385
v -0.544876 -0.037213 -0.277573
v -0.503922 0.005272 -0.390459
v -0.491329 -0.044574 -0.371215
v -0.482021 -0.007241 -0.416097
v -0.503585 0.057015 -0.387136
v -0.484596 0.021743 -0.421164
v -0.559872 0.020485 -0.256128
v -0.557579 -0.018572 -0.254818
v -0.539561 0.036521 0.348349
v -0.573521 0.022746 0.297082
v -0.530368 0.061759 0.335248
v -0.570556 0.044228 0.280566
v -0.541145 -0.025376 0.347277
v -0.573306 -0.012889 0.295014
v -0.529577 -0.056044 0.334421
v -0.569816 -0.036364 0.277287
v -0.520714 0.006379 0.379657
v -0.512445 -0.048934 0.369398
v -0.494896 -0.008809 0.405874
v -0.510666 0.055954 0.367535
v -0.494749 0.020280 0.404971
v -0.588922 0.023724 0.261224
v -0.588459 -0.014996 0.258722
v -0.061314 0.407528 -0.043523
v -0.061940 0.465497 -0.130401
v -0.101768 0.401913 -0.041337
v -0.102444 0.457251 -0.127751
v 0.061738 0.407420 -0.043697
v 0.061949 0.465529 -0.130969
v 0.101759 0.401663 -0.041398
v 0.102595 0.457170 -0.127983
v -0.000257 0.386466 -0.000313
v -0.082480 0.381246 0.001801
v -0.020989 0.364099 0.044961
v 0.000228 0.505723 -0.175230
v -0.084087 0.495807 -0.172794
v -0.022204 0.544255 -0.217843
v 0.082491 0.381499 0.001952
v 0.020960 0.363833 0.044499
v 0.084470 0.496147 -0.172450
v 0.022522 0.544547 -0.217989
v -0.174732 0.294166 0.181903
v -0.243640 0.269630 0.225116
v -0.192196 0.307674 0.136898
v -0.259014 0.280637 0.178433
v -0.114054 0.254022 0.323026
v -0.184325 0.237027 0.368465
v -0.091904 0.240961 0.371417
v -0.161484 0.227562 0.416755
v -0.111877 0.284850 0.228809
v -0.150731 0.313894 0.136841
v -0.087802 0.303116 0.182031
v -0.251777 0.242925 0.317403
v -0.286106 0.262655 0.221055
v -0.297242 0.237192 0.312551
v -0.068540 0.255393 0.323989
v -0.066940 0.287328 0.228945
v -0.208353 0.224674 0.413637
v -0.279434 0.228266 0.362877
v -0.196416 0.624615 -0.351934
v -0.300062 0.625470 -0.377292
v -0.206758 0.563998 -0.294615
v -0.289889 0.547314 -0.312779
v -0.166010 0.712442 -0.505378
v -0.230049 0.600844 -0.523295
v -0.130902 0.659884 -0.553970
v -0.205057 0.579155 -0.575026
v -0.171418 0.810645 -0.407191
v -0.165977 0.597317 -0.304879
v -0.114923 0.690475 -0.358840
v -0.334525 0.591998 -0.455748
v -0.354215 0.561219 -0.340761
v -0.432109 0.579862 -0.445394
v -0.107125 0.705007 -0.504780
v -0.101337 0.733487 -0.407037
v -0.248601 0.541538 -0.549303
v -0.334278 0.529306 -0.476297
v -0.384644 0.309020 -0.208644
v -0.437899 0.255909 -0.121962
v -0.365671 0.333665 -0.190192
v -0.415511 0.277972 -0.103684
v -0.447543 0.202096 -0.270048
v -0.495070 0.164118 -0.188167
v -0.469394 0.162845 -0.292212
v -0.513259 0.129619 -0.212199
v -0.388636 0.287089 -0.280210
v -0.348522 0.358735 -0.243000
v -0.350038 0.340917 -0.311508
v -0.492429 0.194750 -0.111502
v -0.453444 0.246307 -0.068550
v -0.508388 0.192274 -0.057331
v -0.435224 0.201641 -0.321886
v -0.373836 0.292265 -0.331775
v -0.525243 0.131211 -0.160242
v -0.522973 0.163073 -0.082894
v -0.437074 0.227959 0.183842
v -0.472500 0.220851 0.123317
v -0.412538 0.243989 0.151087
v -0.444998 0.239710 0.091833
v -0.488045 0.171444 0.264219
v -0.526707 0.153518 0.199953
v -0.498180 0.145225 0.283950
v -0.537848 0.124933 0.220588
v -0.445778 0.207833 0.259893
v -0.402588 0.237541 0.196469
v -0.411904 0.217331 0.275851
v -0.518544 0.181444 0.132055
v -0.472892 0.225559 0.076879
v -0.520829 0.183431 0.086161
v -0.471792 0.168021 0.306956
v -0.429680 0.203642 0.305160
v -0.548648 0.128029 0.178017
v -0.538954 0.157130 0.110261
v 0.175023 0.294518 0.181831
v 0.243399 0.269603 0.224954
v 0.192029 0.307586 0.136727
v 0.258731 0.280682 0.178353
v 0.113939 0.254029 0.323162
v 0.184438 0.237398 0.368413
v 0.091974 0.240997 0.371367
v 0.161544 0.227244 0.416675
v 0.111615 0.284763 0.228341
v 0.150196 0.314119 0.137051
v 0.087855 0.303532 0.181510
v 0.068637 0.255352 0.323699
v 0.067515 0.287254 0.228888
v 0.252564 0.242908 0.317682
v 0.286229 0.262575 0.221459
v 0.297411 0.237142 0.312485
v 0.208418 0.224441 0.413737
v 0.279082 0.228396 0.362836
v 0.196365 0.624331 -0.351641
v 0.300128 0.625431 -0.377005
v 0.207212 0.563980 -0.294002
v 0.289176 0.547730 -0.312932
v 0.166292 0.712225 -0.504562
v 0.230511 0.601194 -0.523350
v 0.130764 0.659583 -0.553825
v 0.205380 0.579826 -0.576074
v 0.171216 0.810490 -0.407324
v 0.165710 0.597155 -0.304740
v 0.115296 0.690787 -0.358173
v 0.107447 0.705142 -0.505214
v 0.101128 0.733472 -0.406787
v 0.334626 0.591713 -0.455401
v 0.354038 0.561316 -0.340730
v 0.432364 0.579982 -0.445513
v 0.248930 0.541950 -0.549281
v 0.334309 0.529084 -0.476115
v 0.385276 0.309085 -0.208734
v 0.438124 0.255795 -0.121607
v 0.365588 0.333545 -0.190502
v 0.415661 0.278081 -0.103494
v 0.447272 0.202068 -0.270179
v 0.495058 0.164553 -0.188395
v 0.469603 0.162837 -0.292427
v 0.512785 0.129845 -0.212579
v 0.388899 0.286528 -0.279845
v 0.348972 0.358579 -0.243173
v 0.349891 0.341112 -0.311686
v 0.492885 0.194584 -0.110888
v 0.453464 0.246103 -0.068439
v 0.507839 0.192570 -0.057654
v 0.434963 0.201791 -0.321613
v 0.373843 0.292123 -0.331906
v 0.525768 0.130926 -0.160070
v 0.522756 0.162947 -0.082967
v 0.437086 0.227986 0.183802
v 0.472523 0.220876 0.123190
v 0.412615 0.243976 0.150939
v 0.444826 0.239652 0.091548
v 0.488099 0.171478 0.264191
v 0.526808 0.153395 0.199960
v 0.498199 0.144860 0.283879
v 0.538467 0.125271 0.221066
v 0.445760 0.207827 0.259786
v 0.402644 0.237490 0.196193
v 0.411930 0.217387 0.275866
v 0.518588 0.181485 0.132087
v 0.472685 0.225561 0.076858
v 0.520890 0.183535 0.086206
v 0.471855 0.167943 0.306949
v 0.429695 0.203650 0.305161
v 0.548710 0.128023 0.177970
v 0.538862 0.156980 0.110181
v -0.077037 -0.600286 0.055689
v -0.087090 -0.628416 -0.038952
v -0.126669 -0.596967 0.044015
v -0.136013 -0.673963 -0.038092
v 0.076854 -0.599924 0.055577
v 0.086629 -0.627465 -0.039516
v 0.126401 -0.596533 0.043750
v 0.134606 -0.673444 -0.038426
v -0.000022 -0.592748 0.115280
v -0.098871 -0.585323 0.104405
v -0.024528 -0.589211 0.172775
v -0.000377 -0.586205 -0.079115
v -0.109323 -0.679125 -0.085629
v -0.037945 -0.580492 -0.122666
v 0.098420 -0.584512 0.104037
v 0.024761 -0.589662 0.173249
v 0.108748 -0.677413 -0.085973
v 0.036980 -0.580215 -0.122627
v -0.201596 -0.564887 0.360478
v -0.282031 -0.545237 0.373128
v -0.221109 -0.555309 0.275777
v -0.292716 -0.524483 0.300187
v -0.147445 -0.796553 0.521276
v -0.291424 -0.747238 0.582832
v -0.108515 -0.769131 0.612946
v -0.257664 -0.738347 0.660550
v -0.138814 -0.648365 0.414943
v -0.172938 -0.570362 0.290486
v -0.099359 -0.594102 0.367849
v -0.307796 -0.577631 0.466651
v -0.318158 -0.508674 0.336968
v -0.329776 -0.506986 0.426470
v -0.086782 -0.707099 0.530448
v -0.081385 -0.639383 0.416850
v -0.316700 -0.649987 0.618593
v -0.324942 -0.532781 0.491019
v -0.229787 -0.661056 -0.301551
v -0.287510 -0.523323 -0.288781
v -0.270195 -0.732205 -0.272531
v -0.337105 -0.576951 -0.270745
v -0.115304 -0.425672 -0.324334
v -0.170794 -0.355450 -0.335476
v -0.087381 -0.373678 -0.349058
v -0.143263 -0.311892 -0.369426
v -0.129120 -0.545883 -0.286520
v -0.191771 -0.736463 -0.274172
v -0.106331 -0.590021 -0.257988
v -0.243814 -0.386305 -0.308345
v -0.328266 -0.478625 -0.271656
v -0.278376 -0.357363 -0.296153
v -0.069294 -0.426189 -0.325156
v -0.077049 -0.527991 -0.277858
v -0.182982 -0.299854 -0.364459
v -0.246512 -0.316258 -0.321247
v -0.391365 -0.287530 -0.158924
v -0.427472 -0.257513 -0.090950
v -0.378722 -0.339239 -0.135740
v -0.408255 -0.301814 -0.065319
v -0.452889 -0.163398 -0.245918
v -0.491866 -0.143705 -0.175699
v -0.476481 -0.128640 -0.277653
v -0.511586 -0.112226 -0.204640
v -0.397901 -0.230292 -0.232319
v -0.368184 -0.328053 -0.181241
v -0.364860 -0.259028 -0.247893
v -0.479513 -0.183107 -0.097369
v -0.435682 -0.263331 -0.044197
v -0.487743 -0.187842 -0.049173
v -0.443877 -0.152246 -0.296137
v -0.384348 -0.217681 -0.277488
v -0.520301 -0.116879 -0.153483
v -0.510944 -0.150775 -0.075631
v -0.416464 -0.333431 0.213980
v -0.444858 -0.285429 0.139438
v -0.401984 -0.371842 0.190727
v -0.425846 -0.324048 0.116311
v -0.464720 -0.213625 0.271877
v -0.504810 -0.171708 0.200744
v -0.480935 -0.173037 0.288730
v -0.525402 -0.134491 0.219819
v -0.423116 -0.298520 0.284357
v -0.395259 -0.378147 0.242489
v -0.398246 -0.345064 0.316084
v -0.490581 -0.206274 0.135681
v -0.446804 -0.280816 0.092497
v -0.494837 -0.202369 0.089986
v -0.451284 -0.213713 0.316670
v -0.411193 -0.302127 0.332842
v -0.535914 -0.133589 0.176308
v -0.518397 -0.167503 0.111096
v 0.201781 -0.565226 0.360753
v 0.281921 -0.545551 0.373555
v 0.221306 -0.555523 0.275660
v 0.292465 -0.524431 0.300110
v 0.146764 -0.795639 0.519987
v 0.290387 -0.748427 0.581142
v 0.106914 -0.767776 0.611709
v 0.258403 -0.739098 0.659492
v 0.138854 -0.647888 0.414423
v 0.173587 -0.570026 0.289973
v 0.099965 -0.594159 0.367642
v 0.086665 -0.706471 0.529712
v 0.081663 -0.638855 0.416988
v 0.306941 -0.578458 0.466318
v 0.317597 -0.508391 0.336870
v 0.329256 -0.506969 0.426966
v 0.316634 -0.651813 0.617715
v 0.325092 -0.533917 0.489870
v 0.229453 -0.661187 -0.301465
v 0.287710 -0.523745 -0.289325
v 0.269778 -0.732574 -0.272594
v 0.337111 -0.577194 -0.270749
v 0.115136 -0.425588 -0.324639
v 0.170682 -0.355330 -0.335550
v 0.086838 -0.373710 -0.348827
v 0.143131 -0.311894 -0.369426
v 0.128857 -0.545483 -0.286212
v 0.190876 -0.736351 -0.274194
v 0.105556 -0.589574 -0.257602
v 0.069145 -0.426375 -0.325583
v 0.076664 -0.527895 -0.277895
v 0.243577 -0.386335 -0.307911
v 0.328054 -0.478717 -0.271648
v 0.278300 -0.357241 -0.296174
v 0.182894 -0.299938 -0.364425
v 0.246461 -0.316123 -0.321241
v 0.391333 -0.287358 -0.158989
v 0.427344 -0.257114 -0.090750
v 0.378725 -0.339002 -0.135755
v 0.408445 -0.301537 -0.065341
v 0.452769 -0.163220 -0.245959
v 0.491643 -0.143751 -0.175636
v 0.476585 -0.128698 -0.277532
v 0.511631 -0.112064 -0.204470
v 0.398007 -0.230118 -0.232293
v 0.368125 -0.327731 -0.181005
v 0.364868 -0.259092 -0.247839
v 0.479510 -0.183512 -0.097799
v 0.435379 -0.263098 -0.043973
v 0.487518 -0.188154 -0.049175
v 0.443921 -0.152460 -0.296098
v 0.384576 -0.217339 -0.277634
v 0.520534 -0.116695 -0.153634
v 0.510276 -0.151921 -0.075948
v 0.416403 -0.333337 0.214340
v 0.444654 -0.285266 0.139370
v 0.402298 -0.371601 0.190589
v 0.425925 -0.323444 0.115958
v 0.464779 -0.213705 0.272139
v 0.505456 -0.171126 0.200720
v 0.480865 -0.173018 0.288489
v 0.525429 -0.134246 0.219949
v 0.422526 -0.298613 0.284229
v 0.395656 -0.377810 0.242729
v 0.398870 -0.344944 0.315601
v 0.490495 -0.205992 0.135601
v 0.447235 -0.280925 0.092519
v 0.494504 -0.202797 0.089836
v 0.450788 -0.213608 0.316436
v 0.410815 -0.301833 0.332883
v 0.535614 -0.133031 0.175986
v 0.518331 -0.167097 0.110916
v 0.048852 -0.079081 0.738656
v -0.048785 -0.079293 0.738178
v 0.049924 -0.137788 0.764830
v -0.049697 -0.138064 0.763696
v 0.042097 0.061151 0.631842
v -0.042487 0.061100 0.632043
v 0.040513 0.104845 0.606204
v -0.040644 0.105119 0.606308
v 0.090183 -0.007014 0.670915
v 0.099270 -0.110155 0.733582
v 0.136893 -0.033000 0.671136
v -0.089888 -0.007629 0.671238
v -0.099165 -0.110249 0.733160
v -0.136861 -0.032936 0.671501
v 0.082833 0.082091 0.612172
v 0.130740 0.014225 0.640511
v -0.082505 0.082036 0.612461
v -0.130655 0.013955 0.640671
v 0.297872 -0.319170 0.610321
v 0.267486 -0.229416 0.642621
v 0.274951 -0.364924 0.657458
v 0.232399 -0.265086 0.677927
v 0.377924 -0.189718 0.487104
v 0.359477 -0.122438 0.524900
v 0.409267 -0.151047 0.452886
v 0.393725 -0.088707 0.491552
v 0.344791 -0.288776 0.523305
v 0.303110 -0.389916 0.617260
v 0.342698 -0.349955 0.520559
v 0.399468 -0.200623 0.447188
v 0.363450 -0.298374 0.477626
v 0.296956 -0.135570 0.593923
v 0.231925 -0.201026 0.674103
v 0.262007 -0.111781 0.622015
v 0.365529 -0.070997 0.523056
v 0.296574 -0.081671 0.584340
v -0.297976 -0.319377 0.610360
v -0.267124 -0.229063 0.642377
v -0.274824 -0.364745 0.657474
v -0.232336 -0.265166 0.677818
v -0.378179 -0.189659 0.487465
v -0.359892 -0.122038 0.524848
v -0.409243 -0.150844 0.452870
v -0.393625 -0.088859 0.491599
v -0.344721 -0.289102 0.523814
v -0.303188 -0.389829 0.617276
v -0.342284 -0.349920 0.521167
v -0.398997 -0.200132 0.446534
v -0.364052 -0.298185 0.477585
v -0.296551 -0.135852 0.593352
v -0.231474 -0.201117 0.673327
v -0.261912 -0.111891 0.622199
v -0.365595 -0.071034 0.523099
v -0.296456 -0.082053 0.584608
v 0.261472 0.195666 0.507106
v 0.232496 0.162953 0.535267
v 0.220557 0.201948 0.521704
v 0.192663 0.194198 0.547168
v 0.375680 0.142476 0.450578
v 0.352757 0.095838 0.488988
v 0.411221 0.120172 0.429640
v 0.392223 0.075260 0.470943
v 0.332559 0.188955 0.462236
v 0.253579 0.203476 0.496256
v 0.324035 0.200828 0.447468
v 0.403894 0.150822 0.419167
v 0.361361 0.191998 0.428454
v 0.278190 0.099514 0.531321
v 0.196374 0.145715 0.555180
v 0.242789 0.079747 0.557160
v 0.360958 0.058721 0.500267
v 0.284204 0.057846 0.544169
v -0.261514 0.195776 0.506990
v -0.232508 0.162768 0.535319
v -0.220613 0.202107 0.521633
v -0.192738 0.194391 0.547008
v -0.375889 0.142876 0.450772
v -0.352979 0.095885 0.489274
v -0.410935 0.119444 0.429298
v -0.392434 0.075380 0.471285
v -0.332641 0.188950 0.462180
v -0.253561 0.203603 0.496219
v -0.324015 0.200912 0.447446
v -0.403362 0.149810 0.418168
v -0.361444 0.191987 0.428483
v -0.278101 0.099146 0.531352
v -0.196453 0.145838 0.555396
v -0.242433 0.079542 0.556995
v -0.360374 0.058026 0.499942
v -0.283752 0.057121 0.544433
v 0.043334 -0.042768 -0.625358
v -0.043836 -0.042217 -0.625372
v 0.040926 -0.092075 -0.594696
v -0.040988 -0.091800 -0.594493
v 0.055915 0.098909 -0.764191
v -0.055937 0.099860 -0.762486
v 0.058553 0.154620 -0.794783
v -0.058715 0.154877 -0.793537
v 0.097308 0.024703 -0.692694
v 0.083516 -0.066317 -0.606039
v 0.137995 0.002586 -0.659704
v -0.097656 0.025323 -0.691370
v -0.083904 -0.066240 -0.606079
v -0.138415 0.003116 -0.659519
v 0.116606 0.119600 -0.801913
v 0.151170 0.044277 -0.713581
v -0.117293 0.120783 -0.801854
v -0.151583 0.044786 -0.712816
v 0.243745 -0.177619 -0.490412
v 0.224386 -0.143397 -0.528295
v 0.203855 -0.191609 -0.502891
v 0.183308 -0.162477 -0.537185
v 0.360280 -0.120996 -0.447519
v 0.342554 -0.074770 -0.492798
v 0.396870 -0.100918 -0.430286
v 0.380179 -0.054831 -0.476734
v 0.310346 -0.168904 -0.446987
v 0.231202 -0.199442 -0.472198
v 0.295716 -0.195494 -0.425028
v 0.385664 -0.130635 -0.415124
v 0.334297 -0.178350 -0.412226
v 0.273605 -0.079964 -0.535745
v 0.191077 -0.126437 -0.549016
v 0.241894 -0.060680 -0.564165
v 0.352841 -0.037130 -0.509874
v 0.283493 -0.038265 -0.557309
v -0.243758 -0.177598 -0.490419
v -0.224565 -0.143549 -0.528399
v -0.203756 -0.191539 -0.502833
v -0.183389 -0.162572 -0.537129
v -0.360229 -0.121166 -0.447374
v -0.342033 -0.074188 -0.492797
v -0.396980 -0.101292 -0.430400
v -0.380423 -0.054940 -0.476926
v -0.310324 -0.168992 -0.447090
v -0.231081 -0.199384 -0.472171
v -0.295574 -0.195233 -0.425034
v -0.385712 -0.130635 -0.415166
v -0.334193 -0.178328 -0.412129
v -0.273266 -0.079755 -0.535714
v -0.191269 -0.125862 -0.549349
v -0.241884 -0.060381 -0.563982
v -0.352315 -0.037469 -0.510010
v -0.283104 -0.038134 -0.556970
v 0.293716 0.304576 -0.630234
v 0.297304 0.235731 -0.712597
v 0.261496 0.343917 -0.662331
v 0.257369 0.269818 -0.743752
v 0.394913 0.184069 -0.524820
v 0.380943 0.128666 -0.569432
v 0.429439 0.146093 -0.489434
v 0.409860 0.096858 -0.528315
v 0.335899 0.274288 -0.541783
v 0.279004 0.360910 -0.609822
v 0.313923 0.328311 -0.524252
v 0.404493 0.191261 -0.473985
v 0.343552 0.282307 -0.489426
v 0.326457 0.144830 -0.657783
v 0.272436 0.212209 -0.767353
v 0.297262 0.121440 -0.697802
v 0.380303 0.083404 -0.561269
v 0.318914 0.094272 -0.637899
v -0.293229 0.304598 -0.630414
v -0.296985 0.235533 -0.712599
v -0.261418 0.343924 -0.662209
v -0.257574 0.270287 -0.744552
v -0.395277 0.183962 -0.525001
v -0.382037 0.128430 -0.569964
v -0.429573 0.146095 -0.489386
v -0.409670 0.096698 -0.528317
v -0.335849 0.274286 -0.542399
v -0.278964 0.360985 -0.610963
v -0.313683 0.328006 -0.524486
v -0.404630 0.191417 -0.474069
v -0.343632 0.282081 -0.489804
v -0.326219 0.144489 -0.657450
v -0.272468 0.212272 -0.767519
v -0.296983 0.121293 -0.697254
v -0.380266 0.083218 -0.561258
v -0.318886 0.094032 -0.637735
v 0.613114 0.023028 -0.055516
v 0.608695 -0.020919 -0.056675
v 0.597207 0.023050 -0.106801
v 0.593669 -0.020962 -0.107280
v 0.622112 0.025029 0.089141
v 0.620634 -0.020393 0.087422
v 0.618153 0.025175 0.135411
v 0.616928 -0.019612 0.133360
v 0.617353 0.048204 0.018941
v 0.598319 0.046676 -0.080548
v 0.601031 0.074401 -0.004900
v 0.609956 0.049615 0.112380
v 0.599077 0.075712 0.042212
v 0.613578 -0.043588 0.016476
v 0.591107 -0.043426 -0.081838
v 0.594889 -0.067580 -0.007158
v 0.607787 -0.044109 0.109555
v 0.596458 -0.069134 0.040089
v -0.613179 0.023017 -0.055532
v -0.608741 -0.020929 -0.056663
v -0.597214 0.023006 -0.106783
v -0.593656 -0.020924 -0.107310
v -0.622117 0.024975 0.089093
v -0.620656 -0.020486 0.087441
v -0.618183 0.025044 0.135416
v -0.616966 -0.019681 0.133337
v -0.617351 0.048270 0.018885
v -0.598255 0.046580 -0.080535
v -0.600892 0.074497 -0.004982
v -0.609856 0.049688 0.112379
v -0.598918 0.075820 0.042239
v -0.613600 -0.043472 0.016534
v -0.591126 -0.043397 -0.081917
v -0.594983 -0.067574 -0.007197
v -0.607755 -0.043976 0.109522
v -0.596482 -0.069030 0.040007
v -0.161992 0.366581 0.005668
v -0.184285 0.342998 0.049005
v -0.161986 0.466039 -0.164758
v -0.186158 0.487728 -0.203539
v -0.144765 0.350921 0.047893
v -0.147780 0.510339 -0.211717
v -0.311727 0.282230 0.129625
v -0.346904 0.272624 0.123091
v -0.338076 0.263789 0.168595
v -0.296762 0.438491 -0.235913
v -0.317738 0.391765 -0.205707
v -0.314264 0.433293 -0.261910
v -0.402933 0.281610 -0.036583
v -0.410113 0.269668 0.011469
v -0.436590 0.255357 -0.003175
v 0.161445 0.366895 0.006053
v 0.184002 0.342945 0.049332
v 0.162555 0.465930 -0.164381
v 0.186559 0.488464 -0.203192
v 0.145115 0.351298 0.048290
v 0.148485 0.510899 -0.211094
v 0.310161 0.282802 0.129287
v 0.347256 0.272482 0.123203
v 0.338448 0.263582 0.168657
v 0.296842 0.438597 -0.235868
v 0.317735 0.391823 -0.205522
v 0.314695 0.433484 -0.261912
v 0.402906 0.281541 -0.036597
v 0.411294 0.268914 0.012308
v 0.437110 0.255186 -0.002767
v -0.193846 -0.566969 0.083541
v -0.216115 -0.558067 0.145238
v -0.233029 -0.784820 -0.079460
v -0.272439 -0.788329 -0.153888
v -0.170156 -0.569197 0.153609
v -0.187429 -0.799445 -0.149527
v -0.347639 -0.486042 0.212134
v -0.370991 -0.449667 0.188081
v -0.363351 -0.457691 0.245882
v -0.361535 -0.516224 -0.179894
v -0.365845 -0.451059 -0.146730
v -0.358391 -0.444392 -0.195219
v -0.403619 -0.355043 0.000021
v -0.407476 -0.358292 0.045135
v -0.423626 -0.313846 0.023981
v 0.193431 -0.566903 0.083878
v 0.216448 -0.558117 0.144908
v 0.230794 -0.785665 -0.080578
v 0.271354 -0.788798 -0.154127
v 0.170058 -0.568861 0.153816
v 0.183506 -0.798888 -0.150282
v 0.347994 -0.486466 0.212346
v 0.371202 -0.449466 0.188608
v 0.362760 -0.457242 0.245929
v 0.361681 -0.516493 -0.179884
v 0.366240 -0.451044 -0.147180
v 0.358859 -0.444503 -0.195365
v 0.403803 -0.354715 -0.000461
v 0.407435 -0.358733 0.045075
v 0.423916 -0.314137 0.023876
v -0.034048 -0.616524 0.624427
v 0.033667 -0.616539 0.624208
v -0.232469 -0.571067 0.698597
v -0.236315 -0.482495 0.690732
v -0.000158 -0.609383 0.574970
v -0.286047 -0.528572 0.673480
v 0.232802 -0.571960 0.698547
v 0.236374 -0.483030 0.690583
v 0.286408 -0.529217 0.673488
v 0.098010 -0.231910 0.739491
v 0.146106 -0.265191 0.722974
v -0.098206 -0.231951 0.739137
v -0.145987 -0.265140 0.722881
v 0.149578 -0.201563 0.730388
v -0.149379 -0.201545 0.729995
v -0.023017 0.229147 0.419447
v 0.022863 0.229253 0.419064
v -0.156778 0.211151 0.504371
v -0.170190 0.207559 0.526297
v -0.000155 0.241816 0.371753
v -0.201310 0.210173 0.494789
v 0.156707 0.211181 0.504397
v 0.170207 0.207511 0.526240
v 0.201263 0.210142 0.494739
v 0.077123 0.169069 0.579778
v 0.115295 0.193546 0.568008
v -0.077363 0.168533 0.579834
v -0.115192 0.191808 0.568435
v 0.118125 0.148038 0.578210
v -0.117982 0.147494 0.578299
v -0.020815 -0.328179 -0.378933
v 0.020702 -0.328145 -0.378885
v -0.134983 -0.245135 -0.450053
v -0.150771 -0.217915 -0.489351
v -0.000213 -0.376185 -0.350933
v -0.174675 -0.237893 -0.444943
v 0.134953 -0.245065 -0.450056
v 0.150772 -0.217900 -0.489275
v 0.174720 -0.237428 -0.445208
v 0.075385 -0.163983 -0.568119
v 0.109571 -0.177340 -0.557792
v -0.075507 -0.164691 -0.568091
v -0.109620 -0.177139 -0.557882
v 0.115342 -0.134100 -0.569678
v -0.115305 -0.135394 -0.569024
v -0.033551 0.632409 -0.611405
v 0.033680 0.632394 -0.611482
v -0.203941 0.501856 -0.651402
v -0.214766 0.440365 -0.667790
v 0.000150 0.675939 -0.574560
v -0.240068 0.464034 -0.624554
v 0.204284 0.501837 -0.651275
v 0.215224 0.440397 -0.667600
v 0.240086 0.463381 -0.623798
v 0.116059 0.244426 -0.808634
v 0.165642 0.272772 -0.789000
v -0.115996 0.244534 -0.808126
v -0.165440 0.272825 -0.788766
v 0.175889 0.215021 -0.815190
v -0.176022 0.215674 -0.815118
v 0.483047 0.118540 -0.363276
v 0.473128 0.114935 -0.409992
v 0.554494 0.067592 -0.209998
v 0.571183 0.044267 -0.183721
v 0.448832 0.156900 -0.392346
v 0.566166 0.070049 -0.158289
v 0.471714 -0.096322 -0.338898
v 0.452531 -0.089951 -0.376334
v 0.548185 -0.062781 -0.207265
v 0.565793 -0.041558 -0.182840
v 0.440587 -0.117303 -0.358756
v 0.559196 -0.065016 -0.157243
v 0.427079 -0.003823 -0.472195
v 0.436177 0.030632 -0.484152
v 0.400350 0.017474 -0.507592
v 0.490157 0.112251 0.339973
v 0.468608 0.105599 0.374666
v 0.574717 0.072226 0.221259
v 0.599504 0.047052 0.202012
v 0.460422 0.135175 0.361776
v 0.586272 0.074037 0.179281
v 0.480038 -0.129234 0.345179
v 0.462363 -0.123341 0.384294
v 0.572962 -0.067310 0.217149
v 0.598325 -0.040116 0.197536
v 0.448415 -0.166782 0.373136
v 0.584128 -0.068232 0.174965
v 0.438627 -0.013871 0.463736
v 0.439533 0.023369 0.461120
v 0.409233 0.004362 0.491991
v -0.483050 0.118886 -0.363243
v -0.472881 0.115062 -0.409805
v -0.554462 0.067531 -0.209976
v -0.571091 0.044166 -0.183733
v -0.448953 0.156088 -0.392573
v -0.566076 0.070027 -0.158268
v -0.471939 -0.096329 -0.338906
v -0.452605 -0.089984 -0.376300
v -0.548276 -0.062761 -0.207365
v -0.565796 -0.041620 -0.182890
v -0.440754 -0.117367 -0.358762
v -0.559259 -0.064999 -0.157335
v -0.427154 -0.003645 -0.472137
v -0.436003 0.030369 -0.484064
v -0.400796 0.017310 -0.507643
v -0.490303 0.112304 0.339852
v -0.469288 0.105984 0.375098
v -0.575178 0.072175 0.221383
v -0.599425 0.047096 0.202078
v -0.460234 0.135237 0.361782
v -0.585816 0.073998 0.179170
v -0.480058 -0.128893 0.345255
v -0.462597 -0.123026 0.384101
v -0.573488 -0.067324 0.217286
v -0.598346 -0.040120 0.197444
v -0.448215 -0.166750 0.372982
v -0.584119 -0.068139 0.174976
v -0.438439 -0.013925 0.463746
v -0.439612 0.023535 0.460970
v -0.409415 0.004467 0.491918
v -0.021676 0.324416 0.135931
v 0.021868 0.324578 0.135719
v -0.000046 0.306672 0.181739
v -0.026281 0.629312 -0.309562
v 0.025949 0.628895 -0.309548
v 0.000008 0.666482 -0.357936
v -0.360120 0.219038 0.339004
v -0.338503 0.213552 0.384500
v -0.375805 0.208292 0.367920
v -0.328121 0.413001 -0.401654
v -0.320395 0.403714 -0.455114
v -0.327249 0.344457 -0.417409
v -0.542965 0.161606 0.018705
v -0.560790 0.133109 -0.005272
v -0.561225 0.132044 0.041803
v 0.360231 0.218984 0.338887
v 0.338558 0.213499 0.384441
v 0.375821 0.208208 0.367884
v 0.328532 0.412899 -0.401870
v 0.320720 0.403822 -0.455138
v 0.327678 0.344450 -0.417464
v 0.542963 0.161738 0.018729
v 0.560684 0.133028 -0.005228
v 0.560991 0.132057 0.041620
v -0.024725 -0.596716 0.297674
v 0.024889 -0.596492 0.297633
v 0.000181 -0.609943 0.358888
v -0.031145 -0.567415 -0.206932
v 0.030466 -0.567021 -0.206606
v -0.000548 -0.548168 -0.242218
v -0.364146 -0.403822 0.405840
v -0.352534 -0.410716 0.461073
v -0.373174 -0.354307 0.419492
v -0.315153 -0.268126 -0.303188
v -0.296399 -0.248876 -0.345357
v -0.332742 -0.228005 -0.334640
v -0.524775 -0.157383 0.020276
v -0.552550 -0.121406 -0.004369
v -0.551752 -0.126326 0.041753
v 0.364502 -0.403631 0.405224
v 0.352355 -0.410954 0.461135
v 0.373048 -0.354357 0.419329
v 0.315214 -0.268108 -0.303335
v 0.296298 -0.248591 -0.345380
v 0.332837 -0.227592 -0.334529
v 0.525336 -0.156871 0.020410
v 0.552675 -0.121388 -0.004432
v 0.552148 -0.126043 0.041651
v 0.218537 -0.034701 0.625824
v 0.211770 0.012377 0.603494
v 0.253933 -0.010376 0.590270
v -0.218474 -0.035046 0.625475
v -0.211991 0.012272 0.603194
v -0.253810 -0.010244 0.590341
v 0.221979 0.003518 -0.629981
v 0.237850 0.046894 -0.674825
v 0.266476 0.026137 -0.625160
v -0.221788 0.003802 -0.629882
v -0.238284 0.046847 -0.675210
v -0.266289 0.025965 -0.626030
f 1 647 644
f 1 644 643
f 1 643 645
f 1 645 646
f 1 646 647
f 2 649 652
f 6 672 670
f 12 702 699
f 11 696 695
f 8 679 681
f 4 662 659
f 4 659 658
f 4 658 660
f 4 660 661
f 4 661 662
f 5 666 665
f 3 654 657
f 7 673 677
f 9 685 686
f 10 692 688
f 12 701 698
f 6 669 668
f 2 650 648
f 8 682 678
f 11 697 693
f 6 671 669
f 12 700 701
f 11 694 697
f 8 680 682
f 2 651 650
f 10 690 689
f 5 663 664
f 3 655 653
f 7 676 674
f 9 687 684
f 10 691 690
f 5 667 663
f 3 656 655
f 7 675 676
f 9 683 687
f 6 668 672
f 2 648 649
f 8 678 679
f 11 693 696
f 12 698 702
f 10 688 691
f 5 665 667
f 3 657 656
f 7 677 675
f 9 686 683
f 5 664 666
f 3 653 654
f 7 674 673
f 9 684 685
f 10 689 692
f 6 670 671
f 12 699 700
f 11 695 694
f 8 681 680
f 2 652 651
f 35 837 838
f 18 735 736
f 19 742 741
f 40 868 867
f 42 880 879
f 34 832 831
f 33 827 828
f 25 778 780
f 36 844 846
f 20 749 747
f 32 819 820
f 23 765 767
f 24 773 771
f 37 850 849
f 41 876 875
f 34 833 834
f 33 826 825
f 25 779 777
f 36 845 843
f 20 748 750
f 17 729 727
f 14 711 709
f 13 706 703
f 15 718 715
f 16 724 721
f 18 737 733
f 35 839 835
f 42 882 878
f 40 870 866
f 19 744 740
f 30 807 805
f 27 789 787
f 22 762 758
f 28 797 793
f 29 802 799
f 32 821 817
f 23 766 763
f 24 774 770
f 37 852 848
f 41 874 872
f 35 838 836
f 18 736 734
f 19 741 739
f 40 867 865
f 42 879 877
f 34 831 829
f 33 828 824
f 25 780 776
f 36 846 842
f 20 747 745
f 32 820 818
f 23 767 764
f 24 771 769
f 37 849 847
f 41 875 871
f 34 834 830
f 33 825 823
f 25 777 775
f 36 843 841
f 20 750 746
f 14 714 710
f 13 707 704
f 15 719 716
f 16 725 722
f 17 732 728
f 21 755 752
f 31 814 811
f 26 784 781
f 38 857 853
f 39 862 860
f 27 792 788
f 22 759 757
f 28 796 794
f 29 803 800
f 30 810 806
f 31 815 812
f 26 785 782
f 38 856 854
f 39 863 859
f 21 754 751
f 14 712 714
f 13 705 707
f 15 717 719
f 16 723 725
f 17 730 732
f 21 753 755
f 31 816 814
f 26 786 784
f 38 858 857
f 39 861 862
f 27 791 792
f 22 761 759
f 28 795 796
f 29 801 803
f 30 808 810
f 31 813 815
f 26 783 785
f 38 855 856
f 39 864 863
f 21 756 754
f 14 709 712
f 13 703 705
f 15 715 717
f 16 721 723
f 17 727 730
f 21 751 753
f 31 812 816
f 26 782 786
f 38 854 858
f 39 859 861
f 27 787 791
f 22 758 761
f 28 793 795
f 29 799 801
f 30 805 808
f 31 811 813
f 26 781 783
f 38 853 855
f 39 860 864
f 21 752 756
f 17 728 731
f 14 710 713
f 13 704 708
f 15 716 720
f 16 722 726
f 18 734 738
f 35 836 840
f 42 877 881
f 40 865 869
f 19 739 743
f 30 806 809
f 27 788 790
f 22 757 760
f 28 794 798
f 29 800 804
f 32 818 822
f 23 764 768
f 24 769 772
f 37 847 851
f 41 871 873
f 35 835 837
f 18 733 735
f 19 740 742
f 40 866 868
f 42 878 880
f 34 830 832
f 33 823 827
f 25 775 778
f 36 841 844
f 20 746 749
f 32 817 819
f 23 763 765
f 24 770 773
f 37 848 850
f 41 872 876
f 34 829 833
f 33 824 826
f 25 776 779
f 36 842 845
f 20 745 748
f 17 731 729
f 14 713 711
f 13 708 706
f 15 720 718
f 16 726 724
f 18 738 737
f 35 840 839
f 42 881 882
f 40 869 870
f 19 743 744
f 30 809 807
f 27 790 789
f 22 760 762
f 28 798 797
f 29 804 802
f 32 822 821
f 23 768 766
f 24 772 774
f 37 851 852
f 41 873 874
f 107 1269 1270
f 103 1245 1246
f 104 1252 1251
f 110 1288 1287
f 113 1306 1305
f 118 1336 1335
f 154 1551 1552
f 141 1473 1474
f 162 1599 1600
f 121 1354 1353
f 142 1479 1480
f 129 1401 1402
f 130 1408 1407
f 144 1492 1491
f 146 1504 1503
f 151 1533 1534
f 131 1414 1413
f 136 1444 1443
f 161 1594 1593
f 126 1383 1384
f 116 1323 1324
f 108 1275 1276
f 106 1263 1264
f 112 1299 1300
f 115 1317 1318
f 119 1341 1342
f 156 1564 1563
f 139 1462 1461
f 160 1588 1587
f 120 1347 1348
f 149 1521 1522
f 132 1420 1419
f 128 1395 1396
f 145 1497 1498
f 148 1515 1516
f 155 1557 1558
f 133 1425 1426
f 134 1431 1432
f 157 1570 1569
f 124 1372 1371
f 109 1282 1281
f 105 1258 1257
f 111 1294 1293
f 114 1312 1311
f 117 1330 1329
f 125 1378 1377
f 152 1540 1539
f 137 1449 1450
f 158 1575 1576
f 123 1365 1366
f 143 1486 1485
f 127 1390 1389
f 135 1437 1438
f 147 1510 1509
f 150 1528 1527
f 153 1546 1545
f 140 1468 1467
f 138 1455 1456
f 159 1581 1582
f 122 1359 1360
f 107 1272 1271
f 103 1248 1247
f 104 1253 1254
f 110 1289 1290
f 113 1307 1308
f 118 1337 1338
f 154 1554 1553
f 141 1476 1475
f 162 1602 1601
f 121 1355 1356
f 142 1482 1481
f 129 1404 1403
f 130 1409 1410
f 144 1493 1494
f 146 1505 1506
f 151 1536 1535
f 131 1415 1416
f 136 1445 1446
f 161 1595 1596
f 126 1386 1385
f 47 909 907
f 44 891 889
f 43 886 883
f 45 898 895
f 46 904 901
f 49 922 919
f 72 1060 1057
f 102 1240 1237
f 96 1204 1201
f 79 1102 1099
f 62 999 997
f 59 981 979
f 58 976 973
f 60 988 985
f 61 994 991
f 66 1024 1021
f 54 952 949
f 73 1066 1063
f 85 1138 1135
f 92 1179 1177
f 101 1233 1231
f 69 1041 1039
f 50 927 925
f 82 1119 1117
f 97 1209 1207
f 71 1053 1051
f 100 1228 1225
f 94 1192 1189
f 80 1108 1105
f 51 933 931
f 90 1167 1165
f 63 1005 1003
f 55 957 955
f 76 1083 1081
f 87 1150 1147
f 91 1174 1171
f 67 1029 1027
f 56 963 961
f 75 1077 1075
f 83 1126 1123
f 68 1036 1033
f 48 915 913
f 78 1095 1093
f 93 1185 1183
f 98 1216 1213
f 88 1155 1153
f 65 1018 1015
f 57 970 967
f 77 1090 1087
f 86 1143 1141
f 64 1012 1009
f 53 945 943
f 74 1071 1069
f 84 1131 1129
f 89 1162 1159
f 70 1047 1045
f 99 1221 1219
f 95 1197 1195
f 81 1114 1111
f 52 940 937
f 109 1284 1280
f 105 1260 1256
f 111 1296 1292
f 114 1314 1310
f 117 1332 1328
f 125 1380 1376
f 152 1542 1538
f 137 1451 1447
f 158 1577 1573
f 123 1367 1363
f 143 1488 1484
f 127 1392 1388
f 135 1439 1435
f 147 1512 1508
f 150 1530 1526
f 153 1548 1544
f 140 1470 1466
f 138 1457 1453
f 159 1583 1579
f 122 1361 1357
f 107 1270 1268
f 103 1246 1244
f 104 1251 1249
f 110 1287 1285
f 113 1305 1303
f 118 1335 1333
f 154 1552 1550
f 141 1474 1472
f 162 1600 1598
f 121 1353 1351
f 142 1480 1478
f 129 1402 1400
f 130 1407 1405
f 144 1491 1489
f 146 1503 1501
f 151 1534 1532
f 131 1413 1411
f 136 1443 1441
f 161 1593 1591
f 126 1384 1382
f 116 1324 1322
f 108 1276 1274
f 106 1264 1262
f 112 1300 1298
f 115 1318 1316
f 119 1342 1340
f 156 1563 1561
f 139 1461 1459
f 160 1587 1585
f 120 1348 1346
f 149 1522 1520
f 132 1419 1417
f 128 1396 1394
f 145 1498 1496
f 148 1516 1514
f 155 1558 1556
f 133 1426 1424
f 134 1432 1430
f 157 1569 1567
f 124 1371 1369
f 109 1281 1279
f 105 1257 1255
f 111 1293 1291
f 114 1311 1309
f 117 1329 1327
f 125 1377 1375
f 152 1539 1537
f 137 1450 1448
f 158 1576 1574
f 123 1366 1364
f 143 1485 1483
f 127 1389 1387
f 135 1438 1436
f 147 1509 1507
f 150 1527 1525
f 153 1545 1543
f 140 1467 1465
f 138 1456 1454
f 159 1582 1580
f 122 1360 1358
f 107 1271 1267
f 103 1247 1243
f 104 1254 1250
f 110 1290 1286
f 113 1308 1304
f 118 1338 1334
f 154 1553 1549
f 141 1475 1471
f 162 1601 1597
f 121 1356 1352
f 142 1481 1477
f 129 1403 1399
f 130 1410 1406
f 144 1494 1490
f 146 1506 1502
f 151 1535 1531
f 131 1416 1412
f 136 1446 1442
f 161 1596 1592
f 126 1385 1381
f 44 894 890
f 43 887 884
f 45 899 896
f 46 905 902
f 47 912 908
f 52 941 938
f 70 1050 1046
f 99 1224 1220
f 95 1200 1196
f 81 1115 1112
f 59 984 980
f 58 977 974
f 60 989 986
f 61 995 992
f 62 1002 998
f 65 1019 1016
f 57 971 968
f 77 1091 1088
f 86 1146 1142
f 88 1158 1154
f 98 1217 1214
f 68 1037 1034
f 48 918 914
f 78 1098 1094
f 93 1188 1184
f 69 1044 1040
f 101 1236 1232
f 97 1212 1208
f 82 1122 1118
f 50 930 926
f 89 1163 1160
f 64 1013 1010
f 53 948 944
f 74 1074 1070
f 84 1134 1130
f 90 1170 1166
f 63 1008 1004
f 55 960 956
f 76 1086 1082
f 87 1151 1148
f 72 1061 1058
f 49 923 920
f 79 1103 1100
f 96 1205 1202
f 102 1241 1238
f 91 1175 1172
f 67 1032 1028
f 56 966 962
f 75 1080 1076
f 83 1127 1124
f 66 1025 1022
f 54 953 950
f 73 1067 1064
f 85 1139 1136
f 92 1182 1178
f 71 1056 1052
f 100 1229 1226
f 94 1193 1190
f 80 1109 1106
f 51 936 932
f 116 1325 1321
f 108 1277 1273
f 106 1265 1261
f 112 1301 1297
f 115 1319 1315
f 119 1343 1339
f 156 1566 1562
f 139 1464 1460
f 160 1590 1586
f 120 1349 1345
f 149 1523 1519
f 132 1422 1418
f 128 1397 1393
f 145 1499 1495
f 148 1517 1513
f 155 1559 1555
f 133 1427 1423
f 134 1433 1429
f 157 1572 1568
f 124 1374 1370
f 44 892 894
f 43 885 887
f 45 897 899
f 46 903 905
f 47 910 912
f 52 939 941
f 70 1048 1050
f 99 1222 1224
f 95 1198 1200
f 81 1113 1115
f 59 982 984
f 58 975 977
f 60 987 989
f 61 993 995
f 62 1000 1002
f 65 1017 1019
f 57 969 971
f 77 1089 1091
f 86 1144 1146
f 88 1156 1158
f 98 1215 1217
f 68 1035 1037
f 48 916 918
f 78 1096 1098
f 93 1186 1188
f 69 1042 1044
f 101 1234 1236
f 97 1210 1212
f 82 1120 1122
f 50 928 930
f 89 1161 1163
f 64 1011 1013
f 53 946 948
f 74 1072 1074
f 84 1132 1134
f 90 1168 1170
f 63 1006 1008
f 55 958 960
f 76 1084 1086
f 87 1149 1151
f 72 1059 1061
f 49 921 923
f 79 1101 1103
f 96 1203 1205
f 102 1239 1241
f 91 1173 1175
f 67 1030 1032
f 56 964 966
f 75 1078 1080
f 83 1125 1127
f 66 1023 1025
f 54 951 953
f 73 1065 1067
f 85 1137 1139
f 92 1180 1182
f 71 1054 1056
f 100 1227 1229
f 94 1191 1193
f 80 1107 1109
f 51 934 936
f 116 1326 1325
f 108 1278 1277
f 106 1266 1265
f 112 1302 1301
f 115 1320 1319
f 119 1344 1343
f 156 1565 1566
f 139 1463 1464
f 160 1589 1590
f 120 1350 1349
f 149 1524 1523
f 132 1421 1422
f 128 1398 1397
f 145 1500 1499
f 148 1518 1517
f 155 1560 1559
f 133 1428 1427
f 134 1434 1433
f 157 1571 1572
f 124 1373 1374
f 44 889 892
f 43 883 885
f 45 895 897
f 46 901 903
f 47 907 910
f 52 937 939
f 70 1045 1048
f 99 1219 1222
f 95 1195 1198
f 81 1111 1113
f 59 979 982
f 58 973 975
f 60 985 987
f 61 991 993
f 62 997 1000
f 65 1015 1017
f 57 967 969
f 77 1087 1089
f 86 1141 1144
f 88 1153 1156
f 98 1213 1215
f 68 1033 1035
f 48 913 916
f 78 1093 1096
f 93 1183 1186
f 69 1039 1042
f 101 1231 1234
f 97 1207 1210
f 82 1117 1120
f 50 925 928
f 89 1159 1161
f 64 1009 1011
f 53 943 946
f 74 1069 1072
f 84 1129 1132
f 90 1165 1168
f 63 1003 1006
f 55 955 958
f 76 1081 1084
f 87 1147 1149
f 72 1057 1059
f 49 919 921
f 79 1099 1101
f 96 1201 1203
f 102 1237 1239
f 91 1171 1173
f 67 1027 1030
f 56 961 964
f 75 1075 1078
f 83 1123 1125
f 66 1021 1023
f 54 949 951
f 73 1063 1065
f 85 1135 1137
f 92 1177 1180
f 71 1051 1054
f 100 1225 1227
f 94 1189 1191
f 80 1105 1107
f 51 931 934
f 116 1322 1326
f 108 1274 1278
f 106 1262 1266
f 112 1298 1302
f 115 1316 1320
f 119 1340 1344
f 156 1561 1565
f 139 1459 1463
f 160 1585 1589
f 120 1346 1350
f 149 1520 1524
f 132 1417 1421
f 128 1394 1398
f 145 1496 1500
f 148 1514 1518
f 155 1556 1560
f 133 1424 1428
f 134 1430 1434
f 157 1567 1571
f 124 1369 1373
f 47 908 911
f 44 890 893
f 43 884 888
f 45 896 900
f 46 902 906
f 49 920 924
f 72 1058 1062
f 102 1238 1242
f 96 1202 1206
f 79 1100 1104
f 62 998 1001
f 59 980 983
f 58 974 978
f 60 986 990
f 61 992 996
f 66 1022 1026
f 54 950 954
f 73 1064 1068
f 85 1136 1140
f 92 1178 1181
f 101 1232 1235
f 69 1040 1043
f 50 926 929
f 82 1118 1121
f 97 1208 1211
f 71 1052 1055
f 100 1226 1230
f 94 1190 1194
f 80 1106 1110
f 51 932 935
f 90 1166 1169
f 63 1004 1007
f 55 956 959
f 76 1082 1085
f 87 1148 1152
f 91 1172 1176
f 67 1028 1031
f 56 962 965
f 75 1076 1079
f 83 1124 1128
f 68 1034 1038
f 48 914 917
f 78 1094 1097
f 93 1184 1187
f 98 1214 1218
f 88 1154 1157
f 65 1016 1020
f 57 968 972
f 77 1088 1092
f 86 1142 1145
f 64 1010 1014
f 53 944 947
f 74 1070 1073
f 84 1130 1133
f 89 1160 1164
f 70 1046 1049
f 99 1220 1223
f 95 1196 1199
f 81 1112 1116
f 52 938 942
f 109 1279 1283
f 105 1255 1259
f 111 1291 1295
f 114 1309 1313
f 117 1327 1331
f 125 1375 1379
f 152 1537 1541
f 137 1448 1452
f 158 1574 1578
f 123 1364 1368
f 143 1483 1487
f 127 1387 1391
f 135 1436 1440
f 147 1507 1511
f 150 1525 1529
f 153 1543 1547
f 140 1465 1469
f 138 1454 1458
f 159 1580 1584
f 122 1358 1362
f 107 1267 1269
f 103 1243 1245
f 104 1250 1252
f 110 1286 1288
f 113 1304 1306
f 118 1334 1336
f 154 1549 1551
f 141 1471 1473
f 162 1597 1599
f 121 1352 1354
f 142 1477 1479
f 129 1399 1401
f 130 1406 1408
f 144 1490 1492
f 146 1502 1504
f 151 1531 1533
f 131 1412 1414
f 136 1442 1444
f 161 1592 1594
f 126 1381 1383
f 116 1321 1323
f 108 1273 1275
f 106 1261 1263
f 112 1297 1299
f 115 1315 1317
f 119 1339 1341
f 156 1562 1564
f 139 1460 1462
f 160 1586 1588
f 120 1345 1347
f 149 1519 1521
f 132 1418 1420
f 128 1393 1395
f 145 1495 1497
f 148 1513 1515
f 155 1555 1557
f 133 1423 1425
f 134 1429 1431
f 157 1568 1570
f 124 1370 1372
f 109 1280 1282
f 105 1256 1258
f 111 1292 1294
f 114 1310 1312
f 117 1328 1330
f 125 1376 1378
f 152 1538 1540
f 137 1447 1449
f 158 1573 1575
f 123 1363 1365
f 143 1484 1486
f 127 1388 1390
f 135 1435 1437
f 147 1508 1510
f 150 1526 1528
f 153 1544 1546
f 140 1466 1468
f 138 1453 1455
f 159 1579 1581
f 122 1357 1359
f 107 1268 1272
f 103 1244 1248
f 104 1249 1253
f 110 1285 1289
f 113 1303 1307
f 118 1333 1337
f 154 1550 1554
f 141 1472 1476
f 162 1598 1602
f 121 1351 1355
f 142 1478 1482
f 129 1400 1404
f 130 1405 1409
f 144 1489 1493
f 146 1501 1505
f 151 1532 1536
f 131 1411 1415
f 136 1441 1445
f 161 1591 1595
f 126 1382 1386
f 47 911 909
f 44 893 891
f 43 888 886
f 45 900 898
f 46 906 904
f 49 924 922
f 72 1062 1060
f 102 1242 1240
f 96 1206 1204
f 79 1104 1102
f 62 1001 999
f 59 983 981
f 58 978 976
f 60 990 988
f 61 996 994
f 66 1026 1024
f 54 954 952
f 73 1068 1066
f 85 1140 1138
f 92 1181 1179
f 101 1235 1233
f 69 1043 1041
f 50 929 927
f 82 1121 1119
f 97 1211 1209
f 71 1055 1053
f 100 1230 1228
f 94 1194 1192
f 80 1110 1108
f 51 935 933
f 90 1169 1167
f 63 1007 1005
f 55 959 957
f 76 1085 1083
f 87 1152 1150
f 91 1176 1174
f 67 1031 1029
f 56 965 963
f 75 1079 1077
f 83 1128 1126
f 68 1038 1036
f 48 917 915
f 78 1097 1095
f 93 1187 1185
f 98 1218 1216
f 88 1157 1155
f 65 1020 1018
f 57 972 970
f 77 1092 1090
f 86 1145 1143
f 64 1014 1012
f 53 947 945
f 74 1073 1071
f 84 1133 1131
f 89 1164 1162
f 70 1049 1047
f 99 1223 1221
f 95 1199 1197
f 81 1116 1114
f 52 942 940
f 109 1283 1284
f 105 1259 1260
f 111 1295 1296
f 114 1313 1314
f 117 1331 1332
f 125 1379 1380
f 152 1541 1542
f 137 1452 1451
f 158 1578 1577
f 123 1368 1367
f 143 1487 1488
f 127 1391 1392
f 135 1440 1439
f 147 1511 1512
f 150 1529 1530
f 153 1547 1548
f 140 1469 1470
f 138 1458 1457
f 159 1584 1583
f 122 1362 1361
f 407 1609 1616
f 403 1605 1608
f 404 1611 1606
f 410 1614 1612
f 413 1617 1615
f 422 1631 1624
f 486 1688 1692
f 573 1775 1782
f 561 1763 1765
f 512 1719 1714
f 452 1654 1661
f 448 1650 1653
f 449 1656 1651
f 455 1659 1657
f 458 1662 1660
f 470 1672 1675
f 437 1646 1639
f 494 1706 1696
f 531 1735 1733
f 539 1741 1751
f 568 1770 1779
f 478 1680 1683
f 419 1621 1626
f 509 1711 1721
f 554 1756 1766
f 482 1684 1689
f 576 1780 1778
f 558 1767 1760
f 516 1722 1718
f 425 1627 1629
f 542 1744 1747
f 463 1668 1665
f 434 1636 1641
f 497 1699 1704
f 528 1730 1737
f 546 1748 1750
f 464 1666 1676
f 440 1642 1644
f 500 1705 1702
f 524 1736 1726
f 479 1691 1681
f 418 1623 1620
f 508 1713 1710
f 553 1764 1755
f 569 1781 1771
f 538 1749 1740
f 471 1677 1673
f 443 1645 1647
f 501 1703 1707
f 523 1725 1734
f 467 1674 1669
f 433 1638 1635
f 493 1695 1698
f 527 1732 1729
f 543 1752 1745
f 485 1690 1687
f 572 1777 1774
f 557 1759 1762
f 515 1717 1720
f 428 1630 1632
f 591 2191 2189
f 587 1885 1883
f 588 1901 1903
f 594 2279 2281
f 597 2315 2317
f 600 2171 2173
f 634 2160 2158
f 619 2016 2012
f 639 2214 2210
f 602 1919 1924
f 624 2137 2135
f 608 1978 1973
f 610 1991 1996
f 627 2225 2227
f 630 2302 2304
f 635 2178 2176
f 615 2153 2155
f 617 2009 2014
f 637 2207 2212
f 604 1926 1922
f 416 1857 1864
f 408 1803 1810
f 406 1786 1795
f 412 1822 1831
f 415 1840 1849
f 424 1876 1887
f 492 2182 2193
f 582 2312 2321
f 565 2276 2285
f 514 1898 1907
f 461 2091 2098
f 453 2037 2044
f 451 1952 1961
f 457 2056 2067
f 460 2074 2083
f 475 2128 2139
f 439 1966 1975
f 496 1988 1997
f 533 2222 2231
f 551 2293 2298
f 579 2185 2190
f 483 1879 1884
f 426 1893 1900
f 521 2271 2278
f 566 2307 2314
f 489 2163 2170
f 578 2150 2159
f 560 2006 2015
f 518 2204 2213
f 429 1911 1918
f 547 2131 2136
f 465 1969 1977
f 441 1983 1990
f 504 2217 2224
f 537 2290 2301
f 550 2168 2177
f 476 2145 2152
f 444 2001 2008
f 502 2199 2206
f 526 1916 1925
f 481 1808 1817
f 420 1789 1797
f 510 1825 1833
f 555 1843 1851
f 571 1862 1871
f 540 1933 1941
f 473 2110 2119
f 447 2020 2029
f 507 2236 2247
f 534 2257 2262
f 469 2042 2051
f 435 1947 1954
f 498 2059 2064
f 529 2077 2085
f 545 2096 2105
f 487 2113 2121
f 574 2023 2031
f 562 2239 2244
f 520 2254 2265
f 432 1930 1939
f 589 1818 1814
f 583 1798 1793
f 586 1834 1829
f 593 1852 1847
f 596 1872 1868
f 599 1942 1937
f 633 2120 2124
f 620 2030 2034
f 640 2248 2250
f 603 2263 2261
f 622 2052 2050
f 607 1955 1960
f 612 2065 2063
f 626 2086 2081
f 629 2106 2102
f 631 2122 2117
f 614 2032 2027
f 618 2245 2243
f 641 2266 2268
f 605 1940 1944
f 409 1813 1804
f 405 1792 1785
f 411 1828 1821
f 414 1846 1839
f 417 1867 1858
f 431 1936 1929
f 488 2123 2114
f 575 2033 2024
f 563 2249 2240
f 519 2260 2253
f 454 2049 2038
f 450 1959 1951
f 456 2062 2055
f 459 2080 2073
f 462 2101 2092
f 472 2116 2109
f 446 2026 2019
f 506 2242 2235
f 535 2267 2258
f 541 1943 1934
f 570 1869 1861
f 480 1815 1807
f 421 1799 1790
f 511 1835 1826
f 556 1853 1844
f 484 1889 1880
f 580 2195 2186
f 567 2319 2308
f 522 2283 2272
f 427 1905 1894
f 544 2103 2095
f 468 2046 2041
f 436 1957 1948
f 499 2069 2060
f 530 2087 2078
f 548 2141 2132
f 466 1979 1970
f 442 1993 1984
f 505 2229 2218
f 536 2296 2289
f 491 2188 2181
f 423 1882 1875
f 513 1902 1897
f 564 2280 2275
f 581 2316 2311
f 549 2172 2167
f 477 2157 2146
f 445 2011 2002
f 503 2209 2200
f 525 1923 1915
f 474 2134 2127
f 438 1972 1965
f 495 1995 1987
f 532 2226 2221
f 552 2303 2294
f 490 2175 2164
f 577 2154 2149
f 559 2013 2005
f 517 2211 2203
f 430 1921 1912
f 590 1865 1870
f 584 1811 1816
f 585 1796 1800
f 592 1832 1836
f 595 1850 1854
f 598 1888 1890
f 636 2194 2196
f 621 2322 2320
f 642 2286 2284
f 601 1908 1906
f 623 2099 2104
f 611 2045 2047
f 609 1962 1958
f 625 2068 2070
f 628 2084 2088
f 632 2140 2142
f 613 1976 1980
f 616 1998 1994
f 638 2232 2230
f 606 2299 2297
f 407 2330 2329
f 403 2324 2323
f 404 2325 2326
f 410 2332 2333
f 413 2335 2336
f 422 2344 2345
f 486 2410 2409
f 573 2497 2496
f 561 2486 2485
f 512 2434 2435
f 452 2375 2374
f 448 2369 2368
f 449 2370 2371
f 455 2377 2378
f 458 2380 2381
f 470 2393 2392
f 437 2359 2360
f 494 2415 2416
f 531 2455 2456
f 539 2461 2460
f 568 2489 2488
f 478 2399 2398
f 419 2341 2340
f 509 2431 2430
f 554 2476 2475
f 482 2405 2404
f 576 2500 2501
f 558 2481 2482
f 516 2439 2440
f 425 2348 2347
f 542 2465 2464
f 463 2383 2384
f 434 2356 2355
f 497 2420 2419
f 528 2452 2451
f 546 2471 2470
f 464 2386 2385
f 440 2363 2362
f 500 2422 2423
f 524 2445 2446
f 479 2400 2401
f 418 2338 2339
f 508 2428 2429
f 553 2473 2474
f 569 2490 2491
f 538 2458 2459
f 471 2394 2395
f 443 2366 2365
f 501 2425 2424
f 523 2444 2443
f 467 2389 2390
f 433 2353 2354
f 493 2414 2413
f 527 2449 2450
f 543 2466 2467
f 485 2407 2408
f 572 2494 2495
f 557 2480 2479
f 515 2438 2437
f 428 2351 2350
f 591 2510 2511
f 587 2504 2505
f 588 2508 2507
f 594 2514 2513
f 597 2517 2516
f 600 2520 2519
f 634 2554 2556
f 619 2539 2540
f 639 2560 2561
f 602 2523 2521
f 624 2543 2544
f 608 2527 2529
f 610 2532 2530
f 627 2547 2546
f 630 2550 2549
f 635 2552 2553
f 615 2535 2534
f 617 2538 2536
f 637 2558 2557
f 604 2524 2525
f 167 1607 647
f 164 1603 644
f 163 1604 643
f 165 1610 645
f 166 1613 646
f 169 1622 649
f 192 1686 672
f 222 1773 702
f 216 1761 696
f 199 1712 679
f 182 1652 662
f 179 1648 659
f 178 1649 658
f 180 1655 660
f 181 1658 661
f 186 1670 666
f 174 1637 654
f 193 1694 673
f 205 1731 685
f 212 1739 692
f 221 1768 701
f 189 1678 669
f 170 1619 650
f 202 1709 682
f 217 1754 697
f 191 1682 671
f 220 1776 700
f 214 1758 694
f 200 1716 680
f 171 1625 651
f 210 1742 690
f 183 1663 663
f 175 1634 655
f 196 1697 676
f 207 1728 687
f 211 1746 691
f 187 1664 667
f 176 1640 656
f 195 1700 675
f 203 1724 683
f 188 1679 668
f 168 1618 648
f 198 1708 678
f 213 1753 693
f 218 1769 698
f 208 1738 688
f 185 1671 665
f 177 1643 657
f 197 1701 677
f 206 1723 686
f 184 1667 664
f 173 1633 653
f 194 1693 674
f 204 1727 684
f 209 1743 689
f 190 1685 670
f 219 1772 699
f 215 1757 695
f 201 1715 681
f 172 1628 652
f 357 2187 837
f 255 1881 735
f 262 1899 742
f 388 2277 868
f 400 2313 880
f 352 2169 832
f 347 2156 827
f 298 2010 778
f 364 2208 844
f 269 1917 749
f 339 2133 819
f 285 1971 765
f 293 1989 773
f 370 2223 850
f 396 2300 876
f 353 2174 833
f 346 2151 826
f 299 2007 779
f 365 2205 845
f 268 1920 748
f 249 1855 729
f 231 1801 711
f 226 1784 706
f 238 1820 718
f 244 1838 724
f 257 1874 737
f 359 2180 839
f 402 2310 882
f 390 2274 870
f 264 1896 744
f 327 2089 807
f 309 2035 789
f 282 1950 762
f 317 2054 797
f 322 2072 802
f 341 2126 821
f 286 1964 766
f 294 1986 774
f 372 2220 852
f 394 2291 874
f 358 2183 838
f 256 1877 736
f 261 1891 741
f 387 2269 867
f 399 2305 879
f 351 2161 831
f 348 2148 828
f 300 2004 780
f 366 2202 846
f 267 1909 747
f 340 2129 820
f 287 1967 767
f 291 1981 771
f 369 2215 849
f 395 2288 875
f 354 2166 834
f 345 2143 825
f 297 1999 777
f 363 2197 843
f 270 1914 750
f 234 1806 714
f 227 1787 707
f 239 1823 719
f 245 1841 725
f 252 1860 732
f 275 1931 755
f 334 2108 814
f 304 2018 784
f 377 2234 857
f 382 2255 862
f 312 2040 792
f 279 1945 759
f 316 2057 796
f 323 2075 803
f 330 2094 810
f 335 2111 815
f 305 2021 785
f 376 2237 856
f 383 2252 863
f 274 1928 754
f 232 1812 712
f 225 1791 705
f 237 1827 717
f 243 1845 723
f 250 1866 730
f 273 1935 753
f 336 2118 816
f 306 2028 786
f 378 2246 858
f 381 2259 861
f 311 2048 791
f 281 1953 761
f 315 2061 795
f 321 2079 801
f 328 2100 808
f 333 2115 813
f 303 2025 783
f 375 2241 855
f 384 2264 864
f 276 1938 756
f 229 1802 709
f 223 1783 703
f 235 1819 715
f 241 1837 721
f 247 1856 727
f 271 1927 751
f 332 2112 812
f 302 2022 782
f 374 2238 854
f 379 2251 859
f 307 2036 787
f 278 1949 758
f 313 2053 793
f 319 2071 799
f 325 2090 805
f 331 2107 811
f 301 2017 781
f 373 2233 853
f 380 2256 860
f 272 1932 752
f 248 1859 728
f 230 1805 710
f 224 1788 704
f 236 1824 716
f 242 1842 722
f 254 1878 734
f 356 2184 836
f 397 2306 877
f 385 2270 865
f 259 1892 739
f 326 2093 806
f 308 2039 788
f 277 1946 757
f 314 2058 794
f 320 2076 800
f 338 2130 818
f 284 1968 764
f 289 1982 769
f 367 2216 847
f 391 2287 871
f 355 2179 835
f 253 1873 733
f 260 1895 740
f 386 2273 866
f 398 2309 878
f 350 2165 830
f 343 2144 823
f 295 2000 775
f 361 2198 841
f 266 1913 746
f 337 2125 817
f 283 1963 763
f 290 1985 770
f 368 2219 848
f 392 2292 872
f 349 2162 829
f 344 2147 824
f 296 2003 776
f 362 2201 842
f 265 1910 745
f 251 1863 731
f 233 1809 713
f 228 1794 708
f 240 1830 720
f 246 1848 726
f 258 1886 738
f 360 2192 840
f 401 2318 881
f 389 2282 869
f 263 1904 743
f 329 2097 809
f 310 2043 790
f 280 1956 760
f 318 2066 798
f 324 2082 804
f 342 2138 822
f 288 1974 768
f 292 1992 772
f 371 2228 851
f 393 2295 873
f 409 2331 1269
f 405 2327 1245
f 411 2328 1252
f 414 2334 1288
f 417 2337 1306
f 431 2346 1336
f 488 2412 1551
f 575 2499 1473
f 563 2487 1599
f 519 2436 1354
f 454 2376 1479
f 450 2372 1401
f 456 2373 1408
f 459 2379 1492
f 462 2382 1504
f 472 2396 1533
f 446 2361 1414
f 506 2418 1444
f 535 2457 1594
f 541 2463 1383
f 570 2492 1323
f 480 2402 1275
f 421 2343 1263
f 511 2433 1299
f 556 2478 1317
f 484 2406 1341
f 580 2502 1564
f 567 2484 1462
f 522 2442 1588
f 427 2349 1347
f 544 2468 1521
f 468 2387 1420
f 436 2358 1395
f 499 2421 1497
f 530 2454 1515
f 548 2472 1557
f 466 2388 1425
f 442 2364 1431
f 505 2426 1570
f 536 2448 1372
f 491 2403 1282
f 423 2342 1258
f 513 2432 1294
f 564 2477 1312
f 581 2493 1330
f 549 2462 1378
f 477 2397 1540
f 445 2367 1449
f 503 2427 1575
f 525 2447 1365
f 474 2391 1486
f 438 2357 1390
f 495 2417 1437
f 532 2453 1510
f 552 2469 1528
f 490 2411 1546
f 577 2498 1468
f 559 2483 1455
f 517 2441 1581
f 430 2352 1359
f 590 2509 1272
f 584 2503 1248
f 585 2506 1253
f 592 2512 1289
f 595 2515 1307
f 598 2518 1337
f 636 2555 1554
f 621 2541 1476
f 642 2562 1602
f 601 2522 1355
f 623 2542 1482
f 611 2528 1404
f 609 2531 1409
f 625 2545 1493
f 628 2548 1505
f 632 2551 1536
f 613 2533 1415
f 616 2537 1445
f 638 2559 1595
f 606 2526 1386
f 407 1616 909
f 403 1608 891
f 404 1606 886
f 410 1612 898
f 413 1615 904
f 422 1624 922
f 486 1692 1060
f 573 1782 1240
f 561 1765 1204
f 512 1714 1102
f 452 1661 999
f 448 1653 981
f 449 1651 976
f 455 1657 988
f 458 1660 994
f 470 1675 1024
f 437 1639 952
f 494 1696 1066
f 531 1733 1138
f 539 1751 1179
f 568 1779 1233
f 478 1683 1041
f 419 1626 927
f 509 1721 1119
f 554 1766 1209
f 482 1689 1053
f 576 1778 1228
f 558 1760 1192
f 516 1718 1108
f 425 1629 933
f 542 1747 1167
f 463 1665 1005
f 434 1641 957
f 497 1704 1083
f 528 1737 1150
f 546 1750 1174
f 464 1676 1029
f 440 1644 963
f 500 1702 1077
f 524 1726 1126
f 479 1681 1036
f 418 1620 915
f 508 1710 1095
f 553 1755 1185
f 569 1771 1216
f 538 1740 1155
f 471 1673 1018
f 443 1647 970
f 501 1707 1090
f 523 1734 1143
f 467 1669 1012
f 433 1635 945
f 493 1698 1071
f 527 1729 1131
f 543 1745 1162
f 485 1687 1047
f 572 1774 1221
f 557 1762 1197
f 515 1720 1114
f 428 1632 940
f 591 2189 1284
f 587 1883 1260
f 588 1903 1296
f 594 2281 1314
f 597 2317 1332
f 600 2173 1380
f 634 2158 1542
f 619 2012 1451
f 639 2210 1577
f 602 1924 1367
f 624 2135 1488
f 608 1973 1392
f 610 1996 1439
f 627 2227 1512
f 630 2304 1530
f 635 2176 1548
f 615 2155 1470
f 617 2014 1457
f 637 2212 1583
f 604 1922 1361
f 416 1864 1270
f 408 1810 1246
f 406 1795 1251
f 412 1831 1287
f 415 1849 1305
f 424 1887 1335
f 492 2193 1552
f 582 2321 1474
f 565 2285 1600
f 514 1907 1353
f 461 2098 1480
f 453 2044 1402
f 451 1961 1407
f 457 2067 1491
f 460 2083 1503
f 475 2139 1534
f 439 1975 1413
f 496 1997 1443
f 533 2231 1593
f 551 2298 1384
f 579 2190 1324
f 483 1884 1276
f 426 1900 1264
f 521 2278 1300
f 566 2314 1318
f 489 2170 1342
f 578 2159 1563
f 560 2015 1461
f 518 2213 1587
f 429 1918 1348
f 547 2136 1522
f 465 1977 1419
f 441 1990 1396
f 504 2224 1498
f 537 2301 1516
f 550 2177 1558
f 476 2152 1426
f 444 2008 1432
f 502 2206 1569
f 526 1925 1371
f 481 1817 1281
f 420 1797 1257
f 510 1833 1293
f 555 1851 1311
f 571 1871 1329
f 540 1941 1377
f 473 2119 1539
f 447 2029 1450
f 507 2247 1576
f 534 2262 1366
f 469 2051 1485
f 435 1954 1389
f 498 2064 1438
f 529 2085 1509
f 545 2105 1527
f 487 2121 1545
f 574 2031 1467
f 562 2244 1456
f 520 2265 1582
f 432 1939 1360
f 589 1814 1271
f 583 1793 1247
f 586 1829 1254
f 593 1847 1290
f 596 1868 1308
f 599 1937 1338
f 633 2124 1553
f 620 2034 1475
f 640 2250 1601
f 603 2261 1356
f 622 2050 1481
f 607 1960 1403
f 612 2063 1410
f 626 2081 1494
f 629 2102 1506
f 631 2117 1535
f 614 2027 1416
f 618 2243 1446
f 641 2268 1596
f 605 1944 1385
f 409 1804 894
f 405 1785 887
f 411 1821 899
f 414 1839 905
f 417 1858 912
f 431 1929 941
f 488 2114 1050
f 575 2024 1224
f 563 2240 1200
f 519 2253 1115
f 454 2038 984
f 450 1951 977
f 456 2055 989
f 459 2073 995
f 462 2092 1002
f 472 2109 1019
f 446 2019 971
f 506 2235 1091
f 535 2258 1146
f 541 1934 1158
f 570 1861 1217
f 480 1807 1037
f 421 1790 918
f 511 1826 1098
f 556 1844 1188
f 484 1880 1044
f 580 2186 1236
f 567 2308 1212
f 522 2272 1122
f 427 1894 930
f 544 2095 1163
f 468 2041 1013
f 436 1948 948
f 499 2060 1074
f 530 2078 1134
f 548 2132 1170
f 466 1970 1008
f 442 1984 960
f 505 2218 1086
f 536 2289 1151
f 491 2181 1061
f 423 1875 923
f 513 1897 1103
f 564 2275 1205
f 581 2311 1241
f 549 2167 1175
f 477 2146 1032
f 445 2002 966
f 503 2200 1080
f 525 1915 1127
f 474 2127 1025
f 438 1965 953
f 495 1987 1067
f 532 2221 1139
f 552 2294 1182
f 490 2164 1056
f 577 2149 1229
f 559 2005 1193
f 517 2203 1109
f 430 1912 936
f 590 1870 1325
f 584 1816 1277
f 585 1800 1265
f 592 1836 1301
f 595 1854 1319
f 598 1890 1343
f 636 2196 1566
f 621 2320 1464
f 642 2284 1590
f 601 1906 1349
f 623 2104 1523
f 611 2047 1422
f 609 1958 1397
f 625 2070 1499
f 628 2088 1517
f 632 2142 1559
f 613 1980 1427
f 616 1994 1433
f 638 2230 1572
f 606 2297 1374
f 407 2329 892
f 403 2323 885
f 404 2326 897
f 410 2333 903
f 413 2336 910
f 422 2345 939
f 486 2409 1048
f 573 2496 1222
f 561 2485 1198
f 512 2435 1113
f 452 2374 982
f 448 2368 975
f 449 2371 987
f 455 2378 993
f 458 2381 1000
f 470 2392 1017
f 437 2360 969
f 494 2416 1089
f 531 2456 1144
f 539 2460 1156
f 568 2488 1215
f 478 2398 1035
f 419 2340 916
f 509 2430 1096
f 554 2475 1186
f 482 2404 1042
f 576 2501 1234
f 558 2482 1210
f 516 2440 1120
f 425 2347 928
f 542 2464 1161
f 463 2384 1011
f 434 2355 946
f 497 2419 1072
f 528 2451 1132
f 546 2470 1168
f 464 2385 1006
f 440 2362 958
f 500 2423 1084
f 524 2446 1149
f 479 2401 1059
f 418 2339 921
f 508 2429 1101
f 553 2474 1203
f 569 2491 1239
f 538 2459 1173
f 471 2395 1030
f 443 2365 964
f 501 2424 1078
f 523 2443 1125
f 467 2390 1023
f 433 2354 951
f 493 2413 1065
f 527 2450 1137
f 543 2467 1180
f 485 2408 1054
f 572 2495 1227
f 557 2479 1191
f 515 2437 1107
f 428 2350 934
f 591 2511 1326
f 587 2505 1278
f 588 2507 1266
f 594 2513 1302
f 597 2516 1320
f 600 2519 1344
f 634 2556 1565
f 619 2540 1463
f 639 2561 1589
f 602 2521 1350
f 624 2544 1524
f 608 2529 1421
f 610 2530 1398
f 627 2546 1500
f 630 2549 1518
f 635 2553 1560
f 615 2534 1428
f 617 2536 1434
f 637 2557 1571
f 604 2525 1373
f 164 1609 889
f 163 1605 883
f 165 1611 895
f 166 1614 901
f 167 1617 907
f 172 1631 937
f 190 1688 1045
f 219 1775 1219
f 215 1763 1195
f 201 1719 1111
f 179 1654 979
f 178 1650 973
f 180 1656 985
f 181 1659 991
f 182 1662 997
f 185 1672 1015
f 177 1646 967
f 197 1706 1087
f 206 1735 1141
f 208 1741 1153
f 218 1770 1213
f 188 1680 1033
f 168 1621 913
f 198 1711 1093
f 213 1756 1183
f 189 1684 1039
f 221 1780 1231
f 217 1767 1207
f 202 1722 1117
f 170 1627 925
f 209 1744 1159
f 184 1668 1009
f 173 1636 943
f 194 1699 1069
f 204 1730 1129
f 210 1748 1165
f 183 1666 1003
f 175 1642 955
f 196 1705 1081
f 207 1736 1147
f 192 1691 1057
f 169 1623 919
f 199 1713 1099
f 216 1764 1201
f 222 1781 1237
f 211 1749 1171
f 187 1677 1027
f 176 1645 961
f 195 1703 1075
f 203 1725 1123
f 186 1674 1021
f 174 1638 949
f 193 1695 1063
f 205 1732 1135
f 212 1752 1177
f 191 1690 1051
f 220 1777 1225
f 214 1759 1189
f 200 1717 1105
f 171 1630 931
f 358 2191 1322
f 256 1885 1274
f 261 1901 1262
f 387 2279 1298
f 399 2315 1316
f 351 2171 1340
f 348 2160 1561
f 300 2016 1459
f 366 2214 1585
f 267 1919 1346
f 340 2137 1520
f 287 1978 1417
f 291 1991 1394
f 369 2225 1496
f 395 2302 1514
f 354 2178 1556
f 345 2153 1424
f 297 2009 1430
f 363 2207 1567
f 270 1926 1369
f 247 1857 908
f 229 1803 890
f 223 1786 884
f 235 1822 896
f 241 1840 902
f 253 1876 920
f 355 2182 1058
f 398 2312 1238
f 386 2276 1202
f 260 1898 1100
f 325 2091 998
f 307 2037 980
f 278 1952 974
f 313 2056 986
f 319 2074 992
f 337 2128 1022
f 283 1966 950
f 290 1988 1064
f 368 2222 1136
f 392 2293 1178
f 356 2185 1232
f 254 1879 1040
f 259 1893 926
f 385 2271 1118
f 397 2307 1208
f 349 2163 1052
f 344 2150 1226
f 296 2006 1190
f 362 2204 1106
f 265 1911 932
f 338 2131 1166
f 284 1969 1004
f 289 1983 956
f 367 2217 1082
f 391 2290 1148
f 350 2168 1172
f 343 2145 1028
f 295 2001 962
f 361 2199 1076
f 266 1916 1124
f 230 1808 1034
f 224 1789 914
f 236 1825 1094
f 242 1843 1184
f 248 1862 1214
f 272 1933 1154
f 331 2110 1016
f 301 2020 968
f 373 2236 1088
f 380 2257 1142
f 308 2042 1010
f 277 1947 944
f 314 2059 1070
f 320 2077 1130
f 326 2096 1160
f 332 2113 1046
f 302 2023 1220
f 374 2239 1196
f 379 2254 1112
f 271 1930 938
f 234 1818 1279
f 227 1798 1255
f 239 1834 1291
f 245 1852 1309
f 252 1872 1327
f 275 1942 1375
f 334 2120 1537
f 304 2030 1448
f 377 2248 1574
f 382 2263 1364
f 312 2052 1483
f 279 1955 1387
f 316 2065 1436
f 323 2086 1507
f 330 2106 1525
f 335 2122 1543
f 305 2032 1465
f 376 2245 1454
f 383 2266 1580
f 274 1940 1358
f 232 1813 1267
f 225 1792 1243
f 237 1828 1250
f 243 1846 1286
f 250 1867 1304
f 273 1936 1334
f 336 2123 1549
f 306 2033 1471
f 378 2249 1597
f 381 2260 1352
f 311 2049 1477
f 281 1959 1399
f 315 2062 1406
f 321 2080 1490
f 328 2101 1502
f 333 2116 1531
f 303 2026 1412
f 375 2242 1442
f 384 2267 1592
f 276 1943 1381
f 251 1869 1321
f 233 1815 1273
f 228 1799 1261
f 240 1835 1297
f 246 1853 1315
f 258 1889 1339
f 360 2195 1562
f 401 2319 1460
f 389 2283 1586
f 263 1905 1345
f 329 2103 1519
f 310 2046 1418
f 280 1957 1393
f 318 2069 1495
f 324 2087 1513
f 342 2141 1555
f 288 1979 1423
f 292 1993 1429
f 371 2229 1568
f 393 2296 1370
f 357 2188 1280
f 255 1882 1256
f 262 1902 1292
f 388 2280 1310
f 400 2316 1328
f 352 2172 1376
f 347 2157 1538
f 298 2011 1447
f 364 2209 1573
f 269 1923 1363
f 339 2134 1484
f 285 1972 1388
f 293 1995 1435
f 370 2226 1508
f 396 2303 1526
f 353 2175 1544
f 346 2154 1466
f 299 2013 1453
f 365 2211 1579
f 268 1921 1357
f 249 1865 1268
f 231 1811 1244
f 226 1796 1249
f 238 1832 1285
f 244 1850 1303
f 257 1888 1333
f 359 2194 1550
f 402 2322 1472
f 390 2286 1598
f 264 1908 1351
f 327 2099 1478
f 309 2045 1400
f 282 1962 1405
f 317 2068 1489
f 322 2084 1501
f 341 2140 1532
f 286 1976 1411
f 294 1998 1441
f 372 2232 1591
f 394 2299 1382
f 416 2330 911
f 408 2324 893
f 406 2325 888
f 412 2332 900
f 415 2335 906
f 424 2344 924
f 492 2410 1062
f 582 2497 1242
f 565 2486 1206
f 514 2434 1104
f 461 2375 1001
f 453 2369 983
f 451 2370 978
f 457 2377 990
f 460 2380 996
f 475 2393 1026
f 439 2359 954
f 496 2415 1068
f 533 2455 1140
f 551 2461 1181
f 579 2489 1235
f 483 2399 1043
f 426 2341 929
f 521 2431 1121
f 566 2476 1211
f 489 2405 1055
f 578 2500 1230
f 560 2481 1194
f 518 2439 1110
f 429 2348 935
f 547 2465 1169
f 465 2383 1007
f 441 2356 959
f 504 2420 1085
f 537 2452 1152
f 550 2471 1176
f 476 2386 1031
f 444 2363 965
f 502 2422 1079
f 526 2445 1128
f 481 2400 1038
f 420 2338 917
f 510 2428 1097
f 555 2473 1187
f 571 2490 1218
f 540 2458 1157
f 473 2394 1020
f 447 2366 972
f 507 2425 1092
f 534 2444 1145
f 469 2389 1014
f 435 2353 947
f 498 2414 1073
f 529 2449 1133
f 545 2466 1164
f 487 2407 1049
f 574 2494 1223
f 562 2480 1199
f 520 2438 1116
f 432 2351 942
f 589 2510 1283
f 583 2504 1259
f 586 2508 1295
f 593 2514 1313
f 596 2517 1331
f 599 2520 1379
f 633 2554 1541
f 620 2539 1452
f 640 2560 1578
f 603 2523 1368
f 622 2543 1487
f 607 2527 1391
f 612 2532 1440
f 626 2547 1511
f 629 2550 1529
f 631 2552 1547
f 614 2535 1469
f 618 2538 1458
f 641 2558 1584
f 605 2524 1362
f 164 1607 1609
f 163 1603 1605
f 165 1604 1611
f 166 1610 1614
f 167 1613 1617
f 172 1622 1631
f 190 1686 1688
f 219 1773 1775
f 215 1761 1763
f 201 1712 1719
f 179 1652 1654
f 178 1648 1650
f 180 1649 1656
f 181 1655 1659
f 182 1658 1662
f 185 1670 1672
f 177 1637 1646
f 197 1694 1706
f 206 1731 1735
f 208 1739 1741
f 218 1768 1770
f 188 1678 1680
f 168 1619 1621
f 198 1709 1711
f 213 1754 1756
f 189 1682 1684
f 221 1776 1780
f 217 1758 1767
f 202 1716 1722
f 170 1625 1627
f 209 1742 1744
f 184 1663 1668
f 173 1634 1636
f 194 1697 1699
f 204 1728 1730
f 210 1746 1748
f 183 1664 1666
f 175 1640 1642
f 196 1700 1705
f 207 1724 1736
f 192 1679 1691
f 169 1618 1623
f 199 1708 1713
f 216 1753 1764
f 222 1769 1781
f 211 1738 1749
f 187 1671 1677
f 176 1643 1645
f 195 1701 1703
f 203 1723 1725
f 186 1667 1674
f 174 1633 1638
f 193 1693 1695
f 205 1727 1732
f 212 1743 1752
f 191 1685 1690
f 220 1772 1777
f 214 1757 1759
f 200 1715 1717
f 171 1628 1630
f 358 2187 2191
f 256 1881 1885
f 261 1899 1901
f 387 2277 2279
f 399 2313 2315
f 351 2169 2171
f 348 2156 2160
f 300 2010 2016
f 366 2208 2214
f 267 1917 1919
f 340 2133 2137
f 287 1971 1978
f 291 1989 1991
f 369 2223 2225
f 395 2300 2302
f 354 2174 2178
f 345 2151 2153
f 297 2007 2009
f 363 2205 2207
f 270 1920 1926
f 247 1855 1857
f 229 1801 1803
f 223 1784 1786
f 235 1820 1822
f 241 1838 1840
f 253 1874 1876
f 355 2180 2182
f 398 2310 2312
f 386 2274 2276
f 260 1896 1898
f 325 2089 2091
f 307 2035 2037
f 278 1950 1952
f 313 2054 2056
f 319 2072 2074
f 337 2126 2128
f 283 1964 1966
f 290 1986 1988
f 368 2220 2222
f 392 2291 2293
f 356 2183 2185
f 254 1877 1879
f 259 1891 1893
f 385 2269 2271
f 397 2305 2307
f 349 2161 2163
f 344 2148 2150
f 296 2004 2006
f 362 2202 2204
f 265 1909 1911
f 338 2129 2131
f 284 1967 1969
f 289 1981 1983
f 367 2215 2217
f 391 2288 2290
f 350 2166 2168
f 343 2143 2145
f 295 1999 2001
f 361 2197 2199
f 266 1914 1916
f 230 1806 1808
f 224 1787 1789
f 236 1823 1825
f 242 1841 1843
f 248 1860 1862
f 272 1931 1933
f 331 2108 2110
f 301 2018 2020
f 373 2234 2236
f 380 2255 2257
f 308 2040 2042
f 277 1945 1947
f 314 2057 2059
f 320 2075 2077
f 326 2094 2096
f 332 2111 2113
f 302 2021 2023
f 374 2237 2239
f 379 2252 2254
f 271 1928 1930
f 234 1812 1818
f 227 1791 1798
f 239 1827 1834
f 245 1845 1852
f 252 1866 1872
f 275 1935 1942
f 334 2118 2120
f 304 2028 2030
f 377 2246 2248
f 382 2259 2263
f 312 2048 2052
f 279 1953 1955
f 316 2061 2065
f 323 2079 2086
f 330 2100 2106
f 335 2115 2122
f 305 2025 2032
f 376 2241 2245
f 383 2264 2266
f 274 1938 1940
f 232 1802 1813
f 225 1783 1792
f 237 1819 1828
f 243 1837 1846
f 250 1856 1867
f 273 1927 1936
f 336 2112 2123
f 306 2022 2033
f 378 2238 2249
f 381 2251 2260
f 311 2036 2049
f 281 1949 1959
f 315 2053 2062
f 321 2071 2080
f 328 2090 2101
f 333 2107 2116
f 303 2017 2026
f 375 2233 2242
f 384 2256 2267
f 276 1932 1943
f 251 1859 1869
f 233 1805 1815
f 228 1788 1799
f 240 1824 1835
f 246 1842 1853
f 258 1878 1889
f 360 2184 2195
f 401 2306 2319
f 389 2270 2283
f 263 1892 1905
f 329 2093 2103
f 310 2039 2046
f 280 1946 1957
f 318 2058 2069
f 324 2076 2087
f 342 2130 2141
f 288 1968 1979
f 292 1982 1993
f 371 2216 2229
f 393 2287 2296
f 357 2179 2188
f 255 1873 1882
f 262 1895 1902
f 388 2273 2280
f 400 2309 2316
f 352 2165 2172
f 347 2144 2157
f 298 2000 2011
f 364 2198 2209
f 269 1913 1923
f 339 2125 2134
f 285 1963 1972
f 293 1985 1995
f 370 2219 2226
f 396 2292 2303
f 353 2162 2175
f 346 2147 2154
f 299 2003 2013
f 365 2201 2211
f 268 1910 1921
f 249 1863 1865
f 231 1809 1811
f 226 1794 1796
f 238 1830 1832
f 244 1848 1850
f 257 1886 1888
f 359 2192 2194
f 402 2318 2322
f 390 2282 2286
f 264 1904 1908
f 327 2097 2099
f 309 2043 2045
f 282 1956 1962
f 317 2066 2068
f 322 2082 2084
f 341 2138 2140
f 286 1974 1976
f 294 1992 1998
f 372 2228 2232
f 394 2295 2299
f 416 2331 2330
f 408 2327 2324
f 406 2328 2325
f 412 2334 2332
f 415 2337 2335
f 424 2346 2344
f 492 2412 2410
f 582 2499 2497
f 565 2487 2486
f 514 2436 2434
f 461 2376 2375
f 453 2372 2369
f 451 2373 2370
f 457 2379 2377
f 460 2382 2380
f 475 2396 2393
f 439 2361 2359
f 496 2418 2415
f 533 2457 2455
f 551 2463 2461
f 579 2492 2489
f 483 2402 2399
f 426 2343 2341
f 521 2433 2431
f 566 2478 2476
f 489 2406 2405
f 578 2502 2500
f 560 2484 2481
f 518 2442 2439
f 429 2349 2348
f 547 2468 2465
f 465 2387 2383
f 441 2358 2356
f 504 2421 2420
f 537 2454 2452
f 550 2472 2471
f 476 2388 2386
f 444 2364 2363
f 502 2426 2422
f 526 2448 2445
f 481 2403 2400
f 420 2342 2338
f 510 2432 2428
f 555 2477 2473
f 571 2493 2490
f 540 2462 2458
f 473 2397 2394
f 447 2367 2366
f 507 2427 2425
f 534 2447 2444
f 469 2391 2389
f 435 2357 2353
f 498 2417 2414
f 529 2453 2449
f 545 2469 2466
f 487 2411 2407
f 574 2498 2494
f 562 2483 2480
f 520 2441 2438
f 432 2352 2351
f 589 2509 2510
f 583 2503 2504
f 586 2506 2508
f 593 2512 2514
f 596 2515 2517
f 599 2518 2520
f 633 2555 2554
f 620 2541 2539
f 640 2562 2560
f 603 2522 2523
f 622 2542 2543
f 607 2528 2527
f 612 2531 2532
f 626 2545 2547
f 629 2548 2550
f 631 2551 2552
f 614 2533 2535
f 618 2537 2538
f 641 2559 2558
f 605 2526 2524
f 164 644 1607
f 163 643 1603
f 165 645 1604
f 166 646 1610
f 167 647 1613
f 172 652 1622
f 190 670 1686
f 219 699 1773
f 215 695 1761
f 201 681 1712
f 179 659 1652
f 178 658 1648
f 180 660 1649
f 181 661 1655
f 182 662 1658
f 185 665 1670
f 177 657 1637
f 197 677 1694
f 206 686 1731
f 208 688 1739
f 218 698 1768
f 188 668 1678
f 168 648 1619
f 198 678 1709
f 213 693 1754
f 189 669 1682
f 221 701 1776
f 217 697 1758
f 202 682 1716
f 170 650 1625
f 209 689 1742
f 184 664 1663
f 173 653 1634
f 194 674 1697
f 204 684 1728
f 210 690 1746
f 183 663 1664
f 175 655 1640
f 196 676 1700
f 207 687 1724
f 192 672 1679
f 169 649 1618
f 199 679 1708
f 216 696 1753
f 222 702 1769
f 211 691 1738
f 187 667 1671
f 176 656 1643
f 195 675 1701
f 203 683 1723
f 186 666 1667
f 174 654 1633
f 193 673 1693
f 205 685 1727
f 212 692 1743
f 191 671 1685
f 220 700 1772
f 214 694 1757
f 200 680 1715
f 171 651 1628
f 358 838 2187
f 256 736 1881
f 261 741 1899
f 387 867 2277
f 399 879 2313
f 351 831 2169
f 348 828 2156
f 300 780 2010
f 366 846 2208
f 267 747 1917
f 340 820 2133
f 287 767 1971
f 291 771 1989
f 369 849 2223
f 395 875 2300
f 354 834 2174
f 345 825 2151
f 297 777 2007
f 363 843 2205
f 270 750 1920
f 247 727 1855
f 229 709 1801
f 223 703 1784
f 235 715 1820
f 241 721 1838
f 253 733 1874
f 355 835 2180
f 398 878 2310
f 386 866 2274
f 260 740 1896
f 325 805 2089
f 307 787 2035
f 278 758 1950
f 313 793 2054
f 319 799 2072
f 337 817 2126
f 283 763 1964
f 290 770 1986
f 368 848 2220
f 392 872 2291
f 356 836 2183
f 254 734 1877
f 259 739 1891
f 385 865 2269
f 397 877 2305
f 349 829 2161
f 344 824 2148
f 296 776 2004
f 362 842 2202
f 265 745 1909
f 338 818 2129
f 284 764 1967
f 289 769 1981
f 367 847 2215
f 391 871 2288
f 350 830 2166
f 343 823 2143
f 295 775 1999
f 361 841 2197
f 266 746 1914
f 230 710 1806
f 224 704 1787
f 236 716 1823
f 242 722 1841
f 248 728 1860
f 272 752 1931
f 331 811 2108
f 301 781 2018
f 373 853 2234
f 380 860 2255
f 308 788 2040
f 277 757 1945
f 314 794 2057
f 320 800 2075
f 326 806 2094
f 332 812 2111
f 302 782 2021
f 374 854 2237
f 379 859 2252
f 271 751 1928
f 234 714 1812
f 227 707 1791
f 239 719 1827
f 245 725 1845
f 252 732 1866
f 275 755 1935
f 334 814 2118
f 304 784 2028
f 377 857 2246
f 382 862 2259
f 312 792 2048
f 279 759 1953
f 316 796 2061
f 323 803 2079
f 330 810 2100
f 335 815 2115
f 305 785 2025
f 376 856 2241
f 383 863 2264
f 274 754 1938
f 232 712 1802
f 225 705 1783
f 237 717 1819
f 243 723 1837
f 250 730 1856
f 273 753 1927
f 336 816 2112
f 306 786 2022
f 378 858 2238
f 381 861 2251
f 311 791 2036
f 281 761 1949
f 315 795 2053
f 321 801 2071
f 328 808 2090
f 333 813 2107
f 303 783 2017
f 375 855 2233
f 384 864 2256
f 276 756 1932
f 251 731 1859
f 233 713 1805
f 228 708 1788
f 240 720 1824
f 246 726 1842
f 258 738 1878
f 360 840 2184
f 401 881 2306
f 389 869 2270
f 263 743 1892
f 329 809 2093
f 310 790 2039
f 280 760 1946
f 318 798 2058
f 324 804 2076
f 342 822 2130
f 288 768 1968
f 292 772 1982
f 371 851 2216
f 393 873 2287
f 357 837 2179
f 255 735 1873
f 262 742 1895
f 388 868 2273
f 400 880 2309
f 352 832 2165
f 347 827 2144
f 298 778 2000
f 364 844 2198
f 269 749 1913
f 339 819 2125
f 285 765 1963
f 293 773 1985
f 370 850 2219
f 396 876 2292
f 353 833 2162
f 346 826 2147
f 299 779 2003
f 365 845 2201
f 268 748 1910
f 249 729 1863
f 231 711 1809
f 226 706 1794
f 238 718 1830
f 244 724 1848
f 257 737 1886
f 359 839 2192
f 402 882 2318
f 390 870 2282
f 264 744 1904
f 327 807 2097
f 309 789 2043
f 282 762 1956
f 317 797 2066
f 322 802 2082
f 341 821 2138
f 286 766 1974
f 294 774 1992
f 372 852 2228
f 394 874 2295
f 416 1270 2331
f 408 1246 2327
f 406 1251 2328
f 412 1287 2334
f 415 1305 2337
f 424 1335 2346
f 492 1552 2412
f 582 1474 2499
f 565 1600 2487
f 514 1353 2436
f 461 1480 2376
f 453 1402 2372
f 451 1407 2373
f 457 1491 2379
f 460 1503 2382
f 475 1534 2396
f 439 1413 2361
f 496 1443 2418
f 533 1593 2457
f 551 1384 2463
f 579 1324 2492
f 483 1276 2402
f 426 1264 2343
f 521 1300 2433
f 566 1318 2478
f 489 1342 2406
f 578 1563 2502
f 560 1461 2484
f 518 1587 2442
f 429 1348 2349
f 547 1522 2468
f 465 1419 2387
f 441 1396 2358
f 504 1498 2421
f 537 1516 2454
f 550 1558 2472
f 476 1426 2388
f 444 1432 2364
f 502 1569 2426
f 526 1371 2448
f 481 1281 2403
f 420 1257 2342
f 510 1293 2432
f 555 1311 2477
f 571 1329 2493
f 540 1377 2462
f 473 1539 2397
f 447 1450 2367
f 507 1576 2427
f 534 1366 2447
f 469 1485 2391
f 435 1389 2357
f 498 1438 2417
f 529 1509 2453
f 545 1527 2469
f 487 1545 2411
f 574 1467 2498
f 562 1456 2483
f 520 1582 2441
f 432 1360 2352
f 589 1271 2509
f 583 1247 2503
f 586 1254 2506
f 593 1290 2512
f 596 1308 2515
f 599 1338 2518
f 633 1553 2555
f 620 1475 2541
f 640 1601 2562
f 603 1356 2522
f 622 1481 2542
f 607 1403 2528
f 612 1410 2531
f 626 1494 2545
f 629 1506 2548
f 631 1535 2551
f 614 1416 2533
f 618 1446 2537
f 641 1596 2559
f 605 1385 2526
f 167 907 1616
f 164 889 1608
f 163 883 1606
f 165 895 1612
f 166 901 1615
f 169 919 1624
f 192 1057 1692
f 222 1237 1782
f 216 1201 1765
f 199 1099 1714
f 182 997 1661
f 179 979 1653
f 178 973 1651
f 180 985 1657
f 181 991 1660
f 186 1021 1675
f 174 949 1639
f 193 1063 1696
f 205 1135 1733
f 212 1177 1751
f 221 1231 1779
f 189 1039 1683
f 170 925 1626
f 202 1117 1721
f 217 1207 1766
f 191 1051 1689
f 220 1225 1778
f 214 1189 1760
f 200 1105 1718
f 171 931 1629
f 210 1165 1747
f 183 1003 1665
f 175 955 1641
f 196 1081 1704
f 207 1147 1737
f 211 1171 1750
f 187 1027 1676
f 176 961 1644
f 195 1075 1702
f 203 1123 1726
f 188 1033 1681
f 168 913 1620
f 198 1093 1710
f 213 1183 1755
f 218 1213 1771
f 208 1153 1740
f 185 1015 1673
f 177 967 1647
f 197 1087 1707
f 206 1141 1734
f 184 1009 1669
f 173 943 1635
f 194 1069 1698
f 204 1129 1729
f 209 1159 1745
f 190 1045 1687
f 219 1219 1774
f 215 1195 1762
f 201 1111 1720
f 172 937 1632
f 357 1280 2189
f 255 1256 1883
f 262 1292 1903
f 388 1310 2281
f 400 1328 2317
f 352 1376 2173
f 347 1538 2158
f 298 1447 2012
f 364 1573 2210
f 269 1363 1924
f 339 1484 2135
f 285 1388 1973
f 293 1435 1996
f 370 1508 2227
f 396 1526 2304
f 353 1544 2176
f 346 1466 2155
f 299 1453 2014
f 365 1579 2212
f 268 1357 1922
f 249 1268 1864
f 231 1244 1810
f 226 1249 1795
f 238 1285 1831
f 244 1303 1849
f 257 1333 1887
f 359 1550 2193
f 402 1472 2321
f 390 1598 2285
f 264 1351 1907
f 327 1478 2098
f 309 1400 2044
f 282 1405 1961
f 317 1489 2067
f 322 1501 2083
f 341 1532 2139
f 286 1411 1975
f 294 1441 1997
f 372 1591 2231
f 394 1382 2298
f 358 1322 2190
f 256 1274 1884
f 261 1262 1900
f 387 1298 2278
f 399 1316 2314
f 351 1340 2170
f 348 1561 2159
f 300 1459 2015
f 366 1585 2213
f 267 1346 1918
f 340 1520 2136
f 287 1417 1977
f 291 1394 1990
f 369 1496 2224
f 395 1514 2301
f 354 1556 2177
f 345 1424 2152
f 297 1430 2008
f 363 1567 2206
f 270 1369 1925
f 234 1279 1817
f 227 1255 1797
f 239 1291 1833
f 245 1309 1851
f 252 1327 1871
f 275 1375 1941
f 334 1537 2119
f 304 1448 2029
f 377 1574 2247
f 382 1364 2262
f 312 1483 2051
f 279 1387 1954
f 316 1436 2064
f 323 1507 2085
f 330 1525 2105
f 335 1543 2121
f 305 1465 2031
f 376 1454 2244
f 383 1580 2265
f 274 1358 1939
f 232 1267 1814
f 225 1243 1793
f 237 1250 1829
f 243 1286 1847
f 250 1304 1868
f 273 1334 1937
f 336 1549 2124
f 306 1471 2034
f 378 1597 2250
f 381 1352 2261
f 311 1477 2050
f 281 1399 1960
f 315 1406 2063
f 321 1490 2081
f 328 1502 2102
f 333 1531 2117
f 303 1412 2027
f 375 1442 2243
f 384 1592 2268
f 276 1381 1944
f 229 890 1804
f 223 884 1785
f 235 896 1821
f 241 902 1839
f 247 908 1858
f 271 938 1929
f 332 1046 2114
f 302 1220 2024
f 374 1196 2240
f 379 1112 2253
f 307 980 2038
f 278 974 1951
f 313 986 2055
f 319 992 2073
f 325 998 2092
f 331 1016 2109
f 301 968 2019
f 373 1088 2235
f 380 1142 2258
f 272 1154 1934
f 248 1214 1861
f 230 1034 1807
f 224 914 1790
f 236 1094 1826
f 242 1184 1844
f 254 1040 1880
f 356 1232 2186
f 397 1208 2308
f 385 1118 2272
f 259 926 1894
f 326 1160 2095
f 308 1010 2041
f 277 944 1948
f 314 1070 2060
f 320 1130 2078
f 338 1166 2132
f 284 1004 1970
f 289 956 1984
f 367 1082 2218
f 391 1148 2289
f 355 1058 2181
f 253 920 1875
f 260 1100 1897
f 386 1202 2275
f 398 1238 2311
f 350 1172 2167
f 343 1028 2146
f 295 962 2002
f 361 1076 2200
f 266 1124 1915
f 337 1022 2127
f 283 950 1965
f 290 1064 1987
f 368 1136 2221
f 392 1178 2294
f 349 1052 2164
f 344 1226 2149
f 296 1190 2005
f 362 1106 2203
f 265 932 1912
f 251 1321 1870
f 233 1273 1816
f 228 1261 1800
f 240 1297 1836
f 246 1315 1854
f 258 1339 1890
f 360 1562 2196
f 401 1460 2320
f 389 1586 2284
f 263 1345 1906
f 329 1519 2104
f 310 1418 2047
f 280 1393 1958
f 318 1495 2070
f 324 1513 2088
f 342 1555 2142
f 288 1423 1980
f 292 1429 1994
f 371 1568 2230
f 393 1370 2297
f 409 894 2329
f 405 887 2323
f 411 899 2326
f 414 905 2333
f 417 912 2336
f 431 941 2345
f 488 1050 2409
f 575 1224 2496
f 563 1200 2485
f 519 1115 2435
f 454 984 2374
f 450 977 2368
f 456 989 2371
f 459 995 2378
f 462 1002 2381
f 472 1019 2392
f 446 971 2360
f 506 1091 2416
f 535 1146 2456
f 541 1158 2460
f 570 1217 2488
f 480 1037 2398
f 421 918 2340
f 511 1098 2430
f 556 1188 2475
f 484 1044 2404
f 580 1236 2501
f 567 1212 2482
f 522 1122 2440
f 427 930 2347
f 544 1163 2464
f 468 1013 2384
f 436 948 2355
f 499 1074 2419
f 530 1134 2451
f 548 1170 2470
f 466 1008 2385
f 442 960 2362
f 505 1086 2423
f 536 1151 2446
f 491 1061 2401
f 423 923 2339
f 513 1103 2429
f 564 1205 2474
f 581 1241 2491
f 549 1175 2459
f 477 1032 2395
f 445 966 2365
f 503 1080 2424
f 525 1127 2443
f 474 1025 2390
f 438 953 2354
f 495 1067 2413
f 532 1139 2450
f 552 1182 2467
f 490 1056 2408
f 577 1229 2495
f 559 1193 2479
f 517 1109 2437
f 430 936 2350
f 590 1325 2511
f 584 1277 2505
f 585 1265 2507
f 592 1301 2513
f 595 1319 2516
f 598 1343 2519
f 636 1566 2556
f 621 1464 2540
f 642 1590 2561
f 601 1349 2521
f 623 1523 2544
f 611 1422 2529
f 609 1397 2530
f 625 1499 2546
f 628 1517 2549
f 632 1559 2553
f 613 1427 2534
f 616 1433 2536
f 638 1572 2557
f 606 1374 2525
f 407 892 1609
f 403 885 1605
f 404 897 1611
f 410 903 1614
f 413 910 1617
f 422 939 1631
f 486 1048 1688
f 573 1222 1775
f 561 1198 1763
f 512 1113 1719
f 452 982 1654
f 448 975 1650
f 449 987 1656
f 455 993 1659
f 458 1000 1662
f 470 1017 1672
f 437 969 1646
f 494 1089 1706
f 531 1144 1735
f 539 1156 1741
f 568 1215 1770
f 478 1035 1680
f 419 916 1621
f 509 1096 1711
f 554 1186 1756
f 482 1042 1684
f 576 1234 1780
f 558 1210 1767
f 516 1120 1722
f 425 928 1627
f 542 1161 1744
f 463 1011 1668
f 434 946 1636
f 497 1072 1699
f 528 1132 1730
f 546 1168 1748
f 464 1006 1666
f 440 958 1642
f 500 1084 1705
f 524 1149 1736
f 479 1059 1691
f 418 921 1623
f 508 1101 1713
f 553 1203 1764
f 569 1239 1781
f 538 1173 1749
f 471 1030 1677
f 443 964 1645
f 501 1078 1703
f 523 1125 1725
f 467 1023 1674
f 433 951 1638
f 493 1065 1695
f 527 1137 1732
f 543 1180 1752
f 485 1054 1690
f 572 1227 1777
f 557 1191 1759
f 515 1107 1717
f 428 934 1630
f 591 1326 2191
f 587 1278 1885
f 588 1266 1901
f 594 1302 2279
f 597 1320 2315
f 600 1344 2171
f 634 1565 2160
f 619 1463 2016
f 639 1589 2214
f 602 1350 1919
f 624 1524 2137
f 608 1421 1978
f 610 1398 1991
f 627 1500 2225
f 630 1518 2302
f 635 1560 2178
f 615 1428 2153
f 617 1434 2009
f 637 1571 2207
f 604 1373 1926
f 416 911 1857
f 408 893 1803
f 406 888 1786
f 412 900 1822
f 415 906 1840
f 424 924 1876
f 492 1062 2182
f 582 1242 2312
f 565 1206 2276
f 514 1104 1898
f 461 1001 2091
f 453 983 2037
f 451 978 1952
f 457 990 2056
f 460 996 2074
f 475 1026 2128
f 439 954 1966
f 496 1068 1988
f 533 1140 2222
f 551 1181 2293
f 579 1235 2185
f 483 1043 1879
f 426 929 1893
f 521 1121 2271
f 566 1211 2307
f 489 1055 2163
f 578 1230 2150
f 560 1194 2006
f 518 1110 2204
f 429 935 1911
f 547 1169 2131
f 465 1007 1969
f 441 959 1983
f 504 1085 2217
f 537 1152 2290
f 550 1176 2168
f 476 1031 2145
f 444 965 2001
f 502 1079 2199
f 526 1128 1916
f 481 1038 1808
f 420 917 1789
f 510 1097 1825
f 555 1187 1843
f 571 1218 1862
f 540 1157 1933
f 473 1020 2110
f 447 972 2020
f 507 1092 2236
f 534 1145 2257
f 469 1014 2042
f 435 947 1947
f 498 1073 2059
f 529 1133 2077
f 545 1164 2096
f 487 1049 2113
f 574 1223 2023
f 562 1199 2239
f 520 1116 2254
f 432 942 1930
f 589 1283 1818
f 583 1259 1798
f 586 1295 1834
f 593 1313 1852
f 596 1331 1872
f 599 1379 1942
f 633 1541 2120
f 620 1452 2030
f 640 1578 2248
f 603 1368 2263
f 622 1487 2052
f 607 1391 1955
f 612 1440 2065
f 626 1511 2086
f 629 1529 2106
f 631 1547 2122
f 614 1469 2032
f 618 1458 2245
f 641 1584 2266
f 605 1362 1940
f 409 1269 1813
f 405 1245 1792
f 411 1252 1828
f 414 1288 1846
f 417 1306 1867
f 431 1336 1936
f 488 1551 2123
f 575 1473 2033
f 563 1599 2249
f 519 1354 2260
f 454 1479 2049
f 450 1401 1959
f 456 1408 2062
f 459 1492 2080
f 462 1504 2101
f 472 1533 2116
f 446 1414 2026
f 506 1444 2242
f 535 1594 2267
f 541 1383 1943
f 570 1323 1869
f 480 1275 1815
f 421 1263 1799
f 511 1299 1835
f 556 1317 1853
f 484 1341 1889
f 580 1564 2195
f 567 1462 2319
f 522 1588 2283
f 427 1347 1905
f 544 1521 2103
f 468 1420 2046
f 436 1395 1957
f 499 1497 2069
f 530 1515 2087
f 548 1557 2141
f 466 1425 1979
f 442 1431 1993
f 505 1570 2229
f 536 1372 2296
f 491 1282 2188
f 423 1258 1882
f 513 1294 1902
f 564 1312 2280
f 581 1330 2316
f 549 1378 2172
f 477 1540 2157
f 445 1449 2011
f 503 1575 2209
f 525 1365 1923
f 474 1486 2134
f 438 1390 1972
f 495 1437 1995
f 532 1510 2226
f 552 1528 2303
f 490 1546 2175
f 577 1468 2154
f 559 1455 2013
f 517 1581 2211
f 430 1359 1921
f 590 1272 1865
f 584 1248 1811
f 585 1253 1796
f 592 1289 1832
f 595 1307 1850
f 598 1337 1888
f 636 1554 2194
f 621 1476 2322
f 642 1602 2286
f 601 1355 1908
f 623 1482 2099
f 611 1404 2045
f 609 1409 1962
f 625 1493 2068
f 628 1505 2084
f 632 1536 2140
f 613 1415 1976
f 616 1445 1998
f 638 1595 2232
f 606 1386 2299
f 407 909 2330
f 403 891 2324
f 404 886 2325
f 410 898 2332
f 413 904 2335
f 422 922 2344
f 486 1060 2410
f 573 1240 2497
f 561 1204 2486
f 512 1102 2434
f 452 999 2375
f 448 981 2369
f 449 976 2370
f 455 988 2377
f 458 994 2380
f 470 1024 2393
f 437 952 2359
f 494 1066 2415
f 531 1138 2455
f 539 1179 2461
f 568 1233 2489
f 478 1041 2399
f 419 927 2341
f 509 1119 2431
f 554 1209 2476
f 482 1053 2405
f 576 1228 2500
f 558 1192 2481
f 516 1108 2439
f 425 933 2348
f 542 1167 2465
f 463 1005 2383
f 434 957 2356
f 497 1083 2420
f 528 1150 2452
f 546 1174 2471
f 464 1029 2386
f 440 963 2363
f 500 1077 2422
f 524 1126 2445
f 479 1036 2400
f 418 915 2338
f 508 1095 2428
f 553 1185 2473
f 569 1216 2490
f 538 1155 2458
f 471 1018 2394
f 443 970 2366
f 501 1090 2425
f 523 1143 2444
f 467 1012 2389
f 433 945 2353
f 493 1071 2414
f 527 1131 2449
f 543 1162 2466
f 485 1047 2407
f 572 1221 2494
f 557 1197 2480
f 515 1114 2438
f 428 940 2351
f 591 1284 2510
f 587 1260 2504
f 588 1296 2508
f 594 1314 2514
f 597 1332 2517
f 600 1380 2520
f 634 1542 2554
f 619 1451 2539
f 639 1577 2560
f 602 1367 2523
f 624 1488 2543
f 608 1392 2527
f 610 1439 2532
f 627 1512 2547
f 630 1530 2550
f 635 1548 2552
f 615 1470 2535
f 617 1457 2538
f 637 1583 2558
f 604 1361 2524
f 167 1616 1607
f 164 1608 1603
f 163 1606 1604
f 165 1612 1610
f 166 1615 1613
f 169 1624 1622
f 192 1692 1686
f 222 1782 1773
f 216 1765 1761
f 199 1714 1712
f 182 1661 1652
f 179 1653 1648
f 178 1651 1649
f 180 1657 1655
f 181 1660 1658
f 186 1675 1670
f 174 1639 1637
f 193 1696 1694
f 205 1733 1731
f 212 1751 1739
f 221 1779 1768
f 189 1683 1678
f 170 1626 1619
f 202 1721 1709
f 217 1766 1754
f 191 1689 1682
f 220 1778 1776
f 214 1760 1758
f 200 1718 1716
f 171 1629 1625
f 210 1747 1742
f 183 1665 1663
f 175 1641 1634
f 196 1704 1697
f 207 1737 1728
f 211 1750 1746
f 187 1676 1664
f 176 1644 1640
f 195 1702 1700
f 203 1726 1724
f 188 1681 1679
f 168 1620 1618
f 198 1710 1708
f 213 1755 1753
f 218 1771 1769
f 208 1740 1738
f 185 1673 1671
f 177 1647 1643
f 197 1707 1701
f 206 1734 1723
f 184 1669 1667
f 173 1635 1633
f 194 1698 1693
f 204 1729 1727
f 209 1745 1743
f 190 1687 1685
f 219 1774 1772
f 215 1762 1757
f 201 1720 1715
f 172 1632 1628
f 357 2189 2187
f 255 1883 1881
f 262 1903 1899
f 388 2281 2277
f 400 2317 2313
f 352 2173 2169
f 347 2158 2156
f 298 2012 2010
f 364 2210 2208
f 269 1924 1917
f 339 2135 2133
f 285 1973 1971
f 293 1996 1989
f 370 2227 2223
f 396 2304 2300
f 353 2176 2174
f 346 2155 2151
f 299 2014 2007
f 365 2212 2205
f 268 1922 1920
f 249 1864 1855
f 231 1810 1801
f 226 1795 1784
f 238 1831 1820
f 244 1849 1838
f 257 1887 1874
f 359 2193 2180
f 402 2321 2310
f 390 2285 2274
f 264 1907 1896
f 327 2098 2089
f 309 2044 2035
f 282 1961 1950
f 317 2067 2054
f 322 2083 2072
f 341 2139 2126
f 286 1975 1964
f 294 1997 1986
f 372 2231 2220
f 394 2298 2291
f 358 2190 2183
f 256 1884 1877
f 261 1900 1891
f 387 2278 2269
f 399 2314 2305
f 351 2170 2161
f 348 2159 2148
f 300 2015 2004
f 366 2213 2202
f 267 1918 1909
f 340 2136 2129
f 287 1977 1967
f 291 1990 1981
f 369 2224 2215
f 395 2301 2288
f 354 2177 2166
f 345 2152 2143
f 297 2008 1999
f 363 2206 2197
f 270 1925 1914
f 234 1817 1806
f 227 1797 1787
f 239 1833 1823
f 245 1851 1841
f 252 1871 1860
f 275 1941 1931
f 334 2119 2108
f 304 2029 2018
f 377 2247 2234
f 382 2262 2255
f 312 2051 2040
f 279 1954 1945
f 316 2064 2057
f 323 2085 2075
f 330 2105 2094
f 335 2121 2111
f 305 2031 2021
f 376 2244 2237
f 383 2265 2252
f 274 1939 1928
f 232 1814 1812
f 225 1793 1791
f 237 1829 1827
f 243 1847 1845
f 250 1868 1866
f 273 1937 1935
f 336 2124 2118
f 306 2034 2028
f 378 2250 2246
f 381 2261 2259
f 311 2050 2048
f 281 1960 1953
f 315 2063 2061
f 321 2081 2079
f 328 2102 2100
f 333 2117 2115
f 303 2027 2025
f 375 2243 2241
f 384 2268 2264
f 276 1944 1938
f 229 1804 1802
f 223 1785 1783
f 235 1821 1819
f 241 1839 1837
f 247 1858 1856
f 271 1929 1927
f 332 2114 2112
f 302 2024 2022
f 374 2240 2238
f 379 2253 2251
f 307 2038 2036
f 278 1951 1949
f 313 2055 2053
f 319 2073 2071
f 325 2092 2090
f 331 2109 2107
f 301 2019 2017
f 373 2235 2233
f 380 2258 2256
f 272 1934 1932
f 248 1861 1859
f 230 1807 1805
f 224 1790 1788
f 236 1826 1824
f 242 1844 1842
f 254 1880 1878
f 356 2186 2184
f 397 2308 2306
f 385 2272 2270
f 259 1894 1892
f 326 2095 2093
f 308 2041 2039
f 277 1948 1946
f 314 2060 2058
f 320 2078 2076
f 338 2132 2130
f 284 1970 1968
f 289 1984 1982
f 367 2218 2216
f 391 2289 2287
f 355 2181 2179
f 253 1875 1873
f 260 1897 1895
f 386 2275 2273
f 398 2311 2309
f 350 2167 2165
f 343 2146 2144
f 295 2002 2000
f 361 2200 2198
f 266 1915 1913
f 337 2127 2125
f 283 1965 1963
f 290 1987 1985
f 368 2221 2219
f 392 2294 2292
f 349 2164 2162
f 344 2149 2147
f 296 2005 2003
f 362 2203 2201
f 265 1912 1910
f 251 1870 1863
f 233 1816 1809
f 228 1800 1794
f 240 1836 1830
f 246 1854 1848
f 258 1890 1886
f 360 2196 2192
f 401 2320 2318
f 389 2284 2282
f 263 1906 1904
f 329 2104 2097
f 310 2047 2043
f 280 1958 1956
f 318 2070 2066
f 324 2088 2082
f 342 2142 2138
f 288 1980 1974
f 292 1994 1992
f 371 2230 2228
f 393 2297 2295
f 409 2329 2331
f 405 2323 2327
f 411 2326 2328
f 414 2333 2334
f 417 2336 2337
f 431 2345 2346
f 488 2409 2412
f 575 2496 2499
f 563 2485 2487
f 519 2435 2436
f 454 2374 2376
f 450 2368 2372
f 456 2371 2373
f 459 2378 2379
f 462 2381 2382
f 472 2392 2396
f 446 2360 2361
f 506 2416 2418
f 535 2456 2457
f 541 2460 2463
f 570 2488 2492
f 480 2398 2402
f 421 2340 2343
f 511 2430 2433
f 556 2475 2478
f 484 2404 2406
f 580 2501 2502
f 567 2482 2484
f 522 2440 2442
f 427 2347 2349
f 544 2464 2468
f 468 2384 2387
f 436 2355 2358
f 499 2419 2421
f 530 2451 2454
f 548 2470 2472
f 466 2385 2388
f 442 2362 2364
f 505 2423 2426
f 536 2446 2448
f 491 2401 2403
f 423 2339 2342
f 513 2429 2432
f 564 2474 2477
f 581 2491 2493
f 549 2459 2462
f 477 2395 2397
f 445 2365 2367
f 503 2424 2427
f 525 2443 2447
f 474 2390 2391
f 438 2354 2357
f 495 2413 2417
f 532 2450 2453
f 552 2467 2469
f 490 2408 2411
f 577 2495 2498
f 559 2479 2483
f 517 2437 2441
f 430 2350 2352
f 590 2511 2509
f 584 2505 2503
f 585 2507 2506
f 592 2513 2512
f 595 2516 2515
f 598 2519 2518
f 636 2556 2555
f 621 2540 2541
f 642 2561 2562
f 601 2521 2522
f 623 2544 2542
f 611 2529 2528
f 609 2530 2531
f 625 2546 2545
f 628 2549 2548
f 632 2553 2551
f 613 2534 2533
f 616 2536 2537
f 638 2557 2559
f 606 2525 2526
f 1607 644 647
f 1603 643 644
f 1604 645 643
f 1610 646 645
f 1613 647 646
f 1622 652 649
f 1686 670 672
f 1773 699 702
f 1761 695 696
f 1712 681 679
f 1652 659 662
f 1648 658 659
f 1649 660 658
f 1655 661 660
f 1658 662 661
f 1670 665 666
f 1637 657 654
f 1694 677 673
f 1731 686 685
f 1739 688 692
f 1768 698 701
f 1678 668 669
f 1619 648 650
f 1709 678 682
f 1754 693 697
f 1682 669 671
f 1776 701 700
f 1758 697 694
f 1716 682 680
f 1625 650 651
f 1742 689 690
f 1663 664 663
f 1634 653 655
f 1697 674 676
f 1728 684 687
f 1746 690 691
f 1664 663 667
f 1640 655 656
f 1700 676 675
f 1724 687 683
f 1679 672 668
f 1618 649 648
f 1708 679 678
f 1753 696 693
f 1769 702 698
f 1738 691 688
f 1671 667 665
f 1643 656 657
f 1701 675 677
f 1723 683 686
f 1667 666 664
f 1633 654 653
f 1693 673 674
f 1727 685 684
f 1743 692 689
f 1685 671 670
f 1772 700 699
f 1757 694 695
f 1715 680 681
f 1628 651 652
f 2187 838 837
f 1881 736 735
f 1899 741 742
f 2277 867 868
f 2313 879 880
f 2169 831 832
f 2156 828 827
f 2010 780 778
f 2208 846 844
f 1917 747 749
f 2133 820 819
f 1971 767 765
f 1989 771 773
f 2223 849 850
f 2300 875 876
f 2174 834 833
f 2151 825 826
f 2007 777 779
f 2205 843 845
f 1920 750 748
f 1855 727 729
f 1801 709 711
f 1784 703 706
f 1820 715 718
f 1838 721 724
f 1874 733 737
f 2180 835 839
f 2310 878 882
f 2274 866 870
f 1896 740 744
f 2089 805 807
f 2035 787 789
f 1950 758 762
f 2054 793 797
f 2072 799 802
f 2126 817 821
f 1964 763 766
f 1986 770 774
f 2220 848 852
f 2291 872 874
f 2183 836 838
f 1877 734 736
f 1891 739 741
f 2269 865 867
f 2305 877 879
f 2161 829 831
f 2148 824 828
f 2004 776 780
f 2202 842 846
f 1909 745 747
f 2129 818 820
f 1967 764 767
f 1981 769 771
f 2215 847 849
f 2288 871 875
f 2166 830 834
f 2143 823 825
f 1999 775 777
f 2197 841 843
f 1914 746 750
f 1806 710 714
f 1787 704 707
f 1823 716 719
f 1841 722 725
f 1860 728 732
f 1931 752 755
f 2108 811 814
f 2018 781 784
f 2234 853 857
f 2255 860 862
f 2040 788 792
f 1945 757 759
f 2057 794 796
f 2075 800 803
f 2094 806 810
f 2111 812 815
f 2021 782 785
f 2237 854 856
f 2252 859 863
f 1928 751 754
f 1812 714 712
f 1791 707 705
f 1827 719 717
f 1845 725 723
f 1866 732 730
f 1935 755 753
f 2118 814 816
f 2028 784 786
f 2246 857 858
f 2259 862 861
f 2048 792 791
f 1953 759 761
f 2061 796 795
f 2079 803 801
f 2100 810 808
f 2115 815 813
f 2025 785 783
f 2241 856 855
f 2264 863 864
f 1938 754 756
f 1802 712 709
f 1783 705 703
f 1819 717 715
f 1837 723 721
f 1856 730 727
f 1927 753 751
f 2112 816 812
f 2022 786 782
f 2238 858 854
f 2251 861 859
f 2036 791 787
f 1949 761 758
f 2053 795 793
f 2071 801 799
f 2090 808 805
f 2107 813 811
f 2017 783 781
f 2233 855 853
f 2256 864 860
f 1932 756 752
f 1859 731 728
f 1805 713 710
f 1788 708 704
f 1824 720 716
f 1842 726 722
f 1878 738 734
f 2184 840 836
f 2306 881 877
f 2270 869 865
f 1892 743 739
f 2093 809 806
f 2039 790 788
f 1946 760 757
f 2058 798 794
f 2076 804 800
f 2130 822 818
f 1968 768 764
f 1982 772 769
f 2216 851 847
f 2287 873 871
f 2179 837 835
f 1873 735 733
f 1895 742 740
f 2273 868 866
f 2309 880 878
f 2165 832 830
f 2144 827 823
f 2000 778 775
f 2198 844 841
f 1913 749 746
f 2125 819 817
f 1963 765 763
f 1985 773 770
f 2219 850 848
f 2292 876 872
f 2162 833 829
f 2147 826 824
f 2003 779 776
f 2201 845 842
f 1910 748 745
f 1863 729 731
f 1809 711 713
f 1794 706 708
f 1830 718 720
f 1848 724 726
f 1886 737 738
f 2192 839 840
f 2318 882 881
f 2282 870 869
f 1904 744 743
f 2097 807 809
f 2043 789 790
f 1956 762 760
f 2066 797 798
f 2082 802 804
f 2138 821 822
f 1974 766 768
f 1992 774 772
f 2228 852 851
f 2295 874 873
f 2331 1270 1269
f 2327 1246 1245
f 2328 1251 1252
f 2334 1287 1288
f 2337 1305 1306
f 2346 1335 1336
f 2412 1552 1551
f 2499 1474 1473
f 2487 1600 1599
f 2436 1353 1354
f 2376 1480 1479
f 2372 1402 1401
f 2373 1407 1408
f 2379 1491 1492
f 2382 1503 1504
f 2396 1534 1533
f 2361 1413 1414
f 2418 1443 1444
f 2457 1593 1594
f 2463 1384 1383
f 2492 1324 1323
f 2402 1276 1275
f 2343 1264 1263
f 2433 1300 1299
f 2478 1318 1317
f 2406 1342 1341
f 2502 1563 1564
f 2484 1461 1462
f 2442 1587 1588
f 2349 1348 1347
f 2468 1522 1521
f 2387 1419 1420
f 2358 1396 1395
f 2421 1498 1497
f 2454 1516 1515
f 2472 1558 1557
f 2388 1426 1425
f 2364 1432 1431
f 2426 1569 1570
f 2448 1371 1372
f 2403 1281 1282
f 2342 1257 1258
f 2432 1293 1294
f 2477 1311 1312
f 2493 1329 1330
f 2462 1377 1378
f 2397 1539 1540
f 2367 1450 1449
f 2427 1576 1575
f 2447 1366 1365
f 2391 1485 1486
f 2357 1389 1390
f 2417 1438 1437
f 2453 1509 1510
f 2469 1527 1528
f 2411 1545 1546
f 2498 1467 1468
f 2483 1456 1455
f 2441 1582 1581
f 2352 1360 1359
f 2509 1271 1272
f 2503 1247 1248
f 2506 1254 1253
f 2512 1290 1289
f 2515 1308 1307
f 2518 1338 1337
f 2555 1553 1554
f 2541 1475 1476
f 2562 1601 1602
f 2522 1356 1355
f 2542 1481 1482
f 2528 1403 1404
f 2531 1410 1409
f 2545 1494 1493
f 2548 1506 1505
f 2551 1535 1536
f 2533 1416 1415
f 2537 1446 1445
f 2559 1596 1595
f 2526 1385 1386
f 1616 907 909
f 1608 889 891
f 1606 883 886
f 1612 895 898
f 1615 901 904
f 1624 919 922
f 1692 1057 1060
f 1782 1237 1240
f 1765 1201 1204
f 1714 1099 1102
f 1661 997 999
f 1653 979 981
f 1651 973 976
f 1657 985 988
f 1660 991 994
f 1675 1021 1024
f 1639 949 952
f 1696 1063 1066
f 1733 1135 1138
f 1751 1177 1179
f 1779 1231 1233
f 1683 1039 1041
f 1626 925 927
f 1721 1117 1119
f 1766 1207 1209
f 1689 1051 1053
f 1778 1225 1228
f 1760 1189 1192
f 1718 1105 1108
f 1629 931 933
f 1747 1165 1167
f 1665 1003 1005
f 1641 955 957
f 1704 1081 1083
f 1737 1147 1150
f 1750 1171 1174
f 1676 1027 1029
f 1644 961 963
f 1702 1075 1077
f 1726 1123 1126
f 1681 1033 1036
f 1620 913 915
f 1710 1093 1095
f 1755 1183 1185
f 1771 1213 1216
f 1740 1153 1155
f 1673 1015 1018
f 1647 967 970
f 1707 1087 1090
f 1734 1141 1143
f 1669 1009 1012
f 1635 943 945
f 1698 1069 1071
f 1729 1129 1131
f 1745 1159 1162
f 1687 1045 1047
f 1774 1219 1221
f 1762 1195 1197
f 1720 1111 1114
f 1632 937 940
f 2189 1280 1284
f 1883 1256 1260
f 1903 1292 1296
f 2281 1310 1314
f 2317 1328 1332
f 2173 1376 1380
f 2158 1538 1542
f 2012 1447 1451
f 2210 1573 1577
f 1924 1363 1367
f 2135 1484 1488
f 1973 1388 1392
f 1996 1435 1439
f 2227 1508 1512
f 2304 1526 1530
f 2176 1544 1548
f 2155 1466 1470
f 2014 1453 1457
f 2212 1579 1583
f 1922 1357 1361
f 1864 1268 1270
f 1810 1244 1246
f 1795 1249 1251
f 1831 1285 1287
f 1849 1303 1305
f 1887 1333 1335
f 2193 1550 1552
f 2321 1472 1474
f 2285 1598 1600
f 1907 1351 1353
f 2098 1478 1480
f 2044 1400 1402
f 1961 1405 1407
f 2067 1489 1491
f 2083 1501 1503
f 2139 1532 1534
f 1975 1411 1413
f 1997 1441 1443
f 2231 1591 1593
f 2298 1382 1384
f 2190 1322 1324
f 1884 1274 1276
f 1900 1262 1264
f 2278 1298 1300
f 2314 1316 1318
f 2170 1340 1342
f 2159 1561 1563
f 2015 1459 1461
f 2213 1585 1587
f 1918 1346 1348
f 2136 1520 1522
f 1977 1417 1419
f 1990 1394 1396
f 2224 1496 1498
f 2301 1514 1516
f 2177 1556 1558
f 2152 1424 1426
f 2008 1430 1432
f 2206 1567 1569
f 1925 1369 1371
f 1817 1279 1281
f 1797 1255 1257
f 1833 1291 1293
f 1851 1309 1311
f 1871 1327 1329
f 1941 1375 1377
f 2119 1537 1539
f 2029 1448 1450
f 2247 1574 1576
f 2262 1364 1366
f 2051 1483 1485
f 1954 1387 1389
f 2064 1436 1438
f 2085 1507 1509
f 2105 1525 1527
f 2121 1543 1545
f 2031 1465 1467
f 2244 1454 1456
f 2265 1580 1582
f 1939 1358 1360
f 1814 1267 1271
f 1793 1243 1247
f 1829 1250 1254
f 1847 1286 1290
f 1868 1304 1308
f 1937 1334 1338
f 2124 1549 1553
f 2034 1471 1475
f 2250 1597 1601
f 2261 1352 1356
f 2050 1477 1481
f 1960 1399 1403
f 2063 1406 1410
f 2081 1490 1494
f 2102 1502 1506
f 2117 1531 1535
f 2027 1412 1416
f 2243 1442 1446
f 2268 1592 1596
f 1944 1381 1385
f 1804 890 894
f 1785 884 887
f 1821 896 899
f 1839 902 905
f 1858 908 912
f 1929 938 941
f 2114 1046 1050
f 2024 1220 1224
f 2240 1196 1200
f 2253 1112 1115
f 2038 980 984
f 1951 974 977
f 2055 986 989
f 2073 992 995
f 2092 998 1002
f 2109 1016 1019
f 2019 968 971
f 2235 1088 1091
f 2258 1142 1146
f 1934 1154 1158
f 1861 1214 1217
f 1807 1034 1037
f 1790 914 918
f 1826 1094 1098
f 1844 1184 1188
f 1880 1040 1044
f 2186 1232 1236
f 2308 1208 1212
f 2272 1118 1122
f 1894 926 930
f 2095 1160 1163
f 2041 1010 1013
f 1948 944 948
f 2060 1070 1074
f 2078 1130 1134
f 2132 1166 1170
f 1970 1004 1008
f 1984 956 960
f 2218 1082 1086
f 2289 1148 1151
f 2181 1058 1061
f 1875 920 923
f 1897 1100 1103
f 2275 1202 1205
f 2311 1238 1241
f 2167 1172 1175
f 2146 1028 1032
f 2002 962 966
f 2200 1076 1080
f 1915 1124 1127
f 2127 1022 1025
f 1965 950 953
f 1987 1064 1067
f 2221 1136 1139
f 2294 1178 1182
f 2164 1052 1056
f 2149 1226 1229
f 2005 1190 1193
f 2203 1106 1109
f 1912 932 936
f 1870 1321 1325
f 1816 1273 1277
f 1800 1261 1265
f 1836 1297 1301
f 1854 1315 1319
f 1890 1339 1343
f 2196 1562 1566
f 2320 1460 1464
f 2284 1586 1590
f 1906 1345 1349
f 2104 1519 1523
f 2047 1418 1422
f 1958 1393 1397
f 2070 1495 1499
f 2088 1513 1517
f 2142 1555 1559
f 1980 1423 1427
f 1994 1429 1433
f 2230 1568 1572
f 2297 1370 1374
f 2329 894 892
f 2323 887 885
f 2326 899 897
f 2333 905 903
f 2336 912 910
f 2345 941 939
f 2409 1050 1048
f 2496 1224 1222
f 2485 1200 1198
f 2435 1115 1113
f 2374 984 982
f 2368 977 975
f 2371 989 987
f 2378 995 993
f 2381 1002 1000
f 2392 1019 1017
f 2360 971 969
f 2416 1091 1089
f 2456 1146 1144
f 2460 1158 1156
f 2488 1217 1215
f 2398 1037 1035
f 2340 918 916
f 2430 1098 1096
f 2475 1188 1186
f 2404 1044 1042
f 2501 1236 1234
f 2482 1212 1210
f 2440 1122 1120
f 2347 930 928
f 2464 1163 1161
f 2384 1013 1011
f 2355 948 946
f 2419 1074 1072
f 2451 1134 1132
f 2470 1170 1168
f 2385 1008 1006
f 2362 960 958
f 2423 1086 1084
f 2446 1151 1149
f 2401 1061 1059
f 2339 923 921
f 2429 1103 1101
f 2474 1205 1203
f 2491 1241 1239
f 2459 1175 1173
f 2395 1032 1030
f 2365 966 964
f 2424 1080 1078
f 2443 1127 1125
f 2390 1025 1023
f 2354 953 951
f 2413 1067 1065
f 2450 1139 1137
f 2467 1182 1180
f 2408 1056 1054
f 2495 1229 1227
f 2479 1193 1191
f 2437 1109 1107
f 2350 936 934
f 2511 1325 1326
f 2505 1277 1278
f 2507 1265 1266
f 2513 1301 1302
f 2516 1319 1320
f 2519 1343 1344
f 2556 1566 1565
f 2540 1464 1463
f 2561 1590 1589
f 2521 1349 1350
f 2544 1523 1524
f 2529 1422 1421
f 2530 1397 1398
f 2546 1499 1500
f 2549 1517 1518
f 2553 1559 1560
f 2534 1427 1428
f 2536 1433 1434
f 2557 1572 1571
f 2525 1374 1373
f 1609 892 889
f 1605 885 883
f 1611 897 895
f 1614 903 901
f 1617 910 907
f 1631 939 937
f 1688 1048 1045
f 1775 1222 1219
f 1763 1198 1195
f 1719 1113 1111
f 1654 982 979
f 1650 975 973
f 1656 987 985
f 1659 993 991
f 1662 1000 997
f 1672 1017 1015
f 1646 969 967
f 1706 1089 1087
f 1735 1144 1141
f 1741 1156 1153
f 1770 1215 1213
f 1680 1035 1033
f 1621 916 913
f 1711 1096 1093
f 1756 1186 1183
f 1684 1042 1039
f 1780 1234 1231
f 1767 1210 1207
f 1722 1120 1117
f 1627 928 925
f 1744 1161 1159
f 1668 1011 1009
f 1636 946 943
f 1699 1072 1069
f 1730 1132 1129
f 1748 1168 1165
f 1666 1006 1003
f 1642 958 955
f 1705 1084 1081
f 1736 1149 1147
f 1691 1059 1057
f 1623 921 919
f 1713 1101 1099
f 1764 1203 1201
f 1781 1239 1237
f 1749 1173 1171
f 1677 1030 1027
f 1645 964 961
f 1703 1078 1075
f 1725 1125 1123
f 1674 1023 1021
f 1638 951 949
f 1695 1065 1063
f 1732 1137 1135
f 1752 1180 1177
f 1690 1054 1051
f 1777 1227 1225
f 1759 1191 1189
f 1717 1107 1105
f 1630 934 931
f 2191 1326 1322
f 1885 1278 1274
f 1901 1266 1262
f 2279 1302 1298
f 2315 1320 1316
f 2171 1344 1340
f 2160 1565 1561
f 2016 1463 1459
f 2214 1589 1585
f 1919 1350 1346
f 2137 1524 1520
f 1978 1421 1417
f 1991 1398 1394
f 2225 1500 1496
f 2302 1518 1514
f 2178 1560 1556
f 2153 1428 1424
f 2009 1434 1430
f 2207 1571 1567
f 1926 1373 1369
f 1857 911 908
f 1803 893 890
f 1786 888 884
f 1822 900 896
f 1840 906 902
f 1876 924 920
f 2182 1062 1058
f 2312 1242 1238
f 2276 1206 1202
f 1898 1104 1100
f 2091 1001 998
f 2037 983 980
f 1952 978 974
f 2056 990 986
f 2074 996 992
f 2128 1026 1022
f 1966 954 950
f 1988 1068 1064
f 2222 1140 1136
f 2293 1181 1178
f 2185 1235 1232
f 1879 1043 1040
f 1893 929 926
f 2271 1121 1118
f 2307 1211 1208
f 2163 1055 1052
f 2150 1230 1226
f 2006 1194 1190
f 2204 1110 1106
f 1911 935 932
f 2131 1169 1166
f 1969 1007 1004
f 1983 959 956
f 2217 1085 1082
f 2290 1152 1148
f 2168 1176 1172
f 2145 1031 1028
f 2001 965 962
f 2199 1079 1076
f 1916 1128 1124
f 1808 1038 1034
f 1789 917 914
f 1825 1097 1094
f 1843 1187 1184
f 1862 1218 1214
f 1933 1157 1154
f 2110 1020 1016
f 2020 972 968
f 2236 1092 1088
f 2257 1145 1142
f 2042 1014 1010
f 1947 947 944
f 2059 1073 1070
f 2077 1133 1130
f 2096 1164 1160
f 2113 1049 1046
f 2023 1223 1220
f 2239 1199 1196
f 2254 1116 1112
f 1930 942 938
f 1818 1283 1279
f 1798 1259 1255
f 1834 1295 1291
f 1852 1313 1309
f 1872 1331 1327
f 1942 1379 1375
f 2120 1541 1537
f 2030 1452 1448
f 2248 1578 1574
f 2263 1368 1364
f 2052 1487 1483
f 1955 1391 1387
f 2065 1440 1436
f 2086 1511 1507
f 2106 1529 1525
f 2122 1547 1543
f 2032 1469 1465
f 2245 1458 1454
f 2266 1584 1580
f 1940 1362 1358
f 1813 1269 1267
f 1792 1245 1243
f 1828 1252 1250
f 1846 1288 1286
f 1867 1306 1304
f 1936 1336 1334
f 2123 1551 1549
f 2033 1473 1471
f 2249 1599 1597
f 2260 1354 1352
f 2049 1479 1477
f 1959 1401 1399
f 2062 1408 1406
f 2080 1492 1490
f 2101 1504 1502
f 2116 1533 1531
f 2026 1414 1412
f 2242 1444 1442
f 2267 1594 1592
f 1943 1383 1381
f 1869 1323 1321
f 1815 1275 1273
f 1799 1263 1261
f 1835 1299 1297
f 1853 1317 1315
f 1889 1341 1339
f 2195 1564 1562
f 2319 1462 1460
f 2283 1588 1586
f 1905 1347 1345
f 2103 1521 1519
f 2046 1420 1418
f 1957 1395 1393
f 2069 1497 1495
f 2087 1515 1513
f 2141 1557 1555
f 1979 1425 1423
f 1993 1431 1429
f 2229 1570 1568
f 2296 1372 1370
f 2188 1282 1280
f 1882 1258 1256
f 1902 1294 1292
f 2280 1312 1310
f 2316 1330 1328
f 2172 1378 1376
f 2157 1540 1538
f 2011 1449 1447
f 2209 1575 1573
f 1923 1365 1363
f 2134 1486 1484
f 1972 1390 1388
f 1995 1437 1435
f 2226 1510 1508
f 2303 1528 1526
f 2175 1546 1544
f 2154 1468 1466
f 2013 1455 1453
f 2211 1581 1579
f 1921 1359 1357
f 1865 1272 1268
f 1811 1248 1244
f 1796 1253 1249
f 1832 1289 1285
f 1850 1307 1303
f 1888 1337 1333
f 2194 1554 1550
f 2322 1476 1472
f 2286 1602 1598
f 1908 1355 1351
f 2099 1482 1478
f 2045 1404 1400
f 1962 1409 1405
f 2068 1493 1489
f 2084 1505 1501
f 2140 1536 1532
f 1976 1415 1411
f 1998 1445 1441
f 2232 1595 1591
f 2299 1386 1382
f 2330 909 911
f 2324 891 893
f 2325 886 888
f 2332 898 900
f 2335 904 906
f 2344 922 924
f 2410 1060 1062
f 2497 1240 1242
f 2486 1204 1206
f 2434 1102 1104
f 2375 999 1001
f 2369 981 983
f 2370 976 978
f 2377 988 990
f 2380 994 996
f 2393 1024 1026
f 2359 952 954
f 2415 1066 1068
f 2455 1138 1140
f 2461 1179 1181
f 2489 1233 1235
f 2399 1041 1043
f 2341 927 929
f 2431 1119 1121
f 2476 1209 1211
f 2405 1053 1055
f 2500 1228 1230
f 2481 1192 1194
f 2439 1108 1110
f 2348 933 935
f 2465 1167 1169
f 2383 1005 1007
f 2356 957 959
f 2420 1083 1085
f 2452 1150 1152
f 2471 1174 1176
f 2386 1029 1031
f 2363 963 965
f 2422 1077 1079
f 2445 1126 1128
f 2400 1036 1038
f 2338 915 917
f 2428 1095 1097
f 2473 1185 1187
f 2490 1216 1218
f 2458 1155 1157
f 2394 1018 1020
f 2366 970 972
f 2425 1090 1092
f 2444 1143 1145
f 2389 1012 1014
f 2353 945 947
f 2414 1071 1073
f 2449 1131 1133
f 2466 1162 1164
f 2407 1047 1049
f 2494 1221 1223
f 2480 1197 1199
f 2438 1114 1116
f 2351 940 942
f 2510 1284 1283
f 2504 1260 1259
f 2508 1296 1295
f 2514 1314 1313
f 2517 1332 1331
f 2520 1380 1379
f 2554 1542 1541
f 2539 1451 1452
f 2560 1577 1578
f 2523 1367 1368
f 2543 1488 1487
f 2527 1392 1391
f 2532 1439 1440
f 2547 1512 1511
f 2550 1530 1529
f 2552 1548 1547
f 2535 1470 1469
f 2538 1457 1458
f 2558 1583 1584
f 2524 1361 1362
f 1607 1616 1609
f 1603 1608 1605
f 1604 1606 1611
f 1610 1612 1614
f 1613 1615 1617
f 1622 1624 1631
f 1686 1692 1688
f 1773 1782 1775
f 1761 1765 1763
f 1712 1714 1719
f 1652 1661 1654
f 1648 1653 1650
f 1649 1651 1656
f 1655 1657 1659
f 1658 1660 1662
f 1670 1675 1672
f 1637 1639 1646
f 1694 1696 1706
f 1731 1733 1735
f 1739 1751 1741
f 1768 1779 1770
f 1678 1683 1680
f 1619 1626 1621
f 1709 1721 1711
f 1754 1766 1756
f 1682 1689 1684
f 1776 1778 1780
f 1758 1760 1767
f 1716 1718 1722
f 1625 1629 1627
f 1742 1747 1744
f 1663 1665 1668
f 1634 1641 1636
f 1697 1704 1699
f 1728 1737 1730
f 1746 1750 1748
f 1664 1676 1666
f 1640 1644 1642
f 1700 1702 1705
f 1724 1726 1736
f 1679 1681 1691
f 1618 1620 1623
f 1708 1710 1713
f 1753 1755 1764
f 1769 1771 1781
f 1738 1740 1749
f 1671 1673 1677
f 1643 1647 1645
f 1701 1707 1703
f 1723 1734 1725
f 1667 1669 1674
f 1633 1635 1638
f 1693 1698 1695
f 1727 1729 1732
f 1743 1745 1752
f 1685 1687 1690
f 1772 1774 1777
f 1757 1762 1759
f 1715 1720 1717
f 1628 1632 1630
f 2187 2189 2191
f 1881 1883 1885
f 1899 1903 1901
f 2277 2281 2279
f 2313 2317 2315
f 2169 2173 2171
f 2156 2158 2160
f 2010 2012 2016
f 2208 2210 2214
f 1917 1924 1919
f 2133 2135 2137
f 1971 1973 1978
f 1989 1996 1991
f 2223 2227 2225
f 2300 2304 2302
f 2174 2176 2178
f 2151 2155 2153
f 2007 2014 2009
f 2205 2212 2207
f 1920 1922 1926
f 1855 1864 1857
f 1801 1810 1803
f 1784 1795 1786
f 1820 1831 1822
f 1838 1849 1840
f 1874 1887 1876
f 2180 2193 2182
f 2310 2321 2312
f 2274 2285 2276
f 1896 1907 1898
f 2089 2098 2091
f 2035 2044 2037
f 1950 1961 1952
f 2054 2067 2056
f 2072 2083 2074
f 2126 2139 2128
f 1964 1975 1966
f 1986 1997 1988
f 2220 2231 2222
f 2291 2298 2293
f 2183 2190 2185
f 1877 1884 1879
f 1891 1900 1893
f 2269 2278 2271
f 2305 2314 2307
f 2161 2170 2163
f 2148 2159 2150
f 2004 2015 2006
f 2202 2213 2204
f 1909 1918 1911
f 2129 2136 2131
f 1967 1977 1969
f 1981 1990 1983
f 2215 2224 2217
f 2288 2301 2290
f 2166 2177 2168
f 2143 2152 2145
f 1999 2008 2001
f 2197 2206 2199
f 1914 1925 1916
f 1806 1817 1808
f 1787 1797 1789
f 1823 1833 1825
f 1841 1851 1843
f 1860 1871 1862
f 1931 1941 1933
f 2108 2119 2110
f 2018 2029 2020
f 2234 2247 2236
f 2255 2262 2257
f 2040 2051 2042
f 1945 1954 1947
f 2057 2064 2059
f 2075 2085 2077
f 2094 2105 2096
f 2111 2121 2113
f 2021 2031 2023
f 2237 2244 2239
f 2252 2265 2254
f 1928 1939 1930
f 1812 1814 1818
f 1791 1793 1798
f 1827 1829 1834
f 1845 1847 1852
f 1866 1868 1872
f 1935 1937 1942
f 2118 2124 2120
f 2028 2034 2030
f 2246 2250 2248
f 2259 2261 2263
f 2048 2050 2052
f 1953 1960 1955
f 2061 2063 2065
f 2079 2081 2086
f 2100 2102 2106
f 2115 2117 2122
f 2025 2027 2032
f 2241 2243 2245
f 2264 2268 2266
f 1938 1944 1940
f 1802 1804 1813
f 1783 1785 1792
f 1819 1821 1828
f 1837 1839 1846
f 1856 1858 1867
f 1927 1929 1936
f 2112 2114 2123
f 2022 2024 2033
f 2238 2240 2249
f 2251 2253 2260
f 2036 2038 2049
f 1949 1951 1959
f 2053 2055 2062
f 2071 2073 2080
f 2090 2092 2101
f 2107 2109 2116
f 2017 2019 2026
f 2233 2235 2242
f 2256 2258 2267
f 1932 1934 1943
f 1859 1861 1869
f 1805 1807 1815
f 1788 1790 1799
f 1824 1826 1835
f 1842 1844 1853
f 1878 1880 1889
f 2184 2186 2195
f 2306 2308 2319
f 2270 2272 2283
f 1892 1894 1905
f 2093 2095 2103
f 2039 2041 2046
f 1946 1948 1957
f 2058 2060 2069
f 2076 2078 2087
f 2130 2132 2141
f 1968 1970 1979
f 1982 1984 1993
f 2216 2218 2229
f 2287 2289 2296
f 2179 2181 2188
f 1873 1875 1882
f 1895 1897 1902
f 2273 2275 2280
f 2309 2311 2316
f 2165 2167 2172
f 2144 2146 2157
f 2000 2002 2011
f 2198 2200 2209
f 1913 1915 1923
f 2125 2127 2134
f 1963 1965 1972
f 1985 1987 1995
f 2219 2221 2226
f 2292 2294 2303
f 2162 2164 2175
f 2147 2149 2154
f 2003 2005 2013
f 2201 2203 2211
f 1910 1912 1921
f 1863 1870 1865
f 1809 1816 1811
f 1794 1800 1796
f 1830 1836 1832
f 1848 1854 1850
f 1886 1890 1888
f 2192 2196 2194
f 2318 2320 2322
f 2282 2284 2286
f 1904 1906 1908
f 2097 2104 2099
f 2043 2047 2045
f 1956 1958 1962
f 2066 2070 2068
f 2082 2088 2084
f 2138 2142 2140
f 1974 1980 1976
f 1992 1994 1998
f 2228 2230 2232
f 2295 2297 2299
f 2331 2329 2330
f 2327 2323 2324
f 2328 2326 2325
f 2334 2333 2332
f 2337 2336 2335
f 2346 2345 2344
f 2412 2409 2410
f 2499 2496 2497
f 2487 2485 2486
f 2436 2435 2434
f 2376 2374 2375
f 2372 2368 2369
f 2373 2371 2370
f 2379 2378 2377
f 2382 2381 2380
f 2396 2392 2393
f 2361 2360 2359
f 2418 2416 2415
f 2457 2456 2455
f 2463 2460 2461
f 2492 2488 2489
f 2402 2398 2399
f 2343 2340 2341
f 2433 2430 2431
f 2478 2475 2476
f 2406 2404 2405
f 2502 2501 2500
f 2484 2482 2481
f 2442 2440 2439
f 2349 2347 2348
f 2468 2464 2465
f 2387 2384 2383
f 2358 2355 2356
f 2421 2419 2420
f 2454 2451 2452
f 2472 2470 2471
f 2388 2385 2386
f 2364 2362 2363
f 2426 2423 2422
f 2448 2446 2445
f 2403 2401 2400
f 2342 2339 2338
f 2432 2429 2428
f 2477 2474 2473
f 2493 2491 2490
f 2462 2459 2458
f 2397 2395 2394
f 2367 2365 2366
f 2427 2424 2425
f 2447 2443 2444
f 2391 2390 2389
f 2357 2354 2353
f 2417 2413 2414
f 2453 2450 2449
f 2469 2467 2466
f 2411 2408 2407
f 2498 2495 2494
f 2483 2479 2480
f 2441 2437 2438
f 2352 2350 2351
f 2509 2511 2510
f 2503 2505 2504
f 2506 2507 2508
f 2512 2513 2514
f 2515 2516 2517
f 2518 2519 2520
f 2555 2556 2554
f 2541 2540 2539
f 2562 2561 2560
f 2522 2521 2523
f 2542 2544 2543
f 2528 2529 2527
f 2531 2530 2532
f 2545 2546 2547
f 2548 2549 2550
f 2551 2553 2552
f 2533 2534 2535
f 2537 2536 2538
f 2559 2557 2558
f 2526 2525 2524