v -0.349080 0.480137 -0.012451
v 0.349173 0.480096 -0.012396
v -0.365673 -0.567143 0.007165
v 0.365669 -0.566824 0.007262
v -0.000078 -0.448572 0.707034
v -0.000001 0.320817 0.630250
v 0.000049 -0.313306 -0.627192
v 0.000490 0.423327 -0.706291
v 0.624287 0.001620 -0.396183
v 0.645358 -0.000644 0.397356
v -0.624295 0.001649 -0.396174
v -0.645366 -0.000642 0.397359
v 0.000019 0.552264 -0.039604
v -0.205274 0.408532 0.323421
v -0.214934 0.658876 -0.447804
v -0.539105 0.302027 -0.209299
v -0.568830 0.299173 0.220633
v 0.205299 0.408531 0.323370
v 0.214944 0.659034 -0.447794
v 0.539478 0.301741 -0.209206
v 0.568850 0.299161 0.220639
v -0.000133 -0.653610 0.014115
v -0.250076 -0.675197 0.457529
v -0.209885 -0.515724 -0.334375
v -0.548140 -0.289712 -0.205361
v -0.559708 -0.317695 0.222947
v 0.249556 -0.675301 0.457305
v 0.209741 -0.516158 -0.334328
v 0.548048 -0.290018 -0.205370
v 0.559342 -0.317550 0.223016
v 0.000041 -0.001779 0.729659
v 0.358055 -0.222846 0.594707
v -0.358363 -0.222599 0.594404
v 0.360168 0.206798 0.586288
v -0.360175 0.206803 0.586283
v -0.000121 0.012052 -0.738985
v 0.355599 -0.204602 -0.586718
v -0.355651 -0.204527 -0.586751
v 0.371839 0.221908 -0.629246
v -0.371615 0.222100 -0.628680
v 0.736430 -0.000244 0.011912
v -0.736388 -0.000225 0.011903
v -0.169723 0.530444 -0.029063
v -0.288984 0.457125 0.136396
v -0.289074 0.541285 -0.197798
v -0.453243 0.428555 -0.101482
v -0.461589 0.399858 0.096371
v 0.170003 0.530800 -0.029232
v 0.289078 0.457144 0.136320
v 0.288838 0.541371 -0.197755
v 0.453472 0.428551 -0.101605
v 0.461619 0.399812 0.096354
v -0.204259 -0.672347 0.002315
v -0.303173 -0.562208 0.190681
v -0.355367 -0.663435 -0.184075
v -0.446739 -0.440131 -0.082205
v -0.466179 -0.456596 0.118370
v 0.204084 -0.672105 0.002594
v 0.303468 -0.561755 0.190685
v 0.356034 -0.664302 -0.184265
v 0.446583 -0.440170 -0.082136
v 0.466021 -0.456431 0.118330
v -0.142432 -0.663112 0.699627
v 0.141695 -0.663697 0.698827
v -0.000139 -0.230593 0.764018
v 0.187931 -0.365907 0.695911
v -0.188102 -0.365491 0.695734
v -0.101753 0.359106 0.512951
v 0.101755 0.359060 0.512949
v -0.000009 0.213812 0.694206
v 0.170019 0.290517 0.635836
v -0.170012 0.290510 0.635804
v -0.096639 -0.382275 -0.498170
v 0.096703 -0.382544 -0.498161
v 0.000006 -0.214899 -0.685980
v 0.167137 -0.279547 -0.634614
v -0.167035 -0.279565 -0.634547
v -0.131237 0.576011 -0.633193
v 0.131472 0.575766 -0.633053
v -0.000084 0.244007 -0.797602
v 0.191206 0.352561 -0.717332
v -0.191785 0.352814 -0.717563
v 0.615373 0.137595 -0.323515
v 0.609069 -0.144053 -0.321507
v 0.515873 -0.091260 -0.495375
v 0.527075 0.091832 -0.507259
v 0.687082 0.000186 -0.214021
v 0.625505 0.144949 0.323116
v 0.624457 -0.145656 0.321009
v 0.530180 -0.089688 0.496974
v 0.529501 0.091977 0.498648
v 0.716824 -0.000177 0.226682
v -0.615347 0.137557 -0.323499
v -0.609050 -0.143961 -0.321502
v -0.515961 -0.091301 -0.495494
v -0.527028 0.091728 -0.507245
v -0.687094 0.000138 -0.214020
v -0.625569 0.144944 0.323157
v -0.624412 -0.145652 0.320987
v -0.530333 -0.089798 0.497055
v -0.529463 0.092056 0.498736
v -0.716831 -0.000181 0.226679
v -0.090420 0.490554 0.130098
v -0.083746 0.604510 -0.232043
v 0.090462 0.490440 0.129936
v 0.083667 0.604607 -0.231967
v -0.407250 0.369354 0.296448
v 0.000228 0.423337 0.325134
v -0.307848 0.332820 0.493345
v -0.417837 0.498087 -0.336679
v 0.000471 0.701277 -0.453064
v -0.311870 0.444803 -0.542905
v -0.587167 0.309044 0.012726
v -0.467629 0.280488 -0.428190
v -0.668257 0.157653 -0.097284
v -0.489063 0.271439 0.425731
v -0.677089 0.162468 0.118572
v 0.407221 0.369321 0.296455
v 0.307830 0.332789 0.493318
v 0.418349 0.498259 -0.336713
v 0.311633 0.444532 -0.543113
v 0.587175 0.308956 0.012795
v 0.467865 0.280877 -0.428417
v 0.668282 0.157652 -0.097296
v 0.489077 0.271477 0.425721
v 0.677109 0.162478 0.118581
v -0.085570 -0.613038 0.221749
v -0.110489 -0.697193 -0.186326
v 0.085399 -0.613032 0.221810
v 0.109910 -0.696196 -0.185760
v -0.415908 -0.476276 0.339440
v 0.000350 -0.674688 0.468186
v -0.338362 -0.483951 0.570623
v -0.383880 -0.402324 -0.283651
v 0.000045 -0.526654 -0.339671
v -0.293498 -0.332942 -0.482177
v -0.586799 -0.310338 0.016604
v -0.477130 -0.256330 -0.425848
v -0.665577 -0.162619 -0.097760
v -0.478905 -0.293884 0.424656
v -0.675819 -0.165742 0.118044
v 0.415475 -0.476008 0.339636
v 0.338828 -0.484242 0.570273
v 0.383703 -0.402549 -0.283464
v 0.293419 -0.333029 -0.481919
v 0.586811 -0.310381 0.016520
v 0.477114 -0.256612 -0.425864
v 0.665370 -0.162463 -0.097902
v 0.478957 -0.293967 0.424603
v 0.675814 -0.165780 0.118034
v 0.196594 -0.112408 0.708296
v -0.196416 -0.112356 0.708397
v 0.195725 0.109131 0.687108
v -0.195689 0.109055 0.686927
v 0.384138 0.003414 0.626244
v -0.384052 0.003394 0.626154
v 0.190433 -0.105424 -0.678134
v -0.190261 -0.105353 -0.678235
v 0.222309 0.127861 -0.782440
v -0.222581 0.127780 -0.783241
v 0.377880 0.005020 -0.625105
v -0.377674 0.005290 -0.625113
v -0.271212 0.505541 -0.021105
v -0.325882 0.475127 0.054892
v -0.320454 0.501935 -0.090905
v -0.402618 0.462102 -0.050825
v -0.405049 0.446414 0.037088
v 0.271383 0.505695 -0.021142
v 0.325874 0.475183 0.054764
v 0.319804 0.501916 -0.091079
v 0.402856 0.462195 -0.050778
v 0.405142 0.446487 0.037075
v -0.299849 -0.620683 -0.000866
v -0.343948 -0.565589 0.082529
v -0.352399 -0.607567 -0.069481
v -0.405329 -0.517998 -0.032324
v -0.417910 -0.518051 0.058636
v 0.299465 -0.620812 -0.000491
v 0.344071 -0.565494 0.082439
v 0.352769 -0.608253 -0.069701
v 0.405354 -0.518717 -0.032687
v 0.417639 -0.517935 0.058728
v -0.058554 -0.529749 0.693702
v 0.058539 -0.530127 0.694147
v 0.000044 -0.351122 0.725450
v 0.086744 -0.417018 0.709118
v -0.086657 -0.416763 0.708973
v -0.045851 0.337638 0.586780
v 0.045853 0.337621 0.586785
v -0.000002 0.290438 0.666660
v 0.074844 0.311640 0.639086
v -0.074843 0.311628 0.639087
v -0.044374 -0.338648 -0.579298
v 0.044417 -0.338696 -0.579286
v -0.000020 -0.281182 -0.664759
v 0.073852 -0.301778 -0.636817
v -0.073811 -0.301816 -0.636781
v -0.054812 0.489713 -0.673630
v 0.055324 0.490207 -0.674363
v -0.000135 0.343066 -0.747075
v 0.086498 0.395470 -0.716051
v -0.086467 0.395320 -0.715078
v 0.629442 0.060772 -0.369653
v 0.623089 -0.060833 -0.366492
v 0.583064 -0.036960 -0.445573
v 0.586780 0.039360 -0.447887
v 0.657579 0.000943 -0.322019
v 0.645592 0.062274 0.368838
v 0.645573 -0.062428 0.367944
v 0.602647 -0.038161 0.446893
v 0.601650 0.038531 0.447446
v 0.681838 -0.000499 0.323869
v -0.629427 0.060714 -0.369647
v -0.623067 -0.060813 -0.366447
v -0.582920 -0.037043 -0.445501
v -0.586769 0.039354 -0.447884
v -0.657573 0.000959 -0.322026
v -0.645622 0.062286 0.368835
v -0.645564 -0.062414 0.367950
v -0.602620 -0.038102 0.446917
v -0.601660 0.038500 0.447449
v -0.681849 -0.000502 0.323871
v -0.068516 0.548419 -0.034144
v 0.068495 0.548443 -0.034247
v -0.035229 0.531525 0.030665
v -0.029823 0.574552 -0.122031
v 0.035273 0.531538 0.030568
v 0.029983 0.574561 -0.121957
v -0.249093 0.433433 0.227086
v -0.156198 0.383445 0.421570
v -0.147747 0.448921 0.228441
v -0.310352 0.391939 0.316901
v -0.101850 0.419748 0.325191
v -0.261472 0.370104 0.414996
v -0.263532 0.606097 -0.321267
v -0.185300 0.638627 -0.540850
v -0.159338 0.675478 -0.354925
v -0.383440 0.632911 -0.418906
v -0.153612 0.811030 -0.459095
v -0.285500 0.565764 -0.502969
v -0.497272 0.374783 -0.154555
v -0.582969 0.220192 -0.267233
v -0.462627 0.383540 -0.268008
v -0.570028 0.306574 -0.095511
v -0.507006 0.295474 -0.321754
v -0.610503 0.230247 -0.152640
v -0.519056 0.351495 0.159682
v -0.603698 0.230857 0.274837
v -0.494571 0.340227 0.263764
v -0.585738 0.305965 0.116142
v -0.535825 0.288268 0.325428
v -0.629997 0.239577 0.170828
v 0.249579 0.433308 0.227198
v 0.156259 0.383451 0.421477
v 0.147929 0.449496 0.228379
v 0.101828 0.419659 0.325448
v 0.310376 0.391984 0.316837
v 0.261530 0.370153 0.414963
v 0.263468 0.606285 -0.321619
v 0.185276 0.638820 -0.540965
v 0.159297 0.675559 -0.354952
v 0.153330 0.810932 -0.459169
v 0.383216 0.632769 -0.418935
v 0.285846 0.565721 -0.503080
v 0.497352 0.374851 -0.154639
v 0.582918 0.220064 -0.267221
v 0.462751 0.383269 -0.267865
v 0.569823 0.306631 -0.095452
v 0.507008 0.295511 -0.321415
v 0.610343 0.230238 -0.152627
v 0.519064 0.351507 0.159673
v 0.603709 0.230878 0.274835
v 0.494568 0.340247 0.263825
v 0.585695 0.306003 0.116125
v 0.535853 0.288288 0.325405
v 0.629980 0.239534 0.170820
v -0.100017 -0.667215 0.007942
v 0.099526 -0.666570 0.007941
v -0.042835 -0.637771 0.107666
v -0.062299 -0.656659 -0.073781
v 0.043247 -0.637412 0.108153
v 0.061666 -0.656566 -0.073489
v -0.262219 -0.573756 0.325437
v -0.228274 -0.787474 0.620791
v -0.145840 -0.613343 0.358042
v -0.331239 -0.555932 0.403290
v -0.123818 -0.721220 0.472765
v -0.318942 -0.615471 0.539811
v -0.292291 -0.622978 -0.285558
v -0.150569 -0.438996 -0.412375
v -0.170906 -0.644765 -0.285568
v -0.300314 -0.463791 -0.311273
v -0.107031 -0.529349 -0.341565
v -0.247242 -0.409111 -0.400029
v -0.496536 -0.361328 -0.140326
v -0.588484 -0.222593 -0.269524
v -0.468331 -0.344822 -0.249340
v -0.574680 -0.301052 -0.091524
v -0.520016 -0.274814 -0.321131
v -0.616739 -0.233137 -0.153119
v -0.513175 -0.390246 0.172936
v -0.597342 -0.235029 0.271684
v -0.488353 -0.395335 0.279187
v -0.580460 -0.316806 0.120037
v -0.523671 -0.310268 0.325720
v -0.627360 -0.244013 0.169756
v 0.262353 -0.573860 0.325431
v 0.227062 -0.788819 0.619489
v 0.146189 -0.613278 0.358150
v 0.123937 -0.720708 0.472765
v 0.331012 -0.555644 0.403314
v 0.319094 -0.616120 0.539565
v 0.291368 -0.623467 -0.285400
v 0.150576 -0.439068 -0.412253
v 0.170349 -0.644452 -0.285454
v 0.106236 -0.529348 -0.340949
v 0.300174 -0.464052 -0.311282
v 0.247187 -0.408927 -0.399893
v 0.496411 -0.361243 -0.140413
v 0.588570 -0.222724 -0.269514
v 0.468475 -0.345062 -0.249184
v 0.574786 -0.301229 -0.091587
v 0.520074 -0.274766 -0.321166
v 0.616612 -0.233073 -0.153040
v 0.513323 -0.390448 0.172686
v 0.597386 -0.234985 0.271820
v 0.488775 -0.395534 0.278969
v 0.580463 -0.316760 0.120023
v 0.523633 -0.309688 0.325593
v 0.627378 -0.243985 0.169789
v -0.000207 -0.110135 0.774340
v 0.000025 0.108752 0.716019
v 0.099506 -0.056915 0.730104
v -0.099564 -0.057036 0.730698
v 0.098810 0.053821 0.712195
v -0.098888 0.053761 0.712073
v 0.275484 -0.297332 0.650290
v 0.445355 -0.152132 0.544980
v 0.345611 -0.348141 0.579657
v 0.422612 -0.264830 0.515336
v 0.282375 -0.169893 0.658578
v 0.374661 -0.105634 0.614213
v -0.275514 -0.296909 0.650676
v -0.445442 -0.152116 0.544939
v -0.345372 -0.348521 0.580147
v -0.422151 -0.264407 0.515189
v -0.282208 -0.170300 0.658316
v -0.374296 -0.105742 0.613930
v 0.267366 0.254982 0.618039
v 0.448535 0.151199 0.546994
v 0.340237 0.286248 0.550828
v 0.429861 0.245307 0.514409
v 0.281428 0.160014 0.643380
v 0.374921 0.105898 0.611333
v -0.267368 0.254998 0.618028
v -0.448543 0.151183 0.546988
v -0.340228 0.286245 0.550824
v -0.429873 0.245306 0.514401
v -0.281411 0.159992 0.643359
v -0.374858 0.105866 0.611274
v 0.000000 -0.105777 -0.703498
v 0.000077 0.130154 -0.789624
v 0.098749 -0.047403 -0.712929
v -0.098465 -0.047813 -0.711818
v 0.106559 0.070228 -0.764393
v -0.106861 0.070356 -0.763244
v 0.264044 -0.247861 -0.617555
v 0.438312 -0.148180 -0.542586
v 0.333427 -0.272804 -0.551092
v 0.422036 -0.234056 -0.515940
v 0.277115 -0.160227 -0.637569
v 0.368717 -0.105544 -0.606441
v -0.264099 -0.247819 -0.617556
v -0.438311 -0.148234 -0.542596
v -0.333405 -0.272740 -0.551103
v -0.422018 -0.234021 -0.515938
v -0.277051 -0.160488 -0.637602
v -0.368682 -0.105605 -0.606453
v 0.285582 0.291602 -0.684663
v 0.455876 0.153247 -0.570681
v 0.338828 0.328567 -0.584459
v 0.421500 0.254299 -0.529265
v 0.312196 0.184587 -0.724730
v 0.388314 0.116642 -0.645449
v -0.285668 0.291783 -0.684923
v -0.455911 0.153500 -0.570645
v -0.338433 0.328712 -0.584482
v -0.421324 0.254329 -0.529407
v -0.312230 0.184704 -0.724868
v -0.388133 0.116451 -0.645383
v 0.717647 -0.000028 -0.098085
v 0.729467 -0.000167 0.119724
v 0.715064 0.080255 -0.042355
v 0.718069 0.081702 0.065312
v 0.709107 -0.082896 -0.042270
v 0.713987 -0.083738 0.065489
v -0.717632 -0.000044 -0.098091
v -0.729450 -0.000168 0.119738
v -0.715106 0.080256 -0.042370
v -0.718082 0.081697 0.065306
v -0.709101 -0.082932 -0.042295
v -0.713952 -0.083736 0.065481
v -0.230009 0.499982 0.055785
v -0.224471 0.536649 -0.113081
v -0.127260 0.517606 0.046983
v -0.114735 0.561724 -0.118175
v -0.380892 0.430734 0.123160
v -0.189231 0.476898 0.137329
v -0.348232 0.412315 0.216607
v -0.376453 0.487177 -0.155677
v -0.185619 0.581795 -0.223575
v -0.365566 0.543851 -0.276533
v -0.467607 0.413267 0.000832
v -0.426126 0.452100 -0.215422
v -0.523664 0.369104 -0.043768
v -0.440221 0.385548 0.194151
v -0.529224 0.361108 0.058292
v 0.229969 0.500060 0.055737
v 0.224436 0.536506 -0.112842
v 0.126954 0.518285 0.046636
v 0.114719 0.561693 -0.118133
v 0.381011 0.430728 0.123145
v 0.189154 0.476808 0.137310
v 0.348256 0.412300 0.216621
v 0.376290 0.487433 -0.155985
v 0.185443 0.581722 -0.223596
v 0.365716 0.544312 -0.276572
v 0.467665 0.413315 0.000787
v 0.426364 0.452478 -0.215303
v 0.523630 0.369180 -0.043875
v 0.440208 0.385533 0.194127
v 0.529226 0.361089 0.058306
v -0.242974 -0.597533 0.089518
v -0.297925 -0.746578 -0.078569
v -0.134674 -0.623799 0.094411
v -0.161271 -0.765813 -0.080255
v -0.405715 -0.522840 0.159905
v -0.191000 -0.588310 0.211829
v -0.366366 -0.529019 0.275570
v -0.386659 -0.526924 -0.129097
v -0.234484 -0.784166 -0.222656
v -0.357904 -0.516828 -0.231067
v -0.463850 -0.448089 0.016919
v -0.420141 -0.428253 -0.183782
v -0.517261 -0.372733 -0.034296
v -0.449420 -0.466546 0.226014
v -0.523393 -0.382770 0.069042
v 0.243064 -0.597574 0.089476
v 0.297265 -0.746922 -0.078375
v 0.134596 -0.623882 0.094687
v 0.159723 -0.763593 -0.080512
v 0.405647 -0.522870 0.159886
v 0.190982 -0.587918 0.211800
v 0.366583 -0.529165 0.275645
v 0.386562 -0.527148 -0.129108
v 0.233367 -0.784434 -0.222409
v 0.358003 -0.517051 -0.231439
v 0.463948 -0.448080 0.017120
v 0.420133 -0.428258 -0.183774
v 0.517368 -0.372692 -0.034041
v 0.449251 -0.466100 0.225884
v 0.523408 -0.382642 0.069121
v -0.000315 -0.617014 0.656313
v -0.179466 -0.509010 0.697265
v -0.066195 -0.693045 0.586810
v -0.285053 -0.619382 0.676445
v 0.179557 -0.509373 0.698004
v 0.065439 -0.692796 0.586256
v 0.285289 -0.620165 0.676197
v 0.095571 -0.294841 0.728159
v -0.095753 -0.294893 0.729142
v 0.098728 -0.171989 0.746146
v -0.098462 -0.171896 0.745166
v 0.282858 -0.441177 0.663467
v 0.190738 -0.235014 0.701313
v -0.283092 -0.441015 0.663332
v -0.190906 -0.234664 0.701684
v 0.000009 0.362509 0.513574
v -0.142475 0.329747 0.585856
v -0.051610 0.390265 0.421877
v -0.205317 0.349167 0.508119
v 0.142472 0.329730 0.585851
v 0.051741 0.390421 0.422172
v 0.205312 0.349195 0.508101
v 0.088672 0.256725 0.673145
v -0.088690 0.256720 0.673164
v 0.095355 0.160590 0.693955
v -0.095347 0.160698 0.693984
v 0.243206 0.313886 0.575380
v 0.186199 0.213090 0.666195
v -0.243204 0.313874 0.575390
v -0.186211 0.213099 0.666220
v -0.000127 -0.389227 -0.499180
v -0.138283 -0.325632 -0.581205
v -0.050823 -0.451566 -0.417630
v -0.194523 -0.363005 -0.492817
v 0.138412 -0.325639 -0.581259
v 0.050618 -0.451605 -0.417771
v 0.194631 -0.362926 -0.492814
v 0.088604 -0.254688 -0.672671
v -0.088610 -0.254708 -0.672650
v 0.094917 -0.166722 -0.688745
v -0.095088 -0.166880 -0.688876
v 0.236181 -0.303347 -0.570151
v 0.183148 -0.213977 -0.661514
v -0.236087 -0.303218 -0.570056
v -0.183078 -0.214034 -0.661548
v 0.000103 0.589376 -0.633888
v -0.167007 0.462014 -0.672298
v -0.069283 0.668152 -0.555448
v -0.230877 0.520629 -0.598515
v 0.166806 0.461835 -0.672004
v 0.070104 0.667859 -0.555587
v 0.230934 0.520558 -0.598274
v 0.105622 0.298450 -0.773120
v -0.105232 0.298262 -0.772028
v 0.116792 0.190197 -0.821048
v -0.116897 0.190167 -0.820677
v 0.257474 0.402252 -0.637740
v 0.222254 0.250041 -0.786246
v -0.258060 0.402788 -0.637963
v -0.222162 0.250177 -0.786144
v 0.575911 0.119298 -0.420647
v 0.659768 0.070814 -0.269327
v 0.552276 0.205723 -0.376902
v 0.641723 0.149254 -0.211526
v 0.564993 -0.121621 -0.413849
v 0.653864 -0.072872 -0.267334
v 0.550884 -0.207556 -0.376971
v 0.638515 -0.154252 -0.211539
v 0.529445 0.001648 -0.512137
v 0.499970 -0.183586 -0.469033
v 0.451778 -0.048521 -0.562257
v 0.504419 0.183390 -0.475270
v 0.460064 0.054105 -0.574830
v 0.688796 0.076532 -0.155790
v 0.683306 -0.078865 -0.155275
v 0.583590 0.124665 0.416123
v 0.682909 0.073660 0.274883
v 0.564045 0.216046 0.376100
v 0.660724 0.157653 0.223028
v 0.583737 -0.123318 0.413552
v 0.681758 -0.074367 0.274630
v 0.558371 -0.218739 0.370627
v 0.658941 -0.159356 0.221632
v 0.544401 0.001102 0.517618
v 0.504497 -0.191001 0.461522
v 0.469012 -0.045861 0.573346
v 0.509654 0.186925 0.465447
v 0.467292 0.051401 0.573495
v 0.708269 0.079678 0.172444
v 0.704811 -0.080994 0.172382
v -0.575897 0.119373 -0.420586
v -0.659776 0.070833 -0.269294
v -0.552288 0.205776 -0.377000
v -0.641705 0.149194 -0.211554
v -0.565285 -0.121806 -0.414026
v -0.653907 -0.072862 -0.267336
v -0.550795 -0.207541 -0.376906
v -0.638615 -0.154248 -0.211575
v -0.529373 0.001605 -0.512097
v -0.499901 -0.183556 -0.468956
v -0.451794 -0.048381 -0.562255
v -0.504654 0.183466 -0.475233
v -0.460346 0.054235 -0.575054
v -0.688774 0.076534 -0.155755
v -0.682518 -0.078767 -0.155335
v -0.583572 0.124678 0.416152
v -0.682916 0.073653 0.274903
v -0.564054 0.216053 0.376102
v -0.660736 0.157648 0.223014
v -0.583922 -0.123322 0.413540
v -0.681765 -0.074358 0.274628
v -0.558387 -0.218934 0.370562
v -0.658903 -0.159350 0.221632
v -0.544422 0.001123 0.517616
v -0.504432 -0.190698 0.460860
v -0.468917 -0.045816 0.573353
v -0.509674 0.186982 0.465516
v -0.467299 0.051358 0.573542
v -0.708264 0.079680 0.172441
v -0.704830 -0.080954 0.172367
v -0.000057 0.496743 0.123200
v -0.048660 0.457284 0.226127
v 0.000112 0.611890 -0.233070
v -0.056891 0.674837 -0.349499
v 0.048565 0.457675 0.226262
v 0.056864 0.674772 -0.349578
v -0.363790 0.351429 0.399116
v -0.454803 0.325633 0.367774
v -0.403502 0.308660 0.465950
v -0.376493 0.490776 -0.452245
v -0.427944 0.384445 -0.379532
v -0.387096 0.361656 -0.484007
v -0.633087 0.238280 -0.040153
v -0.639392 0.241721 0.066254
v -0.683524 0.163138 0.012564
v 0.363753 0.351417 0.399118
v 0.454796 0.325635 0.367772
v 0.403516 0.308667 0.465912
v 0.377005 0.490559 -0.452177
v 0.428217 0.384352 -0.379489
v 0.387069 0.362140 -0.484315
v 0.633096 0.238228 -0.040157
v 0.639401 0.241742 0.066241
v 0.683508 0.163162 0.012577
v 0.000385 -0.627616 0.227103
v -0.047593 -0.640545 0.352604
v -0.000226 -0.616509 -0.156765
v -0.057264 -0.599420 -0.260676
v 0.047806 -0.640558 0.352633
v 0.057051 -0.599112 -0.260403
v -0.375603 -0.484023 0.454904
v -0.448080 -0.391106 0.385183
v -0.401098 -0.378104 0.488028
v -0.340917 -0.368601 -0.382389
v -0.434022 -0.321501 -0.357885
v -0.388817 -0.296664 -0.460614
v -0.637702 -0.241442 -0.039984
v -0.639462 -0.244928 0.066212
v -0.682333 -0.168225 0.012167
v 0.375530 -0.484592 0.454814
v 0.447980 -0.391013 0.385419
v 0.401433 -0.378579 0.488284
v 0.341041 -0.368580 -0.382524
v 0.433901 -0.321528 -0.357759
v 0.388943 -0.296453 -0.460662
v 0.637732 -0.241372 -0.040000
v 0.639436 -0.244964 0.066226
v 0.682326 -0.168210 0.012175
v 0.199235 0.000601 0.701966
v 0.291602 -0.052628 0.668558
v -0.199092 0.000693 0.701215
v -0.291646 -0.052739 0.668596
v 0.293692 0.056630 0.667559
v -0.293645 0.056551 0.667572
v 0.200262 0.011149 -0.712415
v 0.286483 -0.048646 -0.658698
v -0.200487 0.010886 -0.712694
v -0.286261 -0.048968 -0.659052
v 0.299492 0.066566 -0.693266
v -0.299454 0.066655 -0.693263
v -0.315469 0.492295 -0.016298
v -0.340374 0.478864 0.018240
v -0.336482 0.489128 -0.046148
v -0.374827 0.472921 -0.028601
v -0.377181 0.466499 0.010827
v 0.315554 0.492212 -0.015940
v 0.340295 0.478729 0.018232
v 0.336338 0.489486 -0.046216
v 0.374742 0.472936 -0.028599
v 0.377201 0.466571 0.010730
v -0.337854 -0.591563 0.004016
v -0.357454 -0.567392 0.039639
v -0.357780 -0.582378 -0.026409
v -0.385099 -0.548043 -0.010324
v -0.389914 -0.544644 0.029722
v 0.337712 -0.591770 0.004264
v 0.357500 -0.567283 0.039437
v 0.357792 -0.582748 -0.026430
v 0.385023 -0.548075 -0.010453
v 0.389136 -0.544467 0.029717
v -0.024679 -0.483545 0.700994
v 0.024508 -0.484161 0.701079
v 0.000099 -0.405486 0.714567
v 0.038689 -0.435374 0.708755
v -0.038703 -0.435295 0.709139
v -0.020259 0.328674 0.613868
v 0.020258 0.328690 0.613882
v -0.000000 0.309867 0.648581
v 0.032851 0.317496 0.635854
v -0.032856 0.317491 0.635854
v -0.019804 -0.323833 -0.610218
v 0.019905 -0.323857 -0.610249
v 0.000060 -0.300395 -0.647206
v 0.032465 -0.309006 -0.633499
v -0.032407 -0.309043 -0.633453
v -0.023918 0.452284 -0.691550
v 0.023952 0.452372 -0.691891
v 0.000224 0.387445 -0.723967
v 0.038321 0.411949 -0.711564
v -0.038102 0.411488 -0.710899
v 0.629458 0.027616 -0.386466
v 0.627483 -0.024766 -0.385601
v 0.608589 -0.014634 -0.419741
v 0.609776 0.017944 -0.420238
v 0.642195 0.001623 -0.366190
v 0.649214 0.026364 0.387056
v 0.649150 -0.027431 0.386636
v 0.629471 -0.017090 0.421079
v 0.629308 0.016072 0.421363
v 0.662614 -0.000634 0.366030
v -0.629469 0.027635 -0.386466
v -0.627482 -0.024796 -0.385577
v -0.608582 -0.014650 -0.419727
v -0.609773 0.018007 -0.420249
v -0.642196 0.001666 -0.366177
v -0.649219 0.026375 0.387054
v -0.649161 -0.027415 0.386631
v -0.629485 -0.017058 0.421073
v -0.629302 0.016061 0.421367
v -0.662619 -0.000643 0.366036
v -0.032466 0.551461 -0.037837
v 0.032584 0.551482 -0.037949
v -0.017232 0.541308 -0.003412
v -0.014736 0.563834 -0.077801
v 0.017338 0.541447 -0.003252
v 0.014773 0.563933 -0.077734
v -0.228000 0.421304 0.274845
v -0.181559 0.395941 0.372791
v -0.176829 0.428929 0.276630
v -0.257521 0.400847 0.320905
v -0.153474 0.414997 0.325013
v -0.234052 0.389137 0.370147
v -0.240501 0.638028 -0.388025
v -0.204373 0.665102 -0.496564
v -0.201715 0.701775 -0.402418
v -0.288781 0.627048 -0.427110
v -0.217330 0.792941 -0.471675
v -0.258152 0.618068 -0.476778
v -0.518538 0.340367 -0.181298
v -0.561048 0.261458 -0.238012
v -0.501381 0.340761 -0.238298
v -0.554878 0.304155 -0.152352
v -0.523007 0.299840 -0.266024
v -0.575820 0.265471 -0.181017
v -0.545296 0.326304 0.190779
v -0.588524 0.268054 0.248679
v -0.533824 0.321990 0.243517
v -0.579317 0.303040 0.168158
v -0.554757 0.294813 0.273377
v -0.601539 0.272321 0.196337
v 0.227944 0.421143 0.274484
v 0.181440 0.395848 0.372973
v 0.176635 0.429084 0.276500
v 0.153548 0.414834 0.324934
v 0.257540 0.400647 0.321036
v 0.233936 0.388945 0.370181
v 0.240557 0.638016 -0.387885
v 0.204112 0.664836 -0.496046
v 0.201656 0.701833 -0.402430
v 0.217268 0.792790 -0.471713
v 0.288750 0.627219 -0.427397
v 0.258189 0.617868 -0.476820
v 0.518209 0.339974 -0.181488
v 0.561084 0.261658 -0.238038
v 0.501598 0.340883 -0.238415
v 0.555041 0.304259 -0.152409
v 0.523073 0.299274 -0.265900
v 0.576043 0.265474 -0.180932
v 0.545304 0.326315 0.190785
v 0.588544 0.268057 0.248678
v 0.533802 0.322005 0.243549
v 0.579314 0.303035 0.168184
v 0.554783 0.294821 0.273379
v 0.601569 0.272310 0.196320
v -0.050318 -0.657814 0.011870
v 0.049690 -0.657667 0.012195
v -0.023199 -0.647816 0.060028
v -0.027866 -0.656167 -0.030275
v 0.022867 -0.647568 0.059959
v 0.027585 -0.655607 -0.029940
v -0.248551 -0.600747 0.400590
v -0.268960 -0.773209 0.527985
v -0.196560 -0.649945 0.411106
v -0.289409 -0.602470 0.439582
v -0.198105 -0.761129 0.463781
v -0.295021 -0.662148 0.504102
v -0.247338 -0.568208 -0.308729
v -0.178743 -0.472529 -0.369713
v -0.193266 -0.582534 -0.312605
v -0.257480 -0.493723 -0.324333
v -0.159491 -0.527085 -0.340550
v -0.226948 -0.456018 -0.362505
v -0.522316 -0.324918 -0.172276
v -0.570969 -0.256519 -0.238420
v -0.508645 -0.317352 -0.228222
v -0.561418 -0.295922 -0.148029
v -0.534989 -0.282899 -0.263371
v -0.584744 -0.262342 -0.180051
v -0.537094 -0.355113 0.198447
v -0.579932 -0.277749 0.247130
v -0.523239 -0.355215 0.250688
v -0.571709 -0.318024 0.171461
v -0.542904 -0.314574 0.274469
v -0.595314 -0.281055 0.196019
v 0.248628 -0.600587 0.400683
v 0.268283 -0.773491 0.527055
v 0.196927 -0.649715 0.410970
v 0.198304 -0.760923 0.463528
v 0.289364 -0.602520 0.439355
v 0.294469 -0.662328 0.503533
v 0.246990 -0.568276 -0.308270
v 0.178636 -0.472362 -0.369606
v 0.193260 -0.582571 -0.312766
v 0.159032 -0.527165 -0.340503
v 0.257110 -0.494287 -0.324356
v 0.226785 -0.456062 -0.362641
v 0.522712 -0.324780 -0.172518
v 0.571022 -0.256417 -0.238432
v 0.509015 -0.317306 -0.228466
v 0.561402 -0.296070 -0.148086
v 0.535005 -0.282829 -0.263560
v 0.584827 -0.262222 -0.180082
v 0.536967 -0.355069 0.198424
v 0.579826 -0.277630 0.247249
v 0.524082 -0.355913 0.250475
v 0.571617 -0.318007 0.171457
v 0.542615 -0.314650 0.274457
v 0.595250 -0.281021 0.196061
v -0.000110 -0.057266 0.745229
v -0.000052 0.053507 0.721618
v 0.050023 -0.029142 0.733101
v -0.049784 -0.029070 0.732878
v 0.049572 0.025941 0.722571
v -0.049689 0.026144 0.722503
v 0.316189 -0.259930 0.621855
v 0.401422 -0.186641 0.568814
v 0.350805 -0.284507 0.585670
v 0.391016 -0.245201 0.556482
v 0.321677 -0.197558 0.628475
v 0.366502 -0.163263 0.604573
v -0.316481 -0.259553 0.622065
v -0.401409 -0.186810 0.569044
v -0.351012 -0.284445 0.585842
v -0.391002 -0.245525 0.556332
v -0.321800 -0.197705 0.628470
v -0.366460 -0.163220 0.604714
v 0.314389 0.232249 0.603602
v 0.405483 0.180544 0.568318
v 0.351809 0.251974 0.571519
v 0.397007 0.228717 0.553645
v 0.321419 0.183701 0.615971
v 0.367312 0.156631 0.598597
v -0.314406 0.232253 0.603604
v -0.405498 0.180553 0.568315
v -0.351814 0.252006 0.571534
v -0.396995 0.228730 0.553635
v -0.321429 0.183699 0.615986
v -0.367325 0.156636 0.598632
v -0.000013 -0.046984 -0.718444
v 0.000081 0.070817 -0.764709
v 0.050064 -0.017386 -0.726573
v -0.050231 -0.016940 -0.725658
v 0.052451 0.041591 -0.751341
v -0.052481 0.041675 -0.750483
v 0.311120 -0.228427 -0.604321
v 0.397828 -0.177021 -0.565625
v 0.345968 -0.241888 -0.571807
v 0.389911 -0.220113 -0.553343
v 0.319261 -0.187430 -0.615929
v 0.362575 -0.158088 -0.597036
v -0.311173 -0.228333 -0.604328
v -0.397832 -0.177015 -0.565633
v -0.346022 -0.241854 -0.571767
v -0.389960 -0.220047 -0.553341
v -0.319178 -0.187467 -0.615893
v -0.362502 -0.158136 -0.597010
v 0.328701 0.256688 -0.657448
v 0.413745 0.187519 -0.599100
v 0.354909 0.274730 -0.606885
v 0.396787 0.238658 -0.578810
v 0.344682 0.204292 -0.679003
v 0.389224 0.170629 -0.649216
v -0.328846 0.256822 -0.658164
v -0.413939 0.187594 -0.599156
v -0.354600 0.274463 -0.606838
v -0.396973 0.238562 -0.578985
v -0.344747 0.204290 -0.678824
v -0.389266 0.170707 -0.649233
v 0.730546 -0.000062 -0.041848
v 0.733579 -0.000270 0.065467
v 0.731657 0.040291 -0.014962
v 0.731658 0.040649 0.038476
v 0.728720 -0.041324 -0.014568
v 0.729085 -0.041780 0.038759
v -0.730578 -0.000039 -0.041861
v -0.733626 -0.000267 0.065472
v -0.731655 0.040297 -0.014968
v -0.731643 0.040655 0.038463
v -0.728728 -0.041355 -0.014576
v -0.729088 -0.041795 0.038753
v -0.222115 0.518688 -0.025659
v -0.114709 0.541847 -0.030931
v -0.199727 0.516112 0.013837
v -0.195926 0.533665 -0.070598
v -0.147230 0.525630 0.009709
v -0.140225 0.545822 -0.072294
v -0.307756 0.467104 0.094347
v -0.269208 0.445444 0.180612
v -0.259798 0.479365 0.096286
v -0.335895 0.444293 0.131383
v -0.239512 0.467602 0.138100
v -0.318249 0.434397 0.176328
v -0.303475 0.518853 -0.141933
v -0.276752 0.571413 -0.257928
v -0.255521 0.539390 -0.155984
v -0.335137 0.515233 -0.179034
v -0.238499 0.563611 -0.212549
v -0.325711 0.543213 -0.238022
v -0.429279 0.447787 -0.075410
v -0.476304 0.404427 -0.127709
v -0.415415 0.457863 -0.129808
v -0.464576 0.421093 -0.048403
v -0.439851 0.438439 -0.157517
v -0.490352 0.399332 -0.072429
v -0.433370 0.423840 0.065857
v -0.490665 0.375752 0.127943
v -0.423085 0.416019 0.111404
v -0.466245 0.406252 0.048623
v -0.452608 0.392893 0.144694
v -0.495708 0.381249 0.078247
v 0.222320 0.518801 -0.025535
v 0.114601 0.541664 -0.030953
v 0.199576 0.516030 0.013849
v 0.195703 0.533834 -0.070283
v 0.147067 0.525884 0.009744
v 0.140947 0.545988 -0.072515
v 0.307726 0.467088 0.094144
v 0.269156 0.445297 0.180592
v 0.259838 0.479298 0.096227
v 0.335951 0.444282 0.131301
v 0.239255 0.467484 0.138005
v 0.318233 0.434404 0.176296
v 0.303452 0.518908 -0.141829
v 0.276558 0.571475 -0.257649
v 0.255428 0.539071 -0.155870
v 0.335054 0.515271 -0.178856
v 0.238751 0.563886 -0.212605
v 0.325384 0.543114 -0.238244
v 0.429306 0.447895 -0.075436
v 0.476224 0.404402 -0.128006
v 0.415295 0.457825 -0.129880
v 0.464585 0.421175 -0.048395
v 0.439660 0.437918 -0.157592
v 0.490264 0.399390 -0.072269
v 0.433444 0.423818 0.065923
v 0.490681 0.375741 0.127909
v 0.423119 0.415988 0.111404
v 0.466322 0.406259 0.048615
v 0.452613 0.392849 0.144653
v 0.495726 0.381236 0.078241
v -0.255964 -0.653152 0.001873
v -0.151131 -0.674176 0.003881
v -0.219064 -0.625951 0.038876
v -0.248197 -0.720346 -0.030209
v -0.166570 -0.640093 0.041882
v -0.187567 -0.719729 -0.036822
v -0.324736 -0.562838 0.133174
v -0.281705 -0.565126 0.254155
v -0.271932 -0.578013 0.141494
v -0.356589 -0.544240 0.176464
v -0.248277 -0.576330 0.202765
v -0.335522 -0.546698 0.235599
v -0.351722 -0.637622 -0.121073
v -0.339174 -0.664595 -0.250796
v -0.335697 -0.725859 -0.138805
v -0.366573 -0.586318 -0.154367
v -0.316783 -0.742044 -0.210077
v -0.356802 -0.588736 -0.211892
v -0.425421 -0.480665 -0.056471
v -0.471236 -0.399902 -0.110281
v -0.413119 -0.478677 -0.104900
v -0.456920 -0.444499 -0.032443
v -0.434420 -0.434974 -0.132728
v -0.481870 -0.405299 -0.058567
v -0.442341 -0.487928 0.088874
v -0.489651 -0.424156 0.146425
v -0.438281 -0.491933 0.140451
v -0.467802 -0.452385 0.067019
v -0.460059 -0.461316 0.171190
v -0.493927 -0.419768 0.094146
v 0.255346 -0.653502 0.001805
v 0.150608 -0.673724 0.003489
v 0.218930 -0.626032 0.038989
v 0.247379 -0.720750 -0.029845
v 0.166253 -0.640395 0.042230
v 0.187062 -0.719789 -0.036795
v 0.324747 -0.562913 0.133174
v 0.282054 -0.564474 0.254322
v 0.271812 -0.577822 0.141657
v 0.356465 -0.544286 0.176152
v 0.248436 -0.576547 0.202661
v 0.335729 -0.546600 0.235654
v 0.352025 -0.638330 -0.121243
v 0.338932 -0.664750 -0.251032
v 0.335209 -0.726115 -0.138951
v 0.366448 -0.586502 -0.154588
v 0.316595 -0.742400 -0.210307
v 0.355936 -0.588951 -0.211430
v 0.425432 -0.480693 -0.056660
v 0.470611 -0.399566 -0.110154
v 0.413099 -0.478706 -0.104635
v 0.457107 -0.444195 -0.032419
v 0.434301 -0.435421 -0.132682
v 0.481602 -0.405149 -0.058441
v 0.442132 -0.487952 0.088945
v 0.489694 -0.423936 0.146400
v 0.438224 -0.491802 0.140547
v 0.468312 -0.452634 0.067577
v 0.459991 -0.461137 0.171265
v 0.493847 -0.419774 0.094199
v -0.097747 -0.585298 0.689874
v -0.185881 -0.751174 0.679856
v -0.068856 -0.630503 0.666250
v -0.166165 -0.585729 0.697389
v -0.104029 -0.693955 0.647579
v -0.220767 -0.662225 0.700242
v 0.097555 -0.585862 0.689265
v 0.184681 -0.752870 0.679192
v 0.068180 -0.629807 0.665453
v 0.166011 -0.586282 0.698925
v 0.103415 -0.694220 0.646459
v 0.220718 -0.663776 0.700246
v -0.000012 -0.291625 0.740362
v 0.000034 -0.165993 0.825670
v 0.048055 -0.262255 0.744353
v -0.048160 -0.262146 0.744985
v 0.049115 -0.200803 0.764687
v -0.048962 -0.200920 0.764808
v 0.137573 -0.394031 0.705394
v 0.234613 -0.332875 0.678010
v 0.185374 -0.435708 0.696083
v 0.140979 -0.329402 0.711005
v 0.237500 -0.403873 0.683917
v 0.189546 -0.298954 0.698707
v -0.137168 -0.393818 0.705030
v -0.234411 -0.332805 0.677723
v -0.185451 -0.435637 0.695956
v -0.141376 -0.329268 0.710821
v -0.237193 -0.403984 0.683890
v -0.189273 -0.299023 0.697726
v -0.073568 0.347872 0.553022
v -0.129390 0.371002 0.468291
v -0.050599 0.361681 0.513115
v -0.123864 0.344407 0.552764
v -0.077419 0.374495 0.469351
v -0.153728 0.354981 0.512492
v 0.073578 0.347902 0.553035
v 0.129414 0.371044 0.468203
v 0.050603 0.361644 0.513100
v 0.123856 0.344415 0.552739
v 0.077404 0.374485 0.469206
v 0.153732 0.355022 0.512496
v -0.000013 0.257996 0.681765
v 0.000043 0.162359 0.704670
v 0.045072 0.236145 0.685335
v -0.045090 0.236140 0.685332
v 0.046911 0.186974 0.695363
v -0.046874 0.186969 0.695372
v 0.121244 0.302636 0.638978
v 0.219196 0.274712 0.629080
v 0.157661 0.312797 0.612953
v 0.130419 0.275247 0.657281
v 0.207543 0.302784 0.608204
v 0.179467 0.257514 0.653399
v -0.121245 0.302633 0.638974
v -0.219191 0.274746 0.629068
v -0.157660 0.312795 0.612949
v -0.130425 0.275248 0.657275
v -0.207550 0.302806 0.608238
v -0.179477 0.257520 0.653393
v -0.070350 -0.358703 -0.539926
v -0.123179 -0.409028 -0.455426
v -0.048202 -0.387792 -0.498859
v -0.118311 -0.352239 -0.539915
v -0.074372 -0.415427 -0.457455
v -0.145612 -0.374162 -0.496200
v 0.070257 -0.359006 -0.539879
v 0.123432 -0.409363 -0.455123
v 0.048271 -0.387100 -0.499138
v 0.118205 -0.352092 -0.540008
v 0.074344 -0.414864 -0.457155
v 0.145380 -0.374466 -0.496118
v 0.000004 -0.253967 -0.678185
v 0.000026 -0.162865 -0.693220
v 0.045773 -0.237288 -0.682123
v -0.045671 -0.237312 -0.682058
v 0.047018 -0.190440 -0.688136
v -0.047113 -0.190400 -0.688291
v 0.119538 -0.292094 -0.638073
v 0.215623 -0.264746 -0.627582
v 0.154471 -0.303190 -0.611656
v 0.128804 -0.267763 -0.656361
v 0.202973 -0.291080 -0.605841
v 0.176544 -0.251305 -0.650938
v -0.119447 -0.292158 -0.638040
v -0.215626 -0.264750 -0.627586
v -0.154369 -0.303297 -0.611616
v -0.128817 -0.267655 -0.656372
v -0.202898 -0.291140 -0.605797
v -0.176604 -0.251234 -0.650962
v -0.091171 0.531646 -0.654333
v -0.164497 0.612424 -0.597221
v -0.066090 0.585936 -0.633683
v -0.152469 0.519375 -0.654514
v -0.103391 0.629150 -0.603004
v -0.192115 0.557660 -0.628133
v 0.091397 0.531743 -0.654410
v 0.164587 0.612163 -0.597138
v 0.066074 0.585586 -0.633427
v 0.152219 0.519195 -0.654463
v 0.103563 0.629030 -0.603096
v 0.192218 0.557352 -0.627975
v -0.000041 0.295364 -0.774328
v -0.000077 0.188886 -0.806653
v 0.054635 0.271057 -0.787859
v -0.054672 0.270989 -0.787477
v 0.057588 0.217942 -0.809933
v -0.057858 0.218029 -0.810130
v 0.138163 0.375673 -0.718586
v 0.241168 0.324543 -0.707279
v 0.178771 0.405788 -0.691598
v 0.150853 0.325508 -0.748441
v 0.227912 0.378987 -0.681515
v 0.207777 0.302194 -0.752093
v -0.138371 0.375811 -0.718614
v -0.241181 0.324633 -0.707396
v -0.178947 0.406187 -0.691973
v -0.150642 0.325553 -0.748063
v -0.228102 0.378869 -0.681277
v -0.207891 0.302511 -0.752342
v 0.624736 0.097962 -0.348346
v 0.601281 0.178583 -0.295997
v 0.598444 0.129456 -0.374488
v 0.638897 0.104401 -0.296092
v 0.587384 0.171032 -0.350762
v 0.628187 0.144015 -0.268157
v 0.615774 -0.101314 -0.344022
v 0.601005 -0.185730 -0.297504
v 0.587706 -0.133549 -0.369113
v 0.632680 -0.108562 -0.294074
v 0.581780 -0.177415 -0.349287
v 0.624407 -0.149679 -0.267710
v 0.551005 -0.063198 -0.470539
v 0.477826 -0.119737 -0.519202
v 0.541805 -0.107857 -0.456588
v 0.524281 -0.044467 -0.506120
v 0.507547 -0.138157 -0.482746
v 0.485126 -0.071057 -0.529525
v 0.558327 0.064209 -0.476695
v 0.493382 0.121471 -0.539325
v 0.551387 0.106815 -0.464365
v 0.531486 0.047082 -0.513499
v 0.518009 0.136924 -0.494097
v 0.497710 0.074725 -0.544798
v 0.671875 0.000463 -0.270029
v 0.702430 0.000061 -0.156065
v 0.676574 0.036339 -0.242226
v 0.673591 -0.036670 -0.241485
v 0.691697 0.037715 -0.185086
v 0.688290 -0.038359 -0.184575
v 0.636351 0.102604 0.346547
v 0.615210 0.188542 0.299470
v 0.606376 0.136396 0.371240
v 0.655432 0.109630 0.298703
v 0.595333 0.180334 0.348965
v 0.643966 0.151891 0.273688
v 0.636589 -0.102517 0.345281
v 0.611413 -0.190236 0.296433
v 0.606354 -0.135921 0.368827
v 0.655119 -0.110146 0.297739
v 0.592306 -0.181557 0.345296
v 0.642583 -0.153250 0.271979
v 0.569293 -0.062309 0.472629
v 0.489302 -0.119171 0.521399
v 0.557429 -0.108004 0.455687
v 0.541235 -0.042852 0.511777
v 0.517349 -0.139486 0.479314
v 0.502586 -0.068263 0.537927
v 0.567360 0.064243 0.473443
v 0.489366 0.120983 0.522704
v 0.556936 0.109444 0.457631
v 0.539559 0.045598 0.512414
v 0.518755 0.139441 0.482224
v 0.500534 0.072632 0.538712
v 0.700671 -0.000381 0.276537
v 0.723400 -0.000146 0.173771
v 0.705370 0.037033 0.251232
v 0.704446 -0.037712 0.251538
v 0.717156 0.038955 0.199888
v 0.715245 -0.039551 0.200101
v -0.624749 0.097926 -0.348319
v -0.601267 0.178559 -0.295987
v -0.598438 0.129443 -0.374453
v -0.638927 0.104403 -0.296064
v -0.587323 0.171055 -0.350802
v -0.628181 0.143997 -0.268170
v -0.615717 -0.101295 -0.344036
v -0.601029 -0.185775 -0.297448
v -0.588195 -0.133790 -0.369504
v -0.632705 -0.108408 -0.294069
v -0.581686 -0.177310 -0.349186
v -0.624397 -0.149742 -0.267633
v -0.551046 -0.063138 -0.470563
v -0.477822 -0.119713 -0.519219
v -0.541493 -0.107807 -0.456142
v -0.524289 -0.044576 -0.506089
v -0.507698 -0.138203 -0.482928
v -0.485146 -0.071133 -0.529500
v -0.558323 0.064162 -0.476695
v -0.493296 0.121414 -0.539270
v -0.551349 0.106813 -0.464345
v -0.531320 0.047025 -0.513420
v -0.517953 0.136926 -0.494114
v -0.497495 0.074608 -0.544627
v -0.671888 0.000443 -0.270042
v -0.702439 0.000013 -0.156066
v -0.676644 0.036316 -0.242266
v -0.673703 -0.036611 -0.241503
v -0.691684 0.037702 -0.185092
v -0.688608 -0.038347 -0.184625
v -0.636352 0.102598 0.346537
v -0.615203 0.188517 0.299477
v -0.606360 0.136405 0.371241
v -0.655431 0.109624 0.298718
v -0.595303 0.180318 0.348963
v -0.643967 0.151888 0.273697
v -0.636567 -0.102499 0.345300
v -0.611363 -0.190261 0.296379
v -0.606337 -0.135953 0.368778
v -0.655103 -0.110144 0.297720
v -0.592248 -0.181615 0.345294
v -0.642591 -0.153215 0.272009
v -0.569268 -0.062362 0.472629
v -0.489184 -0.119678 0.521140
v -0.557494 -0.108058 0.455771
v -0.541226 -0.042794 0.511777
v -0.517104 -0.139562 0.479259
v -0.502624 -0.068322 0.538038
v -0.567358 0.064272 0.473476
v -0.489338 0.121041 0.522754
v -0.556943 0.109392 0.457611
v -0.539550 0.045587 0.512398
v -0.518795 0.139266 0.482047
v -0.500528 0.072606 0.538717
v -0.700674 -0.000366 0.276528
v -0.723398 -0.000141 0.173764
v -0.705386 0.037038 0.251244
v -0.704468 -0.037687 0.251544
v -0.717114 0.038930 0.199896
v -0.715233 -0.039537 0.200101
v -0.061714 0.512424 0.078374
v -0.119047 0.470189 0.179519
v -0.108848 0.506188 0.086114
v -0.139124 0.484987 0.134263
v -0.044022 0.495135 0.125283
v -0.070551 0.474224 0.177196
v -0.052713 0.587383 -0.172922
v -0.118801 0.631152 -0.293734
v -0.095862 0.579899 -0.170986
v -0.132277 0.595153 -0.229689
v -0.041210 0.610780 -0.233005
v -0.071687 0.637410 -0.293288
v 0.061890 0.512292 0.078618
v 0.119046 0.469737 0.179734
v 0.108889 0.505224 0.086441
v 0.139217 0.484254 0.134429
v 0.043861 0.495890 0.124499
v 0.070479 0.474426 0.177026
v 0.052670 0.587307 -0.172934
v 0.118725 0.631219 -0.293717
v 0.095874 0.580003 -0.171299
v 0.132385 0.595325 -0.229773
v 0.041187 0.610649 -0.233028
v 0.071617 0.637407 -0.293236
v -0.359667 0.381379 0.308229
v -0.452100 0.355731 0.281398
v -0.378754 0.390850 0.257173
v -0.425099 0.377715 0.244872
v -0.386980 0.360568 0.348296
v -0.432650 0.347889 0.333514
v -0.050872 0.422489 0.325503
v 0.050646 0.422412 0.325248
v -0.025654 0.406734 0.374253
v 0.025677 0.406770 0.374313
v -0.024811 0.440249 0.275748
v 0.025037 0.440391 0.276008
v -0.286850 0.351602 0.457111
v -0.325394 0.311795 0.524300
v -0.257086 0.341897 0.502154
v -0.276459 0.323478 0.536322
v -0.337344 0.342154 0.447701
v -0.356434 0.321596 0.480722
v -0.454619 0.600959 -0.382992
v -0.422282 0.432447 -0.297546
v -0.405099 0.535703 -0.310453
v -0.415073 0.472258 -0.274997
v -0.408906 0.507866 -0.399695
v -0.406453 0.439890 -0.355234
v -0.074538 0.716387 -0.452145
v 0.074434 0.716479 -0.452002
v -0.036249 0.694305 -0.505283
v 0.036162 0.693667 -0.505604
v -0.033498 0.693961 -0.401783
v 0.033375 0.693981 -0.401788
v -0.300587 0.506314 -0.524290
v -0.323486 0.385072 -0.562832
v -0.271722 0.483010 -0.571101
v -0.284450 0.423368 -0.590896
v -0.341111 0.466723 -0.496370
v -0.348926 0.403954 -0.513788
v -0.580577 0.308092 -0.040441
v -0.588420 0.308026 0.064535
v -0.556273 0.339263 -0.015268
v -0.559541 0.337222 0.036360
v -0.611285 0.275554 -0.012957
v -0.615067 0.276778 0.039898
v -0.489281 0.289688 -0.375991
v -0.445028 0.268707 -0.479008
v -0.509803 0.242178 -0.401630
v -0.487187 0.231638 -0.452351
v -0.448153 0.331155 -0.403542
v -0.427011 0.321039 -0.455752
v -0.641379 0.194577 -0.124657
v -0.692667 0.119504 -0.069946
v -0.655518 0.153711 -0.154279
v -0.680430 0.116635 -0.126517
v -0.652481 0.198651 -0.068346
v -0.678835 0.161054 -0.041451
v -0.514350 0.281238 0.376924
v -0.460720 0.259673 0.471729
v -0.528219 0.246444 0.401806
v -0.500785 0.233431 0.447828
v -0.473742 0.301153 0.398859
v -0.447638 0.292222 0.447490
v -0.654812 0.202248 0.144851
v -0.699133 0.122441 0.092066
v -0.671362 0.161034 0.171206
v -0.693380 0.121102 0.145221
v -0.660119 0.203576 0.092334
v -0.681274 0.163205 0.065664
v 0.359710 0.381404 0.308208
v 0.452126 0.355739 0.281463
v 0.378774 0.390870 0.257156
v 0.425119 0.377714 0.244869
v 0.386943 0.360538 0.348327
v 0.432631 0.347900 0.333549
v 0.286839 0.351623 0.457133
v 0.325396 0.311804 0.524304
v 0.257075 0.341915 0.502150
v 0.276459 0.323473 0.536330
v 0.337317 0.342149 0.447669
v 0.356456 0.321600 0.480730
v 0.454408 0.600936 -0.382959
v 0.422296 0.432482 -0.297611
v 0.405251 0.536111 -0.310433
v 0.415401 0.472303 -0.274845
v 0.409442 0.507575 -0.399922
v 0.406368 0.439977 -0.355335
v 0.300719 0.505831 -0.524438
v 0.323388 0.385101 -0.562673
v 0.271652 0.482886 -0.570854
v 0.284569 0.423649 -0.590696
v 0.341125 0.466403 -0.495776
v 0.348021 0.403020 -0.513115
v 0.580570 0.308185 -0.040542
v 0.588379 0.308047 0.064514
v 0.556315 0.339324 -0.015280
v 0.559592 0.337192 0.036378
v 0.611224 0.275408 -0.012964
v 0.615056 0.276796 0.039860
v 0.488725 0.289813 -0.375812
v 0.445328 0.268821 -0.479270
v 0.509837 0.242245 -0.401840
v 0.487426 0.231172 -0.452432
v 0.447971 0.331673 -0.403771
v 0.426691 0.321032 -0.455738
v 0.641405 0.194595 -0.124689
v 0.692666 0.119497 -0.069972
v 0.655545 0.153713 -0.154289
v 0.680422 0.116654 -0.126534
v 0.652515 0.198618 -0.068353
v 0.678861 0.161067 -0.041482
v 0.514382 0.281273 0.376895
v 0.460724 0.259682 0.471748
v 0.528223 0.246455 0.401804
v 0.500790 0.233446 0.447837
v 0.473741 0.301164 0.398825
v 0.447640 0.292229 0.447441
v 0.654852 0.202262 0.144857
v 0.699082 0.122425 0.092072
v 0.671384 0.161033 0.171212
v 0.693449 0.121118 0.145231
v 0.660117 0.203604 0.092349
v 0.681291 0.163233 0.065674
v -0.063318 -0.625319 0.161748
v -0.112223 -0.607152 0.288197
v -0.107197 -0.614843 0.154428
v -0.135245 -0.600928 0.217548
v -0.042447 -0.623786 0.225788
v -0.064521 -0.619137 0.289050
v -0.087419 -0.679699 -0.126667
v -0.140436 -0.686746 -0.243229
v -0.126762 -0.760051 -0.143047
v -0.159620 -0.772630 -0.215738
v -0.063720 -0.639375 -0.165938
v -0.086696 -0.641422 -0.222189
v 0.063021 -0.625312 0.161527
v 0.112356 -0.607242 0.288327
v 0.107097 -0.614781 0.154449
v 0.135356 -0.600764 0.217487
v 0.042592 -0.623917 0.225621
v 0.064874 -0.619502 0.289145
v 0.086846 -0.678981 -0.126159
v 0.139587 -0.686462 -0.242965
v 0.126195 -0.758144 -0.141921
v 0.157990 -0.772058 -0.214515
v 0.063500 -0.638843 -0.165380
v 0.086030 -0.641506 -0.221964
v -0.373206 -0.513765 0.370128
v -0.454707 -0.437890 0.309251
v -0.392230 -0.505281 0.309742
v -0.435085 -0.472307 0.282389
v -0.394305 -0.479185 0.396885
v -0.432263 -0.435864 0.363632
v -0.060440 -0.688043 0.470919
v 0.060120 -0.687894 0.470631
v -0.032946 -0.673512 0.522923
v 0.032901 -0.673474 0.522752
v -0.026612 -0.663233 0.411190
v 0.027029 -0.663089 0.410805
v -0.332121 -0.552860 0.560957
v -0.341807 -0.414716 0.575236
v -0.317260 -0.551068 0.625377
v -0.313504 -0.469088 0.621399
v -0.357977 -0.487438 0.513581
v -0.367134 -0.427336 0.525895
v -0.340768 -0.430828 -0.296897
v -0.426415 -0.373853 -0.267396
v -0.363486 -0.451070 -0.251414
v -0.402813 -0.416725 -0.233832
v -0.363046 -0.386231 -0.332947
v -0.408026 -0.360072 -0.319689
v -0.053531 -0.527809 -0.340118
v 0.053257 -0.527596 -0.340355
v -0.025992 -0.489483 -0.378711
v 0.026015 -0.489504 -0.378989
v -0.027998 -0.563325 -0.300382
v 0.027475 -0.563057 -0.300105
v -0.269572 -0.369460 -0.440129
v -0.316703 -0.301032 -0.522611
v -0.243809 -0.349628 -0.487504
v -0.267187 -0.316564 -0.530185
v -0.317864 -0.350925 -0.432369
v -0.342310 -0.314787 -0.473928
v -0.582736 -0.305805 -0.036733
v -0.584759 -0.313955 0.068387
v -0.552818 -0.341220 -0.008875
v -0.555400 -0.345988 0.043370
v -0.614586 -0.275947 -0.011495
v -0.614781 -0.278886 0.041279
v -0.500735 -0.265960 -0.375538
v -0.451126 -0.246068 -0.473428
v -0.515969 -0.233733 -0.402997
v -0.490448 -0.223036 -0.450529
v -0.459289 -0.287485 -0.395765
v -0.434499 -0.277095 -0.445107
v -0.643127 -0.199995 -0.125324
v -0.687106 -0.123330 -0.070252
v -0.652479 -0.158459 -0.154666
v -0.674678 -0.120427 -0.126547
v -0.654603 -0.204055 -0.068669
v -0.676888 -0.166405 -0.041846
v -0.502647 -0.303384 0.375816
v -0.451562 -0.280821 0.471189
v -0.520718 -0.256691 0.396866
v -0.492905 -0.243058 0.443011
v -0.463700 -0.343656 0.405565
v -0.438925 -0.334252 0.454906
v -0.654122 -0.205793 0.143940
v -0.696047 -0.125179 0.091917
v -0.670132 -0.163615 0.170325
v -0.690606 -0.123217 0.144866
v -0.659804 -0.207336 0.091777
v -0.680328 -0.167372 0.065271
v 0.373021 -0.513651 0.369764
v 0.454598 -0.437481 0.309029
v 0.392319 -0.505686 0.309848
v 0.435064 -0.471894 0.282471
v 0.395000 -0.479675 0.396876
v 0.433081 -0.436945 0.363747
v 0.332181 -0.552898 0.560533
v 0.341906 -0.414944 0.575351
v 0.317390 -0.551493 0.625145
v 0.313627 -0.468826 0.621133
v 0.357664 -0.487672 0.513411
v 0.367045 -0.427493 0.526041
v 0.340848 -0.430560 -0.296940
v 0.426343 -0.373077 -0.267471
v 0.363500 -0.450858 -0.251432
v 0.402668 -0.416654 -0.233778
v 0.363213 -0.386230 -0.332962
v 0.407885 -0.360348 -0.319432
v 0.269781 -0.369462 -0.440358
v 0.316784 -0.301006 -0.522593
v 0.243873 -0.349403 -0.487841
v 0.267301 -0.316502 -0.530125
v 0.318116 -0.350423 -0.432511
v 0.342365 -0.314543 -0.473899
v 0.582814 -0.305932 -0.036711
v 0.584709 -0.313946 0.068369
v 0.552742 -0.340996 -0.008916
v 0.555263 -0.345816 0.043291
v 0.614627 -0.275961 -0.011451
v 0.614776 -0.278849 0.041252
v 0.500819 -0.266112 -0.375542
v 0.451149 -0.246205 -0.473413
v 0.515972 -0.233878 -0.402964
v 0.490507 -0.223054 -0.450531
v 0.459244 -0.287410 -0.395614
v 0.434643 -0.277167 -0.445295
v 0.642966 -0.199880 -0.125404
v 0.686994 -0.123398 -0.070314
v 0.653041 -0.158845 -0.154523
v 0.675099 -0.120601 -0.126533
v 0.654593 -0.204064 -0.068665
v 0.676798 -0.166363 -0.041832
v 0.502612 -0.303278 0.375797
v 0.451957 -0.280923 0.471206
v 0.520365 -0.256648 0.396905
v 0.492558 -0.242983 0.442837
v 0.463589 -0.343573 0.405215
v 0.439199 -0.334716 0.454982
v 0.654135 -0.205796 0.143909
v 0.696008 -0.125191 0.091928
v 0.670107 -0.163584 0.170319
v 0.690576 -0.123228 0.144875
v 0.659761 -0.207391 0.091731
v 0.680281 -0.167393 0.065268
v 0.148930 -0.084782 0.722615
v 0.240340 -0.141897 0.685302
v 0.149066 -0.141922 0.730659
v 0.194145 -0.172662 0.707032
v 0.198974 -0.054720 0.706707
v 0.244176 -0.082569 0.688130
v -0.149149 -0.084228 0.722849
v -0.240356 -0.141706 0.684420
v -0.149165 -0.141906 0.730517
v -0.194036 -0.172636 0.706505
v -0.198823 -0.054907 0.706860
v -0.244122 -0.082477 0.688286
v 0.147703 0.081500 0.700043
v 0.240667 0.135979 0.669394
v 0.145075 0.134908 0.691150
v 0.191108 0.161744 0.676467
v 0.198129 0.055319 0.694781
v 0.246354 0.083251 0.680973
v -0.147595 0.081512 0.699986
v -0.240670 0.135960 0.669370
v -0.145115 0.134907 0.691233
v -0.191088 0.161727 0.676385
v -0.198111 0.055313 0.694939
v -0.246331 0.083225 0.680931
v 0.381248 -0.049816 0.622490
v 0.381496 0.054927 0.622095
v 0.427900 -0.022057 0.601421
v 0.427570 0.028450 0.601548
v 0.338859 -0.023551 0.648873
v 0.339327 0.029938 0.648703
v -0.381337 -0.049894 0.622632
v -0.381483 0.054846 0.622045
v -0.427859 -0.022021 0.601444
v -0.427594 0.028384 0.601499
v -0.338828 -0.023463 0.648916
v -0.339353 0.029873 0.648714
v 0.145082 -0.077061 -0.696178
v 0.234061 -0.133404 -0.658186
v 0.142298 -0.135561 -0.684705
v 0.186361 -0.162179 -0.668274
v 0.194409 -0.047347 -0.691662
v 0.238337 -0.076542 -0.669582
v -0.145097 -0.076877 -0.696304
v -0.234253 -0.132859 -0.658680
v -0.142464 -0.136061 -0.684710
v -0.186431 -0.162174 -0.668320
v -0.194398 -0.047148 -0.691918
v -0.238352 -0.076371 -0.669590
v 0.163245 0.099057 -0.775008
v 0.274701 0.160334 -0.766779
v 0.173205 0.158751 -0.813727
v 0.228568 0.191545 -0.800803
v 0.208789 0.069535 -0.741977
v 0.261142 0.098413 -0.734566
v -0.163453 0.099245 -0.773755
v -0.274645 0.160380 -0.767010
v -0.173115 0.158497 -0.813717
v -0.228315 0.191485 -0.800931
v -0.208675 0.069303 -0.741583
v -0.260653 0.098149 -0.734390
v 0.374852 -0.051057 -0.616941
v 0.382558 0.061119 -0.635308
v 0.415941 -0.023038 -0.594059
v 0.419798 0.030849 -0.601668
v 0.333324 -0.021692 -0.644357
v 0.338599 0.035444 -0.657533
v -0.374807 -0.051183 -0.616843
v -0.382642 0.060812 -0.635485
v -0.415919 -0.023113 -0.594108
v -0.419571 0.030790 -0.601242
v -0.333559 -0.021836 -0.644467
v -0.338500 0.035538 -0.657785
v -0.298039 0.492001 0.018926
v -0.294203 0.504983 -0.056999
v -0.250621 0.505026 0.017070
v -0.246837 0.520200 -0.065214
v -0.366085 0.460010 0.048254
v -0.279813 0.488668 0.056856
v -0.352240 0.453008 0.088649
v -0.363203 0.482668 -0.072929
v -0.274036 0.520581 -0.103795
v -0.348035 0.496059 -0.123733
v -0.410335 0.454309 -0.004656
v -0.389381 0.472517 -0.101254
v -0.438182 0.439448 -0.025404
v -0.394138 0.438640 0.079177
v -0.438341 0.431129 0.020752
v 0.297818 0.491902 0.018854
v 0.294301 0.504977 -0.057083
v 0.250528 0.504860 0.016881
v 0.247258 0.520170 -0.064923
v 0.366140 0.459967 0.048160
v 0.279852 0.488737 0.056823
v 0.352296 0.453107 0.088536
v 0.362193 0.482407 -0.073498
v 0.274205 0.519825 -0.104054
v 0.348220 0.495987 -0.123452
v 0.410421 0.454345 -0.004701
v 0.389114 0.472489 -0.101358
v 0.438251 0.439435 -0.025456
v 0.394232 0.438675 0.079132
v 0.438314 0.431193 0.020733
v -0.317399 -0.589059 0.041454
v -0.327984 -0.624373 -0.035603
v -0.270753 -0.607093 0.038109
v -0.293486 -0.672928 -0.036810
v -0.389903 -0.546081 0.072220
v -0.295291 -0.582730 0.087042
v -0.376377 -0.544887 0.121646
v -0.378201 -0.558909 -0.053135
v -0.326797 -0.669025 -0.079965
v -0.372384 -0.573436 -0.101293
v -0.412391 -0.515936 0.012787
v -0.396680 -0.522679 -0.079733
v -0.434154 -0.482032 -0.008402
v -0.415146 -0.520364 0.107132
v -0.440207 -0.484485 0.039428
v 0.317430 -0.589188 0.041841
v 0.327780 -0.624496 -0.035397
v 0.270485 -0.606995 0.037981
v 0.292754 -0.672570 -0.037049
v 0.389953 -0.545922 0.072277
v 0.295264 -0.582841 0.087713
v 0.376324 -0.544940 0.121745
v 0.378471 -0.558904 -0.053143
v 0.326904 -0.669892 -0.079752
v 0.372402 -0.573745 -0.101405
v 0.412428 -0.515828 0.012765
v 0.396809 -0.523001 -0.079759
v 0.434185 -0.481960 -0.008329
v 0.415106 -0.520210 0.107315
v 0.440290 -0.484275 0.039452
v 0.000005 -0.530565 0.691529
v -0.076616 -0.474947 0.702054
v -0.032334 -0.578545 0.679811
v -0.118405 -0.523738 0.696966
v 0.076996 -0.475240 0.702615
v 0.031849 -0.579023 0.679563
v 0.118095 -0.524466 0.697628
v 0.043775 -0.381380 0.717999
v -0.043750 -0.381026 0.717590
v 0.046468 -0.322835 0.729865
v -0.046696 -0.322834 0.729814
v 0.130915 -0.459247 0.702200
v 0.091864 -0.356678 0.717192
v -0.130717 -0.459037 0.701386
v -0.092064 -0.356499 0.717218
v -0.000001 0.338747 0.586963
v -0.062824 0.325656 0.615028
v -0.024366 0.349618 0.553041
v -0.093254 0.334599 0.587019
v 0.062820 0.325643 0.615023
v 0.024379 0.349635 0.553032
v 0.093251 0.334585 0.587014
v 0.038956 0.301859 0.655791
v -0.038953 0.301859 0.655787
v 0.042619 0.275304 0.672188
v -0.042634 0.275289 0.672193
v 0.109022 0.320435 0.615228
v 0.083029 0.290750 0.658550
v -0.109025 0.320422 0.615231
v -0.083027 0.290750 0.658535
v 0.000054 -0.340443 -0.579080
v -0.061452 -0.319908 -0.611209
v -0.023332 -0.362672 -0.539413
v -0.090353 -0.333658 -0.580389
v 0.061587 -0.319891 -0.611155
v 0.023286 -0.362364 -0.539589
v 0.090460 -0.333556 -0.580393
v 0.038714 -0.291651 -0.654000
v -0.038663 -0.291639 -0.654004
v 0.042730 -0.268871 -0.670428
v -0.042787 -0.268863 -0.670436
v 0.106956 -0.312881 -0.613275
v 0.082374 -0.281182 -0.657322
v -0.106880 -0.312914 -0.613241
v -0.082359 -0.281069 -0.657344
v -0.000037 0.494035 -0.673853
v -0.073398 0.442541 -0.693554
v -0.030081 0.538628 -0.654386
v -0.111118 0.479047 -0.674299
v 0.073992 0.443002 -0.694351
v 0.030458 0.538987 -0.655084
v 0.111082 0.479024 -0.674466
v 0.045383 0.367865 -0.733354
v -0.045065 0.367483 -0.733340
v 0.050154 0.320492 -0.759547
v -0.050197 0.320512 -0.759959
v 0.126088 0.426760 -0.694377
v 0.096158 0.347311 -0.741504
v -0.126221 0.426863 -0.694842
v -0.096034 0.347050 -0.741466
v 0.608569 0.052116 -0.410104
v 0.647657 0.032008 -0.346291
v 0.604481 0.089552 -0.394031
v 0.646040 0.066662 -0.322593
v 0.603197 -0.050865 -0.407175
v 0.645142 -0.030246 -0.345151
v 0.594982 -0.091165 -0.388757
v 0.640542 -0.068019 -0.320217
v 0.587916 0.001651 -0.451915
v 0.573390 -0.078612 -0.430635
v 0.559512 -0.019547 -0.480933
v 0.581914 0.078483 -0.436335
v 0.562021 0.022467 -0.483035
v 0.661862 0.034565 -0.296666
v 0.659345 -0.034099 -0.295811
v 0.625936 0.052304 0.410501
v 0.667676 0.031556 0.346159
v 0.617407 0.093164 0.392491
v 0.664561 0.068971 0.323323
v 0.626613 -0.052153 0.409726
v 0.667348 -0.032466 0.345828
v 0.618268 -0.092184 0.390992
v 0.664222 -0.069390 0.322775
v 0.604689 -0.000139 0.452241
v 0.595437 -0.078790 0.432828
v 0.575081 -0.020116 0.482640
v 0.593519 0.080273 0.433848
v 0.574388 0.021071 0.482971
v 0.686828 0.034813 0.300202
v 0.686104 -0.035611 0.300097
v -0.608550 0.052095 -0.410119
v -0.647664 0.031995 -0.346311
v -0.604491 0.089515 -0.394003
v -0.646049 0.066651 -0.322596
v -0.603120 -0.050884 -0.407151
v -0.645153 -0.030265 -0.345125
v -0.595192 -0.091382 -0.388939
v -0.640552 -0.068020 -0.320214
v -0.587907 0.001706 -0.451922
v -0.573614 -0.078611 -0.430812
v -0.559538 -0.019538 -0.480907
v -0.581896 0.078463 -0.436292
v -0.562024 0.022454 -0.483026
v -0.661846 0.034564 -0.296687
v -0.659413 -0.034134 -0.295794
v -0.625951 0.052307 0.410494
v -0.667698 0.031553 0.346154
v -0.617423 0.093163 0.392497
v -0.664569 0.068960 0.323331
v -0.626594 -0.052103 0.409726
v -0.667353 -0.032462 0.345837
v -0.618203 -0.092177 0.390987
v -0.664220 -0.069361 0.322759
v -0.604698 -0.000123 0.452227
v -0.595315 -0.078878 0.432776
v -0.575034 -0.020030 0.482630
v -0.593505 0.080289 0.433881
v -0.574409 0.021058 0.482963
v -0.686851 0.034808 0.300200
v -0.686091 -0.035621 0.300081
v -0.053896 0.539734 -0.000547
v -0.043062 0.561097 -0.072822
v -0.095891 0.535367 0.004619
v -0.079931 0.555876 -0.068569
v 0.054020 0.539744 -0.000558
v 0.043213 0.561212 -0.072892
v 0.096123 0.535320 0.004566
v 0.079876 0.555909 -0.068716
v 0.000060 0.531313 0.030774
v -0.077465 0.526547 0.038188
v -0.019014 0.517509 0.069811
v 0.000088 0.576574 -0.125284
v -0.052626 0.567800 -0.108265
v -0.017597 0.591147 -0.176715
v 0.077465 0.526657 0.038411
v 0.019171 0.517390 0.070038
v 0.052805 0.567776 -0.108434
v 0.017712 0.591708 -0.176965
v -0.198314 0.441983 0.228448
v -0.279345 0.412438 0.271668
v -0.218940 0.454859 0.182036
v -0.299753 0.423875 0.223356
v -0.129134 0.401184 0.373466
v -0.208987 0.377592 0.419524
v -0.103556 0.387699 0.421844
v -0.182259 0.366163 0.467561
v -0.125494 0.434713 0.276596
v -0.168770 0.463112 0.181610
v -0.097730 0.454101 0.226856
v -0.287095 0.381030 0.366469
v -0.330355 0.402466 0.266335
v -0.338884 0.371598 0.359874
v -0.077117 0.404601 0.373794
v -0.075007 0.438426 0.276159
v -0.234063 0.359548 0.462256
v -0.314770 0.361563 0.410073
v -0.206672 0.636023 -0.340376
v -0.313301 0.615960 -0.367285
v -0.223253 0.595321 -0.274296
v -0.321154 0.580566 -0.301063
v -0.166766 0.712657 -0.504079
v -0.233379 0.601346 -0.523555
v -0.132807 0.661165 -0.551072
v -0.210471 0.579149 -0.573435
v -0.173854 0.811409 -0.409977
v -0.169507 0.616423 -0.287160
v -0.112526 0.690475 -0.353808
v -0.327358 0.592672 -0.461575
v -0.381608 0.601894 -0.344479
v -0.406787 0.579075 -0.459859
v -0.107562 0.707593 -0.503196
v -0.101026 0.733344 -0.404212
v -0.255651 0.542408 -0.549052
v -0.339392 0.533834 -0.483283
v -0.481130 0.378482 -0.211392
v -0.534511 0.340147 -0.124564
v -0.461065 0.411564 -0.184767
v -0.512906 0.372027 -0.098148
v -0.546353 0.256991 -0.294181
v -0.596537 0.225441 -0.209999
v -0.569799 0.213781 -0.323518
v -0.614348 0.184622 -0.239413
v -0.484256 0.340281 -0.294334
v -0.444504 0.421693 -0.241901
v -0.444447 0.386424 -0.323662
v -0.590541 0.269382 -0.123721
v -0.547548 0.340096 -0.068911
v -0.602755 0.272774 -0.067427
v -0.530112 0.250593 -0.349167
v -0.466762 0.337780 -0.349883
v -0.627844 0.189769 -0.182108
v -0.623673 0.234779 -0.095434
v -0.509239 0.346477 0.211625
v -0.553654 0.330426 0.138795
v -0.482045 0.369893 0.178461
v -0.525452 0.356213 0.108612
v -0.571710 0.262576 0.300880
v -0.619375 0.236351 0.222985
v -0.584793 0.223865 0.325992
v -0.632621 0.194941 0.248634
v -0.516995 0.315852 0.295846
v -0.468786 0.363121 0.229616
v -0.475570 0.332912 0.315620
v -0.609453 0.274685 0.143877
v -0.558809 0.334379 0.087542
v -0.614100 0.276373 0.091847
v -0.551235 0.255171 0.352117
v -0.496492 0.308684 0.347694
v -0.646934 0.200101 0.197125
v -0.636211 0.241227 0.118509
v 0.198346 0.442467 0.228438
v 0.279275 0.412153 0.271709
v 0.219189 0.455263 0.182224
v 0.299596 0.423681 0.223362
v 0.129155 0.401152 0.373564
v 0.209102 0.377562 0.419479
v 0.103599 0.387663 0.421895
v 0.182257 0.366173 0.467556
v 0.125468 0.434451 0.276410
v 0.168923 0.464147 0.181566
v 0.097617 0.454258 0.227433
v 0.076996 0.404721 0.374104
v 0.074907 0.438280 0.276049
v 0.287178 0.381038 0.366443
v 0.330322 0.402484 0.266268
v 0.338889 0.371574 0.359897
v 0.234059 0.359614 0.462263
v 0.314743 0.361591 0.410099
v 0.206540 0.636186 -0.340354
v 0.313379 0.615628 -0.367348
v 0.223159 0.595482 -0.273935
v 0.320950 0.580187 -0.300904
v 0.167115 0.712967 -0.504104
v 0.233142 0.601310 -0.524181
v 0.133142 0.661105 -0.550702
v 0.210799 0.578488 -0.573389
v 0.173805 0.811414 -0.410001
v 0.169273 0.616592 -0.287257
v 0.112444 0.690469 -0.353805
v 0.107528 0.707484 -0.503133
v 0.101038 0.733228 -0.404357
v 0.327017 0.592913 -0.461454
v 0.381290 0.601658 -0.344594
v 0.406538 0.579563 -0.460124
v 0.255620 0.542491 -0.549077
v 0.339755 0.533388 -0.482744
v 0.481179 0.378613 -0.211378
v 0.534443 0.339937 -0.124651
v 0.461263 0.411839 -0.184650
v 0.512791 0.371925 -0.097991
v 0.546343 0.257017 -0.294188
v 0.596458 0.225425 -0.210031
v 0.569751 0.213696 -0.323489
v 0.614335 0.184668 -0.239479
v 0.484752 0.340445 -0.294532
v 0.444219 0.421597 -0.241896
v 0.444637 0.386098 -0.323814
v 0.590612 0.269302 -0.123806
v 0.547499 0.340154 -0.068848
v 0.602669 0.272849 -0.067464
v 0.530066 0.250458 -0.349178
v 0.466718 0.337905 -0.349807
v 0.627877 0.189862 -0.182108
v 0.623609 0.234825 -0.095455
v 0.509227 0.346471 0.211640
v 0.553651 0.330463 0.138768
v 0.482045 0.369918 0.178428
v 0.525413 0.356219 0.108605
v 0.571756 0.262586 0.300870
v 0.619379 0.236347 0.223014
v 0.584810 0.223869 0.325962
v 0.632630 0.194953 0.248649
v 0.516983 0.315889 0.295868
v 0.468802 0.363166 0.229636
v 0.475528 0.332885 0.315630
v 0.609353 0.274612 0.143883
v 0.558797 0.334393 0.087531
v 0.614097 0.276414 0.091847
v 0.551228 0.255193 0.352081
v 0.496470 0.308674 0.347665
v 0.646949 0.200106 0.197140
v 0.636178 0.241195 0.118508
v -0.068937 -0.648915 0.054609
v -0.080439 -0.673850 -0.034224
v -0.117140 -0.647751 0.049442
v -0.131550 -0.700710 -0.037289
v 0.068789 -0.648671 0.055395
v 0.079791 -0.673030 -0.034071
v 0.117002 -0.647549 0.049150
v 0.131025 -0.700189 -0.037084
v -0.000228 -0.639094 0.111334
v -0.082691 -0.633552 0.095478
v -0.021287 -0.630506 0.166659
v -0.000412 -0.642082 -0.069528
v -0.109130 -0.705770 -0.082772
v -0.034709 -0.632979 -0.112302
v 0.082573 -0.634078 0.095519
v 0.021123 -0.630836 0.166510
v 0.108337 -0.704887 -0.082296
v 0.034159 -0.632823 -0.111972
v -0.203335 -0.590708 0.348873
v -0.298576 -0.570084 0.368095
v -0.225065 -0.579322 0.271465
v -0.315247 -0.553593 0.299745
v -0.169247 -0.807248 0.539012
v -0.303450 -0.715773 0.589448
v -0.128411 -0.781198 0.622751
v -0.268295 -0.715308 0.664452
v -0.139142 -0.672436 0.415242
v -0.167099 -0.593048 0.283194
v -0.094390 -0.630054 0.356894
v -0.322117 -0.583702 0.469219
v -0.346616 -0.538145 0.337982
v -0.356869 -0.526473 0.431701
v -0.096287 -0.727525 0.535877
v -0.081932 -0.669091 0.413417
v -0.316091 -0.636403 0.619859
v -0.343792 -0.541746 0.495168
v -0.235978 -0.658100 -0.300114
v -0.293990 -0.536111 -0.294515
v -0.279447 -0.725779 -0.271170
v -0.336230 -0.572883 -0.263871
v -0.128822 -0.483977 -0.376165
v -0.199354 -0.426007 -0.406587
v -0.101010 -0.447297 -0.415760
v -0.172633 -0.398695 -0.451837
v -0.137580 -0.579232 -0.309209
v -0.204050 -0.739841 -0.275819
v -0.112691 -0.620100 -0.270578
v -0.273033 -0.434400 -0.353984
v -0.331943 -0.494809 -0.274793
v -0.318219 -0.410772 -0.344192
v -0.077989 -0.487955 -0.378417
v -0.082609 -0.569835 -0.303848
v -0.221371 -0.385224 -0.446304
v -0.294673 -0.389977 -0.392201
v -0.483114 -0.354100 -0.194625
v -0.535456 -0.330714 -0.116550
v -0.458044 -0.393522 -0.162599
v -0.508411 -0.367070 -0.086613
v -0.556669 -0.250352 -0.296691
v -0.602683 -0.227772 -0.211388
v -0.572201 -0.216640 -0.325588
v -0.615247 -0.190216 -0.240690
v -0.494405 -0.308491 -0.285082
v -0.443198 -0.384927 -0.215234
v -0.452317 -0.334094 -0.303873
v -0.598426 -0.267777 -0.122394
v -0.546762 -0.335731 -0.061918
v -0.608504 -0.272184 -0.065978
v -0.538464 -0.242950 -0.351884
v -0.479638 -0.297634 -0.342369
v -0.629357 -0.194980 -0.183051
v -0.628872 -0.237725 -0.095662
v -0.503401 -0.393731 0.226049
v -0.546555 -0.353035 0.146496
v -0.481364 -0.428499 0.199517
v -0.520057 -0.386775 0.120738
v -0.562324 -0.272587 0.297886
v -0.613921 -0.240345 0.220989
v -0.577763 -0.227523 0.321676
v -0.629114 -0.197105 0.246370
v -0.505993 -0.353668 0.302684
v -0.469923 -0.433394 0.254009
v -0.469589 -0.394278 0.332404
v -0.605214 -0.281657 0.144744
v -0.552098 -0.349967 0.094812
v -0.612066 -0.281090 0.093222
v -0.542033 -0.265474 0.348065
v -0.485718 -0.349939 0.354449
v -0.644822 -0.202771 0.195423
v -0.634626 -0.245046 0.118222
v 0.203573 -0.590654 0.349159
v 0.298936 -0.570336 0.368044
v 0.225315 -0.579236 0.271511
v 0.315539 -0.553663 0.299488
v 0.169004 -0.807157 0.538582
v 0.303225 -0.716553 0.587975
v 0.126334 -0.779933 0.620943
v 0.268177 -0.717385 0.663498
v 0.139330 -0.672605 0.415319
v 0.167261 -0.593158 0.283189
v 0.094597 -0.629957 0.356871
v 0.096363 -0.727198 0.535551
v 0.081924 -0.668765 0.413444
v 0.322252 -0.583733 0.469289
v 0.346308 -0.537946 0.337917
v 0.357036 -0.526692 0.431548
v 0.316517 -0.636974 0.619202
v 0.343813 -0.541711 0.495206
v 0.235633 -0.659214 -0.300152
v 0.294241 -0.536508 -0.294500
v 0.278900 -0.726392 -0.271086
v 0.336540 -0.573005 -0.264554
v 0.128673 -0.483814 -0.375992
v 0.199484 -0.426100 -0.406789
v 0.100649 -0.447122 -0.415804
v 0.172459 -0.399397 -0.451671
v 0.137376 -0.578976 -0.308519
v 0.203130 -0.740226 -0.275372
v 0.111786 -0.620231 -0.270620
v 0.077573 -0.487909 -0.378349
v 0.082520 -0.569747 -0.303578
v 0.272974 -0.434521 -0.353900
v 0.332128 -0.495217 -0.274751
v 0.318319 -0.410524 -0.344310
v 0.221319 -0.385627 -0.446514
v 0.294462 -0.389730 -0.392117
v 0.483737 -0.353678 -0.194721
v 0.535141 -0.330984 -0.116954
v 0.457923 -0.393080 -0.162469
v 0.508099 -0.367118 -0.086777
v 0.556724 -0.250401 -0.296626
v 0.602744 -0.227915 -0.211357
v 0.572235 -0.216624 -0.325614
v 0.615164 -0.190136 -0.240715
v 0.494359 -0.308492 -0.285013
v 0.443595 -0.384461 -0.215048
v 0.452015 -0.334143 -0.303879
v 0.598479 -0.267692 -0.122276
v 0.546751 -0.335744 -0.061979
v 0.608489 -0.272221 -0.065985
v 0.538511 -0.243079 -0.351817
v 0.479639 -0.297396 -0.342333
v 0.629223 -0.194852 -0.183140
v 0.628876 -0.237681 -0.095656
v 0.503632 -0.393849 0.226005
v 0.546273 -0.352912 0.146495
v 0.481740 -0.428561 0.199614
v 0.520132 -0.386651 0.120803
v 0.562239 -0.272575 0.298020
v 0.613931 -0.240396 0.221010
v 0.577839 -0.227453 0.321746
v 0.629153 -0.197167 0.246367
v 0.505848 -0.353409 0.302767
v 0.470256 -0.433461 0.253944
v 0.469548 -0.394339 0.332464
v 0.605222 -0.281600 0.144793
v 0.552095 -0.349858 0.094712
v 0.612057 -0.280993 0.093223
v 0.542037 -0.265539 0.347967
v 0.485501 -0.349522 0.354374
v 0.644827 -0.202773 0.195372
v 0.634644 -0.245016 0.118219
v 0.049790 -0.084620 0.748557
v -0.049703 -0.084559 0.748989
v 0.049528 -0.140983 0.767374
v -0.049474 -0.141111 0.767876
v 0.049092 0.081007 0.715193
v -0.049064 0.080976 0.715104
v 0.048204 0.135005 0.705983
v -0.048176 0.135005 0.705944
v 0.099367 -0.001354 0.719923
v 0.099436 -0.113364 0.741577
v 0.149162 -0.028461 0.715019
v -0.099062 -0.001494 0.720341
v -0.099490 -0.113483 0.742353
v -0.148992 -0.028136 0.714812
v 0.097617 0.107963 0.703987
v 0.148921 0.027116 0.707463
v -0.097518 0.107984 0.703892
v -0.149394 0.026977 0.708123
v 0.312435 -0.325045 0.617751
v 0.278039 -0.232434 0.653104
v 0.275986 -0.365785 0.652222
v 0.234319 -0.266456 0.677457
v 0.433249 -0.207906 0.529439
v 0.412601 -0.129531 0.582148
v 0.475812 -0.172420 0.504125
v 0.459391 -0.097126 0.561209
v 0.382478 -0.304787 0.545404
v 0.312288 -0.394113 0.617972
v 0.375171 -0.366409 0.536005
v 0.463417 -0.226740 0.487033
v 0.412027 -0.321518 0.501697
v 0.327949 -0.137556 0.635985
v 0.236784 -0.203069 0.680895
v 0.286697 -0.110520 0.663328
v 0.422372 -0.074626 0.594138
v 0.333954 -0.079594 0.642864
v -0.312429 -0.324843 0.618044
v -0.278170 -0.232205 0.653242
v -0.276013 -0.365531 0.652038
v -0.234617 -0.266459 0.678335
v -0.433516 -0.207869 0.529599
v -0.412679 -0.129782 0.582541
v -0.475518 -0.172896 0.503865
v -0.459463 -0.097204 0.561453
v -0.382754 -0.304761 0.545507
v -0.311953 -0.394091 0.618362
v -0.375139 -0.366278 0.536240
v -0.463336 -0.226501 0.487328
v -0.411945 -0.321419 0.501791
v -0.327865 -0.137722 0.635627
v -0.236772 -0.202835 0.680939
v -0.287101 -0.110547 0.663671
v -0.422446 -0.074460 0.594171
v -0.333753 -0.079777 0.642626
v 0.304923 0.271714 0.586724
v 0.274977 0.210204 0.631731
v 0.256934 0.289142 0.599494
v 0.227902 0.235745 0.645110
v 0.439472 0.200663 0.531923
v 0.413261 0.129355 0.580929
v 0.479562 0.169513 0.506798
v 0.458461 0.101189 0.561913
v 0.386510 0.268521 0.534688
v 0.292461 0.301500 0.564622
v 0.372943 0.298082 0.509977
v 0.470902 0.217745 0.491034
v 0.418235 0.281242 0.492661
v 0.328202 0.132968 0.628012
v 0.234671 0.187861 0.657701
v 0.288085 0.108713 0.656142
v 0.421602 0.078744 0.593473
v 0.334920 0.081710 0.640264
v -0.304925 0.271714 0.586729
v -0.275014 0.210214 0.631779
v -0.256954 0.289196 0.599557
v -0.227917 0.235717 0.645107
v -0.439488 0.200651 0.531918
v -0.413241 0.129355 0.580919
v -0.479580 0.169573 0.506874
v -0.458449 0.101175 0.561922
v -0.386459 0.268504 0.534638
v -0.292453 0.301473 0.564626
v -0.372906 0.298049 0.509951
v -0.470899 0.217743 0.491021
v -0.418246 0.281265 0.492698
v -0.328175 0.132941 0.628015
v -0.234691 0.187814 0.657726
v -0.288046 0.108674 0.656151
v -0.421569 0.078724 0.593457
v -0.334890 0.081649 0.640264
v 0.048840 -0.076779 -0.709079
v -0.048996 -0.076915 -0.708494
v 0.047788 -0.135469 -0.696362
v -0.048166 -0.135238 -0.696571
v 0.054864 0.099900 -0.780156
v -0.054591 0.100099 -0.778679
v 0.057271 0.159215 -0.802941
v -0.057125 0.159309 -0.802731
v 0.101923 0.011717 -0.734791
v 0.096349 -0.106946 -0.697563
v 0.149068 -0.018057 -0.714316
v -0.101808 0.011401 -0.734372
v -0.096359 -0.106812 -0.697655
v -0.149328 -0.017946 -0.714454
v 0.113275 0.128225 -0.803418
v 0.155032 0.040507 -0.740325
v -0.112804 0.128968 -0.800142
v -0.155104 0.040580 -0.739817
v 0.299922 -0.260719 -0.586736
v 0.272855 -0.211145 -0.630050
v 0.251970 -0.277015 -0.598007
v 0.224884 -0.232304 -0.641874
v 0.431608 -0.195186 -0.531805
v 0.403964 -0.127487 -0.575073
v 0.471259 -0.168105 -0.508626
v 0.445004 -0.098856 -0.552698
v 0.378663 -0.254649 -0.534967
v 0.285761 -0.288893 -0.562697
v 0.363061 -0.284437 -0.508783
v 0.462856 -0.210767 -0.494207
v 0.408115 -0.266265 -0.492460
v 0.323980 -0.133925 -0.623396
v 0.230481 -0.187638 -0.650301
v 0.281605 -0.105504 -0.646966
v 0.410791 -0.076336 -0.585369
v 0.329175 -0.078975 -0.633581
v -0.299952 -0.260708 -0.586645
v -0.272753 -0.211141 -0.630075
v -0.251980 -0.277071 -0.598035
v -0.224874 -0.232276 -0.641949
v -0.431628 -0.195160 -0.531789
v -0.403938 -0.127456 -0.575054
v -0.471211 -0.168109 -0.508563
v -0.445075 -0.098894 -0.552704
v -0.378627 -0.254566 -0.534944
v -0.285669 -0.288860 -0.562633
v -0.363017 -0.284374 -0.508751
v -0.462821 -0.210783 -0.494152
v -0.408060 -0.266089 -0.492427
v -0.323895 -0.134040 -0.623430
v -0.230351 -0.187931 -0.650138
v -0.281823 -0.105321 -0.647041
v -0.410847 -0.076332 -0.585406
v -0.329315 -0.078855 -0.633518
v 0.313093 0.310337 -0.634480
v 0.301086 0.238416 -0.709553
v 0.270857 0.345777 -0.659692
v 0.257677 0.272302 -0.738420
v 0.438870 0.203742 -0.550809
v 0.429213 0.137394 -0.615647
v 0.480229 0.168698 -0.523225
v 0.464012 0.104949 -0.579187
v 0.379772 0.291655 -0.556744
v 0.298010 0.365728 -0.611874
v 0.363015 0.345976 -0.534516
v 0.463475 0.217706 -0.502162
v 0.403604 0.307246 -0.506388
v 0.351174 0.150550 -0.684613
v 0.272103 0.219123 -0.765234
v 0.307908 0.125791 -0.713593
v 0.424471 0.084221 -0.609106
v 0.345196 0.093162 -0.672185
v -0.313169 0.310675 -0.634558
v -0.300852 0.238375 -0.709196
v -0.270691 0.345569 -0.659794
v -0.257845 0.272678 -0.739024
v -0.439006 0.203182 -0.550956
v -0.429146 0.137383 -0.615529
v -0.480258 0.168912 -0.523210
v -0.463881 0.104884 -0.579130
v -0.379640 0.290994 -0.556870
v -0.297839 0.366139 -0.611920
v -0.362815 0.345745 -0.534437
v -0.462961 0.218414 -0.501871
v -0.403558 0.306872 -0.506332
v -0.351327 0.150662 -0.684771
v -0.272054 0.219170 -0.765155
v -0.307564 0.125756 -0.713261
v -0.424580 0.084412 -0.609118
v -0.344767 0.092675 -0.672090
v 0.720623 0.039700 -0.070024
v 0.717490 -0.040649 -0.069722
v 0.707073 0.038876 -0.127094
v 0.703646 -0.039591 -0.126725
v 0.728657 0.040753 0.092328
v 0.726175 -0.041595 0.092544
v 0.722997 0.040127 0.146476
v 0.720928 -0.040784 0.146610
v 0.720740 0.081382 0.011728
v 0.702903 0.078640 -0.098421
v 0.702048 0.121799 -0.014844
v 0.714032 0.081223 0.119047
v 0.702029 0.122526 0.038738
v 0.716150 -0.083972 0.012039
v 0.696557 -0.081144 -0.098351
v 0.697448 -0.125963 -0.014930
v 0.710237 -0.082778 0.119064
v 0.698619 -0.126062 0.038665
v -0.720686 0.039691 -0.070034
v -0.717527 -0.040699 -0.069744
v -0.707066 0.038856 -0.127107
v -0.703872 -0.039661 -0.126735
v -0.728691 0.040747 0.092313
v -0.726158 -0.041607 0.092534
v -0.723043 0.040135 0.146481
v -0.720939 -0.040789 0.146606
v -0.720762 0.081383 0.011735
v -0.702909 0.078630 -0.098410
v -0.702049 0.121779 -0.014851
v -0.714007 0.081206 0.119030
v -0.702042 0.122518 0.038724
v -0.716128 -0.083999 0.012014
v -0.696955 -0.081114 -0.098344
v -0.697435 -0.125993 -0.014940
v -0.710314 -0.082766 0.119067
v -0.698617 -0.126058 0.038655
v -0.178438 0.508780 0.052273
v -0.209591 0.489656 0.095339
v -0.171502 0.550692 -0.118638
v -0.203560 0.556240 -0.165445
v -0.158714 0.497672 0.092102
v -0.150296 0.570316 -0.171194
v -0.365528 0.421964 0.168943
v -0.410692 0.408243 0.158402
v -0.395445 0.399705 0.206940
v -0.366500 0.509413 -0.214504
v -0.403213 0.473602 -0.186871
v -0.396000 0.497206 -0.246921
v -0.497429 0.393425 -0.020471
v -0.498397 0.387197 0.029127
v -0.528688 0.365295 0.007823
v 0.178596 0.508721 0.052183
v 0.209352 0.489476 0.095282
v 0.171116 0.550613 -0.118319
v 0.204056 0.556950 -0.165540
v 0.158536 0.497768 0.091949
v 0.150267 0.570497 -0.170829
v 0.365533 0.421932 0.168952
v 0.410659 0.408173 0.158438
v 0.395483 0.399702 0.206940
v 0.366988 0.509864 -0.213887
v 0.403172 0.473935 -0.186463
v 0.396494 0.497294 -0.246736
v 0.497564 0.393461 -0.020515
v 0.498462 0.387222 0.029106
v 0.528784 0.365341 0.007807
v -0.188373 -0.611422 0.091662
v -0.216551 -0.590903 0.147326
v -0.229289 -0.785480 -0.079476
v -0.276327 -0.786819 -0.152344
v -0.160573 -0.603200 0.151537
v -0.193563 -0.799959 -0.148355
v -0.389187 -0.525729 0.216564
v -0.428563 -0.496328 0.194992
v -0.413329 -0.501183 0.251706
v -0.375143 -0.526774 -0.180805
v -0.400011 -0.474952 -0.154639
v -0.384361 -0.467161 -0.204693
v -0.489318 -0.410315 -0.008055
v -0.493822 -0.415265 0.043067
v -0.522617 -0.377666 0.017838
v 0.188300 -0.611390 0.091603
v 0.216778 -0.590828 0.147432
v 0.227856 -0.785761 -0.079420
v 0.275615 -0.787235 -0.152408
v 0.160792 -0.603112 0.151444
v 0.191067 -0.799817 -0.147718
v 0.389252 -0.525608 0.216719
v 0.428493 -0.496180 0.194910
v 0.413461 -0.500927 0.251875
v 0.374061 -0.525909 -0.180183
v 0.399931 -0.475453 -0.154734
v 0.384641 -0.467559 -0.204728
v 0.489622 -0.410327 -0.007747
v 0.493995 -0.415278 0.043155
v 0.522655 -0.377774 0.017737
v -0.035569 -0.642531 0.623160
v 0.035065 -0.642541 0.623272
v -0.235409 -0.566880 0.697546
v -0.238727 -0.481184 0.690083
v 0.000252 -0.640404 0.568951
v -0.287260 -0.525922 0.671974
v 0.235433 -0.567661 0.697424
v 0.238482 -0.481378 0.689886
v 0.287434 -0.526121 0.672307
v 0.097114 -0.232903 0.738464
v 0.144119 -0.265579 0.718780
v -0.097240 -0.232930 0.738840
v -0.144107 -0.265238 0.719034
v 0.146102 -0.203146 0.724871
v -0.145700 -0.203107 0.724546
v -0.025712 0.376203 0.468539
v 0.025724 0.376220 0.468607
v -0.174862 0.339325 0.550273
v -0.192628 0.322751 0.581669
v -0.000084 0.391365 0.421907
v -0.225707 0.332325 0.544167
v 0.174855 0.339306 0.550274
v 0.192628 0.322740 0.581664
v 0.225702 0.332297 0.544169
v 0.092540 0.211335 0.684104
v 0.136995 0.235755 0.670831
v -0.092537 0.211309 0.684074
v -0.137004 0.235779 0.670848
v 0.141321 0.186483 0.680788
v -0.141320 0.186467 0.680755
v -0.024815 -0.419312 -0.458215
v 0.024617 -0.418741 -0.458483
v -0.166963 -0.342745 -0.538127
v -0.186564 -0.315836 -0.575868
v -0.000200 -0.452996 -0.418369
v -0.216177 -0.331436 -0.533118
v 0.167017 -0.342571 -0.537990
v 0.186677 -0.315796 -0.575961
v 0.216216 -0.331237 -0.533159
v 0.093175 -0.218943 -0.682845
v 0.135650 -0.236629 -0.669593
v -0.093041 -0.218930 -0.682871
v -0.135678 -0.236601 -0.669619
v 0.140201 -0.194092 -0.678135
v -0.140077 -0.194069 -0.678177
v -0.035207 0.638679 -0.607041
v 0.035548 0.638599 -0.606921
v -0.209655 0.499342 -0.648701
v -0.219474 0.438387 -0.664529
v 0.000074 0.677258 -0.563071
v -0.246096 0.461043 -0.619018
v 0.209886 0.499201 -0.648718
v 0.219787 0.438216 -0.664438
v 0.245869 0.461452 -0.618843
v 0.113948 0.248062 -0.806896
v 0.164429 0.276275 -0.785630
v -0.113969 0.248168 -0.807173
v -0.164659 0.276308 -0.785655
v 0.173389 0.221351 -0.814070
v -0.173281 0.221337 -0.814050
v 0.567095 0.161795 -0.400939
v 0.543222 0.150485 -0.448255
v 0.652531 0.109307 -0.240711
v 0.674215 0.073986 -0.213254
v 0.529909 0.195647 -0.427092
v 0.666437 0.113286 -0.183811
v 0.558086 -0.165475 -0.396305
v 0.533411 -0.152355 -0.440891
v 0.646570 -0.113167 -0.239456
v 0.668252 -0.076096 -0.212047
v 0.526147 -0.196216 -0.424448
v 0.660995 -0.117136 -0.183258
v 0.491534 -0.022320 -0.537833
v 0.494784 0.026281 -0.542227
v 0.455878 0.002797 -0.568836
v 0.573985 0.170508 0.396853
v 0.547802 0.156278 0.440816
v 0.672569 0.114964 0.248884
v 0.699800 0.077148 0.224637
v 0.538542 0.203063 0.422373
v 0.686917 0.119020 0.197775
v 0.570845 -0.170340 0.392402
v 0.544846 -0.156130 0.436690
v 0.671583 -0.116073 0.248215
v 0.697489 -0.078152 0.224710
v 0.532545 -0.206111 0.416585
v 0.684849 -0.120621 0.197341
v 0.509922 -0.021020 0.548360
v 0.508815 0.025063 0.548703
v 0.471600 0.002828 0.577870
v -0.567125 0.161947 -0.400949
v -0.543248 0.150507 -0.448385
v -0.652492 0.109307 -0.240694
v -0.674275 0.073992 -0.213244
v -0.529963 0.195682 -0.427249
v -0.666454 0.113271 -0.183800
v -0.558139 -0.165397 -0.396326
v -0.533624 -0.152429 -0.441123
v -0.646482 -0.113133 -0.239343
v -0.668095 -0.076196 -0.211991
v -0.526025 -0.196193 -0.424321
v -0.660760 -0.117086 -0.183231
v -0.491467 -0.022323 -0.537820
v -0.494747 0.026492 -0.542258
v -0.456130 0.002865 -0.569103
v -0.573949 0.170533 0.396862
v -0.547804 0.156173 0.440765
v -0.672570 0.114951 0.248896
v -0.699814 0.077138 0.224649
v -0.538483 0.203104 0.422375
v -0.686944 0.119011 0.197772
v -0.571247 -0.170451 0.392487
v -0.544772 -0.156390 0.436457
v -0.671576 -0.116076 0.248181
v -0.697477 -0.078136 0.224713
v -0.532506 -0.206208 0.416951
v -0.684845 -0.120628 0.197302
v -0.509914 -0.020934 0.548319
v -0.508812 0.025006 0.548698
v -0.471631 0.002797 0.577821
v -0.023386 0.476956 0.175014
v 0.023068 0.477676 0.174627
v -0.000006 0.458860 0.225506
v -0.024173 0.639238 -0.291266
v 0.024076 0.639442 -0.291278
v 0.000016 0.668909 -0.347667
v -0.410897 0.339807 0.385322
v -0.385340 0.331055 0.434587
v -0.431031 0.317791 0.418487
v -0.394116 0.436046 -0.411627
v -0.371852 0.421724 -0.463099
v -0.409069 0.376126 -0.432916
v -0.639301 0.241154 0.013809
v -0.660981 0.202188 -0.013373
v -0.662472 0.203502 0.039713
v 0.410902 0.339833 0.385341
v 0.385338 0.331065 0.434565
v 0.431055 0.317816 0.418478
v 0.394142 0.436201 -0.411785
v 0.371974 0.421475 -0.463064
v 0.409188 0.375827 -0.432774
v 0.639300 0.241154 0.013790
v 0.661006 0.202186 -0.013383
v 0.662478 0.203530 0.039708
v -0.021848 -0.629798 0.288801
v 0.022000 -0.629660 0.289054
v -0.000150 -0.644122 0.350904
v -0.031591 -0.610989 -0.209814
v 0.031052 -0.610868 -0.209492
v -0.000204 -0.590950 -0.257070
v -0.411039 -0.435114 0.418382
v -0.389248 -0.432851 0.473362
v -0.425611 -0.386079 0.437639
v -0.387380 -0.346100 -0.370848
v -0.365173 -0.331001 -0.421853
v -0.412338 -0.309335 -0.409629
v -0.641325 -0.243885 0.013710
v -0.662453 -0.207214 -0.013906
v -0.662935 -0.207747 0.039197
v 0.411102 -0.435392 0.418710
v 0.389680 -0.433339 0.473158
v 0.425515 -0.386351 0.437595
v 0.387374 -0.345662 -0.370969
v 0.365289 -0.330595 -0.422023
v 0.412380 -0.309095 -0.409697
v 0.641314 -0.243893 0.013712
v 0.662449 -0.207206 -0.013936
v 0.662890 -0.207779 0.039166
v 0.248612 -0.024799 0.691681
v 0.248964 0.029800 0.688169
v 0.295506 0.003538 0.672757
v -0.248665 -0.024706 0.691832
v -0.249002 0.029644 0.688310
v -0.295500 0.003554 0.672734
v 0.243651 -0.018766 -0.685534
v 0.250693 0.039199 -0.707069
v 0.292323 0.008696 -0.674483
v -0.243917 -0.018899 -0.685694
v -0.250565 0.039213 -0.707006
v -0.292305 0.008830 -0.674796
f 1 647 644
f 1 644 643
f 1 643 645
f 1 645 646
f 1 646 647
f 2 649 652
f 6 672 670
f 12 702 699
f 11 696 695
f 8 679 681
f 4 662 659
f 4 659 658
f 4 658 660
f 4 660 661
f 4 661 662
f 5 666 665
f 3 654 657
f 7 673 677
f 9 685 686
f 10 692 688
f 12 701 698
f 6 669 668
f 2 650 648
f 8 682 678
f 11 697 693
f 6 671 669
f 12 700 701
f 11 694 697
f 8 680 682
f 2 651 650
f 10 690 689
f 5 663 664
f 3 655 653
f 7 676 674
f 9 687 684
f 10 691 690
f 5 667 663
f 3 656 655
f 7 675 676
f 9 683 687
f 6 668 672
f 2 648 649
f 8 678 679
f 11 693 696
f 12 698 702
f 10 688 691
f 5 665 667
f 3 657 656
f 7 677 675
f 9 686 683
f 5 664 666
f 3 653 654
f 7 674 673
f 9 684 685
f 10 689 692
f 6 670 671
f 12 699 700
f 11 695 694
f 8 681 680
f 2 652 651
f 35 837 838
f 18 735 736
f 19 742 741
f 40 868 867
f 42 880 879
f 34 832 831
f 33 827 828
f 25 778 780
f 36 844 846
f 20 749 747
f 32 819 820
f 23 765 767
f 24 773 771
f 37 850 849
f 41 876 875
f 34 833 834
f 33 826 825
f 25 779 777
f 36 845 843
f 20 748 750
f 17 729 727
f 14 711 709
f 13 706 703
f 15 718 715
f 16 724 721
f 18 737 733
f 35 839 835
f 42 882 878
f 40 870 866
f 19 744 740
f 30 807 805
f 27 789 787
f 22 762 758
f 28 797 793
f 29 802 799
f 32 821 817
f 23 766 763
f 24 774 770
f 37 852 848
f 41 874 872
f 35 838 836
f 18 736 734
f 19 741 739
f 40 867 865
f 42 879 877
f 34 831 829
f 33 828 824
f 25 780 776
f 36 846 842
f 20 747 745
f 32 820 818
f 23 767 764
f 24 771 769
f 37 849 847
f 41 875 871
f 34 834 830
f 33 825 823
f 25 777 775
f 36 843 841
f 20 750 746
f 14 714 710
f 13 707 704
f 15 719 716
f 16 725 722
f 17 732 728
f 21 755 752
f 31 814 811
f 26 784 781
f 38 857 853
f 39 862 860
f 27 792 788
f 22 759 757
f 28 796 794
f 29 803 800
f 30 810 806
f 31 815 812
f 26 785 782
f 38 856 854
f 39 863 859
f 21 754 751
f 14 712 714
f 13 705 707
f 15 717 719
f 16 723 725
f 17 730 732
f 21 753 755
f 31 816 814
f 26 786 784
f 38 858 857
f 39 861 862
f 27 791 792
f 22 761 759
f 28 795 796
f 29 801 803
f 30 808 810
f 31 813 815
f 26 783 785
f 38 855 856
f 39 864 863
f 21 756 754
f 14 709 712
f 13 703 705
f 15 715 717
f 16 721 723
f 17 727 730
f 21 751 753
f 31 812 816
f 26 782 786
f 38 854 858
f 39 859 861
f 27 787 791
f 22 758 761
f 28 793 795
f 29 799 801
f 30 805 808
f 31 811 813
f 26 781 783
f 38 853 855
f 39 860 864
f 21 752 756
f 17 728 731
f 14 710 713
f 13 704 708
f 15 716 720
f 16 722 726
f 18 734 738
f 35 836 840
f 42 877 881
f 40 865 869
f 19 739 743
f 30 806 809
f 27 788 790
f 22 757 760
f 28 794 798
f 29 800 804
f 32 818 822
f 23 764 768
f 24 769 772
f 37 847 851
f 41 871 873
f 35 835 837
f 18 733 735
f 19 740 742
f 40 866 868
f 42 878 880
f 34 830 832
f 33 823 827
f 25 775 778
f 36 841 844
f 20 746 749
f 32 817 819
f 23 763 765
f 24 770 773
f 37 848 850
f 41 872 876
f 34 829 833
f 33 824 826
f 25 776 779
f 36 842 845
f 20 745 748
f 17 731 729
f 14 713 711
f 13 708 706
f 15 720 718
f 16 726 724
f 18 738 737
f 35 840 839
f 42 881 882
f 40 869 870
f 19 743 744
f 30 809 807
f 27 790 789
f 22 760 762
f 28 798 797
f 29 804 802
f 32 822 821
f 23 768 766
f 24 772 774
f 37 851 852
f 41 873 874
f 107 1269 1270
f 103 1245 1246
f 104 1252 1251
f 110 1288 1287
f 113 1306 1305
f 118 1336 1335
f 154 1551 1552
f 141 1473 1474
f 162 1599 1600
f 121 1354 1353
f 142 1479 1480
f 129 1401 1402
f 130 1408 1407
f 144 1492 1491
f 146 1504 1503
f 151 1533 1534
f 131 1414 1413
f 136 1444 1443
f 161 1594 1593
f 126 1383 1384
f 116 1323 1324
f 108 1275 1276
f 106 1263 1264
f 112 1299 1300
f 115 1317 1318
f 119 1341 1342
f 156 1564 1563
f 139 1462 1461
f 160 1588 1587
f 120 1347 1348
f 149 1521 1522
f 132 1420 1419
f 128 1395 1396
f 145 1497 1498
f 148 1515 1516
f 155 1557 1558
f 133 1425 1426
f 134 1431 1432
f 157 1570 1569
f 124 1372 1371
f 109 1282 1281
f 105 1258 1257
f 111 1294 1293
f 114 1312 1311
f 117 1330 1329
f 125 1378 1377
f 152 1540 1539
f 137 1449 1450
f 158 1575 1576
f 123 1365 1366
f 143 1486 1485
f 127 1390 1389
f 135 1437 1438
f 147 1510 1509
f 150 1528 1527
f 153 1546 1545
f 140 1468 1467
f 138 1455 1456
f 159 1581 1582
f 122 1359 1360
f 107 1272 1271
f 103 1248 1247
f 104 1253 1254
f 110 1289 1290
f 113 1307 1308
f 118 1337 1338
f 154 1554 1553
f 141 1476 1475
f 162 1602 1601
f 121 1355 1356
f 142 1482 1481
f 129 1404 1403
f 130 1409 1410
f 144 1493 1494
f 146 1505 1506
f 151 1536 1535
f 131 1415 1416
f 136 1445 1446
f 161 1595 1596
f 126 1386 1385
f 47 909 907
f 44 891 889
f 43 886 883
f 45 898 895
f 46 904 901
f 49 922 919
f 72 1060 1057
f 102 1240 1237
f 96 1204 1201
f 79 1102 1099
f 62 999 997
f 59 981 979
f 58 976 973
f 60 988 985
f 61 994 991
f 66 1024 1021
f 54 952 949
f 73 1066 1063
f 85 1138 1135
f 92 1179 1177
f 101 1233 1231
f 69 1041 1039
f 50 927 925
f 82 1119 1117
f 97 1209 1207
f 71 1053 1051
f 100 1228 1225
f 94 1192 1189
f 80 1108 1105
f 51 933 931
f 90 1167 1165
f 63 1005 1003
f 55 957 955
f 76 1083 1081
f 87 1150 1147
f 91 1174 1171
f 67 1029 1027
f 56 963 961
f 75 1077 1075
f 83 1126 1123
f 68 1036 1033
f 48 915 913
f 78 1095 1093
f 93 1185 1183
f 98 1216 1213
f 88 1155 1153
f 65 1018 1015
f 57 970 967
f 77 1090 1087
f 86 1143 1141
f 64 1012 1009
f 53 945 943
f 74 1071 1069
f 84 1131 1129
f 89 1162 1159
f 70 1047 1045
f 99 1221 1219
f 95 1197 1195
f 81 1114 1111
f 52 940 937
f 109 1284 1280
f 105 1260 1256
f 111 1296 1292
f 114 1314 1310
f 117 1332 1328
f 125 1380 1376
f 152 1542 1538
f 137 1451 1447
f 158 1577 1573
f 123 1367 1363
f 143 1488 1484
f 127 1392 1388
f 135 1439 1435
f 147 1512 1508
f 150 1530 1526
f 153 1548 1544
f 140 1470 1466
f 138 1457 1453
f 159 1583 1579
f 122 1361 1357
f 107 1270 1268
f 103 1246 1244
f 104 1251 1249
f 110 1287 1285
f 113 1305 1303
f 118 1335 1333
f 154 1552 1550
f 141 1474 1472
f 162 1600 1598
f 121 1353 1351
f 142 1480 1478
f 129 1402 1400
f 130 1407 1405
f 144 1491 1489
f 146 1503 1501
f 151 1534 1532
f 131 1413 1411
f 136 1443 1441
f 161 1593 1591
f 126 1384 1382
f 116 1324 1322
f 108 1276 1274
f 106 1264 1262
f 112 1300 1298
f 115 1318 1316
f 119 1342 1340
f 156 1563 1561
f 139 1461 1459
f 160 1587 1585
f 120 1348 1346
f 149 1522 1520
f 132 1419 1417
f 128 1396 1394
f 145 1498 1496
f 148 1516 1514
f 155 1558 1556
f 133 1426 1424
f 134 1432 1430
f 157 1569 1567
f 124 1371 1369
f 109 1281 1279
f 105 1257 1255
f 111 1293 1291
f 114 1311 1309
f 117 1329 1327
f 125 1377 1375
f 152 1539 1537
f 137 1450 1448
f 158 1576 1574
f 123 1366 1364
f 143 1485 1483
f 127 1389 1387
f 135 1438 1436
f 147 1509 1507
f 150 1527 1525
f 153 1545 1543
f 140 1467 1465
f 138 1456 1454
f 159 1582 1580
f 122 1360 1358
f 107 1271 1267
f 103 1247 1243
f 104 1254 1250
f 110 1290 1286
f 113 1308 1304
f 118 1338 1334
f 154 1553 1549
f 141 1475 1471
f 162 1601 1597
f 121 1356 1352
f 142 1481 1477
f 129 1403 1399
f 130 1410 1406
f 144 1494 1490
f 146 1506 1502
f 151 1535 1531
f 131 1416 1412
f 136 1446 1442
f 161 1596 1592
f 126 1385 1381
f 44 894 890
f 43 887 884
f 45 899 896
f 46 905 902
f 47 912 908
f 52 941 938
f 70 1050 1046
f 99 1224 1220
f 95 1200 1196
f 81 1115 1112
f 59 984 980
f 58 977 974
f 60 989 986
f 61 995 992
f 62 1002 998
f 65 1019 1016
f 57 971 968
f 77 1091 1088
f 86 1146 1142
f 88 1158 1154
f 98 1217 1214
f 68 1037 1034
f 48 918 914
f 78 1098 1094
f 93 1188 1184
f 69 1044 1040
f 101 1236 1232
f 97 1212 1208
f 82 1122 1118
f 50 930 926
f 89 1163 1160
f 64 1013 1010
f 53 948 944
f 74 1074 1070
f 84 1134 1130
f 90 1170 1166
f 63 1008 1004
f 55 960 956
f 76 1086 1082
f 87 1151 1148
f 72 1061 1058
f 49 923 920
f 79 1103 1100
f 96 1205 1202
f 102 1241 1238
f 91 1175 1172
f 67 1032 1028
f 56 966 962
f 75 1080 1076
f 83 1127 1124
f 66 1025 1022
f 54 953 950
f 73 1067 1064
f 85 1139 1136
f 92 1182 1178
f 71 1056 1052
f 100 1229 1226
f 94 1193 1190
f 80 1109 1106
f 51 936 932
f 116 1325 1321
f 108 1277 1273
f 106 1265 1261
f 112 1301 1297
f 115 1319 1315
f 119 1343 1339
f 156 1566 1562
f 139 1464 1460
f 160 1590 1586
f 120 1349 1345
f 149 1523 1519
f 132 1422 1418
f 128 1397 1393
f 145 1499 1495
f 148 1517 1513
f 155 1559 1555
f 133 1427 1423
f 134 1433 1429
f 157 1572 1568
f 124 1374 1370
f 44 892 894
f 43 885 887
f 45 897 899
f 46 903 905
f 47 910 912
f 52 939 941
f 70 1048 1050
f 99 1222 1224
f 95 1198 1200
f 81 1113 1115
f 59 982 984
f 58 975 977
f 60 987 989
f 61 993 995
f 62 1000 1002
f 65 1017 1019
f 57 969 971
f 77 1089 1091
f 86 1144 1146
f 88 1156 1158
f 98 1215 1217
f 68 1035 1037
f 48 916 918
f 78 1096 1098
f 93 1186 1188
f 69 1042 1044
f 101 1234 1236
f 97 1210 1212
f 82 1120 1122
f 50 928 930
f 89 1161 1163
f 64 1011 1013
f 53 946 948
f 74 1072 1074
f 84 1132 1134
f 90 1168 1170
f 63 1006 1008
f 55 958 960
f 76 1084 1086
f 87 1149 1151
f 72 1059 1061
f 49 921 923
f 79 1101 1103
f 96 1203 1205
f 102 1239 1241
f 91 1173 1175
f 67 1030 1032
f 56 964 966
f 75 1078 1080
f 83 1125 1127
f 66 1023 1025
f 54 951 953
f 73 1065 1067
f 85 1137 1139
f 92 1180 1182
f 71 1054 1056
f 100 1227 1229
f 94 1191 1193
f 80 1107 1109
f 51 934 936
f 116 1326 1325
f 108 1278 1277
f 106 1266 1265
f 112 1302 1301
f 115 1320 1319
f 119 1344 1343
f 156 1565 1566
f 139 1463 1464
f 160 1589 1590
f 120 1350 1349
f 149 1524 1523
f 132 1421 1422
f 128 1398 1397
f 145 1500 1499
f 148 1518 1517
f 155 1560 1559
f 133 1428 1427
f 134 1434 1433
f 157 1571 1572
f 124 1373 1374
f 44 889 892
f 43 883 885
f 45 895 897
f 46 901 903
f 47 907 910
f 52 937 939
f 70 1045 1048
f 99 1219 1222
f 95 1195 1198
f 81 1111 1113
f 59 979 982
f 58 973 975
f 60 985 987
f 61 991 993
f 62 997 1000
f 65 1015 1017
f 57 967 969
f 77 1087 1089
f 86 1141 1144
f 88 1153 1156
f 98 1213 1215
f 68 1033 1035
f 48 913 916
f 78 1093 1096
f 93 1183 1186
f 69 1039 1042
f 101 1231 1234
f 97 1207 1210
f 82 1117 1120
f 50 925 928
f 89 1159 1161
f 64 1009 1011
f 53 943 946
f 74 1069 1072
f 84 1129 1132
f 90 1165 1168
f 63 1003 1006
f 55 955 958
f 76 1081 1084
f 87 1147 1149
f 72 1057 1059
f 49 919 921
f 79 1099 1101
f 96 1201 1203
f 102 1237 1239
f 91 1171 1173
f 67 1027 1030
f 56 961 964
f 75 1075 1078
f 83 1123 1125
f 66 1021 1023
f 54 949 951
f 73 1063 1065
f 85 1135 1137
f 92 1177 1180
f 71 1051 1054
f 100 1225 1227
f 94 1189 1191
f 80 1105 1107
f 51 931 934
f 116 1322 1326
f 108 1274 1278
f 106 1262 1266
f 112 1298 1302
f 115 1316 1320
f 119 1340 1344
f 156 1561 1565
f 139 1459 1463
f 160 1585 1589
f 120 1346 1350
f 149 1520 1524
f 132 1417 1421
f 128 1394 1398
f 145 1496 1500
f 148 1514 1518
f 155 1556 1560
f 133 1424 1428
f 134 1430 1434
f 157 1567 1571
f 124 1369 1373
f 47 908 911
f 44 890 893
f 43 884 888
f 45 896 900
f 46 902 906
f 49 920 924
f 72 1058 1062
f 102 1238 1242
f 96 1202 1206
f 79 1100 1104
f 62 998 1001
f 59 980 983
f 58 974 978
f 60 986 990
f 61 992 996
f 66 1022 1026
f 54 950 954
f 73 1064 1068
f 85 1136 1140
f 92 1178 1181
f 101 1232 1235
f 69 1040 1043
f 50 926 929
f 82 1118 1121
f 97 1208 1211
f 71 1052 1055
f 100 1226 1230
f 94 1190 1194
f 80 1106 1110
f 51 932 935
f 90 1166 1169
f 63 1004 1007
f 55 956 959
f 76 1082 1085
f 87 1148 1152
f 91 1172 1176
f 67 1028 1031
f 56 962 965
f 75 1076 1079
f 83 1124 1128
f 68 1034 1038
f 48 914 917
f 78 1094 1097
f 93 1184 1187
f 98 1214 1218
f 88 1154 1157
f 65 1016 1020
f 57 968 972
f 77 1088 1092
f 86 1142 1145
f 64 1010 1014
f 53 944 947
f 74 1070 1073
f 84 1130 1133
f 89 1160 1164
f 70 1046 1049
f 99 1220 1223
f 95 1196 1199
f 81 1112 1116
f 52 938 942
f 109 1279 1283
f 105 1255 1259
f 111 1291 1295
f 114 1309 1313
f 117 1327 1331
f 125 1375 1379
f 152 1537 1541
f 137 1448 1452
f 158 1574 1578
f 123 1364 1368
f 143 1483 1487
f 127 1387 1391
f 135 1436 1440
f 147 1507 1511
f 150 1525 1529
f 153 1543 1547
f 140 1465 1469
f 138 1454 1458
f 159 1580 1584
f 122 1358 1362
f 107 1267 1269
f 103 1243 1245
f 104 1250 1252
f 110 1286 1288
f 113 1304 1306
f 118 1334 1336
f 154 1549 1551
f 141 1471 1473
f 162 1597 1599
f 121 1352 1354
f 142 1477 1479
f 129 1399 1401
f 130 1406 1408
f 144 1490 1492
f 146 1502 1504
f 151 1531 1533
f 131 1412 1414
f 136 1442 1444
f 161 1592 1594
f 126 1381 1383
f 116 1321 1323
f 108 1273 1275
f 106 1261 1263
f 112 1297 1299
f 115 1315 1317
f 119 1339 1341
f 156 1562 1564
f 139 1460 1462
f 160 1586 1588
f 120 1345 1347
f 149 1519 1521
f 132 1418 1420
f 128 1393 1395
f 145 1495 1497
f 148 1513 1515
f 155 1555 1557
f 133 1423 1425
f 134 1429 1431
f 157 1568 1570
f 124 1370 1372
f 109 1280 1282
f 105 1256 1258
f 111 1292 1294
f 114 1310 1312
f 117 1328 1330
f 125 1376 1378
f 152 1538 1540
f 137 1447 1449
f 158 1573 1575
f 123 1363 1365
f 143 1484 1486
f 127 1388 1390
f 135 1435 1437
f 147 1508 1510
f 150 1526 1528
f 153 1544 1546
f 140 1466 1468
f 138 1453 1455
f 159 1579 1581
f 122 1357 1359
f 107 1268 1272
f 103 1244 1248
f 104 1249 1253
f 110 1285 1289
f 113 1303 1307
f 118 1333 1337
f 154 1550 1554
f 141 1472 1476
f 162 1598 1602
f 121 1351 1355
f 142 1478 1482
f 129 1400 1404
f 130 1405 1409
f 144 1489 1493
f 146 1501 1505
f 151 1532 1536
f 131 1411 1415
f 136 1441 1445
f 161 1591 1595
f 126 1382 1386
f 47 911 909
f 44 893 891
f 43 888 886
f 45 900 898
f 46 906 904
f 49 924 922
f 72 1062 1060
f 102 1242 1240
f 96 1206 1204
f 79 1104 1102
f 62 1001 999
f 59 983 981
f 58 978 976
f 60 990 988
f 61 996 994
f 66 1026 1024
f 54 954 952
f 73 1068 1066
f 85 1140 1138
f 92 1181 1179
f 101 1235 1233
f 69 1043 1041
f 50 929 927
f 82 1121 1119
f 97 1211 1209
f 71 1055 1053
f 100 1230 1228
f 94 1194 1192
f 80 1110 1108
f 51 935 933
f 90 1169 1167
f 63 1007 1005
f 55 959 957
f 76 1085 1083
f 87 1152 1150
f 91 1176 1174
f 67 1031 1029
f 56 965 963
f 75 1079 1077
f 83 1128 1126
f 68 1038 1036
f 48 917 915
f 78 1097 1095
f 93 1187 1185
f 98 1218 1216
f 88 1157 1155
f 65 1020 1018
f 57 972 970
f 77 1092 1090
f 86 1145 1143
f 64 1014 1012
f 53 947 945
f 74 1073 1071
f 84 1133 1131
f 89 1164 1162
f 70 1049 1047
f 99 1223 1221
f 95 1199 1197
f 81 1116 1114
f 52 942 940
f 109 1283 1284
f 105 1259 1260
f 111 1295 1296
f 114 1313 1314
f 117 1331 1332
f 125 1379 1380
f 152 1541 1542
f 137 1452 1451
f 158 1578 1577
f 123 1368 1367
f 143 1487 1488
f 127 1391 1392
f 135 1440 1439
f 147 1511 1512
f 150 1529 1530
f 153 1547 1548
f 140 1469 1470
f 138 1458 1457
f 159 1584 1583
f 122 1362 1361
f 407 1609 1616
f 403 1605 1608
f 404 1611 1606
f 410 1614 1612
f 413 1617 1615
f 422 1631 1624
f 486 1688 1692
f 573 1775 1782
f 561 1763 1765
f 512 1719 1714
f 452 1654 1661
f 448 1650 1653
f 449 1656 1651
f 455 1659 1657
f 458 1662 1660
f 470 1672 1675
f 437 1646 1639
f 494 1706 1696
f 531 1735 1733
f 539 1741 1751
f 568 1770 1779
f 478 1680 1683
f 419 1621 1626
f 509 1711 1721
f 554 1756 1766
f 482 1684 1689
f 576 1780 1778
f 558 1767 1760
f 516 1722 1718
f 425 1627 1629
f 542 1744 1747
f 463 1668 1665
f 434 1636 1641
f 497 1699 1704
f 528 1730 1737
f 546 1748 1750
f 464 1666 1676
f 440 1642 1644
f 500 1705 1702
f 524 1736 1726
f 479 1691 1681
f 418 1623 1620
f 508 1713 1710
f 553 1764 1755
f 569 1781 1771
f 538 1749 1740
f 471 1677 1673
f 443 1645 1647
f 501 1703 1707
f 523 1725 1734
f 467 1674 1669
f 433 1638 1635
f 493 1695 1698
f 527 1732 1729
f 543 1752 1745
f 485 1690 1687
f 572 1777 1774
f 557 1759 1762
f 515 1717 1720
f 428 1630 1632
f 591 2191 2189
f 587 1885 1883
f 588 1901 1903
f 594 2279 2281
f 597 2315 2317
f 600 2171 2173
f 634 2160 2158
f 619 2016 2012
f 639 2214 2210
f 602 1919 1924
f 624 2137 2135
f 608 1978 1973
f 610 1991 1996
f 627 2225 2227
f 630 2302 2304
f 635 2178 2176
f 615 2153 2155
f 617 2009 2014
f 637 2207 2212
f 604 1926 1922
f 416 1857 1864
f 408 1803 1810
f 406 1786 1795
f 412 1822 1831
f 415 1840 1849
f 424 1876 1887
f 492 2182 2193
f 582 2312 2321
f 565 2276 2285
f 514 1898 1907
f 461 2091 2098
f 453 2037 2044
f 451 1952 1961
f 457 2056 2067
f 460 2074 2083
f 475 2128 2139
f 439 1966 1975
f 496 1988 1997
f 533 2222 2231
f 551 2293 2298
f 579 2185 2190
f 483 1879 1884
f 426 1893 1900
f 521 2271 2278
f 566 2307 2314
f 489 2163 2170
f 578 2150 2159
f 560 2006 2015
f 518 2204 2213
f 429 1911 1918
f 547 2131 2136
f 465 1969 1977
f 441 1983 1990
f 504 2217 2224
f 537 2290 2301
f 550 2168 2177
f 476 2145 2152
f 444 2001 2008
f 502 2199 2206
f 526 1916 1925
f 481 1808 1817
f 420 1789 1797
f 510 1825 1833
f 555 1843 1851
f 571 1862 1871
f 540 1933 1941
f 473 2110 2119
f 447 2020 2029
f 507 2236 2247
f 534 2257 2262
f 469 2042 2051
f 435 1947 1954
f 498 2059 2064
f 529 2077 2085
f 545 2096 2105
f 487 2113 2121
f 574 2023 2031
f 562 2239 2244
f 520 2254 2265
f 432 1930 1939
f 589 1818 1814
f 583 1798 1793
f 586 1834 1829
f 593 1852 1847
f 596 1872 1868
f 599 1942 1937
f 633 2120 2124
f 620 2030 2034
f 640 2248 2250
f 603 2263 2261
f 622 2052 2050
f 607 1955 1960
f 612 2065 2063
f 626 2086 2081
f 629 2106 2102
f 631 2122 2117
f 614 2032 2027
f 618 2245 2243
f 641 2266 2268
f 605 1940 1944
f 409 1813 1804
f 405 1792 1785
f 411 1828 1821
f 414 1846 1839
f 417 1867 1858
f 431 1936 1929
f 488 2123 2114
f 575 2033 2024
f 563 2249 2240
f 519 2260 2253
f 454 2049 2038
f 450 1959 1951
f 456 2062 2055
f 459 2080 2073
f 462 2101 2092
f 472 2116 2109
f 446 2026 2019
f 506 2242 2235
f 535 2267 2258
f 541 1943 1934
f 570 1869 1861
f 480 1815 1807
f 421 1799 1790
f 511 1835 1826
f 556 1853 1844
f 484 1889 1880
f 580 2195 2186
f 567 2319 2308
f 522 2283 2272
f 427 1905 1894
f 544 2103 2095
f 468 2046 2041
f 436 1957 1948
f 499 2069 2060
f 530 2087 2078
f 548 2141 2132
f 466 1979 1970
f 442 1993 1984
f 505 2229 2218
f 536 2296 2289
f 491 2188 2181
f 423 1882 1875
f 513 1902 1897
f 564 2280 2275
f 581 2316 2311
f 549 2172 2167
f 477 2157 2146
f 445 2011 2002
f 503 2209 2200
f 525 1923 1915
f 474 2134 2127
f 438 1972 1965
f 495 1995 1987
f 532 2226 2221
f 552 2303 2294
f 490 2175 2164
f 577 2154 2149
f 559 2013 2005
f 517 2211 2203
f 430 1921 1912
f 590 1865 1870
f 584 1811 1816
f 585 1796 1800
f 592 1832 1836
f 595 1850 1854
f 598 1888 1890
f 636 2194 2196
f 621 2322 2320
f 642 2286 2284
f 601 1908 1906
f 623 2099 2104
f 611 2045 2047
f 609 1962 1958
f 625 2068 2070
f 628 2084 2088
f 632 2140 2142
f 613 1976 1980
f 616 1998 1994
f 638 2232 2230
f 606 2299 2297
f 407 2330 2329
f 403 2324 2323
f 404 2325 2326
f 410 2332 2333
f 413 2335 2336
f 422 2344 2345
f 486 2410 2409
f 573 2497 2496
f 561 2486 2485
f 512 2434 2435
f 452 2375 2374
f 448 2369 2368
f 449 2370 2371
f 455 2377 2378
f 458 2380 2381
f 470 2393 2392
f 437 2359 2360
f 494 2415 2416
f 531 2455 2456
f 539 2461 2460
f 568 2489 2488
f 478 2399 2398
f 419 2341 2340
f 509 2431 2430
f 554 2476 2475
f 482 2405 2404
f 576 2500 2501
f 558 2481 2482
f 516 2439 2440
f 425 2348 2347
f 542 2465 2464
f 463 2383 2384
f 434 2356 2355
f 497 2420 2419
f 528 2452 2451
f 546 2471 2470
f 464 2386 2385
f 440 2363 2362
f 500 2422 2423
f 524 2445 2446
f 479 2400 2401
f 418 2338 2339
f 508 2428 2429
f 553 2473 2474
f 569 2490 2491
f 538 2458 2459
f 471 2394 2395
f 443 2366 2365
f 501 2425 2424
f 523 2444 2443
f 467 2389 2390
f 433 2353 2354
f 493 2414 2413
f 527 2449 2450
f 543 2466 2467
f 485 2407 2408
f 572 2494 2495
f 557 2480 2479
f 515 2438 2437
f 428 2351 2350
f 591 2510 2511
f 587 2504 2505
f 588 2508 2507
f 594 2514 2513
f 597 2517 2516
f 600 2520 2519
f 634 2554 2556
f 619 2539 2540
f 639 2560 2561
f 602 2523 2521
f 624 2543 2544
f 608 2527 2529
f 610 2532 2530
f 627 2547 2546
f 630 2550 2549
f 635 2552 2553
f 615 2535 2534
f 617 2538 2536
f 637 2558 2557
f 604 2524 2525
f 167 1607 647
f 164 1603 644
f 163 1604 643
f 165 1610 645
f 166 1613 646
f 169 1622 649
f 192 1686 672
f 222 1773 702
f 216 1761 696
f 199 1712 679
f 182 1652 662
f 179 1648 659
f 178 1649 658
f 180 1655 660
f 181 1658 661
f 186 1670 666
f 174 1637 654
f 193 1694 673
f 205 1731 685
f 212 1739 692
f 221 1768 701
f 189 1678 669
f 170 1619 650
f 202 1709 682
f 217 1754 697
f 191 1682 671
f 220 1776 700
f 214 1758 694
f 200 1716 680
f 171 1625 651
f 210 1742 690
f 183 1663 663
f 175 1634 655
f 196 1697 676
f 207 1728 687
f 211 1746 691
f 187 1664 667
f 176 1640 656
f 195 1700 675
f 203 1724 683
f 188 1679 668
f 168 1618 648
f 198 1708 678
f 213 1753 693
f 218 1769 698
f 208 1738 688
f 185 1671 665
f 177 1643 657
f 197 1701 677
f 206 1723 686
f 184 1667 664
f 173 1633 653
f 194 1693 674
f 204 1727 684
f 209 1743 689
f 190 1685 670
f 219 1772 699
f 215 1757 695
f 201 1715 681
f 172 1628 652
f 357 2187 837
f 255 1881 735
f 262 1899 742
f 388 2277 868
f 400 2313 880
f 352 2169 832
f 347 2156 827
f 298 2010 778
f 364 2208 844
f 269 1917 749
f 339 2133 819
f 285 1971 765
f 293 1989 773
f 370 2223 850
f 396 2300 876
f 353 2174 833
f 346 2151 826
f 299 2007 779
f 365 2205 845
f 268 1920 748
f 249 1855 729
f 231 1801 711
f 226 1784 706
f 238 1820 718
f 244 1838 724
f 257 1874 737
f 359 2180 839
f 402 2310 882
f 390 2274 870
f 264 1896 744
f 327 2089 807
f 309 2035 789
f 282 1950 762
f 317 2054 797
f 322 2072 802
f 341 2126 821
f 286 1964 766
f 294 1986 774
f 372 2220 852
f 394 2291 874
f 358 2183 838
f 256 1877 736
f 261 1891 741
f 387 2269 867
f 399 2305 879
f 351 2161 831
f 348 2148 828
f 300 2004 780
f 366 2202 846
f 267 1909 747
f 340 2129 820
f 287 1967 767
f 291 1981 771
f 369 2215 849
f 395 2288 875
f 354 2166 834
f 345 2143 825
f 297 1999 777
f 363 2197 843
f 270 1914 750
f 234 1806 714
f 227 1787 707
f 239 1823 719
f 245 1841 725
f 252 1860 732
f 275 1931 755
f 334 2108 814
f 304 2018 784
f 377 2234 857
f 382 2255 862
f 312 2040 792
f 279 1945 759
f 316 2057 796
f 323 2075 803
f 330 2094 810
f 335 2111 815
f 305 2021 785
f 376 2237 856
f 383 2252 863
f 274 1928 754
f 232 1812 712
f 225 1791 705
f 237 1827 717
f 243 1845 723
f 250 1866 730
f 273 1935 753
f 336 2118 816
f 306 2028 786
f 378 2246 858
f 381 2259 861
f 311 2048 791
f 281 1953 761
f 315 2061 795
f 321 2079 801
f 328 2100 808
f 333 2115 813
f 303 2025 783
f 375 2241 855
f 384 2264 864
f 276 1938 756
f 229 1802 709
f 223 1783 703
f 235 1819 715
f 241 1837 721
f 247 1856 727
f 271 1927 751
f 332 2112 812
f 302 2022 782
f 374 2238 854
f 379 2251 859
f 307 2036 787
f 278 1949 758
f 313 2053 793
f 319 2071 799
f 325 2090 805
f 331 2107 811
f 301 2017 781
f 373 2233 853
f 380 2256 860
f 272 1932 752
f 248 1859 728
f 230 1805 710
f 224 1788 704
f 236 1824 716
f 242 1842 722
f 254 1878 734
f 356 2184 836
f 397 2306 877
f 385 2270 865
f 259 1892 739
f 326 2093 806
f 308 2039 788
f 277 1946 757
f 314 2058 794
f 320 2076 800
f 338 2130 818
f 284 1968 764
f 289 1982 769
f 367 2216 847
f 391 2287 871
f 355 2179 835
f 253 1873 733
f 260 1895 740
f 386 2273 866
f 398 2309 878
f 350 2165 830
f 343 2144 823
f 295 2000 775
f 361 2198 841
f 266 1913 746
f 337 2125 817
f 283 1963 763
f 290 1985 770
f 368 2219 848
f 392 2292 872
f 349 2162 829
f 344 2147 824
f 296 2003 776
f 362 2201 842
f 265 1910 745
f 251 1863 731
f 233 1809 713
f 228 1794 708
f 240 1830 720
f 246 1848 726
f 258 1886 738
f 360 2192 840
f 401 2318 881
f 389 2282 869
f 263 1904 743
f 329 2097 809
f 310 2043 790
f 280 1956 760
f 318 2066 798
f 324 2082 804
f 342 2138 822
f 288 1974 768
f 292 1992 772
f 371 2228 851
f 393 2295 873
f 409 2331 1269
f 405 2327 1245
f 411 2328 1252
f 414 2334 1288
f 417 2337 1306
f 431 2346 1336
f 488 2412 1551
f 575 2499 1473
f 563 2487 1599
f 519 2436 1354
f 454 2376 1479
f 450 2372 1401
f 456 2373 1408
f 459 2379 1492
f 462 2382 1504
f 472 2396 1533
f 446 2361 1414
f 506 2418 1444
f 535 2457 1594
f 541 2463 1383
f 570 2492 1323
f 480 2402 1275
f 421 2343 1263
f 511 2433 1299
f 556 2478 1317
f 484 2406 1341
f 580 2502 1564
f 567 2484 1462
f 522 2442 1588
f 427 2349 1347
f 544 2468 1521
f 468 2387 1420
f 436 2358 1395
f 499 2421 1497
f 530 2454 1515
f 548 2472 1557
f 466 2388 1425
f 442 2364 1431
f 505 2426 1570
f 536 2448 1372
f 491 2403 1282
f 423 2342 1258
f 513 2432 1294
f 564 2477 1312
f 581 2493 1330
f 549 2462 1378
f 477 2397 1540
f 445 2367 1449
f 503 2427 1575
f 525 2447 1365
f 474 2391 1486
f 438 2357 1390
f 495 2417 1437
f 532 2453 1510
f 552 2469 1528
f 490 2411 1546
f 577 2498 1468
f 559 2483 1455
f 517 2441 1581
f 430 2352 1359
f 590 2509 1272
f 584 2503 1248
f 585 2506 1253
f 592 2512 1289
f 595 2515 1307
f 598 2518 1337
f 636 2555 1554
f 621 2541 1476
f 642 2562 1602
f 601 2522 1355
f 623 2542 1482
f 611 2528 1404
f 609 2531 1409
f 625 2545 1493
f 628 2548 1505
f 632 2551 1536
f 613 2533 1415
f 616 2537 1445
f 638 2559 1595
f 606 2526 1386
f 407 1616 909
f 403 1608 891
f 404 1606 886
f 410 1612 898
f 413 1615 904
f 422 1624 922
f 486 1692 1060
f 573 1782 1240
f 561 1765 1204
f 512 1714 1102
f 452 1661 999
f 448 1653 981
f 449 1651 976
f 455 1657 988
f 458 1660 994
f 470 1675 1024
f 437 1639 952
f 494 1696 1066
f 531 1733 1138
f 539 1751 1179
f 568 1779 1233
f 478 1683 1041
f 419 1626 927
f 509 1721 1119
f 554 1766 1209
f 482 1689 1053
f 576 1778 1228
f 558 1760 1192
f 516 1718 1108
f 425 1629 933
f 542 1747 1167
f 463 1665 1005
f 434 1641 957
f 497 1704 1083
f 528 1737 1150
f 546 1750 1174
f 464 1676 1029
f 440 1644 963
f 500 1702 1077
f 524 1726 1126
f 479 1681 1036
f 418 1620 915
f 508 1710 1095
f 553 1755 1185
f 569 1771 1216
f 538 1740 1155
f 471 1673 1018
f 443 1647 970
f 501 1707 1090
f 523 1734 1143
f 467 1669 1012
f 433 1635 945
f 493 1698 1071
f 527 1729 1131
f 543 1745 1162
f 485 1687 1047
f 572 1774 1221
f 557 1762 1197
f 515 1720 1114
f 428 1632 940
f 591 2189 1284
f 587 1883 1260
f 588 1903 1296
f 594 2281 1314
f 597 2317 1332
f 600 2173 1380
f 634 2158 1542
f 619 2012 1451
f 639 2210 1577
f 602 1924 1367
f 624 2135 1488
f 608 1973 1392
f 610 1996 1439
f 627 2227 1512
f 630 2304 1530
f 635 2176 1548
f 615 2155 1470
f 617 2014 1457
f 637 2212 1583
f 604 1922 1361
f 416 1864 1270
f 408 1810 1246
f 406 1795 1251
f 412 1831 1287
f 415 1849 1305
f 424 1887 1335
f 492 2193 1552
f 582 2321 1474
f 565 2285 1600
f 514 1907 1353
f 461 2098 1480
f 453 2044 1402
f 451 1961 1407
f 457 2067 1491
f 460 2083 1503
f 475 2139 1534
f 439 1975 1413
f 496 1997 1443
f 533 2231 1593
f 551 2298 1384
f 579 2190 1324
f 483 1884 1276
f 426 1900 1264
f 521 2278 1300
f 566 2314 1318
f 489 2170 1342
f 578 2159 1563
f 560 2015 1461
f 518 2213 1587
f 429 1918 1348
f 547 2136 1522
f 465 1977 1419
f 441 1990 1396
f 504 2224 1498
f 537 2301 1516
f 550 2177 1558
f 476 2152 1426
f 444 2008 1432
f 502 2206 1569
f 526 1925 1371
f 481 1817 1281
f 420 1797 1257
f 510 1833 1293
f 555 1851 1311
f 571 1871 1329
f 540 1941 1377
f 473 2119 1539
f 447 2029 1450
f 507 2247 1576
f 534 2262 1366
f 469 2051 1485
f 435 1954 1389
f 498 2064 1438
f 529 2085 1509
f 545 2105 1527
f 487 2121 1545
f 574 2031 1467
f 562 2244 1456
f 520 2265 1582
f 432 1939 1360
f 589 1814 1271
f 583 1793 1247
f 586 1829 1254
f 593 1847 1290
f 596 1868 1308
f 599 1937 1338
f 633 2124 1553
f 620 2034 1475
f 640 2250 1601
f 603 2261 1356
f 622 2050 1481
f 607 1960 1403
f 612 2063 1410
f 626 2081 1494
f 629 2102 1506
f 631 2117 1535
f 614 2027 1416
f 618 2243 1446
f 641 2268 1596
f 605 1944 1385
f 409 1804 894
f 405 1785 887
f 411 1821 899
f 414 1839 905
f 417 1858 912
f 431 1929 941
f 488 2114 1050
f 575 2024 1224
f 563 2240 1200
f 519 2253 1115
f 454 2038 984
f 450 1951 977
f 456 2055 989
f 459 2073 995
f 462 2092 1002
f 472 2109 1019
f 446 2019 971
f 506 2235 1091
f 535 2258 1146
f 541 1934 1158
f 570 1861 1217
f 480 1807 1037
f 421 1790 918
f 511 1826 1098
f 556 1844 1188
f 484 1880 1044
f 580 2186 1236
f 567 2308 1212
f 522 2272 1122
f 427 1894 930
f 544 2095 1163
f 468 2041 1013
f 436 1948 948
f 499 2060 1074
f 530 2078 1134
f 548 2132 1170
f 466 1970 1008
f 442 1984 960
f 505 2218 1086
f 536 2289 1151
f 491 2181 1061
f 423 1875 923
f 513 1897 1103
f 564 2275 1205
f 581 2311 1241
f 549 2167 1175
f 477 2146 1032
f 445 2002 966
f 503 2200 1080
f 525 1915 1127
f 474 2127 1025
f 438 1965 953
f 495 1987 1067
f 532 2221 1139
f 552 2294 1182
f 490 2164 1056
f 577 2149 1229
f 559 2005 1193
f 517 2203 1109
f 430 1912 936
f 590 1870 1325
f 584 1816 1277
f 585 1800 1265
f 592 1836 1301
f 595 1854 1319
f 598 1890 1343
f 636 2196 1566
f 621 2320 1464
f 642 2284 1590
f 601 1906 1349
f 623 2104 1523
f 611 2047 1422
f 609 1958 1397
f 625 2070 1499
f 628 2088 1517
f 632 2142 1559
f 613 1980 1427
f 616 1994 1433
f 638 2230 1572
f 606 2297 1374
f 407 2329 892
f 403 2323 885
f 404 2326 897
f 410 2333 903
f 413 2336 910
f 422 2345 939
f 486 2409 1048
f 573 2496 1222
f 561 2485 1198
f 512 2435 1113
f 452 2374 982
f 448 2368 975
f 449 2371 987
f 455 2378 993
f 458 2381 1000
f 470 2392 1017
f 437 2360 969
f 494 2416 1089
f 531 2456 1144
f 539 2460 1156
f 568 2488 1215
f 478 2398 1035
f 419 2340 916
f 509 2430 1096
f 554 2475 1186
f 482 2404 1042
f 576 2501 1234
f 558 2482 1210
f 516 2440 1120
f 425 2347 928
f 542 2464 1161
f 463 2384 1011
f 434 2355 946
f 497 2419 1072
f 528 2451 1132
f 546 2470 1168
f 464 2385 1006
f 440 2362 958
f 500 2423 1084
f 524 2446 1149
f 479 2401 1059
f 418 2339 921
f 508 2429 1101
f 553 2474 1203
f 569 2491 1239
f 538 2459 1173
f 471 2395 1030
f 443 2365 964
f 501 2424 1078
f 523 2443 1125
f 467 2390 1023
f 433 2354 951
f 493 2413 1065
f 527 2450 1137
f 543 2467 1180
f 485 2408 1054
f 572 2495 1227
f 557 2479 1191
f 515 2437 1107
f 428 2350 934
f 591 2511 1326
f 587 2505 1278
f 588 2507 1266
f 594 2513 1302
f 597 2516 1320
f 600 2519 1344
f 634 2556 1565
f 619 2540 1463
f 639 2561 1589
f 602 2521 1350
f 624 2544 1524
f 608 2529 1421
f 610 2530 1398
f 627 2546 1500
f 630 2549 1518
f 635 2553 1560
f 615 2534 1428
f 617 2536 1434
f 637 2557 1571
f 604 2525 1373
f 164 1609 889
f 163 1605 883
f 165 1611 895
f 166 1614 901
f 167 1617 907
f 172 1631 937
f 190 1688 1045
f 219 1775 1219
f 215 1763 1195
f 201 1719 1111
f 179 1654 979
f 178 1650 973
f 180 1656 985
f 181 1659 991
f 182 1662 997
f 185 1672 1015
f 177 1646 967
f 197 1706 1087
f 206 1735 1141
f 208 1741 1153
f 218 1770 1213
f 188 1680 1033
f 168 1621 913
f 198 1711 1093
f 213 1756 1183
f 189 1684 1039
f 221 1780 1231
f 217 1767 1207
f 202 1722 1117
f 170 1627 925
f 209 1744 1159
f 184 1668 1009
f 173 1636 943
f 194 1699 1069
f 204 1730 1129
f 210 1748 1165
f 183 1666 1003
f 175 1642 955
f 196 1705 1081
f 207 1736 1147
f 192 1691 1057
f 169 1623 919
f 199 1713 1099
f 216 1764 1201
f 222 1781 1237
f 211 1749 1171
f 187 1677 1027
f 176 1645 961
f 195 1703 1075
f 203 1725 1123
f 186 1674 1021
f 174 1638 949
f 193 1695 1063
f 205 1732 1135
f 212 1752 1177
f 191 1690 1051
f 220 1777 1225
f 214 1759 1189
f 200 1717 1105
f 171 1630 931
f 358 2191 1322
f 256 1885 1274
f 261 1901 1262
f 387 2279 1298
f 399 2315 1316
f 351 2171 1340
f 348 2160 1561
f 300 2016 1459
f 366 2214 1585
f 267 1919 1346
f 340 2137 1520
f 287 1978 1417
f 291 1991 1394
f 369 2225 1496
f 395 2302 1514
f 354 2178 1556
f 345 2153 1424
f 297 2009 1430
f 363 2207 1567
f 270 1926 1369
f 247 1857 908
f 229 1803 890
f 223 1786 884
f 235 1822 896
f 241 1840 902
f 253 1876 920
f 355 2182 1058
f 398 2312 1238
f 386 2276 1202
f 260 1898 1100
f 325 2091 998
f 307 2037 980
f 278 1952 974
f 313 2056 986
f 319 2074 992
f 337 2128 1022
f 283 1966 950
f 290 1988 1064
f 368 2222 1136
f 392 2293 1178
f 356 2185 1232
f 254 1879 1040
f 259 1893 926
f 385 2271 1118
f 397 2307 1208
f 349 2163 1052
f 344 2150 1226
f 296 2006 1190
f 362 2204 1106
f 265 1911 932
f 338 2131 1166
f 284 1969 1004
f 289 1983 956
f 367 2217 1082
f 391 2290 1148
f 350 2168 1172
f 343 2145 1028
f 295 2001 962
f 361 2199 1076
f 266 1916 1124
f 230 1808 1034
f 224 1789 914
f 236 1825 1094
f 242 1843 1184
f 248 1862 1214
f 272 1933 1154
f 331 2110 1016
f 301 2020 968
f 373 2236 1088
f 380 2257 1142
f 308 2042 1010
f 277 1947 944
f 314 2059 1070
f 320 2077 1130
f 326 2096 1160
f 332 2113 1046
f 302 2023 1220
f 374 2239 1196
f 379 2254 1112
f 271 1930 938
f 234 1818 1279
f 227 1798 1255
f 239 1834 1291
f 245 1852 1309
f 252 1872 1327
f 275 1942 1375
f 334 2120 1537
f 304 2030 1448
f 377 2248 1574
f 382 2263 1364
f 312 2052 1483
f 279 1955 1387
f 316 2065 1436
f 323 2086 1507
f 330 2106 1525
f 335 2122 1543
f 305 2032 1465
f 376 2245 1454
f 383 2266 1580
f 274 1940 1358
f 232 1813 1267
f 225 1792 1243
f 237 1828 1250
f 243 1846 1286
f 250 1867 1304
f 273 1936 1334
f 336 2123 1549
f 306 2033 1471
f 378 2249 1597
f 381 2260 1352
f 311 2049 1477
f 281 1959 1399
f 315 2062 1406
f 321 2080 1490
f 328 2101 1502
f 333 2116 1531
f 303 2026 1412
f 375 2242 1442
f 384 2267 1592
f 276 1943 1381
f 251 1869 1321
f 233 1815 1273
f 228 1799 1261
f 240 1835 1297
f 246 1853 1315
f 258 1889 1339
f 360 2195 1562
f 401 2319 1460
f 389 2283 1586
f 263 1905 1345
f 329 2103 1519
f 310 2046 1418
f 280 1957 1393
f 318 2069 1495
f 324 2087 1513
f 342 2141 1555
f 288 1979 1423
f 292 1993 1429
f 371 2229 1568
f 393 2296 1370
f 357 2188 1280
f 255 1882 1256
f 262 1902 1292
f 388 2280 1310
f 400 2316 1328
f 352 2172 1376
f 347 2157 1538
f 298 2011 1447
f 364 2209 1573
f 269 1923 1363
f 339 2134 1484
f 285 1972 1388
f 293 1995 1435
f 370 2226 1508
f 396 2303 1526
f 353 2175 1544
f 346 2154 1466
f 299 2013 1453
f 365 2211 1579
f 268 1921 1357
f 249 1865 1268
f 231 1811 1244
f 226 1796 1249
f 238 1832 1285
f 244 1850 1303
f 257 1888 1333
f 359 2194 1550
f 402 2322 1472
f 390 2286 1598
f 264 1908 1351
f 327 2099 1478
f 309 2045 1400
f 282 1962 1405
f 317 2068 1489
f 322 2084 1501
f 341 2140 1532
f 286 1976 1411
f 294 1998 1441
f 372 2232 1591
f 394 2299 1382
f 416 2330 911
f 408 2324 893
f 406 2325 888
f 412 2332 900
f 415 2335 906
f 424 2344 924
f 492 2410 1062
f 582 2497 1242
f 565 2486 1206
f 514 2434 1104
f 461 2375 1001
f 453 2369 983
f 451 2370 978
f 457 2377 990
f 460 2380 996
f 475 2393 1026
f 439 2359 954
f 496 2415 1068
f 533 2455 1140
f 551 2461 1181
f 579 2489 1235
f 483 2399 1043
f 426 2341 929
f 521 2431 1121
f 566 2476 1211
f 489 2405 1055
f 578 2500 1230
f 560 2481 1194
f 518 2439 1110
f 429 2348 935
f 547 2465 1169
f 465 2383 1007
f 441 2356 959
f 504 2420 1085
f 537 2452 1152
f 550 2471 1176
f 476 2386 1031
f 444 2363 965
f 502 2422 1079
f 526 2445 1128
f 481 2400 1038
f 420 2338 917
f 510 2428 1097
f 555 2473 1187
f 571 2490 1218
f 540 2458 1157
f 473 2394 1020
f 447 2366 972
f 507 2425 1092
f 534 2444 1145
f 469 2389 1014
f 435 2353 947
f 498 2414 1073
f 529 2449 1133
f 545 2466 1164
f 487 2407 1049
f 574 2494 1223
f 562 2480 1199
f 520 2438 1116
f 432 2351 942
f 589 2510 1283
f 583 2504 1259
f 586 2508 1295
f 593 2514 1313
f 596 2517 1331
f 599 2520 1379
f 633 2554 1541
f 620 2539 1452
f 640 2560 1578
f 603 2523 1368
f 622 2543 1487
f 607 2527 1391
f 612 2532 1440
f 626 2547 1511
f 629 2550 1529
f 631 2552 1547
f 614 2535 1469
f 618 2538 1458
f 641 2558 1584
f 605 2524 1362
f 164 1607 1609
f 163 1603 1605
f 165 1604 1611
f 166 1610 1614
f 167 1613 1617
f 172 1622 1631
f 190 1686 1688
f 219 1773 1775
f 215 1761 1763
f 201 1712 1719
f 179 1652 1654
f 178 1648 1650
f 180 1649 1656
f 181 1655 1659
f 182 1658 1662
f 185 1670 1672
f 177 1637 1646
f 197 1694 1706
f 206 1731 1735
f 208 1739 1741
f 218 1768 1770
f 188 1678 1680
f 168 1619 1621
f 198 1709 1711
f 213 1754 1756
f 189 1682 1684
f 221 1776 1780
f 217 1758 1767
f 202 1716 1722
f 170 1625 1627
f 209 1742 1744
f 184 1663 1668
f 173 1634 1636
f 194 1697 1699
f 204 1728 1730
f 210 1746 1748
f 183 1664 1666
f 175 1640 1642
f 196 1700 1705
f 207 1724 1736
f 192 1679 1691
f 169 1618 1623
f 199 1708 1713
f 216 1753 1764
f 222 1769 1781
f 211 1738 1749
f 187 1671 1677
f 176 1643 1645
f 195 1701 1703
f 203 1723 1725
f 186 1667 1674
f 174 1633 1638
f 193 1693 1695
f 205 1727 1732
f 212 1743 1752
f 191 1685 1690
f 220 1772 1777
f 214 1757 1759
f 200 1715 1717
f 171 1628 1630
f 358 2187 2191
f 256 1881 1885
f 261 1899 1901
f 387 2277 2279
f 399 2313 2315
f 351 2169 2171
f 348 2156 2160
f 300 2010 2016
f 366 2208 2214
f 267 1917 1919
f 340 2133 2137
f 287 1971 1978
f 291 1989 1991
f 369 2223 2225
f 395 2300 2302
f 354 2174 2178
f 345 2151 2153
f 297 2007 2009
f 363 2205 2207
f 270 1920 1926
f 247 1855 1857
f 229 1801 1803
f 223 1784 1786
f 235 1820 1822
f 241 1838 1840
f 253 1874 1876
f 355 2180 2182
f 398 2310 2312
f 386 2274 2276
f 260 1896 1898
f 325 2089 2091
f 307 2035 2037
f 278 1950 1952
f 313 2054 2056
f 319 2072 2074
f 337 2126 2128
f 283 1964 1966
f 290 1986 1988
f 368 2220 2222
f 392 2291 2293
f 356 2183 2185
f 254 1877 1879
f 259 1891 1893
f 385 2269 2271
f 397 2305 2307
f 349 2161 2163
f 344 2148 2150
f 296 2004 2006
f 362 2202 2204
f 265 1909 1911
f 338 2129 2131
f 284 1967 1969
f 289 1981 1983
f 367 2215 2217
f 391 2288 2290
f 350 2166 2168
f 343 2143 2145
f 295 1999 2001
f 361 2197 2199
f 266 1914 1916
f 230 1806 1808
f 224 1787 1789
f 236 1823 1825
f 242 1841 1843
f 248 1860 1862
f 272 1931 1933
f 331 2108 2110
f 301 2018 2020
f 373 2234 2236
f 380 2255 2257
f 308 2040 2042
f 277 1945 1947
f 314 2057 2059
f 320 2075 2077
f 326 2094 2096
f 332 2111 2113
f 302 2021 2023
f 374 2237 2239
f 379 2252 2254
f 271 1928 1930
f 234 1812 1818
f 227 1791 1798
f 239 1827 1834
f 245 1845 1852
f 252 1866 1872
f 275 1935 1942
f 334 2118 2120
f 304 2028 2030
f 377 2246 2248
f 382 2259 2263
f 312 2048 2052
f 279 1953 1955
f 316 2061 2065
f 323 2079 2086
f 330 2100 2106
f 335 2115 2122
f 305 2025 2032
f 376 2241 2245
f 383 2264 2266
f 274 1938 1940
f 232 1802 1813
f 225 1783 1792
f 237 1819 1828
f 243 1837 1846
f 250 1856 1867
f 273 1927 1936
f 336 2112 2123
f 306 2022 2033
f 378 2238 2249
f 381 2251 2260
f 311 2036 2049
f 281 1949 1959
f 315 2053 2062
f 321 2071 2080
f 328 2090 2101
f 333 2107 2116
f 303 2017 2026
f 375 2233 2242
f 384 2256 2267
f 276 1932 1943
f 251 1859 1869
f 233 1805 1815
f 228 1788 1799
f 240 1824 1835
f 246 1842 1853
f 258 1878 1889
f 360 2184 2195
f 401 2306 2319
f 389 2270 2283
f 263 1892 1905
f 329 2093 2103
f 310 2039 2046
f 280 1946 1957
f 318 2058 2069
f 324 2076 2087
f 342 2130 2141
f 288 1968 1979
f 292 1982 1993
f 371 2216 2229
f 393 2287 2296
f 357 2179 2188
f 255 1873 1882
f 262 1895 1902
f 388 2273 2280
f 400 2309 2316
f 352 2165 2172
f 347 2144 2157
f 298 2000 2011
f 364 2198 2209
f 269 1913 1923
f 339 2125 2134
f 285 1963 1972
f 293 1985 1995
f 370 2219 2226
f 396 2292 2303
f 353 2162 2175
f 346 2147 2154
f 299 2003 2013
f 365 2201 2211
f 268 1910 1921
f 249 1863 1865
f 231 1809 1811
f 226 1794 1796
f 238 1830 1832
f 244 1848 1850
f 257 1886 1888
f 359 2192 2194
f 402 2318 2322
f 390 2282 2286
f 264 1904 1908
f 327 2097 2099
f 309 2043 2045
f 282 1956 1962
f 317 2066 2068
f 322 2082 2084
f 341 2138 2140
f 286 1974 1976
f 294 1992 1998
f 372 2228 2232
f 394 2295 2299
f 416 2331 2330
f 408 2327 2324
f 406 2328 2325
f 412 2334 2332
f 415 2337 2335
f 424 2346 2344
f 492 2412 2410
f 582 2499 2497
f 565 2487 2486
f 514 2436 2434
f 461 2376 2375
f 453 2372 2369
f 451 2373 2370
f 457 2379 2377
f 460 2382 2380
f 475 2396 2393
f 439 2361 2359
f 496 2418 2415
f 533 2457 2455
f 551 2463 2461
f 579 2492 2489
f 483 2402 2399
f 426 2343 2341
f 521 2433 2431
f 566 2478 2476
f 489 2406 2405
f 578 2502 2500
f 560 2484 2481
f 518 2442 2439
f 429 2349 2348
f 547 2468 2465
f 465 2387 2383
f 441 2358 2356
f 504 2421 2420
f 537 2454 2452
f 550 2472 2471
f 476 2388 2386
f 444 2364 2363
f 502 2426 2422
f 526 2448 2445
f 481 2403 2400
f 420 2342 2338
f 510 2432 2428
f 555 2477 2473
f 571 2493 2490
f 540 2462 2458
f 473 2397 2394
f 447 2367 2366
f 507 2427 2425
f 534 2447 2444
f 469 2391 2389
f 435 2357 2353
f 498 2417 2414
f 529 2453 2449
f 545 2469 2466
f 487 2411 2407
f 574 2498 2494
f 562 2483 2480
f 520 2441 2438
f 432 2352 2351
f 589 2509 2510
f 583 2503 2504
f 586 2506 2508
f 593 2512 2514
f 596 2515 2517
f 599 2518 2520
f 633 2555 2554
f 620 2541 2539
f 640 2562 2560
f 603 2522 2523
f 622 2542 2543
f 607 2528 2527
f 612 2531 2532
f 626 2545 2547
f 629 2548 2550
f 631 2551 2552
f 614 2533 2535
f 618 2537 2538
f 641 2559 2558
f 605 2526 2524
f 164 644 1607
f 163 643 1603
f 165 645 1604
f 166 646 1610
f 167 647 1613
f 172 652 1622
f 190 670 1686
f 219 699 1773
f 215 695 1761
f 201 681 1712
f 179 659 1652
f 178 658 1648
f 180 660 1649
f 181 661 1655
f 182 662 1658
f 185 665 1670
f 177 657 1637
f 197 677 1694
f 206 686 1731
f 208 688 1739
f 218 698 1768
f 188 668 1678
f 168 648 1619
f 198 678 1709
f 213 693 1754
f 189 669 1682
f 221 701 1776
f 217 697 1758
f 202 682 1716
f 170 650 1625
f 209 689 1742
f 184 664 1663
f 173 653 1634
f 194 674 1697
f 204 684 1728
f 210 690 1746
f 183 663 1664
f 175 655 1640
f 196 676 1700
f 207 687 1724
f 192 672 1679
f 169 649 1618
f 199 679 1708
f 216 696 1753
f 222 702 1769
f 211 691 1738
f 187 667 1671
f 176 656 1643
f 195 675 1701
f 203 683 1723
f 186 666 1667
f 174 654 1633
f 193 673 1693
f 205 685 1727
f 212 692 1743
f 191 671 1685
f 220 700 1772
f 214 694 1757
f 200 680 1715
f 171 651 1628
f 358 838 2187
f 256 736 1881
f 261 741 1899
f 387 867 2277
f 399 879 2313
f 351 831 2169
f 348 828 2156
f 300 780 2010
f 366 846 2208
f 267 747 1917
f 340 820 2133
f 287 767 1971
f 291 771 1989
f 369 849 2223
f 395 875 2300
f 354 834 2174
f 345 825 2151
f 297 777 2007
f 363 843 2205
f 270 750 1920
f 247 727 1855
f 229 709 1801
f 223 703 1784
f 235 715 1820
f 241 721 1838
f 253 733 1874
f 355 835 2180
f 398 878 2310
f 386 866 2274
f 260 740 1896
f 325 805 2089
f 307 787 2035
f 278 758 1950
f 313 793 2054
f 319 799 2072
f 337 817 2126
f 283 763 1964
f 290 770 1986
f 368 848 2220
f 392 872 2291
f 356 836 2183
f 254 734 1877
f 259 739 1891
f 385 865 2269
f 397 877 2305
f 349 829 2161
f 344 824 2148
f 296 776 2004
f 362 842 2202
f 265 745 1909
f 338 818 2129
f 284 764 1967
f 289 769 1981
f 367 847 2215
f 391 871 2288
f 350 830 2166
f 343 823 2143
f 295 775 1999
f 361 841 2197
f 266 746 1914
f 230 710 1806
f 224 704 1787
f 236 716 1823
f 242 722 1841
f 248 728 1860
f 272 752 1931
f 331 811 2108
f 301 781 2018
f 373 853 2234
f 380 860 2255
f 308 788 2040
f 277 757 1945
f 314 794 2057
f 320 800 2075
f 326 806 2094
f 332 812 2111
f 302 782 2021
f 374 854 2237
f 379 859 2252
f 271 751 1928
f 234 714 1812
f 227 707 1791
f 239 719 1827
f 245 725 1845
f 252 732 1866
f 275 755 1935
f 334 814 2118
f 304 784 2028
f 377 857 2246
f 382 862 2259
f 312 792 2048
f 279 759 1953
f 316 796 2061
f 323 803 2079
f 330 810 2100
f 335 815 2115
f 305 785 2025
f 376 856 2241
f 383 863 2264
f 274 754 1938
f 232 712 1802
f 225 705 1783
f 237 717 1819
f 243 723 1837
f 250 730 1856
f 273 753 1927
f 336 816 2112
f 306 786 2022
f 378 858 2238
f 381 861 2251
f 311 791 2036
f 281 761 1949
f 315 795 2053
f 321 801 2071
f 328 808 2090
f 333 813 2107
f 303 783 2017
f 375 855 2233
f 384 864 2256
f 276 756 1932
f 251 731 1859
f 233 713 1805
f 228 708 1788
f 240 720 1824
f 246 726 1842
f 258 738 1878
f 360 840 2184
f 401 881 2306
f 389 869 2270
f 263 743 1892
f 329 809 2093
f 310 790 2039
f 280 760 1946
f 318 798 2058
f 324 804 2076
f 342 822 2130
f 288 768 1968
f 292 772 1982
f 371 851 2216
f 393 873 2287
f 357 837 2179
f 255 735 1873
f 262 742 1895
f 388 868 2273
f 400 880 2309
f 352 832 2165
f 347 827 2144
f 298 778 2000
f 364 844 2198
f 269 749 1913
f 339 819 2125
f 285 765 1963
f 293 773 1985
f 370 850 2219
f 396 876 2292
f 353 833 2162
f 346 826 2147
f 299 779 2003
f 365 845 2201
f 268 748 1910
f 249 729 1863
f 231 711 1809
f 226 706 1794
f 238 718 1830
f 244 724 1848
f 257 737 1886
f 359 839 2192
f 402 882 2318
f 390 870 2282
f 264 744 1904
f 327 807 2097
f 309 789 2043
f 282 762 1956
f 317 797 2066
f 322 802 2082
f 341 821 2138
f 286 766 1974
f 294 774 1992
f 372 852 2228
f 394 874 2295
f 416 1270 2331
f 408 1246 2327
f 406 1251 2328
f 412 1287 2334
f 415 1305 2337
f 424 1335 2346
f 492 1552 2412
f 582 1474 2499
f 565 1600 2487
f 514 1353 2436
f 461 1480 2376
f 453 1402 2372
f 451 1407 2373
f 457 1491 2379
f 460 1503 2382
f 475 1534 2396
f 439 1413 2361
f 496 1443 2418
f 533 1593 2457
f 551 1384 2463
f 579 1324 2492
f 483 1276 2402
f 426 1264 2343
f 521 1300 2433
f 566 1318 2478
f 489 1342 2406
f 578 1563 2502
f 560 1461 2484
f 518 1587 2442
f 429 1348 2349
f 547 1522 2468
f 465 1419 2387
f 441 1396 2358
f 504 1498 2421
f 537 1516 2454
f 550 1558 2472
f 476 1426 2388
f 444 1432 2364
f 502 1569 2426
f 526 1371 2448
f 481 1281 2403
f 420 1257 2342
f 510 1293 2432
f 555 1311 2477
f 571 1329 2493
f 540 1377 2462
f 473 1539 2397
f 447 1450 2367
f 507 1576 2427
f 534 1366 2447
f 469 1485 2391
f 435 1389 2357
f 498 1438 2417
f 529 1509 2453
f 545 1527 2469
f 487 1545 2411
f 574 1467 2498
f 562 1456 2483
f 520 1582 2441
f 432 1360 2352
f 589 1271 2509
f 583 1247 2503
f 586 1254 2506
f 593 1290 2512
f 596 1308 2515
f 599 1338 2518
f 633 1553 2555
f 620 1475 2541
f 640 1601 2562
f 603 1356 2522
f 622 1481 2542
f 607 1403 2528
f 612 1410 2531
f 626 1494 2545
f 629 1506 2548
f 631 1535 2551
f 614 1416 2533
f 618 1446 2537
f 641 1596 2559
f 605 1385 2526
f 167 907 1616
f 164 889 1608
f 163 883 1606
f 165 895 1612
f 166 901 1615
f 169 919 1624
f 192 1057 1692
f 222 1237 1782
f 216 1201 1765
f 199 1099 1714
f 182 997 1661
f 179 979 1653
f 178 973 1651
f 180 985 1657
f 181 991 1660
f 186 1021 1675
f 174 949 1639
f 193 1063 1696
f 205 1135 1733
f 212 1177 1751
f 221 1231 1779
f 189 1039 1683
f 170 925 1626
f 202 1117 1721
f 217 1207 1766
f 191 1051 1689
f 220 1225 1778
f 214 1189 1760
f 200 1105 1718
f 171 931 1629
f 210 1165 1747
f 183 1003 1665
f 175 955 1641
f 196 1081 1704
f 207 1147 1737
f 211 1171 1750
f 187 1027 1676
f 176 961 1644
f 195 1075 1702
f 203 1123 1726
f 188 1033 1681
f 168 913 1620
f 198 1093 1710
f 213 1183 1755
f 218 1213 1771
f 208 1153 1740
f 185 1015 1673
f 177 967 1647
f 197 1087 1707
f 206 1141 1734
f 184 1009 1669
f 173 943 1635
f 194 1069 1698
f 204 1129 1729
f 209 1159 1745
f 190 1045 1687
f 219 1219 1774
f 215 1195 1762
f 201 1111 1720
f 172 937 1632
f 357 1280 2189
f 255 1256 1883
f 262 1292 1903
f 388 1310 2281
f 400 1328 2317
f 352 1376 2173
f 347 1538 2158
f 298 1447 2012
f 364 1573 2210
f 269 1363 1924
f 339 1484 2135
f 285 1388 1973
f 293 1435 1996
f 370 1508 2227
f 396 1526 2304
f 353 1544 2176
f 346 1466 2155
f 299 1453 2014
f 365 1579 2212
f 268 1357 1922
f 249 1268 1864
f 231 1244 1810
f 226 1249 1795
f 238 1285 1831
f 244 1303 1849
f 257 1333 1887
f 359 1550 2193
f 402 1472 2321
f 390 1598 2285
f 264 1351 1907
f 327 1478 2098
f 309 1400 2044
f 282 1405 1961
f 317 1489 2067
f 322 1501 2083
f 341 1532 2139
f 286 1411 1975
f 294 1441 1997
f 372 1591 2231
f 394 1382 2298
f 358 1322 2190
f 256 1274 1884
f 261 1262 1900
f 387 1298 2278
f 399 1316 2314
f 351 1340 2170
f 348 1561 2159
f 300 1459 2015
f 366 1585 2213
f 267 1346 1918
f 340 1520 2136
f 287 1417 1977
f 291 1394 1990
f 369 1496 2224
f 395 1514 2301
f 354 1556 2177
f 345 1424 2152
f 297 1430 2008
f 363 1567 2206
f 270 1369 1925
f 234 1279 1817
f 227 1255 1797
f 239 1291 1833
f 245 1309 1851
f 252 1327 1871
f 275 1375 1941
f 334 1537 2119
f 304 1448 2029
f 377 1574 2247
f 382 1364 2262
f 312 1483 2051
f 279 1387 1954
f 316 1436 2064
f 323 1507 2085
f 330 1525 2105
f 335 1543 2121
f 305 1465 2031
f 376 1454 2244
f 383 1580 2265
f 274 1358 1939
f 232 1267 1814
f 225 1243 1793
f 237 1250 1829
f 243 1286 1847
f 250 1304 1868
f 273 1334 1937
f 336 1549 2124
f 306 1471 2034
f 378 1597 2250
f 381 1352 2261
f 311 1477 2050
f 281 1399 1960
f 315 1406 2063
f 321 1490 2081
f 328 1502 2102
f 333 1531 2117
f 303 1412 2027
f 375 1442 2243
f 384 1592 2268
f 276 1381 1944
f 229 890 1804
f 223 884 1785
f 235 896 1821
f 241 902 1839
f 247 908 1858
f 271 938 1929
f 332 1046 2114
f 302 1220 2024
f 374 1196 2240
f 379 1112 2253
f 307 980 2038
f 278 974 1951
f 313 986 2055
f 319 992 2073
f 325 998 2092
f 331 1016 2109
f 301 968 2019
f 373 1088 2235
f 380 1142 2258
f 272 1154 1934
f 248 1214 1861
f 230 1034 1807
f 224 914 1790
f 236 1094 1826
f 242 1184 1844
f 254 1040 1880
f 356 1232 2186
f 397 1208 2308
f 385 1118 2272
f 259 926 1894
f 326 1160 2095
f 308 1010 2041
f 277 944 1948
f 314 1070 2060
f 320 1130 2078
f 338 1166 2132
f 284 1004 1970
f 289 956 1984
f 367 1082 2218
f 391 1148 2289
f 355 1058 2181
f 253 920 1875
f 260 1100 1897
f 386 1202 2275
f 398 1238 2311
f 350 1172 2167
f 343 1028 2146
f 295 962 2002
f 361 1076 2200
f 266 1124 1915
f 337 1022 2127
f 283 950 1965
f 290 1064 1987
f 368 1136 2221
f 392 1178 2294
f 349 1052 2164
f 344 1226 2149
f 296 1190 2005
f 362 1106 2203
f 265 932 1912
f 251 1321 1870
f 233 1273 1816
f 228 1261 1800
f 240 1297 1836
f 246 1315 1854
f 258 1339 1890
f 360 1562 2196
f 401 1460 2320
f 389 1586 2284
f 263 1345 1906
f 329 1519 2104
f 310 1418 2047
f 280 1393 1958
f 318 1495 2070
f 324 1513 2088
f 342 1555 2142
f 288 1423 1980
f 292 1429 1994
f 371 1568 2230
f 393 1370 2297
f 409 894 2329
f 405 887 2323
f 411 899 2326
f 414 905 2333
f 417 912 2336
f 431 941 2345
f 488 1050 2409
f 575 1224 2496
f 563 1200 2485
f 519 1115 2435
f 454 984 2374
f 450 977 2368
f 456 989 2371
f 459 995 2378
f 462 1002 2381
f 472 1019 2392
f 446 971 2360
f 506 1091 2416
f 535 1146 2456
f 541 1158 2460
f 570 1217 2488
f 480 1037 2398
f 421 918 2340
f 511 1098 2430
f 556 1188 2475
f 484 1044 2404
f 580 1236 2501
f 567 1212 2482
f 522 1122 2440
f 427 930 2347
f 544 1163 2464
f 468 1013 2384
f 436 948 2355
f 499 1074 2419
f 530 1134 2451
f 548 1170 2470
f 466 1008 2385
f 442 960 2362
f 505 1086 2423
f 536 1151 2446
f 491 1061 2401
f 423 923 2339
f 513 1103 2429
f 564 1205 2474
f 581 1241 2491
f 549 1175 2459
f 477 1032 2395
f 445 966 2365
f 503 1080 2424
f 525 1127 2443
f 474 1025 2390
f 438 953 2354
f 495 1067 2413
f 532 1139 2450
f 552 1182 2467
f 490 1056 2408
f 577 1229 2495
f 559 1193 2479
f 517 1109 2437
f 430 936 2350
f 590 1325 2511
f 584 1277 2505
f 585 1265 2507
f 592 1301 2513
f 595 1319 2516
f 598 1343 2519
f 636 1566 2556
f 621 1464 2540
f 642 1590 2561
f 601 1349 2521
f 623 1523 2544
f 611 1422 2529
f 609 1397 2530
f 625 1499 2546
f 628 1517 2549
f 632 1559 2553
f 613 1427 2534
f 616 1433 2536
f 638 1572 2557
f 606 1374 2525
f 407 892 1609
f 403 885 1605
f 404 897 1611
f 410 903 1614
f 413 910 1617
f 422 939 1631
f 486 1048 1688
f 573 1222 1775
f 561 1198 1763
f 512 1113 1719
f 452 982 1654
f 448 975 1650
f 449 987 1656
f 455 993 1659
f 458 1000 1662
f 470 1017 1672
f 437 969 1646
f 494 1089 1706
f 531 1144 1735
f 539 1156 1741
f 568 1215 1770
f 478 1035 1680
f 419 916 1621
f 509 1096 1711
f 554 1186 1756
f 482 1042 1684
f 576 1234 1780
f 558 1210 1767
f 516 1120 1722
f 425 928 1627
f 542 1161 1744
f 463 1011 1668
f 434 946 1636
f 497 1072 1699
f 528 1132 1730
f 546 1168 1748
f 464 1006 1666
f 440 958 1642
f 500 1084 1705
f 524 1149 1736
f 479 1059 1691
f 418 921 1623
f 508 1101 1713
f 553 1203 1764
f 569 1239 1781
f 538 1173 1749
f 471 1030 1677
f 443 964 1645
f 501 1078 1703
f 523 1125 1725
f 467 1023 1674
f 433 951 1638
f 493 1065 1695
f 527 1137 1732
f 543 1180 1752
f 485 1054 1690
f 572 1227 1777
f 557 1191 1759
f 515 1107 1717
f 428 934 1630
f 591 1326 2191
f 587 1278 1885
f 588 1266 1901
f 594 1302 2279
f 597 1320 2315
f 600 1344 2171
f 634 1565 2160
f 619 1463 2016
f 639 1589 2214
f 602 1350 1919
f 624 1524 2137
f 608 1421 1978
f 610 1398 1991
f 627 1500 2225
f 630 1518 2302
f 635 1560 2178
f 615 1428 2153
f 617 1434 2009
f 637 1571 2207
f 604 1373 1926
f 416 911 1857
f 408 893 1803
f 406 888 1786
f 412 900 1822
f 415 906 1840
f 424 924 1876
f 492 1062 2182
f 582 1242 2312
f 565 1206 2276
f 514 1104 1898
f 461 1001 2091
f 453 983 2037
f 451 978 1952
f 457 990 2056
f 460 996 2074
f 475 1026 2128
f 439 954 1966
f 496 1068 1988
f 533 1140 2222
f 551 1181 2293
f 579 1235 2185
f 483 1043 1879
f 426 929 1893
f 521 1121 2271
f 566 1211 2307
f 489 1055 2163
f 578 1230 2150
f 560 1194 2006
f 518 1110 2204
f 429 935 1911
f 547 1169 2131
f 465 1007 1969
f 441 959 1983
f 504 1085 2217
f 537 1152 2290
f 550 1176 2168
f 476 1031 2145
f 444 965 2001
f 502 1079 2199
f 526 1128 1916
f 481 1038 1808
f 420 917 1789
f 510 1097 1825
f 555 1187 1843
f 571 1218 1862
f 540 1157 1933
f 473 1020 2110
f 447 972 2020
f 507 1092 2236
f 534 1145 2257
f 469 1014 2042
f 435 947 1947
f 498 1073 2059
f 529 1133 2077
f 545 1164 2096
f 487 1049 2113
f 574 1223 2023
f 562 1199 2239
f 520 1116 2254
f 432 942 1930
f 589 1283 1818
f 583 1259 1798
f 586 1295 1834
f 593 1313 1852
f 596 1331 1872
f 599 1379 1942
f 633 1541 2120
f 620 1452 2030
f 640 1578 2248
f 603 1368 2263
f 622 1487 2052
f 607 1391 1955
f 612 1440 2065
f 626 1511 2086
f 629 1529 2106
f 631 1547 2122
f 614 1469 2032
f 618 1458 2245
f 641 1584 2266
f 605 1362 1940
f 409 1269 1813
f 405 1245 1792
f 411 1252 1828
f 414 1288 1846
f 417 1306 1867
f 431 1336 1936
f 488 1551 2123
f 575 1473 2033
f 563 1599 2249
f 519 1354 2260
f 454 1479 2049
f 450 1401 1959
f 456 1408 2062
f 459 1492 2080
f 462 1504 2101
f 472 1533 2116
f 446 1414 2026
f 506 1444 2242
f 535 1594 2267
f 541 1383 1943
f 570 1323 1869
f 480 1275 1815
f 421 1263 1799
f 511 1299 1835
f 556 1317 1853
f 484 1341 1889
f 580 1564 2195
f 567 1462 2319
f 522 1588 2283
f 427 1347 1905
f 544 1521 2103
f 468 1420 2046
f 436 1395 1957
f 499 1497 2069
f 530 1515 2087
f 548 1557 2141
f 466 1425 1979
f 442 1431 1993
f 505 1570 2229
f 536 1372 2296
f 491 1282 2188
f 423 1258 1882
f 513 1294 1902
f 564 1312 2280
f 581 1330 2316
f 549 1378 2172
f 477 1540 2157
f 445 1449 2011
f 503 1575 2209
f 525 1365 1923
f 474 1486 2134
f 438 1390 1972
f 495 1437 1995
f 532 1510 2226
f 552 1528 2303
f 490 1546 2175
f 577 1468 2154
f 559 1455 2013
f 517 1581 2211
f 430 1359 1921
f 590 1272 1865
f 584 1248 1811
f 585 1253 1796
f 592 1289 1832
f 595 1307 1850
f 598 1337 1888
f 636 1554 2194
f 621 1476 2322
f 642 1602 2286
f 601 1355 1908
f 623 1482 2099
f 611 1404 2045
f 609 1409 1962
f 625 1493 2068
f 628 1505 2084
f 632 1536 2140
f 613 1415 1976
f 616 1445 1998
f 638 1595 2232
f 606 1386 2299
f 407 909 2330
f 403 891 2324
f 404 886 2325
f 410 898 2332
f 413 904 2335
f 422 922 2344
f 486 1060 2410
f 573 1240 2497
f 561 1204 2486
f 512 1102 2434
f 452 999 2375
f 448 981 2369
f 449 976 2370
f 455 988 2377
f 458 994 2380
f 470 1024 2393
f 437 952 2359
f 494 1066 2415
f 531 1138 2455
f 539 1179 2461
f 568 1233 2489
f 478 1041 2399
f 419 927 2341
f 509 1119 2431
f 554 1209 2476
f 482 1053 2405
f 576 1228 2500
f 558 1192 2481
f 516 1108 2439
f 425 933 2348
f 542 1167 2465
f 463 1005 2383
f 434 957 2356
f 497 1083 2420
f 528 1150 2452
f 546 1174 2471
f 464 1029 2386
f 440 963 2363
f 500 1077 2422
f 524 1126 2445
f 479 1036 2400
f 418 915 2338
f 508 1095 2428
f 553 1185 2473
f 569 1216 2490
f 538 1155 2458
f 471 1018 2394
f 443 970 2366
f 501 1090 2425
f 523 1143 2444
f 467 1012 2389
f 433 945 2353
f 493 1071 2414
f 527 1131 2449
f 543 1162 2466
f 485 1047 2407
f 572 1221 2494
f 557 1197 2480
f 515 1114 2438
f 428 940 2351
f 591 1284 2510
f 587 1260 2504
f 588 1296 2508
f 594 1314 2514
f 597 1332 2517
f 600 1380 2520
f 634 1542 2554
f 619 1451 2539
f 639 1577 2560
f 602 1367 2523
f 624 1488 2543
f 608 1392 2527
f 610 1439 2532
f 627 1512 2547
f 630 1530 2550
f 635 1548 2552
f 615 1470 2535
f 617 1457 2538
f 637 1583 2558
f 604 1361 2524
f 167 1616 1607
f 164 1608 1603
f 163 1606 1604
f 165 1612 1610
f 166 1615 1613
f 169 1624 1622
f 192 1692 1686
f 222 1782 1773
f 216 1765 1761
f 199 1714 1712
f 182 1661 1652
f 179 1653 1648
f 178 1651 1649
f 180 1657 1655
f 181 1660 1658
f 186 1675 1670
f 174 1639 1637
f 193 1696 1694
f 205 1733 1731
f 212 1751 1739
f 221 1779 1768
f 189 1683 1678
f 170 1626 1619
f 202 1721 1709
f 217 1766 1754
f 191 1689 1682
f 220 1778 1776
f 214 1760 1758
f 200 1718 1716
f 171 1629 1625
f 210 1747 1742
f 183 1665 1663
f 175 1641 1634
f 196 1704 1697
f 207 1737 1728
f 211 1750 1746
f 187 1676 1664
f 176 1644 1640
f 195 1702 1700
f 203 1726 1724
f 188 1681 1679
f 168 1620 1618
f 198 1710 1708
f 213 1755 1753
f 218 1771 1769
f 208 1740 1738
f 185 1673 1671
f 177 1647 1643
f 197 1707 1701
f 206 1734 1723
f 184 1669 1667
f 173 1635 1633
f 194 1698 1693
f 204 1729 1727
f 209 1745 1743
f 190 1687 1685
f 219 1774 1772
f 215 1762 1757
f 201 1720 1715
f 172 1632 1628
f 357 2189 2187
f 255 1883 1881
f 262 1903 1899
f 388 2281 2277
f 400 2317 2313
f 352 2173 2169
f 347 2158 2156
f 298 2012 2010
f 364 2210 2208
f 269 1924 1917
f 339 2135 2133
f 285 1973 1971
f 293 1996 1989
f 370 2227 2223
f 396 2304 2300
f 353 2176 2174
f 346 2155 2151
f 299 2014 2007
f 365 2212 2205
f 268 1922 1920
f 249 1864 1855
f 231 1810 1801
f 226 1795 1784
f 238 1831 1820
f 244 1849 1838
f 257 1887 1874
f 359 2193 2180
f 402 2321 2310
f 390 2285 2274
f 264 1907 1896
f 327 2098 2089
f 309 2044 2035
f 282 1961 1950
f 317 2067 2054
f 322 2083 2072
f 341 2139 2126
f 286 1975 1964
f 294 1997 1986
f 372 2231 2220
f 394 2298 2291
f 358 2190 2183
f 256 1884 1877
f 261 1900 1891
f 387 2278 2269
f 399 2314 2305
f 351 2170 2161
f 348 2159 2148
f 300 2015 2004
f 366 2213 2202
f 267 1918 1909
f 340 2136 2129
f 287 1977 1967
f 291 1990 1981
f 369 2224 2215
f 395 2301 2288
f 354 2177 2166
f 345 2152 2143
f 297 2008 1999
f 363 2206 2197
f 270 1925 1914
f 234 1817 1806
f 227 1797 1787
f 239 1833 1823
f 245 1851 1841
f 252 1871 1860
f 275 1941 1931
f 334 2119 2108
f 304 2029 2018
f 377 2247 2234
f 382 2262 2255
f 312 2051 2040
f 279 1954 1945
f 316 2064 2057
f 323 2085 2075
f 330 2105 2094
f 335 2121 2111
f 305 2031 2021
f 376 2244 2237
f 383 2265 2252
f 274 1939 1928
f 232 1814 1812
f 225 1793 1791
f 237 1829 1827
f 243 1847 1845
f 250 1868 1866
f 273 1937 1935
f 336 2124 2118
f 306 2034 2028
f 378 2250 2246
f 381 2261 2259
f 311 2050 2048
f 281 1960 1953
f 315 2063 2061
f 321 2081 2079
f 328 2102 2100
f 333 2117 2115
f 303 2027 2025
f 375 2243 2241
f 384 2268 2264
f 276 1944 1938
f 229 1804 1802
f 223 1785 1783
f 235 1821 1819
f 241 1839 1837
f 247 1858 1856
f 271 1929 1927
f 332 2114 2112
f 302 2024 2022
f 374 2240 2238
f 379 2253 2251
f 307 2038 2036
f 278 1951 1949
f 313 2055 2053
f 319 2073 2071
f 325 2092 2090
f 331 2109 2107
f 301 2019 2017
f 373 2235 2233
f 380 2258 2256
f 272 1934 1932
f 248 1861 1859
f 230 1807 1805
f 224 1790 1788
f 236 1826 1824
f 242 1844 1842
f 254 1880 1878
f 356 2186 2184
f 397 2308 2306
f 385 2272 2270
f 259 1894 1892
f 326 2095 2093
f 308 2041 2039
f 277 1948 1946
f 314 2060 2058
f 320 2078 2076
f 338 2132 2130
f 284 1970 1968
f 289 1984 1982
f 367 2218 2216
f 391 2289 2287
f 355 2181 2179
f 253 1875 1873
f 260 1897 1895
f 386 2275 2273
f 398 2311 2309
f 350 2167 2165
f 343 2146 2144
f 295 2002 2000
f 361 2200 2198
f 266 1915 1913
f 337 2127 2125
f 283 1965 1963
f 290 1987 1985
f 368 2221 2219
f 392 2294 2292
f 349 2164 2162
f 344 2149 2147
f 296 2005 2003
f 362 2203 2201
f 265 1912 1910
f 251 1870 1863
f 233 1816 1809
f 228 1800 1794
f 240 1836 1830
f 246 1854 1848
f 258 1890 1886
f 360 2196 2192
f 401 2320 2318
f 389 2284 2282
f 263 1906 1904
f 329 2104 2097
f 310 2047 2043
f 280 1958 1956
f 318 2070 2066
f 324 2088 2082
f 342 2142 2138
f 288 1980 1974
f 292 1994 1992
f 371 2230 2228
f 393 2297 2295
f 409 2329 2331
f 405 2323 2327
f 411 2326 2328
f 414 2333 2334
f 417 2336 2337
f 431 2345 2346
f 488 2409 2412
f 575 2496 2499
f 563 2485 2487
f 519 2435 2436
f 454 2374 2376
f 450 2368 2372
f 456 2371 2373
f 459 2378 2379
f 462 2381 2382
f 472 2392 2396
f 446 2360 2361
f 506 2416 2418
f 535 2456 2457
f 541 2460 2463
f 570 2488 2492
f 480 2398 2402
f 421 2340 2343
f 511 2430 2433
f 556 2475 2478
f 484 2404 2406
f 580 2501 2502
f 567 2482 2484
f 522 2440 2442
f 427 2347 2349
f 544 2464 2468
f 468 2384 2387
f 436 2355 2358
f 499 2419 2421
f 530 2451 2454
f 548 2470 2472
f 466 2385 2388
f 442 2362 2364
f 505 2423 2426
f 536 2446 2448
f 491 2401 2403
f 423 2339 2342
f 513 2429 2432
f 564 2474 2477
f 581 2491 2493
f 549 2459 2462
f 477 2395 2397
f 445 2365 2367
f 503 2424 2427
f 525 2443 2447
f 474 2390 2391
f 438 2354 2357
f 495 2413 2417
f 532 2450 2453
f 552 2467 2469
f 490 2408 2411
f 577 2495 2498
f 559 2479 2483
f 517 2437 2441
f 430 2350 2352
f 590 2511 2509
f 584 2505 2503
f 585 2507 2506
f 592 2513 2512
f 595 2516 2515
f 598 2519 2518
f 636 2556 2555
f 621 2540 2541
f 642 2561 2562
f 601 2521 2522
f 623 2544 2542
f 611 2529 2528
f 609 2530 2531
f 625 2546 2545
f 628 2549 2548
f 632 2553 2551
f 613 2534 2533
f 616 2536 2537
f 638 2557 2559
f 606 2525 2526
f 1607 644 647
f 1603 643 644
f 1604 645 643
f 1610 646 645
f 1613 647 646
f 1622 652 649
f 1686 670 672
f 1773 699 702
f 1761 695 696
f 1712 681 679
f 1652 659 662
f 1648 658 659
f 1649 660 658
f 1655 661 660
f 1658 662 661
f 1670 665 666
f 1637 657 654
f 1694 677 673
f 1731 686 685
f 1739 688 692
f 1768 698 701
f 1678 668 669
f 1619 648 650
f 1709 678 682
f 1754 693 697
f 1682 669 671
f 1776 701 700
f 1758 697 694
f 1716 682 680
f 1625 650 651
f 1742 689 690
f 1663 664 663
f 1634 653 655
f 1697 674 676
f 1728 684 687
f 1746 690 691
f 1664 663 667
f 1640 655 656
f 1700 676 675
f 1724 687 683
f 1679 672 668
f 1618 649 648
f 1708 679 678
f 1753 696 693
f 1769 702 698
f 1738 691 688
f 1671 667 665
f 1643 656 657
f 1701 675 677
f 1723 683 686
f 1667 666 664
f 1633 654 653
f 1693 673 674
f 1727 685 684
f 1743 692 689
f 1685 671 670
f 1772 700 699
f 1757 694 695
f 1715 680 681
f 1628 651 652
f 2187 838 837
f 1881 736 735
f 1899 741 742
f 2277 867 868
f 2313 879 880
f 2169 831 832
f 2156 828 827
f 2010 780 778
f 2208 846 844
f 1917 747 749
f 2133 820 819
f 1971 767 765
f 1989 771 773
f 2223 849 850
f 2300 875 876
f 2174 834 833
f 2151 825 826
f 2007 777 779
f 2205 843 845
f 1920 750 748
f 1855 727 729
f 1801 709 711
f 1784 703 706
f 1820 715 718
f 1838 721 724
f 1874 733 737
f 2180 835 839
f 2310 878 882
f 2274 866 870
f 1896 740 744
f 2089 805 807
f 2035 787 789
f 1950 758 762
f 2054 793 797
f 2072 799 802
f 2126 817 821
f 1964 763 766
f 1986 770 774
f 2220 848 852
f 2291 872 874
f 2183 836 838
f 1877 734 736
f 1891 739 741
f 2269 865 867
f 2305 877 879
f 2161 829 831
f 2148 824 828
f 2004 776 780
f 2202 842 846
f 1909 745 747
f 2129 818 820
f 1967 764 767
f 1981 769 771
f 2215 847 849
f 2288 871 875
f 2166 830 834
f 2143 823 825
f 1999 775 777
f 2197 841 843
f 1914 746 750
f 1806 710 714
f 1787 704 707
f 1823 716 719
f 1841 722 725
f 1860 728 732
f 1931 752 755
f 2108 811 814
f 2018 781 784
f 2234 853 857
f 2255 860 862
f 2040 788 792
f 1945 757 759
f 2057 794 796
f 2075 800 803
f 2094 806 810
f 2111 812 815
f 2021 782 785
f 2237 854 856
f 2252 859 863
f 1928 751 754
f 1812 714 712
f 1791 707 705
f 1827 719 717
f 1845 725 723
f 1866 732 730
f 1935 755 753
f 2118 814 816
f 2028 784 786
f 2246 857 858
f 2259 862 861
f 2048 792 791
f 1953 759 761
f 2061 796 795
f 2079 803 801
f 2100 810 808
f 2115 815 813
f 2025 785 783
f 2241 856 855
f 2264 863 864
f 1938 754 756
f 1802 712 709
f 1783 705 703
f 1819 717 715
f 1837 723 721
f 1856 730 727
f 1927 753 751
f 2112 816 812
f 2022 786 782
f 2238 858 854
f 2251 861 859
f 2036 791 787
f 1949 761 758
f 2053 795 793
f 2071 801 799
f 2090 808 805
f 2107 813 811
f 2017 783 781
f 2233 855 853
f 2256 864 860
f 1932 756 752
f 1859 731 728
f 1805 713 710
f 1788 708 704
f 1824 720 716
f 1842 726 722
f 1878 738 734
f 2184 840 836
f 2306 881 877
f 2270 869 865
f 1892 743 739
f 2093 809 806
f 2039 790 788
f 1946 760 757
f 2058 798 794
f 2076 804 800
f 2130 822 818
f 1968 768 764
f 1982 772 769
f 2216 851 847
f 2287 873 871
f 2179 837 835
f 1873 735 733
f 1895 742 740
f 2273 868 866
f 2309 880 878
f 2165 832 830
f 2144 827 823
f 2000 778 775
f 2198 844 841
f 1913 749 746
f 2125 819 817
f 1963 765 763
f 1985 773 770
f 2219 850 848
f 2292 876 872
f 2162 833 829
f 2147 826 824
f 2003 779 776
f 2201 845 842
f 1910 748 745
f 1863 729 731
f 1809 711 713
f 1794 706 708
f 1830 718 720
f 1848 724 726
f 1886 737 738
f 2192 839 840
f 2318 882 881
f 2282 870 869
f 1904 744 743
f 2097 807 809
f 2043 789 790
f 1956 762 760
f 2066 797 798
f 2082 802 804
f 2138 821 822
f 1974 766 768
f 1992 774 772
f 2228 852 851
f 2295 874 873
f 2331 1270 1269
f 2327 1246 1245
f 2328 1251 1252
f 2334 1287 1288
f 2337 1305 1306
f 2346 1335 1336
f 2412 1552 1551
f 2499 1474 1473
f 2487 1600 1599
f 2436 1353 1354
f 2376 1480 1479
f 2372 1402 1401
f 2373 1407 1408
f 2379 1491 1492
f 2382 1503 1504
f 2396 1534 1533
f 2361 1413 1414
f 2418 1443 1444
f 2457 1593 1594
f 2463 1384 1383
f 2492 1324 1323
f 2402 1276 1275
f 2343 1264 1263
f 2433 1300 1299
f 2478 1318 1317
f 2406 1342 1341
f 2502 1563 1564
f 2484 1461 1462
f 2442 1587 1588
f 2349 1348 1347
f 2468 1522 1521
f 2387 1419 1420
f 2358 1396 1395
f 2421 1498 1497
f 2454 1516 1515
f 2472 1558 1557
f 2388 1426 1425
f 2364 1432 1431
f 2426 1569 1570
f 2448 1371 1372
f 2403 1281 1282
f 2342 1257 1258
f 2432 1293 1294
f 2477 1311 1312
f 2493 1329 1330
f 2462 1377 1378
f 2397 1539 1540
f 2367 1450 1449
f 2427 1576 1575
f 2447 1366 1365
f 2391 1485 1486
f 2357 1389 1390
f 2417 1438 1437
f 2453 1509 1510
f 2469 1527 1528
f 2411 1545 1546
f 2498 1467 1468
f 2483 1456 1455
f 2441 1582 1581
f 2352 1360 1359
f 2509 1271 1272
f 2503 1247 1248
f 2506 1254 1253
f 2512 1290 1289
f 2515 1308 1307
f 2518 1338 1337
f 2555 1553 1554
f 2541 1475 1476
f 2562 1601 1602
f 2522 1356 1355
f 2542 1481 1482
f 2528 1403 1404
f 2531 1410 1409
f 2545 1494 1493
f 2548 1506 1505
f 2551 1535 1536
f 2533 1416 1415
f 2537 1446 1445
f 2559 1596 1595
f 2526 1385 1386
f 1616 907 909
f 1608 889 891
f 1606 883 886
f 1612 895 898
f 1615 901 904
f 1624 919 922
f 1692 1057 1060
f 1782 1237 1240
f 1765 1201 1204
f 1714 1099 1102
f 1661 997 999
f 1653 979 981
f 1651 973 976
f 1657 985 988
f 1660 991 994
f 1675 1021 1024
f 1639 949 952
f 1696 1063 1066
f 1733 1135 1138
f 1751 1177 1179
f 1779 1231 1233
f 1683 1039 1041
f 1626 925 927
f 1721 1117 1119
f 1766 1207 1209
f 1689 1051 1053
f 1778 1225 1228
f 1760 1189 1192
f 1718 1105 1108
f 1629 931 933
f 1747 1165 1167
f 1665 1003 1005
f 1641 955 957
f 1704 1081 1083
f 1737 1147 1150
f 1750 1171 1174
f 1676 1027 1029
f 1644 961 963
f 1702 1075 1077
f 1726 1123 1126
f 1681 1033 1036
f 1620 913 915
f 1710 1093 1095
f 1755 1183 1185
f 1771 1213 1216
f 1740 1153 1155
f 1673 1015 1018
f 1647 967 970
f 1707 1087 1090
f 1734 1141 1143
f 1669 1009 1012
f 1635 943 945
f 1698 1069 1071
f 1729 1129 1131
f 1745 1159 1162
f 1687 1045 1047
f 1774 1219 1221
f 1762 1195 1197
f 1720 1111 1114
f 1632 937 940
f 2189 1280 1284
f 1883 1256 1260
f 1903 1292 1296
f 2281 1310 1314
f 2317 1328 1332
f 2173 1376 1380
f 2158 1538 1542
f 2012 1447 1451
f 2210 1573 1577
f 1924 1363 1367
f 2135 1484 1488
f 1973 1388 1392
f 1996 1435 1439
f 2227 1508 1512
f 2304 1526 1530
f 2176 1544 1548
f 2155 1466 1470
f 2014 1453 1457
f 2212 1579 1583
f 1922 1357 1361
f 1864 1268 1270
f 1810 1244 1246
f 1795 1249 1251
f 1831 1285 1287
f 1849 1303 1305
f 1887 1333 1335
f 2193 1550 1552
f 2321 1472 1474
f 2285 1598 1600
f 1907 1351 1353
f 2098 1478 1480
f 2044 1400 1402
f 1961 1405 1407
f 2067 1489 1491
f 2083 1501 1503
f 2139 1532 1534
f 1975 1411 1413
f 1997 1441 1443
f 2231 1591 1593
f 2298 1382 1384
f 2190 1322 1324
f 1884 1274 1276
f 1900 1262 1264
f 2278 1298 1300
f 2314 1316 1318
f 2170 1340 1342
f 2159 1561 1563
f 2015 1459 1461
f 2213 1585 1587
f 1918 1346 1348
f 2136 1520 1522
f 1977 1417 1419
f 1990 1394 1396
f 2224 1496 1498
f 2301 1514 1516
f 2177 1556 1558
f 2152 1424 1426
f 2008 1430 1432
f 2206 1567 1569
f 1925 1369 1371
f 1817 1279 1281
f 1797 1255 1257
f 1833 1291 1293
f 1851 1309 1311
f 1871 1327 1329
f 1941 1375 1377
f 2119 1537 1539
f 2029 1448 1450
f 2247 1574 1576
f 2262 1364 1366
f 2051 1483 1485
f 1954 1387 1389
f 2064 1436 1438
f 2085 1507 1509
f 2105 1525 1527
f 2121 1543 1545
f 2031 1465 1467
f 2244 1454 1456
f 2265 1580 1582
f 1939 1358 1360
f 1814 1267 1271
f 1793 1243 1247
f 1829 1250 1254
f 1847 1286 1290
f 1868 1304 1308
f 1937 1334 1338
f 2124 1549 1553
f 2034 1471 1475
f 2250 1597 1601
f 2261 1352 1356
f 2050 1477 1481
f 1960 1399 1403
f 2063 1406 1410
f 2081 1490 1494
f 2102 1502 1506
f 2117 1531 1535
f 2027 1412 1416
f 2243 1442 1446
f 2268 1592 1596
f 1944 1381 1385
f 1804 890 894
f 1785 884 887
f 1821 896 899
f 1839 902 905
f 1858 908 912
f 1929 938 941
f 2114 1046 1050
f 2024 1220 1224
f 2240 1196 1200
f 2253 1112 1115
f 2038 980 984
f 1951 974 977
f 2055 986 989
f 2073 992 995
f 2092 998 1002
f 2109 1016 1019
f 2019 968 971
f 2235 1088 1091
f 2258 1142 1146
f 1934 1154 1158
f 1861 1214 1217
f 1807 1034 1037
f 1790 914 918
f 1826 1094 1098
f 1844 1184 1188
f 1880 1040 1044
f 2186 1232 1236
f 2308 1208 1212
f 2272 1118 1122
f 1894 926 930
f 2095 1160 1163
f 2041 1010 1013
f 1948 944 948
f 2060 1070 1074
f 2078 1130 1134
f 2132 1166 1170
f 1970 1004 1008
f 1984 956 960
f 2218 1082 1086
f 2289 1148 1151
f 2181 1058 1061
f 1875 920 923
f 1897 1100 1103
f 2275 1202 1205
f 2311 1238 1241
f 2167 1172 1175
f 2146 1028 1032
f 2002 962 966
f 2200 1076 1080
f 1915 1124 1127
f 2127 1022 1025
f 1965 950 953
f 1987 1064 1067
f 2221 1136 1139
f 2294 1178 1182
f 2164 1052 1056
f 2149 1226 1229
f 2005 1190 1193
f 2203 1106 1109
f 1912 932 936
f 1870 1321 1325
f 1816 1273 1277
f 1800 1261 1265
f 1836 1297 1301
f 1854 1315 1319
f 1890 1339 1343
f 2196 1562 1566
f 2320 1460 1464
f 2284 1586 1590
f 1906 1345 1349
f 2104 1519 1523
f 2047 1418 1422
f 1958 1393 1397
f 2070 1495 1499
f 2088 1513 1517
f 2142 1555 1559
f 1980 1423 1427
f 1994 1429 1433
f 2230 1568 1572
f 2297 1370 1374
f 2329 894 892
f 2323 887 885
f 2326 899 897
f 2333 905 903
f 2336 912 910
f 2345 941 939
f 2409 1050 1048
f 2496 1224 1222
f 2485 1200 1198
f 2435 1115 1113
f 2374 984 982
f 2368 977 975
f 2371 989 987
f 2378 995 993
f 2381 1002 1000
f 2392 1019 1017
f 2360 971 969
f 2416 1091 1089
f 2456 1146 1144
f 2460 1158 1156
f 2488 1217 1215
f 2398 1037 1035
f 2340 918 916
f 2430 1098 1096
f 2475 1188 1186
f 2404 1044 1042
f 2501 1236 1234
f 2482 1212 1210
f 2440 1122 1120
f 2347 930 928
f 2464 1163 1161
f 2384 1013 1011
f 2355 948 946
f 2419 1074 1072
f 2451 1134 1132
f 2470 1170 1168
f 2385 1008 1006
f 2362 960 958
f 2423 1086 1084
f 2446 1151 1149
f 2401 1061 1059
f 2339 923 921
f 2429 1103 1101
f 2474 1205 1203
f 2491 1241 1239
f 2459 1175 1173
f 2395 1032 1030
f 2365 966 964
f 2424 1080 1078
f 2443 1127 1125
f 2390 1025 1023
f 2354 953 951
f 2413 1067 1065
f 2450 1139 1137
f 2467 1182 1180
f 2408 1056 1054
f 2495 1229 1227
f 2479 1193 1191
f 2437 1109 1107
f 2350 936 934
f 2511 1325 1326
f 2505 1277 1278
f 2507 1265 1266
f 2513 1301 1302
f 2516 1319 1320
f 2519 1343 1344
f 2556 1566 1565
f 2540 1464 1463
f 2561 1590 1589
f 2521 1349 1350
f 2544 1523 1524
f 2529 1422 1421
f 2530 1397 1398
f 2546 1499 1500
f 2549 1517 1518
f 2553 1559 1560
f 2534 1427 1428
f 2536 1433 1434
f 2557 1572 1571
f 2525 1374 1373
f 1609 892 889
f 1605 885 883
f 1611 897 895
f 1614 903 901
f 1617 910 907
f 1631 939 937
f 1688 1048 1045
f 1775 1222 1219
f 1763 1198 1195
f 1719 1113 1111
f 1654 982 979
f 1650 975 973
f 1656 987 985
f 1659 993 991
f 1662 1000 997
f 1672 1017 1015
f 1646 969 967
f 1706 1089 1087
f 1735 1144 1141
f 1741 1156 1153
f 1770 1215 1213
f 1680 1035 1033
f 1621 916 913
f 1711 1096 1093
f 1756 1186 1183
f 1684 1042 1039
f 1780 1234 1231
f 1767 1210 1207
f 1722 1120 1117
f 1627 928 925
f 1744 1161 1159
f 1668 1011 1009
f 1636 946 943
f 1699 1072 1069
f 1730 1132 1129
f 1748 1168 1165
f 1666 1006 1003
f 1642 958 955
f 1705 1084 1081
f 1736 1149 1147
f 1691 1059 1057
f 1623 921 919
f 1713 1101 1099
f 1764 1203 1201
f 1781 1239 1237
f 1749 1173 1171
f 1677 1030 1027
f 1645 964 961
f 1703 1078 1075
f 1725 1125 1123
f 1674 1023 1021
f 1638 951 949
f 1695 1065 1063
f 1732 1137 1135
f 1752 1180 1177
f 1690 1054 1051
f 1777 1227 1225
f 1759 1191 1189
f 1717 1107 1105
f 1630 934 931
f 2191 1326 1322
f 1885 1278 1274
f 1901 1266 1262
f 2279 1302 1298
f 2315 1320 1316
f 2171 1344 1340
f 2160 1565 1561
f 2016 1463 1459
f 2214 1589 1585
f 1919 1350 1346
f 2137 1524 1520
f 1978 1421 1417
f 1991 1398 1394
f 2225 1500 1496
f 2302 1518 1514
f 2178 1560 1556
f 2153 1428 1424
f 2009 1434 1430
f 2207 1571 1567
f 1926 1373 1369
f 1857 911 908
f 1803 893 890
f 1786 888 884
f 1822 900 896
f 1840 906 902
f 1876 924 920
f 2182 1062 1058
f 2312 1242 1238
f 2276 1206 1202
f 1898 1104 1100
f 2091 1001 998
f 2037 983 980
f 1952 978 974
f 2056 990 986
f 2074 996 992
f 2128 1026 1022
f 1966 954 950
f 1988 1068 1064
f 2222 1140 1136
f 2293 1181 1178
f 2185 1235 1232
f 1879 1043 1040
f 1893 929 926
f 2271 1121 1118
f 2307 1211 1208
f 2163 1055 1052
f 2150 1230 1226
f 2006 1194 1190
f 2204 1110 1106
f 1911 935 932
f 2131 1169 1166
f 1969 1007 1004
f 1983 959 956
f 2217 1085 1082
f 2290 1152 1148
f 2168 1176 1172
f 2145 1031 1028
f 2001 965 962
f 2199 1079 1076
f 1916 1128 1124
f 1808 1038 1034
f 1789 917 914
f 1825 1097 1094
f 1843 1187 1184
f 1862 1218 1214
f 1933 1157 1154
f 2110 1020 1016
f 2020 972 968
f 2236 1092 1088
f 2257 1145 1142
f 2042 1014 1010
f 1947 947 944
f 2059 1073 1070
f 2077 1133 1130
f 2096 1164 1160
f 2113 1049 1046
f 2023 1223 1220
f 2239 1199 1196
f 2254 1116 1112
f 1930 942 938
f 1818 1283 1279
f 1798 1259 1255
f 1834 1295 1291
f 1852 1313 1309
f 1872 1331 1327
f 1942 1379 1375
f 2120 1541 1537
f 2030 1452 1448
f 2248 1578 1574
f 2263 1368 1364
f 2052 1487 1483
f 1955 1391 1387
f 2065 1440 1436
f 2086 1511 1507
f 2106 1529 1525
f 2122 1547 1543
f 2032 1469 1465
f 2245 1458 1454
f 2266 1584 1580
f 1940 1362 1358
f 1813 1269 1267
f 1792 1245 1243
f 1828 1252 1250
f 1846 1288 1286
f 1867 1306 1304
f 1936 1336 1334
f 2123 1551 1549
f 2033 1473 1471
f 2249 1599 1597
f 2260 1354 1352
f 2049 1479 1477
f 1959 1401 1399
f 2062 1408 1406
f 2080 1492 1490
f 2101 1504 1502
f 2116 1533 1531
f 2026 1414 1412
f 2242 1444 1442
f 2267 1594 1592
f 1943 1383 1381
f 1869 1323 1321
f 1815 1275 1273
f 1799 1263 1261
f 1835 1299 1297
f 1853 1317 1315
f 1889 1341 1339
f 2195 1564 1562
f 2319 1462 1460
f 2283 1588 1586
f 1905 1347 1345
f 2103 1521 1519
f 2046 1420 1418
f 1957 1395 1393
f 2069 1497 1495
f 2087 1515 1513
f 2141 1557 1555
f 1979 1425 1423
f 1993 1431 1429
f 2229 1570 1568
f 2296 1372 1370
f 2188 1282 1280
f 1882 1258 1256
f 1902 1294 1292
f 2280 1312 1310
f 2316 1330 1328
f 2172 1378 1376
f 2157 1540 1538
f 2011 1449 1447
f 2209 1575 1573
f 1923 1365 1363
f 2134 1486 1484
f 1972 1390 1388
f 1995 1437 1435
f 2226 1510 1508
f 2303 1528 1526
f 2175 1546 1544
f 2154 1468 1466
f 2013 1455 1453
f 2211 1581 1579
f 1921 1359 1357
f 1865 1272 1268
f 1811 1248 1244
f 1796 1253 1249
f 1832 1289 1285
f 1850 1307 1303
f 1888 1337 1333
f 2194 1554 1550
f 2322 1476 1472
f 2286 1602 1598
f 1908 1355 1351
f 2099 1482 1478
f 2045 1404 1400
f 1962 1409 1405
f 2068 1493 1489
f 2084 1505 1501
f 2140 1536 1532
f 1976 1415 1411
f 1998 1445 1441
f 2232 1595 1591
f 2299 1386 1382
f 2330 909 911
f 2324 891 893
f 2325 886 888
f 2332 898 900
f 2335 904 906
f 2344 922 924
f 2410 1060 1062
f 2497 1240 1242
f 2486 1204 1206
f 2434 1102 1104
f 2375 999 1001
f 2369 981 983
f 2370 976 978
f 2377 988 990
f 2380 994 996
f 2393 1024 1026
f 2359 952 954
f 2415 1066 1068
f 2455 1138 1140
f 2461 1179 1181
f 2489 1233 1235
f 2399 1041 1043
f 2341 927 929
f 2431 1119 1121
f 2476 1209 1211
f 2405 1053 1055
f 2500 1228 1230
f 2481 1192 1194
f 2439 1108 1110
f 2348 933 935
f 2465 1167 1169
f 2383 1005 1007
f 2356 957 959
f 2420 1083 1085
f 2452 1150 1152
f 2471 1174 1176
f 2386 1029 1031
f 2363 963 965
f 2422 1077 1079
f 2445 1126 1128
f 2400 1036 1038
f 2338 915 917
f 2428 1095 1097
f 2473 1185 1187
f 2490 1216 1218
f 2458 1155 1157
f 2394 1018 1020
f 2366 970 972
f 2425 1090 1092
f 2444 1143 1145
f 2389 1012 1014
f 2353 945 947
f 2414 1071 1073
f 2449 1131 1133
f 2466 1162 1164
f 2407 1047 1049
f 2494 1221 1223
f 2480 1197 1199
f 2438 1114 1116
f 2351 940 942
f 2510 1284 1283
f 2504 1260 1259
f 2508 1296 1295
f 2514 1314 1313
f 2517 1332 1331
f 2520 1380 1379
f 2554 1542 1541
f 2539 1451 1452
f 2560 1577 1578
f 2523 1367 1368
f 2543 1488 1487
f 2527 1392 1391
f 2532 1439 1440
f 2547 1512 1511
f 2550 1530 1529
f 2552 1548 1547
f 2535 1470 1469
f 2538 1457 1458
f 2558 1583 1584
f 2524 1361 1362
f 1607 1616 1609
f 1603 1608 1605
f 1604 1606 1611
f 1610 1612 1614
f 1613 1615 1617
f 1622 1624 1631
f 1686 1692 1688
f 1773 1782 1775
f 1761 1765 1763
f 1712 1714 1719
f 1652 1661 1654
f 1648 1653 1650
f 1649 1651 1656
f 1655 1657 1659
f 1658 1660 1662
f 1670 1675 1672
f 1637 1639 1646
f 1694 1696 1706
f 1731 1733 1735
f 1739 1751 1741
f 1768 1779 1770
f 1678 1683 1680
f 1619 1626 1621
f 1709 1721 1711
f 1754 1766 1756
f 1682 1689 1684
f 1776 1778 1780
f 1758 1760 1767
f 1716 1718 1722
f 1625 1629 1627
f 1742 1747 1744
f 1663 1665 1668
f 1634 1641 1636
f 1697 1704 1699
f 1728 1737 1730
f 1746 1750 1748
f 1664 1676 1666
f 1640 1644 1642
f 1700 1702 1705
f 1724 1726 1736
f 1679 1681 1691
f 1618 1620 1623
f 1708 1710 1713
f 1753 1755 1764
f 1769 1771 1781
f 1738 1740 1749
f 1671 1673 1677
f 1643 1647 1645
f 1701 1707 1703
f 1723 1734 1725
f 1667 1669 1674
f 1633 1635 1638
f 1693 1698 1695
f 1727 1729 1732
f 1743 1745 1752
f 1685 1687 1690
f 1772 1774 1777
f 1757 1762 1759
f 1715 1720 1717
f 1628 1632 1630
f 2187 2189 2191
f 1881 1883 1885
f 1899 1903 1901
f 2277 2281 2279
f 2313 2317 2315
f 2169 2173 2171
f 2156 2158 2160
f 2010 2012 2016
f 2208 2210 2214
f 1917 1924 1919
f 2133 2135 2137
f 1971 1973 1978
f 1989 1996 1991
f 2223 2227 2225
f 2300 2304 2302
f 2174 2176 2178
f 2151 2155 2153
f 2007 2014 2009
f 2205 2212 2207
f 1920 1922 1926
f 1855 1864 1857
f 1801 1810 1803
f 1784 1795 1786
f 1820 1831 1822
f 1838 1849 1840
f 1874 1887 1876
f 2180 2193 2182
f 2310 2321 2312
f 2274 2285 2276
f 1896 1907 1898
f 2089 2098 2091
f 2035 2044 2037
f 1950 1961 1952
f 2054 2067 2056
f 2072 2083 2074
f 2126 2139 2128
f 1964 1975 1966
f 1986 1997 1988
f 2220 2231 2222
f 2291 2298 2293
f 2183 2190 2185
f 1877 1884 1879
f 1891 1900 1893
f 2269 2278 2271
f 2305 2314 2307
f 2161 2170 2163
f 2148 2159 2150
f 2004 2015 2006
f 2202 2213 2204
f 1909 1918 1911
f 2129 2136 2131
f 1967 1977 1969
f 1981 1990 1983
f 2215 2224 2217
f 2288 2301 2290
f 2166 2177 2168
f 2143 2152 2145
f 1999 2008 2001
f 2197 2206 2199
f 1914 1925 1916
f 1806 1817 1808
f 1787 1797 1789
f 1823 1833 1825
f 1841 1851 1843
f 1860 1871 1862
f 1931 1941 1933
f 2108 2119 2110
f 2018 2029 2020
f 2234 2247 2236
f 2255 2262 2257
f 2040 2051 2042
f 1945 1954 1947
f 2057 2064 2059
f 2075 2085 2077
f 2094 2105 2096
f 2111 2121 2113
f 2021 2031 2023
f 2237 2244 2239
f 2252 2265 2254
f 1928 1939 1930
f 1812 1814 1818
f 1791 1793 1798
f 1827 1829 1834
f 1845 1847 1852
f 1866 1868 1872
f 1935 1937 1942
f 2118 2124 2120
f 2028 2034 2030
f 2246 2250 2248
f 2259 2261 2263
f 2048 2050 2052
f 1953 1960 1955
f 2061 2063 2065
f 2079 2081 2086
f 2100 2102 2106
f 2115 2117 2122
f 2025 2027 2032
f 2241 2243 2245
f 2264 2268 2266
f 1938 1944 1940
f 1802 1804 1813
f 1783 1785 1792
f 1819 1821 1828
f 1837 1839 1846
f 1856 1858 1867
f 1927 1929 1936
f 2112 2114 2123
f 2022 2024 2033
f 2238 2240 2249
f 2251 2253 2260
f 2036 2038 2049
f 1949 1951 1959
f 2053 2055 2062
f 2071 2073 2080
f 2090 2092 2101
f 2107 2109 2116
f 2017 2019 2026
f 2233 2235 2242
f 2256 2258 2267
f 1932 1934 1943
f 1859 1861 1869
f 1805 1807 1815
f 1788 1790 1799
f 1824 1826 1835
f 1842 1844 1853
f 1878 1880 1889
f 2184 2186 2195
f 2306 2308 2319
f 2270 2272 2283
f 1892 1894 1905
f 2093 2095 2103
f 2039 2041 2046
f 1946 1948 1957
f 2058 2060 2069
f 2076 2078 2087
f 2130 2132 2141
f 1968 1970 1979
f 1982 1984 1993
f 2216 2218 2229
f 2287 2289 2296
f 2179 2181 2188
f 1873 1875 1882
f 1895 1897 1902
f 2273 2275 2280
f 2309 2311 2316
f 2165 2167 2172
f 2144 2146 2157
f 2000 2002 2011
f 2198 2200 2209
f 1913 1915 1923
f 2125 2127 2134
f 1963 1965 1972
f 1985 1987 1995
f 2219 2221 2226
f 2292 2294 2303
f 2162 2164 2175
f 2147 2149 2154
f 2003 2005 2013
f 2201 2203 2211
f 1910 1912 1921
f 1863 1870 1865
f 1809 1816 1811
f 1794 1800 1796
f 1830 1836 1832
f 1848 1854 1850
f 1886 1890 1888
f 2192 2196 2194
f 2318 2320 2322
f 2282 2284 2286
f 1904 1906 1908
f 2097 2104 2099
f 2043 2047 2045
f 1956 1958 1962
f 2066 2070 2068
f 2082 2088 2084
f 2138 2142 2140
f 1974 1980 1976
f 1992 1994 1998
f 2228 2230 2232
f 2295 2297 2299
f 2331 2329 2330
f 2327 2323 2324
f 2328 2326 2325
f 2334 2333 2332
f 2337 2336 2335
f 2346 2345 2344
f 2412 2409 2410
f 2499 2496 2497
f 2487 2485 2486
f 2436 2435 2434
f 2376 2374 2375
f 2372 2368 2369
f 2373 2371 2370
f 2379 2378 2377
f 2382 2381 2380
f 2396 2392 2393
f 2361 2360 2359
f 2418 2416 2415
f 2457 2456 2455
f 2463 2460 2461
f 2492 2488 2489
f 2402 2398 2399
f 2343 2340 2341
f 2433 2430 2431
f 2478 2475 2476
f 2406 2404 2405
f 2502 2501 2500
f 2484 2482 2481
f 2442 2440 2439
f 2349 2347 2348
f 2468 2464 2465
f 2387 2384 2383
f 2358 2355 2356
f 2421 2419 2420
f 2454 2451 2452
f 2472 2470 2471
f 2388 2385 2386
f 2364 2362 2363
f 2426 2423 2422
f 2448 2446 2445
f 2403 2401 2400
f 2342 2339 2338
f 2432 2429 2428
f 2477 2474 2473
f 2493 2491 2490
f 2462 2459 2458
f 2397 2395 2394
f 2367 2365 2366
f 2427 2424 2425
f 2447 2443 2444
f 2391 2390 2389
f 2357 2354 2353
f 2417 2413 2414
f 2453 2450 2449
f 2469 2467 2466
f 2411 2408 2407
f 2498 2495 2494
f 2483 2479 2480
f 2441 2437 2438
f 2352 2350 2351
f 2509 2511 2510
f 2503 2505 2504
f 2506 2507 2508
f 2512 2513 2514
f 2515 2516 2517
f 2518 2519 2520
f 2555 2556 2554
f 2541 2540 2539
f 2562 2561 2560
f 2522 2521 2523
f 2542 2544 2543
f 2528 2529 2527
f 2531 2530 2532
f 2545 2546 2547
f 2548 2549 2550
f 2551 2553 2552
f 2533 2534 2535
f 2537 2536 2538
f 2559 2557 2558
f 2526 2525 2524