v -0.257278 0.309858 -0.073292
v 0.257203 0.309905 -0.073218
v -0.331816 -0.535958 0.003779
v 0.331358 -0.536514 0.003811
v 0.000109 -0.443156 0.704258
v 0.000067 0.159680 0.545026
v 0.000025 -0.171093 -0.521258
v -0.000005 0.420556 -0.706764
v 0.503545 0.005782 -0.327734
v 0.527206 0.008126 0.316985
v -0.503564 0.005745 -0.327735
v -0.527239 0.008081 0.317048
v 0.000278 0.402429 -0.114403
v -0.172928 0.206371 0.259857
v -0.214835 0.657327 -0.448718
v -0.410595 0.213121 -0.196717
v -0.464800 0.161028 0.190668
v 0.173509 0.205586 0.260142
v 0.214794 0.657364 -0.448969
v 0.410478 0.213541 -0.196738
v 0.464762 0.161018 0.190568
v -0.000134 -0.593328 0.010455
v -0.237788 -0.667328 0.450723
v -0.193970 -0.474376 -0.300751
v -0.406239 -0.187501 -0.155281
v -0.428737 -0.236121 0.205405
v 0.237687 -0.666278 0.450109
v 0.193796 -0.474718 -0.300712
v 0.406651 -0.188364 -0.155315
v 0.428573 -0.235654 0.205489
v 0.000078 0.005737 0.692002
v 0.316257 -0.211180 0.560596
v -0.316043 -0.211552 0.559877
v 0.292679 0.134610 0.472737
v -0.292626 0.133856 0.472778
v -0.000189 0.030363 -0.685514
v 0.273620 -0.098700 -0.463784
v -0.274419 -0.099023 -0.464418
v 0.328143 0.207161 -0.604094
v -0.328275 0.206773 -0.603997
v 0.596414 0.004292 0.019567
v -0.596363 0.004149 0.019564
v -0.147797 0.369863 -0.105325
v -0.231148 0.258440 0.073840
v -0.230623 0.453745 -0.240925
v -0.325526 0.290020 -0.132136
v -0.360621 0.222985 0.058242
v 0.147502 0.370351 -0.105067
v 0.231092 0.258088 0.073751
v 0.230143 0.453779 -0.241432
v 0.325579 0.290091 -0.132230
v 0.360599 0.222923 0.058206
v -0.212882 -0.642722 0.001346
v -0.278932 -0.525450 0.189100
v -0.352840 -0.678442 -0.191043
v -0.370507 -0.391169 -0.071845
v -0.375977 -0.394920 0.113919
v 0.211810 -0.643295 0.000978
v 0.278723 -0.525540 0.188851
v 0.352818 -0.678690 -0.191062
v 0.370172 -0.391129 -0.071949
v 0.376779 -0.394571 0.113550
v -0.131084 -0.645003 0.674580
v 0.131279 -0.644547 0.674106
v -0.000085 -0.228544 0.764701
v 0.186950 -0.364070 0.697114
v -0.186716 -0.363925 0.697001
v -0.088680 0.169541 0.452289
v 0.088587 0.169353 0.451953
v 0.000286 0.143333 0.561520
v 0.138095 0.158780 0.526365
v -0.138144 0.159224 0.526397
v -0.074621 -0.257767 -0.387721
v 0.074612 -0.257737 -0.387728
v -0.000174 -0.140305 -0.537580
v 0.123362 -0.163353 -0.501031
v -0.123307 -0.163415 -0.501052
v -0.125355 0.573533 -0.634777
v 0.125595 0.573349 -0.634730
v -0.000231 0.236775 -0.787671
v 0.189492 0.349995 -0.721324
v -0.188717 0.350123 -0.721273
v 0.489512 0.074517 -0.276914
v 0.487475 -0.054526 -0.265823
v 0.422041 -0.032608 -0.408526
v 0.438616 0.071285 -0.443837
v 0.543483 0.003495 -0.172963
v 0.510220 0.077778 0.268230
v 0.498245 -0.083496 0.270530
v 0.430305 -0.067774 0.412856
v 0.432626 0.057997 0.398306
v 0.581291 0.006423 0.192130
v -0.489527 0.074561 -0.276779
v -0.487608 -0.054571 -0.265883
v -0.422327 -0.032575 -0.408644
v -0.438637 0.071261 -0.443923
v -0.543481 0.003434 -0.172939
v -0.509737 0.077698 0.268111
v -0.498098 -0.083865 0.270522
v -0.429848 -0.068058 0.412778
v -0.432725 0.058090 0.398349
v -0.581243 0.006412 0.192156
v -0.079905 0.284817 0.070149
v -0.092401 0.572607 -0.267591
v 0.080242 0.284640 0.070125
v 0.092577 0.572350 -0.267297
v -0.338618 0.187400 0.243287
v -0.000275 0.209812 0.262255
v -0.267260 0.165474 0.432259
v -0.336637 0.450903 -0.331911
v 0.000263 0.701708 -0.457587
v -0.279712 0.434271 -0.541078
v -0.469168 0.177426 0.010953
v -0.362007 0.232533 -0.400201
v -0.534072 0.085154 -0.076719
v -0.402545 0.150899 0.353113
v -0.549013 0.083575 0.109229
v 0.338322 0.187431 0.243081
v 0.267194 0.165376 0.432235
v 0.336734 0.450885 -0.332240
v 0.280254 0.433672 -0.540671
v 0.468981 0.177329 0.010827
v 0.361617 0.232600 -0.400180
v 0.534788 0.084751 -0.076424
v 0.402638 0.150718 0.353197
v 0.548652 0.083512 0.108941
v -0.100820 -0.582662 0.232602
v -0.105408 -0.667700 -0.189034
v 0.101180 -0.582584 0.232565
v 0.103075 -0.663512 -0.188654
v -0.347947 -0.426746 0.327632
v 0.000017 -0.637582 0.471198
v -0.323667 -0.478954 0.568959
v -0.328478 -0.346203 -0.244392
v -0.000126 -0.459060 -0.290338
v -0.220580 -0.224808 -0.365700
v -0.433937 -0.214169 0.025924
v -0.358014 -0.144250 -0.324864
v -0.524147 -0.067308 -0.074154
v -0.387127 -0.247203 0.388506
v -0.534368 -0.078269 0.107463
v 0.347622 -0.426870 0.327920
v 0.323777 -0.479929 0.568730
v 0.328479 -0.346138 -0.244320
v 0.220682 -0.224926 -0.365552
v 0.433890 -0.213997 0.025727
v 0.358261 -0.143636 -0.325198
v 0.524270 -0.067199 -0.074272
v 0.387208 -0.246792 0.388830
v 0.534337 -0.077976 0.107474
v 0.192398 -0.108892 0.692290
v -0.192399 -0.109076 0.692488
v 0.158516 0.069895 0.576005
v -0.158310 0.069945 0.575940
v 0.321715 -0.007384 0.528714
v -0.321765 -0.007601 0.528843
v 0.158570 -0.044367 -0.570218
v -0.158519 -0.044526 -0.570984
v 0.226840 0.115670 -0.776817
v -0.226871 0.115004 -0.776866
v 0.324631 0.032684 -0.555490
v -0.324286 0.032643 -0.555555
v -0.210457 0.338603 -0.089979
v -0.248174 0.285468 -0.008861
v -0.237146 0.359403 -0.150974
v -0.288760 0.304678 -0.101057
v -0.300964 0.267581 -0.015104
v 0.209969 0.339360 -0.089968
v 0.247968 0.285672 -0.008651
v 0.236986 0.359722 -0.151382
v 0.288817 0.304258 -0.100825
v 0.301025 0.267336 -0.014831
v -0.292115 -0.599490 -0.003664
v -0.309668 -0.526183 0.076995
v -0.340294 -0.599707 -0.073047
v -0.356687 -0.483876 -0.032480
v -0.353169 -0.469861 0.055536
v 0.291302 -0.599980 -0.003077
v 0.309629 -0.526147 0.077275
v 0.339916 -0.600014 -0.073090
v 0.356317 -0.484231 -0.032276
v 0.353615 -0.470105 0.055424
v -0.055878 -0.519314 0.687760
v 0.056325 -0.519424 0.688525
v 0.000049 -0.348066 0.723757
v 0.085676 -0.413263 0.708123
v -0.085627 -0.412855 0.706943
v -0.040729 0.161369 0.530323
v 0.040435 0.161462 0.529252
v 0.000156 0.156625 0.550544
v 0.062206 0.159428 0.542049
v -0.062460 0.159232 0.542086
v -0.033188 -0.194848 -0.469162
v 0.033222 -0.194837 -0.469143
v -0.000006 -0.167126 -0.528287
v 0.054494 -0.170010 -0.518036
v -0.054486 -0.170006 -0.518079
v -0.053365 0.487050 -0.675160
v 0.053201 0.487734 -0.675837
v 0.000018 0.339767 -0.746804
v 0.085305 0.392594 -0.716658
v -0.084993 0.392814 -0.716758
v 0.507793 0.029916 -0.311057
v 0.503466 -0.019721 -0.303265
v 0.474367 -0.008385 -0.367681
v 0.479075 0.028964 -0.377414
v 0.522857 0.003412 -0.263355
v 0.529256 0.036315 0.299250
v 0.527542 -0.022211 0.298545
v 0.493320 -0.014554 0.358137
v 0.492010 0.027794 0.355503
v 0.553544 0.007416 0.263285
v -0.507862 0.029885 -0.310970
v -0.503438 -0.019640 -0.303341
v -0.474348 -0.008357 -0.367748
v -0.478968 0.028956 -0.377391
v -0.522951 0.003377 -0.263347
v -0.529371 0.036135 0.299287
v -0.527424 -0.022169 0.298469
v -0.493580 -0.014684 0.358126
v -0.492113 0.027780 0.355560
v -0.553557 0.007396 0.263354
v -0.076630 0.393933 -0.112462
v 0.076518 0.394025 -0.112540
v -0.038869 0.337475 -0.024133
v -0.041033 0.487444 -0.187047
v 0.038557 0.337364 -0.024136
v 0.041091 0.487336 -0.186937
v -0.206344 0.231055 0.164622
v -0.133664 0.184782 0.357322
v -0.124624 0.241504 0.165496
v -0.257293 0.198186 0.254573
v -0.086997 0.210042 0.261894
v -0.223184 0.180572 0.352600
v -0.242813 0.583273 -0.340468
v -0.182416 0.638315 -0.542545
v -0.163161 0.672945 -0.358251
v -0.422153 0.628072 -0.401472
v -0.153409 0.810785 -0.459055
v -0.280041 0.561034 -0.500593
v -0.366386 0.261629 -0.162064
v -0.450364 0.147417 -0.235799
v -0.332696 0.308171 -0.266202
v -0.446083 0.192717 -0.088837
v -0.382797 0.230337 -0.299044
v -0.479583 0.142823 -0.132045
v -0.420799 0.188655 0.130793
v -0.489192 0.122195 0.232931
v -0.406299 0.177731 0.220279
v -0.473690 0.167874 0.102497
v -0.439547 0.154956 0.274615
v -0.510204 0.127783 0.151813
v 0.205799 0.231607 0.163964
v 0.133341 0.184973 0.357170
v 0.125251 0.240867 0.165367
v 0.086981 0.210167 0.261937
v 0.257882 0.198015 0.254948
v 0.222985 0.180468 0.352801
v 0.242604 0.583653 -0.340730
v 0.182230 0.637945 -0.542514
v 0.163297 0.672955 -0.358449
v 0.153168 0.810931 -0.459170
v 0.422136 0.627974 -0.401528
v 0.280334 0.560999 -0.500275
v 0.366278 0.262014 -0.162420
v 0.450671 0.147364 -0.235638
v 0.332979 0.308206 -0.266272
v 0.445965 0.192853 -0.089276
v 0.382891 0.229993 -0.299086
v 0.479234 0.142678 -0.132232
v 0.420714 0.188606 0.130726
v 0.489216 0.122144 0.232993
v 0.406247 0.177659 0.220231
v 0.473615 0.167861 0.102439
v 0.439555 0.154887 0.274568
v 0.510000 0.127748 0.151728
v -0.109008 -0.617657 0.005746
v 0.108646 -0.616774 0.004702
v -0.051723 -0.588561 0.114730
v -0.066737 -0.598154 -0.084557
v 0.051605 -0.587732 0.114275
v 0.066018 -0.597066 -0.084891
v -0.248626 -0.548534 0.329778
v -0.194532 -0.802839 0.605205
v -0.154939 -0.582476 0.368985
v -0.301010 -0.533230 0.401385
v -0.115125 -0.692444 0.465758
v -0.306559 -0.629762 0.535145
v -0.289838 -0.628846 -0.294089
v -0.126043 -0.352336 -0.329465
v -0.160363 -0.622479 -0.274692
v -0.280578 -0.428914 -0.287327
v -0.096285 -0.469858 -0.295104
v -0.204288 -0.327242 -0.316563
v -0.377280 -0.283091 -0.108037
v -0.448862 -0.110855 -0.211633
v -0.355317 -0.258948 -0.193714
v -0.421550 -0.201027 -0.063687
v -0.386496 -0.167365 -0.243312
v -0.464297 -0.124132 -0.116456
v -0.398914 -0.315615 0.164279
v -0.462624 -0.157031 0.239992
v -0.387444 -0.328561 0.263099
v -0.436419 -0.226049 0.114350
v -0.411966 -0.243414 0.297573
v -0.478041 -0.150060 0.154414
v 0.248573 -0.548538 0.329757
v 0.195780 -0.803384 0.603558
v 0.155083 -0.582366 0.368358
v 0.115165 -0.691155 0.464694
v 0.301035 -0.533821 0.401017
v 0.306591 -0.629746 0.534659
v 0.289743 -0.629221 -0.294080
v 0.125927 -0.352328 -0.329600
v 0.159771 -0.621869 -0.274244
v 0.096199 -0.469877 -0.295034
v 0.280327 -0.429185 -0.287313
v 0.204262 -0.327090 -0.316411
v 0.377491 -0.282977 -0.108371
v 0.448563 -0.112015 -0.211166
v 0.355407 -0.258960 -0.193812
v 0.421485 -0.200969 -0.063553
v 0.386230 -0.167237 -0.243201
v 0.464263 -0.124796 -0.116281
v 0.398859 -0.315447 0.163959
v 0.463039 -0.157360 0.240288
v 0.387336 -0.328314 0.262736
v 0.436337 -0.225561 0.114546
v 0.412186 -0.243868 0.297739
v 0.478181 -0.150262 0.154113
v -0.000053 -0.103048 0.773328
v -0.000083 0.074728 0.609346
v 0.095855 -0.052877 0.705939
v -0.095736 -0.053008 0.705761
v 0.084680 0.034718 0.632406
v -0.084749 0.034515 0.632409
v 0.266052 -0.292644 0.646553
v 0.369231 -0.135241 0.480168
v 0.317265 -0.336256 0.567013
v 0.356188 -0.238100 0.477383
v 0.265759 -0.166304 0.636917
v 0.319674 -0.102907 0.548162
v -0.266199 -0.292383 0.646905
v -0.369313 -0.135012 0.480097
v -0.317395 -0.335570 0.567280
v -0.355923 -0.238028 0.477476
v -0.266041 -0.166422 0.637151
v -0.319229 -0.103079 0.547989
v 0.215265 0.156223 0.501290
v 0.365848 0.093637 0.439075
v 0.280396 0.159793 0.455644
v 0.352057 0.146130 0.419118
v 0.227010 0.105738 0.522944
v 0.307400 0.066923 0.498527
v -0.215244 0.156084 0.501266
v -0.365794 0.093936 0.439041
v -0.280432 0.159794 0.455556
v -0.352008 0.146105 0.419087
v -0.226660 0.105495 0.522832
v -0.307196 0.066665 0.498631
v -0.000112 -0.051729 -0.585971
v -0.000070 0.125424 -0.771803
v 0.087734 -0.011502 -0.631477
v -0.087828 -0.009503 -0.629705
v 0.108384 0.054357 -0.757051
v -0.107223 0.072331 -0.738570
v 0.197889 -0.136643 -0.483739
v 0.349532 -0.062978 -0.439673
v 0.247905 -0.157650 -0.422821
v 0.322517 -0.120722 -0.402351
v 0.219468 -0.073814 -0.520936
v 0.298765 -0.035547 -0.506433
v -0.197611 -0.135935 -0.483636
v -0.350032 -0.063205 -0.440142
v -0.247700 -0.157611 -0.422635
v -0.322154 -0.120635 -0.401813
v -0.219561 -0.074044 -0.521119
v -0.298902 -0.035712 -0.506540
v 0.273636 0.285513 -0.686996
v 0.391797 0.131105 -0.524936
v 0.295250 0.313215 -0.575828
v 0.345729 0.223702 -0.501553
v 0.305078 0.175285 -0.720733
v 0.343650 0.111963 -0.599991
v -0.273737 0.285926 -0.687250
v -0.391760 0.130643 -0.525404
v -0.295553 0.313591 -0.575529
v -0.345979 0.224075 -0.501510
v -0.305334 0.175382 -0.720791
v -0.343709 0.111799 -0.600199
v 0.573622 0.003462 -0.075960
v 0.591234 0.005586 0.108723
v 0.581210 0.036235 -0.025367
v 0.584751 0.039070 0.066176
v 0.575449 -0.025700 -0.028431
v 0.581628 -0.026733 0.063078
v -0.573538 0.003361 -0.075930
v -0.591244 0.005569 0.108697
v -0.581244 0.036112 -0.025301
v -0.584705 0.039230 0.066172
v -0.575494 -0.025681 -0.028438
v -0.581613 -0.026661 0.063071
v -0.185426 0.307011 -0.013928
v -0.184481 0.415666 -0.177101
v -0.114630 0.326373 -0.020236
v -0.118792 0.461038 -0.186824
v -0.299321 0.240638 0.070431
v -0.157933 0.273923 0.072163
v -0.283656 0.218017 0.160187
v -0.266152 0.364302 -0.201012
v -0.171155 0.526225 -0.262537
v -0.294264 0.477668 -0.296068
v -0.348870 0.250279 -0.034368
v -0.293187 0.352170 -0.236909
v -0.396359 0.227367 -0.059798
v -0.358147 0.203029 0.150062
v -0.414580 0.204270 0.036838
v 0.185400 0.307534 -0.013936
v 0.184516 0.415914 -0.176950
v 0.114684 0.326736 -0.020347
v 0.118808 0.460801 -0.187136
v 0.298889 0.240597 0.070146
v 0.157812 0.274197 0.072443
v 0.283761 0.218272 0.159968
v 0.266231 0.364485 -0.201273
v 0.171593 0.526096 -0.262251
v 0.294179 0.478023 -0.296067
v 0.349159 0.249561 -0.034094
v 0.292878 0.352512 -0.237280
v 0.396255 0.227515 -0.060185
v 0.357927 0.203094 0.149983
v 0.414396 0.204319 0.036834
v -0.241622 -0.555640 0.080702
v -0.298852 -0.747217 -0.082566
v -0.151355 -0.574480 0.095755
v -0.158947 -0.764669 -0.070402
v -0.353755 -0.475917 0.154606
v -0.196369 -0.560760 0.216711
v -0.319781 -0.486217 0.271209
v -0.361069 -0.509590 -0.128859
v -0.227016 -0.785124 -0.222716
v -0.359150 -0.507949 -0.235332
v -0.375362 -0.390708 0.019733
v -0.359991 -0.382963 -0.164120
v -0.392872 -0.295785 -0.019238
v -0.367583 -0.405876 0.216853
v -0.401238 -0.305642 0.070527
v 0.241482 -0.555815 0.080549
v 0.297779 -0.748884 -0.082903
v 0.151357 -0.574423 0.095739
v 0.156276 -0.763719 -0.072759
v 0.353859 -0.475729 0.154587
v 0.196537 -0.560864 0.216995
v 0.319772 -0.486439 0.271377
v 0.360949 -0.509542 -0.128682
v 0.225363 -0.785213 -0.223163
v 0.359080 -0.508167 -0.235175
v 0.375194 -0.390501 0.019395
v 0.359861 -0.382887 -0.164043
v 0.392475 -0.295763 -0.018830
v 0.367257 -0.405936 0.216745
v 0.401281 -0.305248 0.070223
v 0.000197 -0.591111 0.651270
v -0.176172 -0.507567 0.694806
v -0.057986 -0.660612 0.583830
v -0.282296 -0.632224 0.677527
v 0.176289 -0.507928 0.695519
v 0.057905 -0.660533 0.583822
v 0.282750 -0.632261 0.677149
v 0.095956 -0.292752 0.729639
v -0.096254 -0.293151 0.729416
v 0.100542 -0.167990 0.744854
v -0.100310 -0.168172 0.744439
v 0.282011 -0.441108 0.666080
v 0.191723 -0.231982 0.703067
v -0.281810 -0.440399 0.666029
v -0.191840 -0.231842 0.703037
v 0.000010 0.169329 0.452379
v -0.125297 0.160377 0.525037
v -0.044759 0.183538 0.360175
v -0.179655 0.167231 0.448883
v 0.124932 0.160255 0.523809
v 0.044753 0.183765 0.360244
v 0.179639 0.167504 0.449210
v 0.070219 0.155770 0.548141
v -0.070321 0.155826 0.547053
v 0.076204 0.111229 0.573166
v -0.076099 0.110999 0.573461
v 0.204824 0.161720 0.491496
v 0.147456 0.151915 0.535788
v -0.204844 0.161740 0.491460
v -0.147708 0.151469 0.535842
v -0.000010 -0.259536 -0.389521
v -0.102163 -0.193096 -0.460687
v -0.042380 -0.358303 -0.334805
v -0.148417 -0.245535 -0.378062
v 0.102160 -0.193020 -0.460680
v 0.042200 -0.358225 -0.335078
v 0.148384 -0.245506 -0.378036
v 0.064979 -0.158562 -0.526759
v -0.065003 -0.158645 -0.526688
v 0.074582 -0.091846 -0.555591
v -0.074829 -0.092414 -0.554960
v 0.174305 -0.183616 -0.443208
v 0.139866 -0.118307 -0.524596
v -0.174243 -0.183998 -0.442842
v -0.139737 -0.118275 -0.524635
v -0.000029 0.584196 -0.636595
v -0.161740 0.461164 -0.673842
v -0.068109 0.664459 -0.560433
v -0.223209 0.520994 -0.601783
v 0.161956 0.461123 -0.673978
v 0.068117 0.664580 -0.560682
v 0.223246 0.520905 -0.602250
v 0.105809 0.293677 -0.772776
v -0.105695 0.294070 -0.772937
v 0.120313 0.180213 -0.820841
v -0.121092 0.181933 -0.820746
v 0.247594 0.401300 -0.644312
v 0.224482 0.242693 -0.789290
v -0.247500 0.401704 -0.644931
v -0.224252 0.242807 -0.789239
v 0.471593 0.070236 -0.368192
v 0.526406 0.032994 -0.223059
v 0.428185 0.147023 -0.335032
v 0.508550 0.082237 -0.177532
v 0.457090 -0.047530 -0.340009
v 0.522217 -0.024942 -0.219898
v 0.429283 -0.094278 -0.300562
v 0.503410 -0.063661 -0.171437
v 0.439586 0.016880 -0.433626
v 0.393913 -0.082651 -0.373535
v 0.375588 -0.005084 -0.476607
v 0.408941 0.142442 -0.430339
v 0.392607 0.058484 -0.509051
v 0.551368 0.036138 -0.124906
v 0.545515 -0.027111 -0.124891
v 0.476456 0.071451 0.336220
v 0.557882 0.038188 0.231709
v 0.458566 0.117426 0.309437
v 0.536197 0.081420 0.192895
v 0.468192 -0.079686 0.344492
v 0.556167 -0.024852 0.228446
v 0.438886 -0.159363 0.323439
v 0.523298 -0.079247 0.191543
v 0.443946 0.003869 0.412630
v 0.407637 -0.153364 0.404072
v 0.382143 -0.042344 0.475832
v 0.416177 0.108416 0.376959
v 0.385775 0.035757 0.463455
v 0.577352 0.039013 0.153466
v 0.574492 -0.025770 0.149738
v -0.471689 0.070370 -0.367967
v -0.526490 0.032899 -0.222943
v -0.428188 0.146767 -0.334965
v -0.508176 0.082856 -0.177834
v -0.457120 -0.047627 -0.340115
v -0.522245 -0.024928 -0.219913
v -0.429309 -0.093920 -0.300757
v -0.503183 -0.063801 -0.171292
v -0.439496 0.016638 -0.433405
v -0.393909 -0.082688 -0.373399
v -0.375027 -0.005117 -0.476958
v -0.408872 0.142383 -0.430433
v -0.392405 0.058373 -0.508857
v -0.551465 0.036074 -0.124823
v -0.545551 -0.027164 -0.124889
v -0.476499 0.071436 0.336183
v -0.557827 0.038120 0.231619
v -0.458309 0.117581 0.309366
v -0.535807 0.081305 0.192705
v -0.468481 -0.078908 0.344301
v -0.555891 -0.024721 0.228462
v -0.438926 -0.159507 0.323498
v -0.523641 -0.079290 0.191508
v -0.444139 0.003917 0.412664
v -0.407184 -0.152809 0.403890
v -0.382104 -0.042497 0.475575
v -0.416308 0.108460 0.377263
v -0.385808 0.035652 0.463551
v -0.577004 0.039149 0.153474
v -0.574496 -0.025723 0.149676
v 0.000108 0.289237 0.069863
v -0.042026 0.246192 0.164836
v 0.000203 0.604851 -0.251437
v -0.059376 0.676191 -0.358899
v 0.041793 0.246311 0.165023
v 0.059333 0.676696 -0.358501
v -0.311618 0.173550 0.342503
v -0.378864 0.168824 0.310023
v -0.337011 0.163062 0.391844
v -0.339050 0.470557 -0.442446
v -0.316820 0.338503 -0.366473
v -0.303395 0.331191 -0.471145
v -0.510984 0.137571 -0.027635
v -0.514900 0.131272 0.063260
v -0.552850 0.084499 0.020258
v 0.311591 0.173557 0.342504
v 0.378880 0.168817 0.309982
v 0.336954 0.163110 0.391865
v 0.339407 0.470530 -0.442307
v 0.316899 0.338743 -0.366801
v 0.303289 0.331020 -0.470986
v 0.511113 0.137556 -0.027505
v 0.515003 0.131154 0.063278
v 0.552852 0.084521 0.020214
v 0.000160 -0.589988 0.236229
v -0.052061 -0.604066 0.362146
v -0.000665 -0.552255 -0.165998
v -0.053460 -0.549461 -0.242519
v 0.052625 -0.603828 0.361877
v 0.052736 -0.549040 -0.242894
v -0.333896 -0.460201 0.445088
v -0.369348 -0.342576 0.365078
v -0.347645 -0.350680 0.468845
v -0.269705 -0.280758 -0.299022
v -0.323772 -0.222396 -0.271578
v -0.289942 -0.188684 -0.348572
v -0.480272 -0.130803 -0.022638
v -0.485081 -0.142408 0.066577
v -0.544410 -0.067203 0.019300
v 0.333927 -0.460487 0.445336
v 0.369904 -0.342888 0.365797
v 0.347530 -0.350913 0.468680
v 0.269874 -0.280825 -0.299149
v 0.324048 -0.222221 -0.271679
v 0.289970 -0.188853 -0.348117
v 0.480336 -0.130905 -0.022839
v 0.485155 -0.141955 0.066608
v 0.544562 -0.067294 0.019358
v 0.173785 -0.011337 0.632708
v 0.253684 -0.060596 0.601436
v -0.173750 -0.011352 0.632960
v -0.253984 -0.060201 0.602009
v 0.241259 0.028259 0.560504
v -0.241055 0.027846 0.560425
v 0.187060 0.027442 -0.665257
v 0.244756 -0.003442 -0.579089
v -0.187261 0.027363 -0.665367
v -0.244652 -0.003808 -0.579286
v 0.278438 0.073083 -0.657051
v -0.278170 0.072508 -0.656877
v -0.236912 0.322770 -0.081196
v -0.253829 0.298846 -0.044824
v -0.248189 0.330157 -0.107199
v -0.271753 0.308135 -0.085984
v -0.276484 0.289566 -0.047747
v 0.236684 0.322746 -0.081227
v 0.253931 0.298783 -0.045080
v 0.247794 0.330515 -0.107138
v 0.271615 0.307602 -0.085873
v 0.276403 0.289876 -0.047620
v -0.316106 -0.565756 0.000008
v -0.322779 -0.531598 0.034270
v -0.333151 -0.561132 -0.029544
v -0.344561 -0.516239 -0.012633
v -0.340707 -0.504750 0.026613
v 0.315470 -0.565718 -0.000168
v 0.321812 -0.531374 0.034622
v 0.333285 -0.561747 -0.029208
v 0.344822 -0.516739 -0.012857
v 0.340687 -0.505130 0.026680
v -0.024047 -0.476194 0.697150
v 0.024088 -0.476212 0.697646
v -0.000138 -0.401079 0.712335
v 0.038414 -0.430316 0.706860
v -0.038070 -0.430192 0.706280
v -0.017749 0.160436 0.540280
v 0.017277 0.160687 0.540550
v 0.000302 0.158775 0.550821
v 0.027747 0.159526 0.544913
v -0.027441 0.159220 0.544544
v -0.014921 -0.174187 -0.509986
v 0.015038 -0.174199 -0.510005
v 0.000006 -0.169029 -0.526143
v 0.024252 -0.169702 -0.524402
v -0.024207 -0.169672 -0.524420
v -0.023163 0.449924 -0.692966
v 0.023138 0.449810 -0.692765
v 0.000113 0.384543 -0.724009
v 0.037603 0.408788 -0.711547
v -0.037334 0.408905 -0.712011
v 0.507533 0.016064 -0.321560
v 0.505078 -0.005604 -0.317525
v 0.492618 0.000090 -0.346478
v 0.494472 0.014759 -0.349888
v 0.513879 0.004247 -0.301114
v 0.530541 0.020256 0.309855
v 0.530479 -0.004153 0.309596
v 0.515473 0.000121 0.335153
v 0.514755 0.016221 0.334795
v 0.539924 0.007915 0.293881
v -0.507545 0.016006 -0.321535
v -0.505100 -0.005617 -0.317549
v -0.492620 0.000128 -0.346535
v -0.494445 0.014758 -0.349882
v -0.513956 0.004170 -0.301077
v -0.530658 0.020102 0.309898
v -0.530408 -0.004118 0.309656
v -0.515574 0.000081 0.335221
v -0.514872 0.016145 0.334883
v -0.539948 0.007866 0.293935
v -0.038699 0.400362 -0.113645
v 0.038740 0.400553 -0.113626
v -0.019410 0.367681 -0.071146
v -0.019834 0.444124 -0.150633
v 0.019275 0.367426 -0.071037
v 0.020162 0.444044 -0.151159
v -0.190216 0.218803 0.211933
v -0.154172 0.194444 0.308661
v -0.148500 0.222672 0.212963
v -0.215536 0.202303 0.257784
v -0.130074 0.208525 0.260905
v -0.197989 0.192055 0.306715
v -0.233893 0.636846 -0.397498
v -0.203429 0.665335 -0.496067
v -0.200235 0.699469 -0.406160
v -0.292720 0.630068 -0.428894
v -0.217948 0.793748 -0.469774
v -0.259328 0.616889 -0.475400
v -0.388722 0.240413 -0.178925
v -0.430857 0.181702 -0.215855
v -0.372618 0.256283 -0.230753
v -0.427308 0.202876 -0.143574
v -0.395376 0.222885 -0.248257
v -0.446316 0.175930 -0.163456
v -0.444998 0.174987 0.162677
v -0.479203 0.143962 0.213993
v -0.437249 0.170805 0.206651
v -0.471744 0.164495 0.147432
v -0.453854 0.157774 0.233063
v -0.489439 0.147067 0.172525
v 0.191402 0.217912 0.211417
v 0.153976 0.195058 0.308566
v 0.149367 0.222240 0.212585
v 0.130233 0.208622 0.261042
v 0.216259 0.201936 0.258013
v 0.198174 0.192061 0.306695
v 0.233556 0.636761 -0.397518
v 0.203738 0.665325 -0.496247
v 0.200719 0.699462 -0.406126
v 0.217875 0.793830 -0.469857
v 0.292994 0.630100 -0.428862
v 0.258702 0.616226 -0.475354
v 0.388696 0.240025 -0.178365
v 0.431019 0.181346 -0.215479
v 0.372619 0.256241 -0.230991
v 0.426966 0.202730 -0.143605
v 0.395481 0.222957 -0.248470
v 0.446584 0.175741 -0.163081
v 0.444944 0.175065 0.162595
v 0.479350 0.143954 0.213994
v 0.437231 0.170764 0.206646
v 0.471660 0.164619 0.147296
v 0.453842 0.157695 0.232937
v 0.489404 0.147012 0.172519
v -0.055861 -0.600834 0.009413
v 0.055423 -0.600599 0.009259
v -0.026703 -0.591858 0.061085
v -0.031468 -0.588672 -0.037967
v 0.026643 -0.592247 0.061218
v 0.031030 -0.588256 -0.038079
v -0.239113 -0.580710 0.407188
v -0.237761 -0.784349 0.506625
v -0.193687 -0.626942 0.410905
v -0.274892 -0.595504 0.437771
v -0.187775 -0.731317 0.446837
v -0.294064 -0.686724 0.495475
v -0.237640 -0.549785 -0.297269
v -0.157186 -0.409739 -0.311648
v -0.181949 -0.553710 -0.292653
v -0.240756 -0.458572 -0.298051
v -0.144957 -0.476261 -0.299152
v -0.200264 -0.398460 -0.307326
v -0.388004 -0.231648 -0.129916
v -0.426879 -0.148265 -0.182585
v -0.379775 -0.222618 -0.174332
v -0.414252 -0.194993 -0.109730
v -0.397581 -0.178848 -0.200047
v -0.435004 -0.155486 -0.136236
v -0.413131 -0.275742 0.185746
v -0.445130 -0.196152 0.223364
v -0.407372 -0.281138 0.233216
v -0.433733 -0.230911 0.159657
v -0.421785 -0.240303 0.251292
v -0.452054 -0.191866 0.179135
v 0.238812 -0.580338 0.406863
v 0.237682 -0.783722 0.504517
v 0.193537 -0.625324 0.410242
v 0.186856 -0.727107 0.445183
v 0.274358 -0.594957 0.437361
v 0.293485 -0.686062 0.494854
v 0.237927 -0.550082 -0.297704
v 0.157234 -0.409299 -0.311727
v 0.181740 -0.553406 -0.292266
v 0.145150 -0.476454 -0.298758
v 0.240684 -0.458895 -0.298178
v 0.200156 -0.398296 -0.308320
v 0.388165 -0.231880 -0.129839
v 0.426944 -0.148459 -0.182439
v 0.379421 -0.222353 -0.174216
v 0.414203 -0.194827 -0.109415
v 0.397626 -0.178130 -0.200205
v 0.434999 -0.155753 -0.136113
v 0.412979 -0.275518 0.185642
v 0.445410 -0.196594 0.223252
v 0.406955 -0.281099 0.233502
v 0.433435 -0.230734 0.159804
v 0.421159 -0.240520 0.251195
v 0.452263 -0.192205 0.179230
v 0.000064 -0.046429 0.729903
v -0.000029 0.039890 0.645789
v 0.047138 -0.022983 0.704409
v -0.047102 -0.022862 0.704067
v 0.043852 0.018799 0.661194
v -0.044057 0.018009 0.661485
v 0.292742 -0.251989 0.604173
v 0.341752 -0.172674 0.518316
v 0.315109 -0.271514 0.564206
v 0.337356 -0.227391 0.519856
v 0.292142 -0.191078 0.599053
v 0.318065 -0.155159 0.555590
v -0.291818 -0.251577 0.603827
v -0.341503 -0.172556 0.518473
v -0.315043 -0.271543 0.563392
v -0.337774 -0.227130 0.519969
v -0.291476 -0.191049 0.598327
v -0.317498 -0.155505 0.555156
v 0.253692 0.152772 0.485850
v 0.329925 0.113568 0.457071
v 0.286529 0.154089 0.464131
v 0.323862 0.145361 0.447832
v 0.260047 0.121006 0.497725
v 0.299245 0.101018 0.484473
v -0.253634 0.152708 0.485801
v -0.330199 0.114900 0.457234
v -0.286598 0.154042 0.464139
v -0.324022 0.144955 0.447889
v -0.260014 0.120552 0.497579
v -0.299131 0.100422 0.484453
v -0.000163 -0.010684 -0.634195
v -0.000178 0.074402 -0.734034
v 0.046022 0.007703 -0.660578
v -0.046568 0.010632 -0.658199
v 0.051157 0.047093 -0.714922
v -0.051093 0.052571 -0.709927
v 0.235784 -0.117468 -0.474102
v 0.312037 -0.080582 -0.452418
v 0.261214 -0.128363 -0.444571
v 0.298666 -0.109948 -0.433226
v 0.247254 -0.086156 -0.493101
v 0.286537 -0.067878 -0.484169
v -0.235609 -0.117406 -0.473855
v -0.312004 -0.080319 -0.452937
v -0.261218 -0.128434 -0.444227
v -0.298967 -0.110195 -0.433434
v -0.247266 -0.086622 -0.493409
v -0.286717 -0.067991 -0.484460
v 0.301503 0.246210 -0.647851
v 0.358549 0.168643 -0.563167
v 0.311030 0.258792 -0.591620
v 0.338289 0.217026 -0.552180
v 0.315643 0.193450 -0.658481
v 0.342921 0.157890 -0.610359
v -0.301406 0.246360 -0.647909
v -0.358514 0.168758 -0.563186
v -0.311222 0.258987 -0.591818
v -0.338338 0.217162 -0.552651
v -0.315548 0.193432 -0.658872
v -0.343199 0.157491 -0.610807
v 0.587802 0.003604 -0.027265
v 0.594692 0.005037 0.064596
v 0.592734 0.018841 -0.002431
v 0.594449 0.020090 0.043242
v 0.590027 -0.010259 -0.004474
v 0.592495 -0.010080 0.041207
v -0.587761 0.003571 -0.027207
v -0.594661 0.004950 0.064563
v -0.592689 0.018749 -0.002434
v -0.594420 0.020080 0.043212
v -0.590035 -0.010255 -0.004459
v -0.592487 -0.010168 0.041213
v -0.180480 0.354517 -0.098418
v -0.113037 0.383284 -0.110214
v -0.165569 0.336774 -0.058700
v -0.165036 0.392782 -0.143397
v -0.131337 0.348298 -0.063375
v -0.132096 0.411775 -0.148598
v -0.240506 0.272107 0.031422
v -0.219651 0.244432 0.118644
v -0.207074 0.281674 0.030278
v -0.266214 0.249168 0.073026
v -0.194724 0.266646 0.073669
v -0.256567 0.237344 0.117218
v -0.229457 0.400608 -0.197601
v -0.236817 0.515428 -0.287783
v -0.206385 0.436209 -0.209477
v -0.248409 0.409878 -0.225773
v -0.204189 0.492663 -0.253641
v -0.258983 0.468299 -0.271173
v -0.306821 0.298390 -0.116646
v -0.345011 0.278193 -0.147017
v -0.293436 0.325140 -0.167593
v -0.338606 0.267846 -0.082159
v -0.309798 0.316934 -0.183770
v -0.360021 0.257045 -0.096157
v -0.329528 0.244691 0.020809
v -0.392444 0.204041 0.095718
v -0.330669 0.231939 0.065250
v -0.356496 0.235132 0.012462
v -0.361812 0.212359 0.104301
v -0.389380 0.213383 0.049256
v 0.180120 0.355176 -0.098194
v 0.112883 0.383543 -0.109812
v 0.165748 0.336535 -0.059315
v 0.164982 0.392776 -0.143718
v 0.131369 0.347807 -0.064205
v 0.131909 0.411636 -0.148593
v 0.240752 0.271822 0.031293
v 0.219459 0.244635 0.118200
v 0.207382 0.281543 0.030455
v 0.265542 0.249659 0.072909
v 0.195343 0.266418 0.073386
v 0.256473 0.237338 0.117073
v 0.229616 0.400475 -0.197325
v 0.236734 0.515495 -0.288078
v 0.206201 0.436302 -0.209563
v 0.248665 0.409853 -0.225764
v 0.203955 0.492472 -0.253456
v 0.259109 0.468176 -0.271174
v 0.306972 0.298310 -0.116760
v 0.344869 0.277338 -0.146969
v 0.293421 0.325225 -0.167734
v 0.338906 0.267609 -0.081950
v 0.309891 0.317168 -0.183999
v 0.360231 0.257080 -0.096297
v 0.329414 0.244713 0.020885
v 0.392892 0.203682 0.096063
v 0.330113 0.232188 0.065315
v 0.356131 0.235443 0.012304
v 0.361869 0.212132 0.104287
v 0.388087 0.214291 0.048313
v -0.258223 -0.629321 -0.001478
v -0.160457 -0.635363 0.002659
v -0.226050 -0.585232 0.030621
v -0.258546 -0.714122 -0.025196
v -0.180061 -0.591141 0.036414
v -0.193613 -0.701620 -0.034310
v -0.295131 -0.523771 0.129147
v -0.263260 -0.533240 0.255931
v -0.258510 -0.541777 0.138157
v -0.315976 -0.501978 0.172617
v -0.239588 -0.545129 0.203860
v -0.300604 -0.507795 0.233446
v -0.350004 -0.644430 -0.127061
v -0.330147 -0.673632 -0.254597
v -0.330390 -0.738621 -0.146575
v -0.360581 -0.586759 -0.159484
v -0.305996 -0.749604 -0.213876
v -0.361901 -0.597681 -0.220208
v -0.364755 -0.440749 -0.052652
v -0.373853 -0.337596 -0.089963
v -0.364804 -0.446666 -0.099359
v -0.373176 -0.390873 -0.026039
v -0.366640 -0.389451 -0.117970
v -0.379855 -0.341688 -0.045024
v -0.366527 -0.433348 0.084917
v -0.386857 -0.355280 0.140182
v -0.365859 -0.436829 0.134934
v -0.376488 -0.391785 0.065952
v -0.373764 -0.399928 0.163841
v -0.388463 -0.350916 0.092092
v 0.257559 -0.630244 -0.001479
v 0.159854 -0.635542 0.002241
v 0.225693 -0.585322 0.030587
v 0.257087 -0.716580 -0.025647
v 0.179629 -0.590960 0.036407
v 0.191999 -0.702126 -0.035122
v 0.295209 -0.523503 0.129058
v 0.262379 -0.533338 0.255529
v 0.258601 -0.541688 0.138262
v 0.316239 -0.501985 0.172661
v 0.239803 -0.545325 0.203977
v 0.300718 -0.507833 0.233411
v 0.349685 -0.644952 -0.126871
v 0.330092 -0.673989 -0.254533
v 0.330060 -0.739289 -0.146613
v 0.360394 -0.587216 -0.159288
v 0.305347 -0.750390 -0.213818
v 0.361892 -0.597655 -0.220170
v 0.364380 -0.440942 -0.052726
v 0.374152 -0.337557 -0.089945
v 0.363939 -0.446030 -0.099572
v 0.373423 -0.390912 -0.025862
v 0.366349 -0.389254 -0.118225
v 0.379561 -0.341969 -0.044972
v 0.365206 -0.432948 0.085013
v 0.386823 -0.355420 0.140307
v 0.365463 -0.436841 0.134894
v 0.376523 -0.391640 0.066092
v 0.373599 -0.399806 0.163810
v 0.387984 -0.350414 0.092093
v -0.092566 -0.572489 0.679040
v -0.163859 -0.753137 0.675541
v -0.063277 -0.608313 0.656403
v -0.160154 -0.582684 0.690466
v -0.091604 -0.672778 0.637555
v -0.213322 -0.678861 0.701239
v 0.092993 -0.572294 0.679445
v 0.166207 -0.753566 0.676542
v 0.063352 -0.607905 0.656652
v 0.160690 -0.582418 0.690506
v 0.091770 -0.672788 0.638150
v 0.214086 -0.677911 0.701430
v 0.000084 -0.289973 0.740387
v -0.000049 -0.166497 0.825566
v 0.048505 -0.260096 0.744582
v -0.048690 -0.260222 0.744939
v 0.049685 -0.198500 0.764113
v -0.049602 -0.198424 0.764300
v 0.136700 -0.391797 0.705728
v 0.233390 -0.331163 0.681062
v 0.183277 -0.434280 0.695740
v 0.141248 -0.327360 0.712111
v 0.234756 -0.403368 0.683824
v 0.190278 -0.297031 0.701876
v -0.136554 -0.391427 0.704969
v -0.233302 -0.331010 0.681232
v -0.183482 -0.434176 0.695340
v -0.141720 -0.327220 0.712694
v -0.234798 -0.403170 0.684162
v -0.190435 -0.297181 0.702214
v -0.065053 0.164090 0.496798
v -0.111856 0.176022 0.405599
v -0.044174 0.169581 0.452547
v -0.109565 0.163374 0.497411
v -0.066930 0.176276 0.406580
v -0.133608 0.168852 0.450931
v 0.065061 0.163904 0.497062
v 0.111672 0.176115 0.405220
v 0.044100 0.169618 0.452146
v 0.109613 0.162980 0.497461
v 0.066786 0.176254 0.406301
v 0.133653 0.168710 0.450821
v 0.000284 0.154017 0.555702
v 0.000123 0.110958 0.580354
v 0.035594 0.151223 0.555496
v -0.035292 0.151617 0.554576
v 0.037022 0.128329 0.567489
v -0.037114 0.128266 0.567253
v 0.099600 0.159043 0.535755
v 0.176788 0.158588 0.515010
v 0.132472 0.159842 0.524955
v 0.104480 0.157057 0.538429
v 0.171789 0.160369 0.511734
v 0.143023 0.156911 0.530345
v -0.099634 0.159276 0.535348
v -0.176861 0.158695 0.515049
v -0.132531 0.160028 0.525048
v -0.104596 0.157493 0.538120
v -0.171762 0.160482 0.511876
v -0.142928 0.157155 0.530050
v -0.053154 -0.222425 -0.427244
v -0.098524 -0.301209 -0.353986
v -0.037351 -0.259479 -0.389331
v -0.088872 -0.220191 -0.424035
v -0.059579 -0.305760 -0.358070
v -0.111608 -0.252293 -0.383367
v 0.053115 -0.222432 -0.427233
v 0.098424 -0.301133 -0.354091
v 0.037350 -0.259454 -0.389290
v 0.088836 -0.220183 -0.423985
v 0.059417 -0.305674 -0.358115
v 0.111536 -0.252257 -0.383319
v -0.000044 -0.162857 -0.531067
v -0.000157 -0.096666 -0.555753
v 0.033273 -0.160521 -0.531041
v -0.033418 -0.160479 -0.531025
v 0.035924 -0.116945 -0.546333
v -0.036171 -0.117279 -0.546122
v 0.087874 -0.168421 -0.509770
v 0.160253 -0.152641 -0.492709
v 0.113901 -0.175652 -0.488695
v 0.094955 -0.159407 -0.516617
v 0.149847 -0.171089 -0.477259
v 0.131778 -0.146981 -0.511573
v -0.087841 -0.168451 -0.509787
v -0.160161 -0.152626 -0.492779
v -0.113918 -0.175657 -0.488755
v -0.094914 -0.159466 -0.516588
v -0.149778 -0.171176 -0.477213
v -0.131696 -0.147020 -0.511569
v -0.087645 0.528783 -0.655535
v -0.159602 0.612168 -0.601333
v -0.062905 0.581214 -0.635753
v -0.145993 0.517676 -0.654716
v -0.098832 0.624480 -0.605773
v -0.185657 0.559284 -0.630870
v 0.087650 0.528819 -0.655710
v 0.159959 0.612187 -0.601376
v 0.063007 0.581112 -0.635591
v 0.146025 0.517394 -0.654326
v 0.099111 0.624398 -0.605731
v 0.185968 0.559216 -0.630795
v -0.000173 0.290167 -0.770273
v -0.000149 0.180804 -0.790735
v 0.055087 0.264764 -0.783303
v -0.055404 0.265229 -0.783447
v 0.058918 0.209530 -0.798487
v -0.058764 0.210193 -0.798040
v 0.136388 0.373191 -0.720506
v 0.240671 0.322880 -0.716237
v 0.175282 0.404958 -0.695181
v 0.150490 0.322047 -0.750772
v 0.224739 0.378475 -0.688225
v 0.206629 0.297243 -0.755072
v -0.136127 0.373449 -0.720735
v -0.239901 0.323180 -0.716241
v -0.175266 0.404853 -0.695292
v -0.149874 0.322314 -0.750809
v -0.224165 0.378798 -0.688459
v -0.206613 0.297671 -0.755406
v 0.502410 0.048133 -0.296114
v 0.470080 0.110873 -0.255935
v 0.481013 0.071595 -0.324119
v 0.511586 0.050165 -0.249692
v 0.459902 0.108573 -0.305197
v 0.497940 0.079245 -0.227676
v 0.498065 -0.035711 -0.286292
v 0.470155 -0.079373 -0.240335
v 0.474487 -0.051149 -0.305310
v 0.507381 -0.039059 -0.243611
v 0.461333 -0.072593 -0.285089
v 0.495152 -0.059554 -0.219612
v 0.451420 -0.019465 -0.389087
v 0.386530 -0.046933 -0.424873
v 0.440339 -0.041335 -0.374621
v 0.433731 -0.008449 -0.422886
v 0.408582 -0.056898 -0.392120
v 0.399669 -0.020201 -0.442056
v 0.459772 0.047850 -0.408682
v 0.416838 0.099111 -0.483153
v 0.456810 0.071797 -0.407414
v 0.439721 0.043693 -0.440248
v 0.431421 0.101288 -0.442283
v 0.417623 0.066853 -0.478115
v 0.532233 0.003353 -0.219720
v 0.558201 0.003485 -0.124908
v 0.536690 0.018087 -0.197482
v 0.534032 -0.010955 -0.196272
v 0.549894 0.018745 -0.149358
v 0.546672 -0.011443 -0.149009
v 0.520633 0.055928 0.284547
v 0.499411 0.100059 0.250876
v 0.494469 0.075096 0.303148
v 0.534388 0.057866 0.249308
v 0.485093 0.097864 0.288404
v 0.524101 0.079731 0.231391
v 0.513513 -0.051385 0.284929
v 0.480782 -0.119490 0.255901
v 0.483548 -0.082114 0.307879
v 0.528195 -0.051579 0.248344
v 0.467790 -0.119944 0.295644
v 0.511494 -0.082307 0.231699
v 0.463297 -0.038131 0.384210
v 0.399064 -0.100038 0.445162
v 0.450552 -0.075166 0.379481
v 0.439420 -0.029721 0.414379
v 0.419217 -0.109312 0.409646
v 0.407323 -0.057211 0.445212
v 0.463523 0.041864 0.376964
v 0.400556 0.075610 0.419526
v 0.455197 0.065794 0.367306
v 0.440891 0.032056 0.407339
v 0.424356 0.083577 0.388096
v 0.409542 0.047985 0.430253
v 0.568307 0.006951 0.229209
v 0.587394 0.006005 0.151528
v 0.573331 0.021235 0.212444
v 0.572779 -0.007621 0.210119
v 0.583204 0.021064 0.173658
v 0.581615 -0.008401 0.171034
v -0.502524 0.048133 -0.295819
v -0.469723 0.111056 -0.256297
v -0.481013 0.071591 -0.323776
v -0.511593 0.050236 -0.249509
v -0.460154 0.108225 -0.304922
v -0.498048 0.078915 -0.227767
v -0.498062 -0.035648 -0.286391
v -0.469976 -0.079456 -0.240128
v -0.474614 -0.051318 -0.305472
v -0.507420 -0.039039 -0.243630
v -0.461433 -0.072580 -0.285202
v -0.495043 -0.059620 -0.219489
v -0.451441 -0.019560 -0.389075
v -0.386565 -0.047086 -0.424944
v -0.440363 -0.041517 -0.374575
v -0.433944 -0.008464 -0.422837
v -0.408695 -0.057216 -0.391951
v -0.399397 -0.020355 -0.441781
v -0.459686 0.047920 -0.408694
v -0.416740 0.099003 -0.483294
v -0.456819 0.072036 -0.407413
v -0.439700 0.043559 -0.440203
v -0.431355 0.101393 -0.442257
v -0.417444 0.066755 -0.477973
v -0.532316 0.003293 -0.219718
v -0.558160 0.003364 -0.124897
v -0.536723 0.018010 -0.197424
v -0.534086 -0.010961 -0.196285
v -0.549824 0.018726 -0.149298
v -0.546666 -0.011471 -0.148998
v -0.520350 0.056112 0.284505
v -0.500299 0.100231 0.251417
v -0.494916 0.074997 0.303557
v -0.534840 0.057648 0.249554
v -0.484892 0.097547 0.288236
v -0.523870 0.079663 0.231252
v -0.514009 -0.050663 0.284759
v -0.480582 -0.119866 0.255750
v -0.483590 -0.082741 0.308066
v -0.528787 -0.050954 0.248229
v -0.467945 -0.120254 0.295594
v -0.511502 -0.082593 0.231566
v -0.463227 -0.038147 0.384157
v -0.398841 -0.100115 0.445205
v -0.450549 -0.074928 0.379425
v -0.439411 -0.029660 0.414244
v -0.418854 -0.109166 0.409460
v -0.407542 -0.056606 0.445067
v -0.463645 0.041856 0.376947
v -0.400244 0.075356 0.419529
v -0.455096 0.065668 0.367316
v -0.440901 0.031894 0.407260
v -0.424481 0.083635 0.388140
v -0.409526 0.047848 0.430261
v -0.568326 0.006931 0.229238
v -0.587331 0.006027 0.151524
v -0.573380 0.021194 0.212459
v -0.572726 -0.007590 0.210084
v -0.583133 0.021105 0.173618
v -0.581680 -0.008363 0.171039
v -0.059034 0.309819 0.022976
v -0.101573 0.262197 0.118013
v -0.097468 0.305245 0.024460
v -0.119041 0.280242 0.071791
v -0.040221 0.288064 0.070041
v -0.061274 0.265892 0.117161
v -0.064767 0.530428 -0.225347
v -0.124840 0.618887 -0.312121
v -0.105974 0.514629 -0.226664
v -0.134014 0.552997 -0.267199
v -0.047323 0.586863 -0.263309
v -0.077776 0.630097 -0.311390
v 0.058752 0.309865 0.022906
v 0.101961 0.262229 0.117509
v 0.097661 0.305183 0.024369
v 0.119720 0.280250 0.071197
v 0.039964 0.287961 0.069887
v 0.061229 0.265238 0.117244
v 0.065072 0.530635 -0.225505
v 0.125111 0.618957 -0.311955
v 0.105870 0.514461 -0.226628
v 0.134325 0.553306 -0.266829
v 0.047115 0.586453 -0.263466
v 0.077941 0.630183 -0.311465
v -0.299011 0.192798 0.250173
v -0.374100 0.182954 0.232969
v -0.311703 0.201443 0.202414
v -0.349283 0.195405 0.195909
v -0.326354 0.179810 0.292391
v -0.361153 0.176923 0.279554
v -0.043609 0.210331 0.262328
v 0.043327 0.210513 0.262199
v -0.022341 0.193286 0.311507
v 0.022242 0.193917 0.311321
v -0.021481 0.227617 0.213055
v 0.021271 0.227766 0.213302
v -0.248408 0.170903 0.397772
v -0.274368 0.162932 0.445825
v -0.225208 0.166156 0.443953
v -0.237878 0.163171 0.466944
v -0.292150 0.168650 0.390039
v -0.302709 0.165114 0.411737
v -0.455897 0.567636 -0.344415
v -0.290192 0.375989 -0.302945
v -0.333306 0.477354 -0.313272
v -0.287026 0.401940 -0.288684
v -0.362357 0.477063 -0.385840
v -0.301643 0.400002 -0.351724
v -0.074502 0.715194 -0.454851
v 0.074531 0.715172 -0.454858
v -0.035944 0.692407 -0.510899
v 0.035923 0.691949 -0.510884
v -0.033870 0.698596 -0.407428
v 0.033660 0.698803 -0.407318
v -0.282641 0.498087 -0.521562
v -0.283785 0.371659 -0.559083
v -0.255786 0.479531 -0.572720
v -0.263162 0.418048 -0.592819
v -0.303715 0.451187 -0.490426
v -0.293077 0.384901 -0.507580
v -0.461432 0.183950 -0.036754
v -0.472649 0.172052 0.056965
v -0.432957 0.200922 -0.024255
v -0.440925 0.192157 0.023993
v -0.493551 0.159588 -0.005948
v -0.495700 0.154947 0.039230
v -0.372053 0.233670 -0.349767
v -0.353075 0.228727 -0.450901
v -0.395219 0.188103 -0.366812
v -0.385489 0.185912 -0.416099
v -0.339378 0.283874 -0.383526
v -0.330260 0.280519 -0.435028
v -0.507770 0.112520 -0.103651
v -0.559583 0.059278 -0.050451
v -0.520613 0.084629 -0.127277
v -0.545393 0.058738 -0.100458
v -0.522819 0.111643 -0.052421
v -0.546665 0.084835 -0.027007
v -0.422933 0.153059 0.315398
v -0.378518 0.148278 0.387512
v -0.432101 0.137283 0.332119
v -0.410010 0.133284 0.366493
v -0.392681 0.161050 0.334773
v -0.370541 0.158631 0.372744
v -0.529171 0.105998 0.130152
v -0.567026 0.061177 0.087701
v -0.543804 0.082548 0.151796
v -0.565043 0.060146 0.131693
v -0.532706 0.107201 0.086594
v -0.551446 0.084317 0.064949
v 0.299756 0.192237 0.250697
v 0.374125 0.182905 0.232922
v 0.311426 0.201413 0.202460
v 0.349413 0.195252 0.195956
v 0.326009 0.179968 0.292299
v 0.361128 0.176965 0.279417
v 0.248343 0.171068 0.397904
v 0.274316 0.162865 0.445894
v 0.225195 0.166197 0.444088
v 0.237831 0.163140 0.466989
v 0.292115 0.168689 0.390082
v 0.302693 0.165105 0.411768
v 0.456023 0.567421 -0.344677
v 0.290183 0.376148 -0.303598
v 0.332863 0.477619 -0.313825
v 0.287167 0.402116 -0.289263
v 0.362565 0.477061 -0.386026
v 0.301692 0.400046 -0.352171
v 0.282821 0.497950 -0.521202
v 0.283506 0.371877 -0.558678
v 0.256030 0.479677 -0.573011
v 0.263286 0.418232 -0.592617
v 0.303995 0.451417 -0.490214
v 0.293238 0.384562 -0.506762
v 0.461165 0.184054 -0.036890
v 0.472612 0.171963 0.056892
v 0.433230 0.200962 -0.023914
v 0.441332 0.192090 0.024313
v 0.493498 0.159545 -0.005918
v 0.495795 0.154966 0.039269
v 0.371646 0.233280 -0.349487
v 0.353018 0.228830 -0.450825
v 0.395105 0.188287 -0.366798
v 0.385446 0.186280 -0.416055
v 0.339552 0.283795 -0.383539
v 0.330303 0.280513 -0.435061
v 0.508009 0.112659 -0.103603
v 0.559671 0.059270 -0.050419
v 0.520706 0.084610 -0.127173
v 0.545576 0.058793 -0.100308
v 0.522134 0.111829 -0.052650
v 0.546836 0.084636 -0.026865
v 0.422981 0.152886 0.315350
v 0.378573 0.148120 0.387589
v 0.432252 0.137144 0.332204
v 0.409945 0.132911 0.366435
v 0.392561 0.161067 0.334746
v 0.370478 0.158680 0.372758
v 0.528822 0.105877 0.129949
v 0.567148 0.061123 0.087633
v 0.543805 0.082686 0.151789
v 0.563739 0.060777 0.131208
v 0.531927 0.107117 0.086166
v 0.551130 0.084210 0.064815
v -0.076572 -0.584878 0.171414
v -0.127031 -0.581940 0.297840
v -0.125674 -0.577821 0.165030
v -0.149842 -0.573789 0.226927
v -0.050908 -0.588274 0.235326
v -0.076748 -0.590368 0.299243
v -0.087248 -0.637963 -0.134455
v -0.130190 -0.665828 -0.241916
v -0.116975 -0.749154 -0.147467
v -0.150286 -0.765310 -0.218339
v -0.065744 -0.586072 -0.172719
v -0.082258 -0.601100 -0.218131
v 0.076319 -0.584204 0.171609
v 0.127187 -0.581874 0.297873
v 0.125711 -0.577727 0.164987
v 0.149936 -0.573958 0.226938
v 0.051037 -0.588665 0.235413
v 0.077219 -0.590755 0.298931
v 0.086626 -0.634542 -0.134582
v 0.129301 -0.662309 -0.240530
v 0.115022 -0.741025 -0.146883
v 0.143575 -0.759227 -0.219145
v 0.064603 -0.584633 -0.172760
v 0.081202 -0.599161 -0.217339
v -0.325372 -0.478266 0.363059
v -0.368305 -0.376648 0.294575
v -0.335366 -0.459661 0.302606
v -0.358825 -0.414369 0.271596
v -0.339714 -0.442204 0.385450
v -0.359472 -0.386873 0.348623
v -0.056901 -0.653868 0.470907
v 0.056720 -0.653062 0.470471
v -0.031224 -0.633407 0.525913
v 0.031260 -0.633118 0.525869
v -0.027316 -0.627191 0.416232
v 0.027473 -0.626096 0.416264
v -0.321024 -0.556908 0.559341
v -0.321163 -0.405165 0.569890
v -0.319380 -0.558345 0.630004
v -0.315337 -0.469447 0.629421
v -0.329085 -0.474758 0.506224
v -0.333372 -0.410662 0.515863
v -0.309927 -0.389665 -0.268639
v -0.341502 -0.302150 -0.218585
v -0.348415 -0.421035 -0.243447
v -0.348906 -0.368725 -0.207560
v -0.299885 -0.316482 -0.273677
v -0.320837 -0.279444 -0.253898
v -0.048136 -0.462550 -0.291553
v 0.048111 -0.462899 -0.291188
v -0.022737 -0.409883 -0.312737
v 0.022562 -0.410139 -0.312454
v -0.025663 -0.504853 -0.267086
v 0.024870 -0.505072 -0.267040
v -0.209870 -0.267078 -0.336289
v -0.233645 -0.188711 -0.395418
v -0.184907 -0.237437 -0.372290
v -0.197600 -0.202653 -0.403421
v -0.243345 -0.248228 -0.329210
v -0.255416 -0.208379 -0.357591
v -0.427903 -0.206974 -0.018329
v -0.436952 -0.220597 0.069810
v -0.410254 -0.252493 0.004707
v -0.415708 -0.258833 0.048711
v -0.455811 -0.171222 0.001805
v -0.459178 -0.177780 0.046357
v -0.373253 -0.155973 -0.284615
v -0.341331 -0.132269 -0.364601
v -0.392654 -0.120504 -0.311739
v -0.376523 -0.111360 -0.350777
v -0.340265 -0.181196 -0.298039
v -0.323959 -0.166557 -0.337738
v -0.494177 -0.094432 -0.095778
v -0.552681 -0.044227 -0.051698
v -0.512920 -0.066343 -0.122577
v -0.538076 -0.045235 -0.099875
v -0.504003 -0.095432 -0.048278
v -0.535787 -0.067066 -0.026675
v -0.400563 -0.246369 0.343302
v -0.372144 -0.244384 0.433971
v -0.412119 -0.201573 0.354583
v -0.396862 -0.199042 0.397028
v -0.378408 -0.295607 0.378446
v -0.365605 -0.295896 0.426603
v -0.506099 -0.112025 0.130259
v -0.561222 -0.048911 0.085020
v -0.529787 -0.079237 0.149948
v -0.557221 -0.049221 0.128266
v -0.510263 -0.109206 0.087129
v -0.539614 -0.074301 0.063719
v 0.325370 -0.478572 0.363187
v 0.368099 -0.376717 0.294182
v 0.334956 -0.459561 0.302377
v 0.357910 -0.414051 0.271452
v 0.339819 -0.442518 0.385869
v 0.359699 -0.387077 0.348509
v 0.320380 -0.557131 0.558732
v 0.321631 -0.405520 0.569726
v 0.319427 -0.558881 0.629817
v 0.315310 -0.470011 0.629422
v 0.329735 -0.475140 0.506894
v 0.333445 -0.411296 0.515952
v 0.310137 -0.389606 -0.268674
v 0.341393 -0.302099 -0.218190
v 0.348605 -0.421199 -0.243568
v 0.348685 -0.368526 -0.207534
v 0.299958 -0.316235 -0.273056
v 0.321033 -0.279366 -0.253954
v 0.209765 -0.267122 -0.336215
v 0.233746 -0.188942 -0.395289
v 0.184960 -0.237168 -0.372266
v 0.197547 -0.203157 -0.403291
v 0.243219 -0.248216 -0.329204
v 0.255362 -0.208085 -0.357507
v 0.428331 -0.207380 -0.018474
v 0.436875 -0.220586 0.069776
v 0.410595 -0.252624 0.004611
v 0.415434 -0.259213 0.048951
v 0.455794 -0.171185 0.001903
v 0.459330 -0.177557 0.046391
v 0.373439 -0.154883 -0.285140
v 0.341383 -0.132306 -0.364495
v 0.392907 -0.119853 -0.312071
v 0.376337 -0.111290 -0.350545
v 0.340218 -0.181036 -0.298108
v 0.323918 -0.167124 -0.337322
v 0.494134 -0.094548 -0.095736
v 0.552557 -0.044216 -0.051710
v 0.513091 -0.066230 -0.122725
v 0.537965 -0.045286 -0.099937
v 0.504187 -0.095526 -0.048140
v 0.535854 -0.067070 -0.026707
v 0.400657 -0.246907 0.343410
v 0.372083 -0.243755 0.433582
v 0.411903 -0.201724 0.354418
v 0.396512 -0.198854 0.396878
v 0.378494 -0.295763 0.378403
v 0.365695 -0.296308 0.426344
v 0.506096 -0.112331 0.130285
v 0.561312 -0.048872 0.085040
v 0.529742 -0.079068 0.150035
v 0.557330 -0.049191 0.128257
v 0.510490 -0.108393 0.087006
v 0.539371 -0.074437 0.063770
v 0.146309 -0.079867 0.705532
v 0.232085 -0.138673 0.667937
v 0.153194 -0.136870 0.731148
v 0.195218 -0.168657 0.704977
v 0.184402 -0.055952 0.666443
v 0.223362 -0.085206 0.645481
v -0.146271 -0.080030 0.705504
v -0.232143 -0.139006 0.667620
v -0.153263 -0.136768 0.731189
v -0.195198 -0.168689 0.705072
v -0.184583 -0.055766 0.666518
v -0.223584 -0.084975 0.645552
v 0.122470 0.052106 0.604094
v 0.193205 0.088219 0.549379
v 0.117129 0.090896 0.577236
v 0.152605 0.109651 0.554178
v 0.165182 0.030111 0.602355
v 0.199874 0.048969 0.570199
v -0.122924 0.052065 0.603708
v -0.193029 0.087904 0.548921
v -0.116828 0.091229 0.576576
v -0.152575 0.109390 0.554120
v -0.165476 0.029897 0.602257
v -0.200079 0.048831 0.570568
v 0.321148 -0.053122 0.539198
v 0.315967 0.031700 0.514265
v 0.354357 -0.025330 0.504145
v 0.357271 0.018174 0.496696
v 0.286489 -0.034183 0.562905
v 0.281638 0.008836 0.546038
v -0.320701 -0.053788 0.539016
v -0.316037 0.031559 0.514222
v -0.354607 -0.025345 0.504199
v -0.357437 0.017941 0.496742
v -0.286629 -0.034236 0.562874
v -0.281688 0.009051 0.546407
v 0.124518 -0.027644 -0.598868
v 0.189935 -0.059854 -0.547569
v 0.115513 -0.067592 -0.562811
v 0.148487 -0.082839 -0.543401
v 0.170815 -0.007719 -0.613500
v 0.202201 -0.023770 -0.579452
v -0.124973 -0.027698 -0.599985
v -0.190143 -0.059904 -0.547025
v -0.115664 -0.068021 -0.562387
v -0.148420 -0.082893 -0.543532
v -0.171304 -0.008040 -0.614219
v -0.201998 -0.023812 -0.579931
v 0.167186 0.084566 -0.772464
v 0.276487 0.146479 -0.761823
v 0.176511 0.146917 -0.809028
v 0.232298 0.179781 -0.798917
v 0.209382 0.062327 -0.726600
v 0.262769 0.089133 -0.725930
v -0.168603 0.087138 -0.772163
v -0.276385 0.146284 -0.761786
v -0.177350 0.148303 -0.809723
v -0.232232 0.179668 -0.798853
v -0.210569 0.058569 -0.729108
v -0.261746 0.088535 -0.725163
v 0.311743 -0.002461 -0.530319
v 0.335933 0.070355 -0.579930
v 0.349943 0.013079 -0.514518
v 0.361977 0.046735 -0.535342
v 0.285812 0.015578 -0.570744
v 0.300179 0.053102 -0.601930
v -0.311343 -0.002547 -0.530481
v -0.336097 0.070022 -0.580238
v -0.350330 0.012742 -0.514543
v -0.361530 0.046621 -0.535209
v -0.285715 0.015163 -0.570919
v -0.299707 0.052945 -0.602191
v -0.227582 0.310591 -0.048168
v -0.223225 0.351005 -0.122412
v -0.197948 0.324144 -0.053454
v -0.195367 0.372152 -0.134295
v -0.275469 0.276232 -0.009763
v -0.217882 0.296729 -0.010629
v -0.271984 0.262598 0.030472
v -0.262383 0.332018 -0.128829
v -0.211606 0.387691 -0.167406
v -0.252024 0.363774 -0.177193
v -0.297004 0.283707 -0.057038
v -0.277878 0.330579 -0.148906
v -0.317615 0.276813 -0.069077
v -0.301505 0.253518 0.026940
v -0.325265 0.259191 -0.023610
v 0.227596 0.310713 -0.048228
v 0.222791 0.351226 -0.122426
v 0.197923 0.323726 -0.053689
v 0.195266 0.372330 -0.134599
v 0.275960 0.275753 -0.009824
v 0.217953 0.296364 -0.010453
v 0.271839 0.262663 0.030424
v 0.262235 0.332328 -0.128553
v 0.211669 0.387764 -0.167445
v 0.251896 0.363916 -0.177285
v 0.296777 0.283495 -0.056789
v 0.277913 0.330179 -0.148963
v 0.317856 0.276441 -0.068952
v 0.301413 0.253401 0.027121
v 0.325187 0.259327 -0.023665
v -0.297948 -0.555092 0.033891
v -0.318797 -0.611695 -0.038462
v -0.266405 -0.571869 0.027818
v -0.293906 -0.663748 -0.039403
v -0.334994 -0.500587 0.068777
v -0.278267 -0.545657 0.080982
v -0.327393 -0.499908 0.117421
v -0.347800 -0.536755 -0.055030
v -0.335500 -0.679429 -0.084585
v -0.353536 -0.562584 -0.104026
v -0.354952 -0.474445 0.011514
v -0.358739 -0.497106 -0.078673
v -0.365729 -0.435632 -0.006733
v -0.353589 -0.471152 0.102248
v -0.365487 -0.432617 0.038507
v 0.297703 -0.555568 0.033889
v 0.318355 -0.612053 -0.038288
v 0.266019 -0.571887 0.027926
v 0.293192 -0.664798 -0.039300
v 0.335087 -0.500892 0.068936
v 0.278185 -0.545303 0.080553
v 0.328296 -0.500089 0.117257
v 0.347832 -0.537315 -0.055105
v 0.335095 -0.680307 -0.084386
v 0.354255 -0.563380 -0.103829
v 0.354502 -0.474484 0.011325
v 0.358265 -0.496800 -0.078475
v 0.365561 -0.435678 -0.006716
v 0.353467 -0.470924 0.102472
v 0.365231 -0.432724 0.038598
v 0.000191 -0.519251 0.686091
v -0.074593 -0.468601 0.698261
v -0.030290 -0.561696 0.672216
v -0.115043 -0.517890 0.692120
v 0.074905 -0.468913 0.699110
v 0.030605 -0.561797 0.672419
v 0.115066 -0.518032 0.692322
v 0.044016 -0.378141 0.716263
v -0.043798 -0.377483 0.716341
v 0.046809 -0.320643 0.728722
v -0.047011 -0.320628 0.729095
v 0.128809 -0.455906 0.699873
v 0.091782 -0.354099 0.716951
v -0.128914 -0.455421 0.699161
v -0.091980 -0.353738 0.716823
v -0.000127 0.161948 0.529237
v -0.054427 0.159696 0.540790
v -0.021546 0.164279 0.496315
v -0.082798 0.160296 0.530925
v 0.054094 0.159896 0.539950
v 0.021533 0.164202 0.496235
v 0.082271 0.160743 0.529173
v 0.031881 0.157888 0.547863
v -0.031753 0.158486 0.548156
v 0.034161 0.156933 0.551372
v -0.034000 0.156416 0.550311
v 0.093023 0.159783 0.535133
v 0.067140 0.158014 0.544248
v -0.092977 0.159945 0.534549
v -0.067048 0.158223 0.544304
v 0.000014 -0.195401 -0.469728
v -0.046099 -0.174431 -0.507795
v -0.017680 -0.222973 -0.428263
v -0.067269 -0.194128 -0.466877
v 0.046191 -0.174442 -0.507794
v 0.017638 -0.222927 -0.428275
v 0.067293 -0.194075 -0.466827
v 0.028356 -0.168470 -0.526106
v -0.028356 -0.168442 -0.526123
v 0.031161 -0.165520 -0.528574
v -0.031185 -0.165499 -0.528578
v 0.079469 -0.173892 -0.503527
v 0.060348 -0.165851 -0.521933
v -0.079480 -0.173874 -0.503556
v -0.060330 -0.165883 -0.521947
v -0.000091 0.490807 -0.674787
v -0.071352 0.440114 -0.694851
v -0.029330 0.534818 -0.656101
v -0.107370 0.477039 -0.675240
v 0.071531 0.440289 -0.694937
v 0.029224 0.534753 -0.656316
v 0.107573 0.476967 -0.675425
v 0.044715 0.364431 -0.733674
v -0.044625 0.364528 -0.733793
v 0.050388 0.316461 -0.758783
v -0.050375 0.316722 -0.759073
v 0.122850 0.424995 -0.696122
v 0.095691 0.343894 -0.742776
v -0.122965 0.424950 -0.695871
v -0.095703 0.344237 -0.742277
v 0.495780 0.029871 -0.346737
v 0.517492 0.016188 -0.285979
v 0.493028 0.046980 -0.338721
v 0.516881 0.031180 -0.269053
v 0.489648 -0.015480 -0.336432
v 0.515598 -0.008419 -0.283141
v 0.483706 -0.032437 -0.322392
v 0.513676 -0.022620 -0.264351
v 0.477832 0.010237 -0.375050
v 0.467432 -0.027335 -0.355731
v 0.458205 0.002303 -0.399782
v 0.478305 0.048239 -0.375405
v 0.460369 0.024726 -0.406153
v 0.526657 0.016908 -0.243727
v 0.524474 -0.009938 -0.241876
v 0.512609 0.033484 0.328382
v 0.544269 0.021546 0.280710
v 0.505590 0.053311 0.317510
v 0.543276 0.037678 0.266606
v 0.513899 -0.017901 0.329731
v 0.543563 -0.006544 0.279686
v 0.499690 -0.047945 0.319725
v 0.540997 -0.024934 0.264642
v 0.494536 0.007294 0.359017
v 0.484999 -0.042091 0.352829
v 0.469565 -0.007623 0.385459
v 0.485649 0.048936 0.347507
v 0.469383 0.018208 0.383317
v 0.558532 0.021745 0.247883
v 0.557766 -0.007633 0.246184
v -0.495748 0.029881 -0.346712
v -0.517588 0.016176 -0.285955
v -0.493110 0.046984 -0.338555
v -0.516975 0.031207 -0.268917
v -0.489654 -0.015395 -0.336532
v -0.515650 -0.008441 -0.283135
v -0.483713 -0.032413 -0.322513
v -0.513691 -0.022589 -0.264386
v -0.477788 0.010184 -0.375029
v -0.467451 -0.027409 -0.355775
v -0.458177 0.002125 -0.399706
v -0.478280 0.048385 -0.375367
v -0.460288 0.024576 -0.406084
v -0.526732 0.016821 -0.243718
v -0.524565 -0.009930 -0.241901
v -0.512837 0.033293 0.328438
v -0.544394 0.021401 0.280759
v -0.505440 0.053246 0.317576
v -0.543377 0.037703 0.266579
v -0.513835 -0.017919 0.329706
v -0.543426 -0.006450 0.279705
v -0.499767 -0.047738 0.319753
v -0.540864 -0.024758 0.264559
v -0.494721 0.007229 0.359125
v -0.484951 -0.042202 0.352938
v -0.469735 -0.007712 0.385591
v -0.485568 0.048899 0.347501
v -0.469542 0.018114 0.383340
v -0.558684 0.021630 0.247939
v -0.557675 -0.007574 0.246208
v -0.057673 0.364161 -0.069708
v -0.059099 0.438278 -0.150557
v -0.095253 0.357620 -0.067161
v -0.096591 0.427165 -0.150192
v 0.057386 0.363812 -0.070099
v 0.059058 0.438338 -0.150613
v 0.095037 0.357703 -0.067061
v 0.096450 0.427409 -0.149949
v -0.000273 0.338925 -0.024698
v -0.077061 0.332908 -0.022796
v -0.020023 0.312302 0.022511
v 0.000307 0.491968 -0.186138
v -0.081230 0.476427 -0.187763
v -0.021791 0.543546 -0.219760
v 0.076988 0.333260 -0.022506
v 0.019681 0.312523 0.022336
v 0.081190 0.477009 -0.188107
v 0.022043 0.543099 -0.219637
v -0.165529 0.237064 0.165146
v -0.232018 0.213109 0.209968
v -0.181114 0.251722 0.118759
v -0.245146 0.225259 0.162919
v -0.110299 0.195957 0.309862
v -0.178433 0.183226 0.355413
v -0.089078 0.185133 0.358518
v -0.156725 0.175548 0.403415
v -0.106249 0.225272 0.213525
v -0.141601 0.257701 0.118642
v -0.083480 0.244623 0.165543
v -0.241482 0.188873 0.303456
v -0.271645 0.208026 0.206668
v -0.284440 0.184637 0.299203
v -0.066377 0.195749 0.310871
v -0.064020 0.227226 0.213161
v -0.202530 0.173708 0.401312
v -0.268167 0.177208 0.348961
v -0.201551 0.623323 -0.352341
v -0.300972 0.629156 -0.383229
v -0.203578 0.555485 -0.300996
v -0.280146 0.538137 -0.320421
v -0.165931 0.712085 -0.505231
v -0.229440 0.599833 -0.523837
v -0.130774 0.659249 -0.553627
v -0.204692 0.578637 -0.575048
v -0.172146 0.811744 -0.408277
v -0.166328 0.592006 -0.309286
v -0.116590 0.690579 -0.359678
v -0.336388 0.588160 -0.454148
v -0.347849 0.553399 -0.343142
v -0.433563 0.569095 -0.442570
v -0.107485 0.704278 -0.505672
v -0.101312 0.734393 -0.407652
v -0.245825 0.539378 -0.549938
v -0.329250 0.523044 -0.475762
v -0.349097 0.283972 -0.214298
v -0.405667 0.224949 -0.125547
v -0.327416 0.302999 -0.198520
v -0.382475 0.242993 -0.110451
v -0.417425 0.186364 -0.266896
v -0.463818 0.145415 -0.184514
v -0.438679 0.147493 -0.285880
v -0.481403 0.112192 -0.205614
v -0.359213 0.271161 -0.282255
v -0.307923 0.335126 -0.250781
v -0.321830 0.328465 -0.316814
v -0.464501 0.169849 -0.109446
v -0.421352 0.211822 -0.073755
v -0.483851 0.164717 -0.054893
v -0.405735 0.188553 -0.317210
v -0.348602 0.281094 -0.333040
v -0.493614 0.113198 -0.155240
v -0.495228 0.139993 -0.079945
v -0.416556 0.182980 0.176194
v -0.448120 0.179834 0.117747
v -0.392259 0.195689 0.142209
v -0.418970 0.195759 0.083802
v -0.465425 0.140890 0.254224
v -0.502068 0.125633 0.193523
v -0.475060 0.119568 0.271995
v -0.512886 0.102344 0.212658
v -0.425134 0.167025 0.249948
v -0.384965 0.189260 0.187380
v -0.393896 0.172880 0.265169
v -0.494448 0.149168 0.129006
v -0.446451 0.185375 0.071459
v -0.495754 0.151473 0.084146
v -0.450044 0.138874 0.294038
v -0.410323 0.163720 0.292970
v -0.523324 0.104684 0.172584
v -0.513143 0.129092 0.107640
v 0.165952 0.236876 0.164726
v 0.231479 0.213676 0.209545
v 0.181569 0.251213 0.118454
v 0.245179 0.225036 0.162948
v 0.110469 0.195649 0.310372
v 0.178366 0.183148 0.355188
v 0.088989 0.185263 0.358636
v 0.156665 0.175332 0.403445
v 0.106800 0.225075 0.213210
v 0.142222 0.257295 0.118052
v 0.083664 0.244409 0.165179
v 0.066022 0.196087 0.310966
v 0.064379 0.226806 0.213542
v 0.241580 0.188889 0.303715
v 0.272113 0.207800 0.207156
v 0.284322 0.185005 0.298941
v 0.201984 0.173693 0.400961
v 0.267806 0.177365 0.348817
v 0.201696 0.623466 -0.352357
v 0.300921 0.628990 -0.383263
v 0.203999 0.555707 -0.300922
v 0.280106 0.538195 -0.320421
v 0.166445 0.712172 -0.505821
v 0.229193 0.599983 -0.523421
v 0.130636 0.659253 -0.553645
v 0.204451 0.578356 -0.575158
v 0.172089 0.811836 -0.408449
v 0.166716 0.591972 -0.308652
v 0.116602 0.690971 -0.359394
v 0.107387 0.704132 -0.505645
v 0.101804 0.733820 -0.407810
v 0.336374 0.588408 -0.454144
v 0.348077 0.553330 -0.343375
v 0.433308 0.568797 -0.442649
v 0.246028 0.539892 -0.549577
v 0.329450 0.523191 -0.475255
v 0.349209 0.283661 -0.214331
v 0.405320 0.225497 -0.126472
v 0.327512 0.303577 -0.199110
v 0.382150 0.243169 -0.110924
v 0.417459 0.185799 -0.266447
v 0.464140 0.145002 -0.184136
v 0.438462 0.147833 -0.285823
v 0.480753 0.112964 -0.205984
v 0.358996 0.270780 -0.282012
v 0.307946 0.335209 -0.250969
v 0.322097 0.328195 -0.316795
v 0.464889 0.169848 -0.109296
v 0.420961 0.212137 -0.074207
v 0.483738 0.164506 -0.054898
v 0.405644 0.188407 -0.316943
v 0.348228 0.280292 -0.332571
v 0.493821 0.113630 -0.155134
v 0.495755 0.139935 -0.079464
v 0.416569 0.182954 0.176207
v 0.448104 0.179778 0.117717
v 0.392323 0.195678 0.142387
v 0.419486 0.195669 0.084266
v 0.465608 0.140760 0.254282
v 0.502116 0.125764 0.193637
v 0.475182 0.119726 0.271945
v 0.512841 0.102366 0.212654
v 0.425114 0.166946 0.249925
v 0.384842 0.189243 0.187327
v 0.393882 0.172825 0.265095
v 0.494277 0.149254 0.128939
v 0.446778 0.185161 0.071659
v 0.495777 0.151527 0.084105
v 0.450194 0.138827 0.294114
v 0.410357 0.163640 0.292999
v 0.523358 0.104662 0.172752
v 0.513197 0.129042 0.107704
v -0.079391 -0.595173 0.056837
v -0.088301 -0.619457 -0.039973
v -0.130863 -0.591850 0.044943
v -0.136968 -0.668271 -0.037399
v 0.079219 -0.595068 0.056617
v 0.087584 -0.618229 -0.040335
v 0.130710 -0.591297 0.044817
v 0.135962 -0.667351 -0.038206
v -0.000008 -0.589163 0.116545
v -0.102469 -0.584124 0.107481
v -0.025439 -0.587737 0.174771
v -0.000424 -0.572346 -0.082049
v -0.109450 -0.672544 -0.085680
v -0.038573 -0.567539 -0.125707
v 0.102332 -0.583882 0.107330
v 0.025735 -0.587390 0.174363
v 0.108130 -0.670507 -0.086118
v 0.037258 -0.567315 -0.125756
v -0.204463 -0.564961 0.360836
v -0.277229 -0.542729 0.374548
v -0.221586 -0.553895 0.276742
v -0.286382 -0.520089 0.300209
v -0.141432 -0.793328 0.516932
v -0.285081 -0.757407 0.580306
v -0.102123 -0.762074 0.610664
v -0.251736 -0.744961 0.660256
v -0.139573 -0.643207 0.413511
v -0.175600 -0.569568 0.291588
v -0.103649 -0.593920 0.368286
v -0.302502 -0.580563 0.464741
v -0.307542 -0.503291 0.335544
v -0.320349 -0.504799 0.425568
v -0.084194 -0.699461 0.529003
v -0.082652 -0.634472 0.416953
v -0.315535 -0.661264 0.619043
v -0.319035 -0.534036 0.489534
v -0.226876 -0.659693 -0.300875
v -0.291263 -0.522375 -0.294106
v -0.267702 -0.732960 -0.273349
v -0.336018 -0.575970 -0.270511
v -0.112689 -0.412669 -0.313561
v -0.166046 -0.342243 -0.323041
v -0.084375 -0.356999 -0.333583
v -0.136861 -0.293062 -0.347916
v -0.127468 -0.536984 -0.281277
v -0.189622 -0.735874 -0.273931
v -0.104864 -0.582501 -0.255356
v -0.239676 -0.378318 -0.301446
v -0.326715 -0.475916 -0.271592
v -0.273192 -0.350041 -0.289633
v -0.067879 -0.411746 -0.313183
v -0.076155 -0.517713 -0.271973
v -0.174203 -0.281846 -0.341958
v -0.239259 -0.307022 -0.309849
v -0.367802 -0.273137 -0.152078
v -0.395733 -0.239435 -0.084634
v -0.366862 -0.330564 -0.134831
v -0.385278 -0.290089 -0.063127
v -0.418166 -0.138868 -0.228138
v -0.456168 -0.119501 -0.163847
v -0.442177 -0.099841 -0.259453
v -0.476882 -0.086940 -0.192012
v -0.368313 -0.209816 -0.216711
v -0.356486 -0.319596 -0.178377
v -0.339781 -0.240862 -0.232838
v -0.442568 -0.160627 -0.089641
v -0.403243 -0.245982 -0.039458
v -0.449744 -0.165376 -0.043204
v -0.407029 -0.129333 -0.271416
v -0.354890 -0.195196 -0.257791
v -0.484812 -0.092130 -0.143750
v -0.472517 -0.127767 -0.069321
v -0.394327 -0.321853 0.213062
v -0.416564 -0.270629 0.138880
v -0.383173 -0.361001 0.189671
v -0.401069 -0.310518 0.116458
v -0.436362 -0.199784 0.267857
v -0.471472 -0.153797 0.197523
v -0.451680 -0.159373 0.282335
v -0.491650 -0.117542 0.215028
v -0.399426 -0.286734 0.281698
v -0.376659 -0.367916 0.241390
v -0.379186 -0.335515 0.313819
v -0.456856 -0.187488 0.134875
v -0.418089 -0.265324 0.093413
v -0.459491 -0.183345 0.090542
v -0.424877 -0.201201 0.311350
v -0.389922 -0.291808 0.330106
v -0.500235 -0.113966 0.172823
v -0.482592 -0.146410 0.110464
v 0.204583 -0.565055 0.360505
v 0.276844 -0.542647 0.374415
v 0.221126 -0.553666 0.276341
v 0.286174 -0.520284 0.300182
v 0.141465 -0.792521 0.514831
v 0.284831 -0.757167 0.579516
v 0.102259 -0.762687 0.610356
v 0.253475 -0.744283 0.659499
v 0.139378 -0.641834 0.413093
v 0.175931 -0.569509 0.291291
v 0.104179 -0.593624 0.367785
v 0.084064 -0.698852 0.528111
v 0.082545 -0.634541 0.416241
v 0.302449 -0.580660 0.464358
v 0.307586 -0.503444 0.335483
v 0.320448 -0.505019 0.425317
v 0.315527 -0.661515 0.618743
v 0.319532 -0.534810 0.489709
v 0.227014 -0.660466 -0.300991
v 0.291315 -0.522497 -0.293977
v 0.267468 -0.733242 -0.273184
v 0.336123 -0.576222 -0.270489
v 0.112263 -0.412855 -0.313280
v 0.165936 -0.342425 -0.322754
v 0.084067 -0.356845 -0.333529
v 0.136693 -0.293027 -0.348034
v 0.127099 -0.536418 -0.281317
v 0.190217 -0.735559 -0.273884
v 0.104408 -0.581125 -0.254838
v 0.067401 -0.411614 -0.313362
v 0.075268 -0.517524 -0.271983
v 0.239680 -0.378349 -0.301404
v 0.326906 -0.476031 -0.271488
v 0.273213 -0.350103 -0.289827
v 0.174109 -0.281778 -0.342037
v 0.239426 -0.306876 -0.309791
v 0.368239 -0.273063 -0.152211
v 0.395947 -0.239317 -0.084629
v 0.366677 -0.330442 -0.135005
v 0.385311 -0.289899 -0.063628
v 0.418188 -0.138886 -0.228268
v 0.456138 -0.119452 -0.163697
v 0.442493 -0.100251 -0.259606
v 0.476588 -0.087466 -0.191798
v 0.368544 -0.210161 -0.216825
v 0.356456 -0.319423 -0.178467
v 0.339519 -0.240763 -0.232737
v 0.442501 -0.160798 -0.089429
v 0.403224 -0.245940 -0.039579
v 0.449886 -0.165523 -0.043354
v 0.407078 -0.128943 -0.271693
v 0.354991 -0.195404 -0.257915
v 0.484765 -0.092119 -0.143693
v 0.472520 -0.127716 -0.069213
v 0.394400 -0.321671 0.213180
v 0.416289 -0.270216 0.139391
v 0.383073 -0.360956 0.189644
v 0.401131 -0.310296 0.116766
v 0.436598 -0.199869 0.267615
v 0.471762 -0.153785 0.197565
v 0.451978 -0.159532 0.282283
v 0.492032 -0.117107 0.214885
v 0.399169 -0.286967 0.281354
v 0.376644 -0.368285 0.241626
v 0.379127 -0.335011 0.313987
v 0.457001 -0.187691 0.134745
v 0.417820 -0.265063 0.093389
v 0.459661 -0.182882 0.090638
v 0.424914 -0.201640 0.311331
v 0.389409 -0.291402 0.330022
v 0.500340 -0.114399 0.173018
v 0.482860 -0.146299 0.110596
v 0.049305 -0.076855 0.738548
v -0.049342 -0.076963 0.738561
v 0.050265 -0.136281 0.765374
v -0.050344 -0.136424 0.765224
v 0.041265 0.056058 0.623615
v -0.041263 0.055570 0.623831
v 0.039330 0.092338 0.592626
v -0.039116 0.092413 0.592462
v 0.090268 -0.006136 0.669026
v 0.100274 -0.107429 0.735401
v 0.138634 -0.029354 0.673382
v -0.090267 -0.006065 0.669331
v -0.100223 -0.107666 0.735003
v -0.138486 -0.029865 0.672907
v 0.080095 0.072879 0.600515
v 0.129476 0.012206 0.636085
v -0.079964 0.072730 0.600571
v -0.129385 0.012072 0.635724
v 0.294771 -0.317317 0.609661
v 0.265118 -0.227228 0.642354
v 0.274937 -0.363814 0.658163
v 0.233317 -0.263437 0.679899
v 0.362405 -0.185570 0.479417
v 0.345894 -0.120931 0.515246
v 0.389555 -0.145784 0.442988
v 0.376107 -0.087681 0.478913
v 0.335223 -0.285504 0.520229
v 0.302294 -0.389271 0.617993
v 0.334135 -0.347089 0.518742
v 0.380362 -0.193953 0.438620
v 0.351346 -0.293365 0.474388
v 0.291279 -0.134689 0.589739
v 0.234393 -0.199113 0.677740
v 0.259660 -0.111293 0.620026
v 0.349959 -0.071727 0.510327
v 0.288824 -0.082739 0.577279
v -0.294802 -0.317262 0.610006
v -0.265451 -0.227258 0.642609
v -0.274803 -0.363243 0.658043
v -0.233195 -0.263270 0.679840
v -0.362350 -0.185407 0.479893
v -0.346154 -0.120710 0.515338
v -0.389648 -0.146050 0.442479
v -0.376002 -0.087771 0.478895
v -0.335170 -0.285432 0.520148
v -0.302458 -0.388770 0.618428
v -0.334533 -0.346783 0.519497
v -0.380238 -0.193906 0.439126
v -0.351851 -0.293721 0.474375
v -0.291385 -0.134685 0.589852
v -0.234450 -0.199108 0.677716
v -0.260194 -0.110972 0.620807
v -0.349977 -0.071998 0.510331
v -0.289154 -0.082435 0.577817
v 0.248447 0.158554 0.480209
v 0.220484 0.144998 0.508044
v 0.210141 0.160002 0.495987
v 0.181701 0.153667 0.520597
v 0.358461 0.122287 0.428757
v 0.337817 0.082085 0.469021
v 0.391786 0.101942 0.408589
v 0.375548 0.065223 0.451403
v 0.317100 0.155970 0.437978
v 0.243194 0.161676 0.473989
v 0.310161 0.161218 0.426306
v 0.384672 0.127197 0.398055
v 0.344990 0.156715 0.407126
v 0.267280 0.085021 0.511937
v 0.187301 0.126923 0.531793
v 0.233823 0.067505 0.540291
v 0.347559 0.050617 0.482853
v 0.274581 0.048265 0.528355
v -0.248489 0.158655 0.480239
v -0.220461 0.144317 0.508249
v -0.210235 0.160048 0.496034
v -0.181744 0.153606 0.520568
v -0.358141 0.122110 0.428380
v -0.337733 0.081916 0.469049
v -0.391896 0.102425 0.408480
v -0.375101 0.064995 0.450930
v -0.317124 0.155912 0.437908
v -0.243223 0.161767 0.473949
v -0.310229 0.161213 0.426233
v -0.384783 0.127362 0.397846
v -0.345039 0.156715 0.407044
v -0.267195 0.085141 0.511919
v -0.186953 0.125782 0.531678
v -0.233863 0.067055 0.540663
v -0.347254 0.050350 0.482718
v -0.274525 0.048044 0.528612
v 0.042014 -0.030480 -0.608269
v -0.042210 -0.030264 -0.608567
v 0.038638 -0.073252 -0.568389
v -0.038970 -0.073430 -0.568294
v 0.055855 0.094013 -0.762771
v -0.056014 0.099211 -0.758389
v 0.058636 0.150095 -0.792228
v -0.059012 0.152886 -0.790387
v 0.096999 0.023205 -0.688670
v 0.080026 -0.049778 -0.582986
v 0.136710 0.007573 -0.651218
v -0.096991 0.030147 -0.682143
v -0.080539 -0.049812 -0.583395
v -0.137069 0.009730 -0.649520
v 0.116586 0.112690 -0.802559
v 0.150893 0.041866 -0.711408
v -0.117631 0.120228 -0.798583
v -0.151334 0.046352 -0.707015
v 0.223798 -0.146143 -0.455212
v 0.208319 -0.106320 -0.500294
v 0.186542 -0.160925 -0.466140
v 0.169925 -0.128007 -0.506446
v 0.336098 -0.091620 -0.421155
v 0.324707 -0.050131 -0.472275
v 0.373003 -0.073921 -0.407228
v 0.362498 -0.034210 -0.458259
v 0.285492 -0.139615 -0.413893
v 0.210803 -0.173032 -0.432117
v 0.269733 -0.172472 -0.385923
v 0.358598 -0.101659 -0.388370
v 0.306290 -0.152151 -0.377640
v 0.259413 -0.054395 -0.515692
v 0.179396 -0.095024 -0.523838
v 0.231103 -0.038932 -0.547150
v 0.337722 -0.019323 -0.493258
v 0.272508 -0.019677 -0.541393
v -0.223697 -0.145578 -0.455314
v -0.208627 -0.107269 -0.500803
v -0.186400 -0.160872 -0.466098
v -0.169596 -0.126971 -0.506461
v -0.336954 -0.091801 -0.421591
v -0.324837 -0.050420 -0.472755
v -0.372885 -0.073798 -0.407170
v -0.362933 -0.034411 -0.458454
v -0.285212 -0.139370 -0.413516
v -0.210623 -0.173276 -0.431705
v -0.269581 -0.172399 -0.385891
v -0.358366 -0.101744 -0.388012
v -0.306145 -0.152239 -0.377530
v -0.259301 -0.054423 -0.515831
v -0.179661 -0.095682 -0.523984
v -0.231469 -0.039223 -0.547663
v -0.337205 -0.019474 -0.492983
v -0.272114 -0.019767 -0.541811
v 0.285343 0.300525 -0.630448
v 0.294127 0.232105 -0.713400
v 0.257427 0.341205 -0.663028
v 0.258042 0.268105 -0.746410
v 0.368165 0.176675 -0.514208
v 0.377965 0.123867 -0.569156
v 0.399111 0.138627 -0.476739
v 0.397984 0.093587 -0.521381
v 0.319011 0.268010 -0.538949
v 0.271942 0.357783 -0.611119
v 0.301907 0.323524 -0.523178
v 0.376568 0.182320 -0.464876
v 0.323533 0.274599 -0.486973
v 0.319841 0.142137 -0.653480
v 0.273344 0.209731 -0.767868
v 0.295896 0.119401 -0.695189
v 0.369477 0.083788 -0.552880
v 0.312705 0.094898 -0.631424
v -0.285262 0.300830 -0.629557
v -0.293730 0.232114 -0.713065
v -0.257722 0.341459 -0.663428
v -0.258023 0.268719 -0.746899
v -0.368411 0.176585 -0.514221
v -0.378150 0.123297 -0.569335
v -0.399200 0.138598 -0.476766
v -0.397680 0.093194 -0.521212
v -0.318995 0.268379 -0.538877
v -0.271723 0.357882 -0.611506
v -0.301745 0.323544 -0.523755
v -0.376653 0.182366 -0.464964
v -0.323489 0.274247 -0.487239
v -0.319680 0.141819 -0.653207
v -0.273424 0.209915 -0.767986
v -0.295627 0.119056 -0.695125
v -0.369395 0.083702 -0.553106
v -0.312395 0.094652 -0.631426
v 0.580465 0.018832 -0.050657
v 0.577292 -0.010993 -0.052216
v 0.565052 0.018973 -0.100085
v 0.561939 -0.011493 -0.100818
v 0.591272 0.021154 0.087802
v 0.589493 -0.010044 0.085860
v 0.587538 0.021466 0.131444
v 0.585711 -0.009507 0.129278
v 0.587660 0.037264 0.021418
v 0.566953 0.036443 -0.074826
v 0.570988 0.059039 -0.001666
v 0.581305 0.039502 0.110286
v 0.571105 0.060449 0.043529
v 0.583944 -0.025301 0.018063
v 0.560553 -0.026770 -0.076482
v 0.565253 -0.043306 -0.004654
v 0.578042 -0.026961 0.107027
v 0.566644 -0.045602 0.040771
v -0.580412 0.018719 -0.050668
v -0.577311 -0.010976 -0.052170
v -0.564997 0.018898 -0.100079
v -0.562015 -0.011446 -0.100794
v -0.591185 0.021253 0.087787
v -0.589543 -0.010100 0.085860
v -0.587364 0.021599 0.131436
v -0.585717 -0.009560 0.129261
v -0.587740 0.037296 0.021407
v -0.566953 0.036392 -0.074764
v -0.571216 0.058979 -0.001603
v -0.580975 0.039643 0.110251
v -0.570837 0.060495 0.043444
v -0.583941 -0.025312 0.018057
v -0.560626 -0.026701 -0.076504
v -0.565349 -0.043241 -0.004663
v -0.578046 -0.026921 0.107006
v -0.566586 -0.045448 0.040749
v -0.150598 0.317741 -0.017140
v -0.172211 0.290240 0.028469
v -0.153465 0.440378 -0.183396
v -0.177121 0.467792 -0.218613
v -0.135237 0.298715 0.026011
v -0.143583 0.493753 -0.224332
v -0.293208 0.228888 0.114539
v -0.327893 0.221083 0.110188
v -0.322185 0.210375 0.156040
v -0.265632 0.414571 -0.253035
v -0.280096 0.361188 -0.221163
v -0.279883 0.413510 -0.275207
v -0.372725 0.239448 -0.046217
v -0.381885 0.225774 0.001437
v -0.406927 0.214516 -0.010894
v 0.151038 0.317770 -0.017345
v 0.172188 0.290691 0.028451
v 0.153375 0.440318 -0.183346
v 0.177145 0.467424 -0.218522
v 0.135373 0.298983 0.026435
v 0.143464 0.494032 -0.224398
v 0.293145 0.228934 0.114446
v 0.327573 0.220882 0.110205
v 0.320790 0.211229 0.155663
v 0.265798 0.414792 -0.253129
v 0.280000 0.361398 -0.221523
v 0.280065 0.413759 -0.275291
v 0.372819 0.239101 -0.046294
v 0.381511 0.225884 0.001316
v 0.407157 0.214506 -0.010811
v -0.198265 -0.565036 0.086099
v -0.217800 -0.555967 0.146728
v -0.233433 -0.783528 -0.076556
v -0.271577 -0.788736 -0.153749
v -0.173280 -0.567670 0.156063
v -0.185478 -0.799342 -0.148602
v -0.338078 -0.478149 0.211612
v -0.361424 -0.442327 0.188088
v -0.348877 -0.448226 0.244109
v -0.364253 -0.516177 -0.182292
v -0.362495 -0.447446 -0.148357
v -0.357597 -0.441161 -0.196807
v -0.384415 -0.344359 0.000321
v -0.386629 -0.347465 0.045839
v -0.398071 -0.301019 0.025240
v 0.198181 -0.565029 0.085958
v 0.217642 -0.555804 0.147143
v 0.230630 -0.784913 -0.078287
v 0.270064 -0.789422 -0.154131
v 0.173666 -0.567974 0.156048
v 0.179548 -0.798475 -0.150333
v 0.338360 -0.478594 0.211724
v 0.361651 -0.442082 0.188125
v 0.348619 -0.448255 0.244333
v 0.364226 -0.516583 -0.182221
v 0.362253 -0.447829 -0.148217
v 0.357707 -0.440935 -0.196752
v 0.384081 -0.344512 -0.000234
v 0.387432 -0.347131 0.045894
v 0.398238 -0.300655 0.024947
v -0.032860 -0.607259 0.622810
v 0.032398 -0.607206 0.623043
v -0.232345 -0.572747 0.698339
v -0.236399 -0.482585 0.690834
v -0.000365 -0.597404 0.576477
v -0.285821 -0.529577 0.673735
v 0.232478 -0.572762 0.698437
v 0.236411 -0.482895 0.690491
v 0.286103 -0.530319 0.673621
v 0.098590 -0.230455 0.739770
v 0.145658 -0.263429 0.721756
v -0.098715 -0.230558 0.739484
v -0.146007 -0.263336 0.721776
v 0.149391 -0.199981 0.728605
v -0.149630 -0.199777 0.728598
v -0.022235 0.176137 0.406666
v 0.022448 0.175763 0.407006
v -0.154208 0.162815 0.493368
v -0.166441 0.160798 0.512012
v 0.000070 0.183309 0.360607
v -0.197650 0.162893 0.483667
v 0.154270 0.162868 0.493439
v 0.166366 0.160826 0.511695
v 0.197654 0.162985 0.483654
v 0.072322 0.150707 0.551080
v 0.108415 0.153114 0.543306
v -0.072019 0.151331 0.550548
v -0.108300 0.153600 0.542840
v 0.112603 0.128342 0.555699
v -0.112263 0.128628 0.554928
v -0.020000 -0.307478 -0.359701
v 0.019757 -0.307420 -0.359678
v -0.124891 -0.216566 -0.418610
v -0.137906 -0.190027 -0.452421
v -0.000102 -0.358242 -0.335354
v -0.161310 -0.212493 -0.411282
v 0.124879 -0.216510 -0.418601
v 0.137904 -0.189985 -0.452493
v 0.161319 -0.212343 -0.411391
v 0.069459 -0.135420 -0.534883
v 0.101123 -0.145430 -0.523896
v -0.069666 -0.136301 -0.534516
v -0.101134 -0.145738 -0.523815
v 0.108144 -0.107133 -0.540579
v -0.108163 -0.107422 -0.540400
v -0.033529 0.632230 -0.611640
v 0.033838 0.632172 -0.611553
v -0.204257 0.502134 -0.651801
v -0.213961 0.439363 -0.668803
v 0.000038 0.675427 -0.575417
v -0.239818 0.464396 -0.628831
v 0.204400 0.501846 -0.651638
v 0.214382 0.439060 -0.668559
v 0.239891 0.464277 -0.628180
v 0.117024 0.242559 -0.809352
v 0.166596 0.271318 -0.789954
v -0.116989 0.242386 -0.809079
v -0.166558 0.271176 -0.789702
v 0.177081 0.212997 -0.815503
v -0.177140 0.213086 -0.815490
v 0.450686 0.106587 -0.352531
v 0.442159 0.102884 -0.398686
v 0.521018 0.053687 -0.200670
v 0.537238 0.035218 -0.174509
v 0.418383 0.145211 -0.383246
v 0.531975 0.057113 -0.150594
v 0.444412 -0.069546 -0.321573
v 0.426929 -0.064447 -0.357141
v 0.515777 -0.042132 -0.196860
v 0.532107 -0.026653 -0.172750
v 0.411377 -0.089900 -0.336769
v 0.525720 -0.044369 -0.148512
v 0.411258 0.006688 -0.457482
v 0.417114 0.035768 -0.469771
v 0.387668 0.025194 -0.494765
v 0.467005 0.094530 0.323148
v 0.447695 0.090418 0.356706
v 0.548769 0.058720 0.212931
v 0.570940 0.038090 0.194489
v 0.439047 0.113943 0.344482
v 0.558847 0.059793 0.173559
v 0.452875 -0.118161 0.334331
v 0.436756 -0.115085 0.372406
v 0.544181 -0.048067 0.210038
v 0.569105 -0.024152 0.190352
v 0.423654 -0.156669 0.363911
v 0.553939 -0.047063 0.170121
v 0.414724 -0.016362 0.443593
v 0.416758 0.019067 0.439230
v 0.388899 0.001068 0.471907
v -0.450783 0.106284 -0.352440
v -0.442012 0.103167 -0.398281
v -0.521138 0.053442 -0.200723
v -0.537320 0.035164 -0.174448
v -0.418647 0.144331 -0.383363
v -0.531881 0.056892 -0.150661
v -0.444429 -0.069502 -0.321717
v -0.426926 -0.064538 -0.357185
v -0.515852 -0.042153 -0.196836
v -0.532152 -0.026692 -0.172777
v -0.411492 -0.089689 -0.336925
v -0.525768 -0.044466 -0.148471
v -0.411474 0.006740 -0.457442
v -0.416911 0.035627 -0.469509
v -0.387369 0.025193 -0.494684
v -0.466908 0.094419 0.323130
v -0.446725 0.089816 0.356137
v -0.548562 0.058809 0.212842
v -0.570917 0.038100 0.194378
v -0.438892 0.114070 0.344342
v -0.558509 0.059631 0.173483
v -0.453349 -0.118530 0.334624
v -0.437060 -0.114822 0.372478
v -0.544080 -0.047977 0.210095
v -0.569032 -0.024077 0.190284
v -0.424001 -0.157292 0.364175
v -0.553851 -0.046992 0.170173
v -0.414516 -0.016391 0.443534
v -0.416935 0.019019 0.439183
v -0.389262 0.001096 0.471950
v -0.020264 0.267493 0.116991
v 0.020548 0.267435 0.117118
v -0.000361 0.247363 0.164904
v -0.026147 0.634737 -0.307786
v 0.026591 0.634914 -0.307627
v 0.000061 0.669910 -0.357730
v -0.346229 0.171718 0.326773
v -0.326873 0.167616 0.371650
v -0.360485 0.165378 0.353315
v -0.306241 0.405335 -0.402586
v -0.299344 0.396942 -0.455356
v -0.309587 0.338092 -0.417862
v -0.515874 0.134322 0.018953
v -0.533183 0.110487 -0.003257
v -0.533625 0.108725 0.041881
v 0.346252 0.171724 0.326723
v 0.326932 0.167577 0.371650
v 0.360468 0.165439 0.353403
v 0.306186 0.405286 -0.402677
v 0.299519 0.396972 -0.455273
v 0.309693 0.338247 -0.417885
v 0.515520 0.134249 0.018810
v 0.533394 0.110513 -0.003162
v 0.533726 0.108674 0.041826
v -0.025304 -0.595578 0.298524
v 0.025625 -0.595863 0.298148
v -0.000038 -0.607516 0.359470
v -0.031426 -0.555663 -0.206866
v 0.030363 -0.555133 -0.206700
v -0.000598 -0.536435 -0.239008
v -0.351393 -0.397898 0.403913
v -0.342757 -0.407417 0.459598
v -0.358879 -0.347963 0.417052
v -0.296705 -0.251498 -0.285491
v -0.275891 -0.228055 -0.320779
v -0.308291 -0.206253 -0.310316
v -0.484685 -0.135955 0.022483
v -0.513818 -0.094888 -0.001489
v -0.513383 -0.103512 0.043121
v 0.351227 -0.397727 0.403663
v 0.342585 -0.407281 0.459403
v 0.358973 -0.348656 0.417076
v 0.296631 -0.251361 -0.285744
v 0.275873 -0.228057 -0.320575
v 0.308075 -0.205855 -0.310191
v 0.484633 -0.136507 0.022336
v 0.514097 -0.094753 -0.001383
v 0.513254 -0.103592 0.043106
v 0.215297 -0.036434 0.620711
v 0.207635 0.008073 0.594484
v 0.247723 -0.014245 0.581028
v -0.215867 -0.036139 0.621173
v -0.207455 0.007496 0.595087
v -0.247924 -0.014185 0.581512
v 0.216773 0.012627 -0.620319
v 0.236340 0.049319 -0.668693
v 0.260218 0.033464 -0.616451
v -0.217088 0.012156 -0.620979
v -0.235844 0.048410 -0.669049
v -0.260373 0.032770 -0.616692
f 1 647 644
f 1 644 643
f 1 643 645
f 1 645 646
f 1 646 647
f 2 649 652
f 6 672 670
f 12 702 699
f 11 696 695
f 8 679 681
f 4 662 659
f 4 659 658
f 4 658 660
f 4 660 661
f 4 661 662
f 5 666 665
f 3 654 657
f 7 673 677
f 9 685 686
f 10 692 688
f 12 701 698
f 6 669 668
f 2 650 648
f 8 682 678
f 11 697 693
f 6 671 669
f 12 700 701
f 11 694 697
f 8 680 682
f 2 651 650
f 10 690 689
f 5 663 664
f 3 655 653
f 7 676 674
f 9 687 684
f 10 691 690
f 5 667 663
f 3 656 655
f 7 675 676
f 9 683 687
f 6 668 672
f 2 648 649
f 8 678 679
f 11 693 696
f 12 698 702
f 10 688 691
f 5 665 667
f 3 657 656
f 7 677 675
f 9 686 683
f 5 664 666
f 3 653 654
f 7 674 673
f 9 684 685
f 10 689 692
f 6 670 671
f 12 699 700
f 11 695 694
f 8 681 680
f 2 652 651
f 35 837 838
f 18 735 736
f 19 742 741
f 40 868 867
f 42 880 879
f 34 832 831
f 33 827 828
f 25 778 780
f 36 844 846
f 20 749 747
f 32 819 820
f 23 765 767
f 24 773 771
f 37 850 849
f 41 876 875
f 34 833 834
f 33 826 825
f 25 779 777
f 36 845 843
f 20 748 750
f 17 729 727
f 14 711 709
f 13 706 703
f 15 718 715
f 16 724 721
f 18 737 733
f 35 839 835
f 42 882 878
f 40 870 866
f 19 744 740
f 30 807 805
f 27 789 787
f 22 762 758
f 28 797 793
f 29 802 799
f 32 821 817
f 23 766 763
f 24 774 770
f 37 852 848
f 41 874 872
f 35 838 836
f 18 736 734
f 19 741 739
f 40 867 865
f 42 879 877
f 34 831 829
f 33 828 824
f 25 780 776
f 36 846 842
f 20 747 745
f 32 820 818
f 23 767 764
f 24 771 769
f 37 849 847
f 41 875 871
f 34 834 830
f 33 825 823
f 25 777 775
f 36 843 841
f 20 750 746
f 14 714 710
f 13 707 704
f 15 719 716
f 16 725 722
f 17 732 728
f 21 755 752
f 31 814 811
f 26 784 781
f 38 857 853
f 39 862 860
f 27 792 788
f 22 759 757
f 28 796 794
f 29 803 800
f 30 810 806
f 31 815 812
f 26 785 782
f 38 856 854
f 39 863 859
f 21 754 751
f 14 712 714
f 13 705 707
f 15 717 719
f 16 723 725
f 17 730 732
f 21 753 755
f 31 816 814
f 26 786 784
f 38 858 857
f 39 861 862
f 27 791 792
f 22 761 759
f 28 795 796
f 29 801 803
f 30 808 810
f 31 813 815
f 26 783 785
f 38 855 856
f 39 864 863
f 21 756 754
f 14 709 712
f 13 703 705
f 15 715 717
f 16 721 723
f 17 727 730
f 21 751 753
f 31 812 816
f 26 782 786
f 38 854 858
f 39 859 861
f 27 787 791
f 22 758 761
f 28 793 795
f 29 799 801
f 30 805 808
f 31 811 813
f 26 781 783
f 38 853 855
f 39 860 864
f 21 752 756
f 17 728 731
f 14 710 713
f 13 704 708
f 15 716 720
f 16 722 726
f 18 734 738
f 35 836 840
f 42 877 881
f 40 865 869
f 19 739 743
f 30 806 809
f 27 788 790
f 22 757 760
f 28 794 798
f 29 800 804
f 32 818 822
f 23 764 768
f 24 769 772
f 37 847 851
f 41 871 873
f 35 835 837
f 18 733 735
f 19 740 742
f 40 866 868
f 42 878 880
f 34 830 832
f 33 823 827
f 25 775 778
f 36 841 844
f 20 746 749
f 32 817 819
f 23 763 765
f 24 770 773
f 37 848 850
f 41 872 876
f 34 829 833
f 33 824 826
f 25 776 779
f 36 842 845
f 20 745 748
f 17 731 729
f 14 713 711
f 13 708 706
f 15 720 718
f 16 726 724
f 18 738 737
f 35 840 839
f 42 881 882
f 40 869 870
f 19 743 744
f 30 809 807
f 27 790 789
f 22 760 762
f 28 798 797
f 29 804 802
f 32 822 821
f 23 768 766
f 24 772 774
f 37 851 852
f 41 873 874
f 107 1269 1270
f 103 1245 1246
f 104 1252 1251
f 110 1288 1287
f 113 1306 1305
f 118 1336 1335
f 154 1551 1552
f 141 1473 1474
f 162 1599 1600
f 121 1354 1353
f 142 1479 1480
f 129 1401 1402
f 130 1408 1407
f 144 1492 1491
f 146 1504 1503
f 151 1533 1534
f 131 1414 1413
f 136 1444 1443
f 161 1594 1593
f 126 1383 1384
f 116 1323 1324
f 108 1275 1276
f 106 1263 1264
f 112 1299 1300
f 115 1317 1318
f 119 1341 1342
f 156 1564 1563
f 139 1462 1461
f 160 1588 1587
f 120 1347 1348
f 149 1521 1522
f 132 1420 1419
f 128 1395 1396
f 145 1497 1498
f 148 1515 1516
f 155 1557 1558
f 133 1425 1426
f 134 1431 1432
f 157 1570 1569
f 124 1372 1371
f 109 1282 1281
f 105 1258 1257
f 111 1294 1293
f 114 1312 1311
f 117 1330 1329
f 125 1378 1377
f 152 1540 1539
f 137 1449 1450
f 158 1575 1576
f 123 1365 1366
f 143 1486 1485
f 127 1390 1389
f 135 1437 1438
f 147 1510 1509
f 150 1528 1527
f 153 1546 1545
f 140 1468 1467
f 138 1455 1456
f 159 1581 1582
f 122 1359 1360
f 107 1272 1271
f 103 1248 1247
f 104 1253 1254
f 110 1289 1290
f 113 1307 1308
f 118 1337 1338
f 154 1554 1553
f 141 1476 1475
f 162 1602 1601
f 121 1355 1356
f 142 1482 1481
f 129 1404 1403
f 130 1409 1410
f 144 1493 1494
f 146 1505 1506
f 151 1536 1535
f 131 1415 1416
f 136 1445 1446
f 161 1595 1596
f 126 1386 1385
f 47 909 907
f 44 891 889
f 43 886 883
f 45 898 895
f 46 904 901
f 49 922 919
f 72 1060 1057
f 102 1240 1237
f 96 1204 1201
f 79 1102 1099
f 62 999 997
f 59 981 979
f 58 976 973
f 60 988 985
f 61 994 991
f 66 1024 1021
f 54 952 949
f 73 1066 1063
f 85 1138 1135
f 92 1179 1177
f 101 1233 1231
f 69 1041 1039
f 50 927 925
f 82 1119 1117
f 97 1209 1207
f 71 1053 1051
f 100 1228 1225
f 94 1192 1189
f 80 1108 1105
f 51 933 931
f 90 1167 1165
f 63 1005 1003
f 55 957 955
f 76 1083 1081
f 87 1150 1147
f 91 1174 1171
f 67 1029 1027
f 56 963 961
f 75 1077 1075
f 83 1126 1123
f 68 1036 1033
f 48 915 913
f 78 1095 1093
f 93 1185 1183
f 98 1216 1213
f 88 1155 1153
f 65 1018 1015
f 57 970 967
f 77 1090 1087
f 86 1143 1141
f 64 1012 1009
f 53 945 943
f 74 1071 1069
f 84 1131 1129
f 89 1162 1159
f 70 1047 1045
f 99 1221 1219
f 95 1197 1195
f 81 1114 1111
f 52 940 937
f 109 1284 1280
f 105 1260 1256
f 111 1296 1292
f 114 1314 1310
f 117 1332 1328
f 125 1380 1376
f 152 1542 1538
f 137 1451 1447
f 158 1577 1573
f 123 1367 1363
f 143 1488 1484
f 127 1392 1388
f 135 1439 1435
f 147 1512 1508
f 150 1530 1526
f 153 1548 1544
f 140 1470 1466
f 138 1457 1453
f 159 1583 1579
f 122 1361 1357
f 107 1270 1268
f 103 1246 1244
f 104 1251 1249
f 110 1287 1285
f 113 1305 1303
f 118 1335 1333
f 154 1552 1550
f 141 1474 1472
f 162 1600 1598
f 121 1353 1351
f 142 1480 1478
f 129 1402 1400
f 130 1407 1405
f 144 1491 1489
f 146 1503 1501
f 151 1534 1532
f 131 1413 1411
f 136 1443 1441
f 161 1593 1591
f 126 1384 1382
f 116 1324 1322
f 108 1276 1274
f 106 1264 1262
f 112 1300 1298
f 115 1318 1316
f 119 1342 1340
f 156 1563 1561
f 139 1461 1459
f 160 1587 1585
f 120 1348 1346
f 149 1522 1520
f 132 1419 1417
f 128 1396 1394
f 145 1498 1496
f 148 1516 1514
f 155 1558 1556
f 133 1426 1424
f 134 1432 1430
f 157 1569 1567
f 124 1371 1369
f 109 1281 1279
f 105 1257 1255
f 111 1293 1291
f 114 1311 1309
f 117 1329 1327
f 125 1377 1375
f 152 1539 1537
f 137 1450 1448
f 158 1576 1574
f 123 1366 1364
f 143 1485 1483
f 127 1389 1387
f 135 1438 1436
f 147 1509 1507
f 150 1527 1525
f 153 1545 1543
f 140 1467 1465
f 138 1456 1454
f 159 1582 1580
f 122 1360 1358
f 107 1271 1267
f 103 1247 1243
f 104 1254 1250
f 110 1290 1286
f 113 1308 1304
f 118 1338 1334
f 154 1553 1549
f 141 1475 1471
f 162 1601 1597
f 121 1356 1352
f 142 1481 1477
f 129 1403 1399
f 130 1410 1406
f 144 1494 1490
f 146 1506 1502
f 151 1535 1531
f 131 1416 1412
f 136 1446 1442
f 161 1596 1592
f 126 1385 1381
f 44 894 890
f 43 887 884
f 45 899 896
f 46 905 902
f 47 912 908
f 52 941 938
f 70 1050 1046
f 99 1224 1220
f 95 1200 1196
f 81 1115 1112
f 59 984 980
f 58 977 974
f 60 989 986
f 61 995 992
f 62 1002 998
f 65 1019 1016
f 57 971 968
f 77 1091 1088
f 86 1146 1142
f 88 1158 1154
f 98 1217 1214
f 68 1037 1034
f 48 918 914
f 78 1098 1094
f 93 1188 1184
f 69 1044 1040
f 101 1236 1232
f 97 1212 1208
f 82 1122 1118
f 50 930 926
f 89 1163 1160
f 64 1013 1010
f 53 948 944
f 74 1074 1070
f 84 1134 1130
f 90 1170 1166
f 63 1008 1004
f 55 960 956
f 76 1086 1082
f 87 1151 1148
f 72 1061 1058
f 49 923 920
f 79 1103 1100
f 96 1205 1202
f 102 1241 1238
f 91 1175 1172
f 67 1032 1028
f 56 966 962
f 75 1080 1076
f 83 1127 1124
f 66 1025 1022
f 54 953 950
f 73 1067 1064
f 85 1139 1136
f 92 1182 1178
f 71 1056 1052
f 100 1229 1226
f 94 1193 1190
f 80 1109 1106
f 51 936 932
f 116 1325 1321
f 108 1277 1273
f 106 1265 1261
f 112 1301 1297
f 115 1319 1315
f 119 1343 1339
f 156 1566 1562
f 139 1464 1460
f 160 1590 1586
f 120 1349 1345
f 149 1523 1519
f 132 1422 1418
f 128 1397 1393
f 145 1499 1495
f 148 1517 1513
f 155 1559 1555
f 133 1427 1423
f 134 1433 1429
f 157 1572 1568
f 124 1374 1370
f 44 892 894
f 43 885 887
f 45 897 899
f 46 903 905
f 47 910 912
f 52 939 941
f 70 1048 1050
f 99 1222 1224
f 95 1198 1200
f 81 1113 1115
f 59 982 984
f 58 975 977
f 60 987 989
f 61 993 995
f 62 1000 1002
f 65 1017 1019
f 57 969 971
f 77 1089 1091
f 86 1144 1146
f 88 1156 1158
f 98 1215 1217
f 68 1035 1037
f 48 916 918
f 78 1096 1098
f 93 1186 1188
f 69 1042 1044
f 101 1234 1236
f 97 1210 1212
f 82 1120 1122
f 50 928 930
f 89 1161 1163
f 64 1011 1013
f 53 946 948
f 74 1072 1074
f 84 1132 1134
f 90 1168 1170
f 63 1006 1008
f 55 958 960
f 76 1084 1086
f 87 1149 1151
f 72 1059 1061
f 49 921 923
f 79 1101 1103
f 96 1203 1205
f 102 1239 1241
f 91 1173 1175
f 67 1030 1032
f 56 964 966
f 75 1078 1080
f 83 1125 1127
f 66 1023 1025
f 54 951 953
f 73 1065 1067
f 85 1137 1139
f 92 1180 1182
f 71 1054 1056
f 100 1227 1229
f 94 1191 1193
f 80 1107 1109
f 51 934 936
f 116 1326 1325
f 108 1278 1277
f 106 1266 1265
f 112 1302 1301
f 115 1320 1319
f 119 1344 1343
f 156 1565 1566
f 139 1463 1464
f 160 1589 1590
f 120 1350 1349
f 149 1524 1523
f 132 1421 1422
f 128 1398 1397
f 145 1500 1499
f 148 1518 1517
f 155 1560 1559
f 133 1428 1427
f 134 1434 1433
f 157 1571 1572
f 124 1373 1374
f 44 889 892
f 43 883 885
f 45 895 897
f 46 901 903
f 47 907 910
f 52 937 939
f 70 1045 1048
f 99 1219 1222
f 95 1195 1198
f 81 1111 1113
f 59 979 982
f 58 973 975
f 60 985 987
f 61 991 993
f 62 997 1000
f 65 1015 1017
f 57 967 969
f 77 1087 1089
f 86 1141 1144
f 88 1153 1156
f 98 1213 1215
f 68 1033 1035
f 48 913 916
f 78 1093 1096
f 93 1183 1186
f 69 1039 1042
f 101 1231 1234
f 97 1207 1210
f 82 1117 1120
f 50 925 928
f 89 1159 1161
f 64 1009 1011
f 53 943 946
f 74 1069 1072
f 84 1129 1132
f 90 1165 1168
f 63 1003 1006
f 55 955 958
f 76 1081 1084
f 87 1147 1149
f 72 1057 1059
f 49 919 921
f 79 1099 1101
f 96 1201 1203
f 102 1237 1239
f 91 1171 1173
f 67 1027 1030
f 56 961 964
f 75 1075 1078
f 83 1123 1125
f 66 1021 1023
f 54 949 951
f 73 1063 1065
f 85 1135 1137
f 92 1177 1180
f 71 1051 1054
f 100 1225 1227
f 94 1189 1191
f 80 1105 1107
f 51 931 934
f 116 1322 1326
f 108 1274 1278
f 106 1262 1266
f 112 1298 1302
f 115 1316 1320
f 119 1340 1344
f 156 1561 1565
f 139 1459 1463
f 160 1585 1589
f 120 1346 1350
f 149 1520 1524
f 132 1417 1421
f 128 1394 1398
f 145 1496 1500
f 148 1514 1518
f 155 1556 1560
f 133 1424 1428
f 134 1430 1434
f 157 1567 1571
f 124 1369 1373
f 47 908 911
f 44 890 893
f 43 884 888
f 45 896 900
f 46 902 906
f 49 920 924
f 72 1058 1062
f 102 1238 1242
f 96 1202 1206
f 79 1100 1104
f 62 998 1001
f 59 980 983
f 58 974 978
f 60 986 990
f 61 992 996
f 66 1022 1026
f 54 950 954
f 73 1064 1068
f 85 1136 1140
f 92 1178 1181
f 101 1232 1235
f 69 1040 1043
f 50 926 929
f 82 1118 1121
f 97 1208 1211
f 71 1052 1055
f 100 1226 1230
f 94 1190 1194
f 80 1106 1110
f 51 932 935
f 90 1166 1169
f 63 1004 1007
f 55 956 959
f 76 1082 1085
f 87 1148 1152
f 91 1172 1176
f 67 1028 1031
f 56 962 965
f 75 1076 1079
f 83 1124 1128
f 68 1034 1038
f 48 914 917
f 78 1094 1097
f 93 1184 1187
f 98 1214 1218
f 88 1154 1157
f 65 1016 1020
f 57 968 972
f 77 1088 1092
f 86 1142 1145
f 64 1010 1014
f 53 944 947
f 74 1070 1073
f 84 1130 1133
f 89 1160 1164
f 70 1046 1049
f 99 1220 1223
f 95 1196 1199
f 81 1112 1116
f 52 938 942
f 109 1279 1283
f 105 1255 1259
f 111 1291 1295
f 114 1309 1313
f 117 1327 1331
f 125 1375 1379
f 152 1537 1541
f 137 1448 1452
f 158 1574 1578
f 123 1364 1368
f 143 1483 1487
f 127 1387 1391
f 135 1436 1440
f 147 1507 1511
f 150 1525 1529
f 153 1543 1547
f 140 1465 1469
f 138 1454 1458
f 159 1580 1584
f 122 1358 1362
f 107 1267 1269
f 103 1243 1245
f 104 1250 1252
f 110 1286 1288
f 113 1304 1306
f 118 1334 1336
f 154 1549 1551
f 141 1471 1473
f 162 1597 1599
f 121 1352 1354
f 142 1477 1479
f 129 1399 1401
f 130 1406 1408
f 144 1490 1492
f 146 1502 1504
f 151 1531 1533
f 131 1412 1414
f 136 1442 1444
f 161 1592 1594
f 126 1381 1383
f 116 1321 1323
f 108 1273 1275
f 106 1261 1263
f 112 1297 1299
f 115 1315 1317
f 119 1339 1341
f 156 1562 1564
f 139 1460 1462
f 160 1586 1588
f 120 1345 1347
f 149 1519 1521
f 132 1418 1420
f 128 1393 1395
f 145 1495 1497
f 148 1513 1515
f 155 1555 1557
f 133 1423 1425
f 134 1429 1431
f 157 1568 1570
f 124 1370 1372
f 109 1280 1282
f 105 1256 1258
f 111 1292 1294
f 114 1310 1312
f 117 1328 1330
f 125 1376 1378
f 152 1538 1540
f 137 1447 1449
f 158 1573 1575
f 123 1363 1365
f 143 1484 1486
f 127 1388 1390
f 135 1435 1437
f 147 1508 1510
f 150 1526 1528
f 153 1544 1546
f 140 1466 1468
f 138 1453 1455
f 159 1579 1581
f 122 1357 1359
f 107 1268 1272
f 103 1244 1248
f 104 1249 1253
f 110 1285 1289
f 113 1303 1307
f 118 1333 1337
f 154 1550 1554
f 141 1472 1476
f 162 1598 1602
f 121 1351 1355
f 142 1478 1482
f 129 1400 1404
f 130 1405 1409
f 144 1489 1493
f 146 1501 1505
f 151 1532 1536
f 131 1411 1415
f 136 1441 1445
f 161 1591 1595
f 126 1382 1386
f 47 911 909
f 44 893 891
f 43 888 886
f 45 900 898
f 46 906 904
f 49 924 922
f 72 1062 1060
f 102 1242 1240
f 96 1206 1204
f 79 1104 1102
f 62 1001 999
f 59 983 981
f 58 978 976
f 60 990 988
f 61 996 994
f 66 1026 1024
f 54 954 952
f 73 1068 1066
f 85 1140 1138
f 92 1181 1179
f 101 1235 1233
f 69 1043 1041
f 50 929 927
f 82 1121 1119
f 97 1211 1209
f 71 1055 1053
f 100 1230 1228
f 94 1194 1192
f 80 1110 1108
f 51 935 933
f 90 1169 1167
f 63 1007 1005
f 55 959 957
f 76 1085 1083
f 87 1152 1150
f 91 1176 1174
f 67 1031 1029
f 56 965 963
f 75 1079 1077
f 83 1128 1126
f 68 1038 1036
f 48 917 915
f 78 1097 1095
f 93 1187 1185
f 98 1218 1216
f 88 1157 1155
f 65 1020 1018
f 57 972 970
f 77 1092 1090
f 86 1145 1143
f 64 1014 1012
f 53 947 945
f 74 1073 1071
f 84 1133 1131
f 89 1164 1162
f 70 1049 1047
f 99 1223 1221
f 95 1199 1197
f 81 1116 1114
f 52 942 940
f 109 1283 1284
f 105 1259 1260
f 111 1295 1296
f 114 1313 1314
f 117 1331 1332
f 125 1379 1380
f 152 1541 1542
f 137 1452 1451
f 158 1578 1577
f 123 1368 1367
f 143 1487 1488
f 127 1391 1392
f 135 1440 1439
f 147 1511 1512
f 150 1529 1530
f 153 1547 1548
f 140 1469 1470
f 138 1458 1457
f 159 1584 1583
f 122 1362 1361
f 407 1609 1616
f 403 1605 1608
f 404 1611 1606
f 410 1614 1612
f 413 1617 1615
f 422 1631 1624
f 486 1688 1692
f 573 1775 1782
f 561 1763 1765
f 512 1719 1714
f 452 1654 1661
f 448 1650 1653
f 449 1656 1651
f 455 1659 1657
f 458 1662 1660
f 470 1672 1675
f 437 1646 1639
f 494 1706 1696
f 531 1735 1733
f 539 1741 1751
f 568 1770 1779
f 478 1680 1683
f 419 1621 1626
f 509 1711 1721
f 554 1756 1766
f 482 1684 1689
f 576 1780 1778
f 558 1767 1760
f 516 1722 1718
f 425 1627 1629
f 542 1744 1747
f 463 1668 1665
f 434 1636 1641
f 497 1699 1704
f 528 1730 1737
f 546 1748 1750
f 464 1666 1676
f 440 1642 1644
f 500 1705 1702
f 524 1736 1726
f 479 1691 1681
f 418 1623 1620
f 508 1713 1710
f 553 1764 1755
f 569 1781 1771
f 538 1749 1740
f 471 1677 1673
f 443 1645 1647
f 501 1703 1707
f 523 1725 1734
f 467 1674 1669
f 433 1638 1635
f 493 1695 1698
f 527 1732 1729
f 543 1752 1745
f 485 1690 1687
f 572 1777 1774
f 557 1759 1762
f 515 1717 1720
f 428 1630 1632
f 591 2191 2189
f 587 1885 1883
f 588 1901 1903
f 594 2279 2281
f 597 2315 2317
f 600 2171 2173
f 634 2160 2158
f 619 2016 2012
f 639 2214 2210
f 602 1919 1924
f 624 2137 2135
f 608 1978 1973
f 610 1991 1996
f 627 2225 2227
f 630 2302 2304
f 635 2178 2176
f 615 2153 2155
f 617 2009 2014
f 637 2207 2212
f 604 1926 1922
f 416 1857 1864
f 408 1803 1810
f 406 1786 1795
f 412 1822 1831
f 415 1840 1849
f 424 1876 1887
f 492 2182 2193
f 582 2312 2321
f 565 2276 2285
f 514 1898 1907
f 461 2091 2098
f 453 2037 2044
f 451 1952 1961
f 457 2056 2067
f 460 2074 2083
f 475 2128 2139
f 439 1966 1975
f 496 1988 1997
f 533 2222 2231
f 551 2293 2298
f 579 2185 2190
f 483 1879 1884
f 426 1893 1900
f 521 2271 2278
f 566 2307 2314
f 489 2163 2170
f 578 2150 2159
f 560 2006 2015
f 518 2204 2213
f 429 1911 1918
f 547 2131 2136
f 465 1969 1977
f 441 1983 1990
f 504 2217 2224
f 537 2290 2301
f 550 2168 2177
f 476 2145 2152
f 444 2001 2008
f 502 2199 2206
f 526 1916 1925
f 481 1808 1817
f 420 1789 1797
f 510 1825 1833
f 555 1843 1851
f 571 1862 1871
f 540 1933 1941
f 473 2110 2119
f 447 2020 2029
f 507 2236 2247
f 534 2257 2262
f 469 2042 2051
f 435 1947 1954
f 498 2059 2064
f 529 2077 2085
f 545 2096 2105
f 487 2113 2121
f 574 2023 2031
f 562 2239 2244
f 520 2254 2265
f 432 1930 1939
f 589 1818 1814
f 583 1798 1793
f 586 1834 1829
f 593 1852 1847
f 596 1872 1868
f 599 1942 1937
f 633 2120 2124
f 620 2030 2034
f 640 2248 2250
f 603 2263 2261
f 622 2052 2050
f 607 1955 1960
f 612 2065 2063
f 626 2086 2081
f 629 2106 2102
f 631 2122 2117
f 614 2032 2027
f 618 2245 2243
f 641 2266 2268
f 605 1940 1944
f 409 1813 1804
f 405 1792 1785
f 411 1828 1821
f 414 1846 1839
f 417 1867 1858
f 431 1936 1929
f 488 2123 2114
f 575 2033 2024
f 563 2249 2240
f 519 2260 2253
f 454 2049 2038
f 450 1959 1951
f 456 2062 2055
f 459 2080 2073
f 462 2101 2092
f 472 2116 2109
f 446 2026 2019
f 506 2242 2235
f 535 2267 2258
f 541 1943 1934
f 570 1869 1861
f 480 1815 1807
f 421 1799 1790
f 511 1835 1826
f 556 1853 1844
f 484 1889 1880
f 580 2195 2186
f 567 2319 2308
f 522 2283 2272
f 427 1905 1894
f 544 2103 2095
f 468 2046 2041
f 436 1957 1948
f 499 2069 2060
f 530 2087 2078
f 548 2141 2132
f 466 1979 1970
f 442 1993 1984
f 505 2229 2218
f 536 2296 2289
f 491 2188 2181
f 423 1882 1875
f 513 1902 1897
f 564 2280 2275
f 581 2316 2311
f 549 2172 2167
f 477 2157 2146
f 445 2011 2002
f 503 2209 2200
f 525 1923 1915
f 474 2134 2127
f 438 1972 1965
f 495 1995 1987
f 532 2226 2221
f 552 2303 2294
f 490 2175 2164
f 577 2154 2149
f 559 2013 2005
f 517 2211 2203
f 430 1921 1912
f 590 1865 1870
f 584 1811 1816
f 585 1796 1800
f 592 1832 1836
f 595 1850 1854
f 598 1888 1890
f 636 2194 2196
f 621 2322 2320
f 642 2286 2284
f 601 1908 1906
f 623 2099 2104
f 611 2045 2047
f 609 1962 1958
f 625 2068 2070
f 628 2084 2088
f 632 2140 2142
f 613 1976 1980
f 616 1998 1994
f 638 2232 2230
f 606 2299 2297
f 407 2330 2329
f 403 2324 2323
f 404 2325 2326
f 410 2332 2333
f 413 2335 2336
f 422 2344 2345
f 486 2410 2409
f 573 2497 2496
f 561 2486 2485
f 512 2434 2435
f 452 2375 2374
f 448 2369 2368
f 449 2370 2371
f 455 2377 2378
f 458 2380 2381
f 470 2393 2392
f 437 2359 2360
f 494 2415 2416
f 531 2455 2456
f 539 2461 2460
f 568 2489 2488
f 478 2399 2398
f 419 2341 2340
f 509 2431 2430
f 554 2476 2475
f 482 2405 2404
f 576 2500 2501
f 558 2481 2482
f 516 2439 2440
f 425 2348 2347
f 542 2465 2464
f 463 2383 2384
f 434 2356 2355
f 497 2420 2419
f 528 2452 2451
f 546 2471 2470
f 464 2386 2385
f 440 2363 2362
f 500 2422 2423
f 524 2445 2446
f 479 2400 2401
f 418 2338 2339
f 508 2428 2429
f 553 2473 2474
f 569 2490 2491
f 538 2458 2459
f 471 2394 2395
f 443 2366 2365
f 501 2425 2424
f 523 2444 2443
f 467 2389 2390
f 433 2353 2354
f 493 2414 2413
f 527 2449 2450
f 543 2466 2467
f 485 2407 2408
f 572 2494 2495
f 557 2480 2479
f 515 2438 2437
f 428 2351 2350
f 591 2510 2511
f 587 2504 2505
f 588 2508 2507
f 594 2514 2513
f 597 2517 2516
f 600 2520 2519
f 634 2554 2556
f 619 2539 2540
f 639 2560 2561
f 602 2523 2521
f 624 2543 2544
f 608 2527 2529
f 610 2532 2530
f 627 2547 2546
f 630 2550 2549
f 635 2552 2553
f 615 2535 2534
f 617 2538 2536
f 637 2558 2557
f 604 2524 2525
f 167 1607 647
f 164 1603 644
f 163 1604 643
f 165 1610 645
f 166 1613 646
f 169 1622 649
f 192 1686 672
f 222 1773 702
f 216 1761 696
f 199 1712 679
f 182 1652 662
f 179 1648 659
f 178 1649 658
f 180 1655 660
f 181 1658 661
f 186 1670 666
f 174 1637 654
f 193 1694 673
f 205 1731 685
f 212 1739 692
f 221 1768 701
f 189 1678 669
f 170 1619 650
f 202 1709 682
f 217 1754 697
f 191 1682 671
f 220 1776 700
f 214 1758 694
f 200 1716 680
f 171 1625 651
f 210 1742 690
f 183 1663 663
f 175 1634 655
f 196 1697 676
f 207 1728 687
f 211 1746 691
f 187 1664 667
f 176 1640 656
f 195 1700 675
f 203 1724 683
f 188 1679 668
f 168 1618 648
f 198 1708 678
f 213 1753 693
f 218 1769 698
f 208 1738 688
f 185 1671 665
f 177 1643 657
f 197 1701 677
f 206 1723 686
f 184 1667 664
f 173 1633 653
f 194 1693 674
f 204 1727 684
f 209 1743 689
f 190 1685 670
f 219 1772 699
f 215 1757 695
f 201 1715 681
f 172 1628 652
f 357 2187 837
f 255 1881 735
f 262 1899 742
f 388 2277 868
f 400 2313 880
f 352 2169 832
f 347 2156 827
f 298 2010 778
f 364 2208 844
f 269 1917 749
f 339 2133 819
f 285 1971 765
f 293 1989 773
f 370 2223 850
f 396 2300 876
f 353 2174 833
f 346 2151 826
f 299 2007 779
f 365 2205 845
f 268 1920 748
f 249 1855 729
f 231 1801 711
f 226 1784 706
f 238 1820 718
f 244 1838 724
f 257 1874 737
f 359 2180 839
f 402 2310 882
f 390 2274 870
f 264 1896 744
f 327 2089 807
f 309 2035 789
f 282 1950 762
f 317 2054 797
f 322 2072 802
f 341 2126 821
f 286 1964 766
f 294 1986 774
f 372 2220 852
f 394 2291 874
f 358 2183 838
f 256 1877 736
f 261 1891 741
f 387 2269 867
f 399 2305 879
f 351 2161 831
f 348 2148 828
f 300 2004 780
f 366 2202 846
f 267 1909 747
f 340 2129 820
f 287 1967 767
f 291 1981 771
f 369 2215 849
f 395 2288 875
f 354 2166 834
f 345 2143 825
f 297 1999 777
f 363 2197 843
f 270 1914 750
f 234 1806 714
f 227 1787 707
f 239 1823 719
f 245 1841 725
f 252 1860 732
f 275 1931 755
f 334 2108 814
f 304 2018 784
f 377 2234 857
f 382 2255 862
f 312 2040 792
f 279 1945 759
f 316 2057 796
f 323 2075 803
f 330 2094 810
f 335 2111 815
f 305 2021 785
f 376 2237 856
f 383 2252 863
f 274 1928 754
f 232 1812 712
f 225 1791 705
f 237 1827 717
f 243 1845 723
f 250 1866 730
f 273 1935 753
f 336 2118 816
f 306 2028 786
f 378 2246 858
f 381 2259 861
f 311 2048 791
f 281 1953 761
f 315 2061 795
f 321 2079 801
f 328 2100 808
f 333 2115 813
f 303 2025 783
f 375 2241 855
f 384 2264 864
f 276 1938 756
f 229 1802 709
f 223 1783 703
f 235 1819 715
f 241 1837 721
f 247 1856 727
f 271 1927 751
f 332 2112 812
f 302 2022 782
f 374 2238 854
f 379 2251 859
f 307 2036 787
f 278 1949 758
f 313 2053 793
f 319 2071 799
f 325 2090 805
f 331 2107 811
f 301 2017 781
f 373 2233 853
f 380 2256 860
f 272 1932 752
f 248 1859 728
f 230 1805 710
f 224 1788 704
f 236 1824 716
f 242 1842 722
f 254 1878 734
f 356 2184 836
f 397 2306 877
f 385 2270 865
f 259 1892 739
f 326 2093 806
f 308 2039 788
f 277 1946 757
f 314 2058 794
f 320 2076 800
f 338 2130 818
f 284 1968 764
f 289 1982 769
f 367 2216 847
f 391 2287 871
f 355 2179 835
f 253 1873 733
f 260 1895 740
f 386 2273 866
f 398 2309 878
f 350 2165 830
f 343 2144 823
f 295 2000 775
f 361 2198 841
f 266 1913 746
f 337 2125 817
f 283 1963 763
f 290 1985 770
f 368 2219 848
f 392 2292 872
f 349 2162 829
f 344 2147 824
f 296 2003 776
f 362 2201 842
f 265 1910 745
f 251 1863 731
f 233 1809 713
f 228 1794 708
f 240 1830 720
f 246 1848 726
f 258 1886 738
f 360 2192 840
f 401 2318 881
f 389 2282 869
f 263 1904 743
f 329 2097 809
f 310 2043 790
f 280 1956 760
f 318 2066 798
f 324 2082 804
f 342 2138 822
f 288 1974 768
f 292 1992 772
f 371 2228 851
f 393 2295 873
f 409 2331 1269
f 405 2327 1245
f 411 2328 1252
f 414 2334 1288
f 417 2337 1306
f 431 2346 1336
f 488 2412 1551
f 575 2499 1473
f 563 2487 1599
f 519 2436 1354
f 454 2376 1479
f 450 2372 1401
f 456 2373 1408
f 459 2379 1492
f 462 2382 1504
f 472 2396 1533
f 446 2361 1414
f 506 2418 1444
f 535 2457 1594
f 541 2463 1383
f 570 2492 1323
f 480 2402 1275
f 421 2343 1263
f 511 2433 1299
f 556 2478 1317
f 484 2406 1341
f 580 2502 1564
f 567 2484 1462
f 522 2442 1588
f 427 2349 1347
f 544 2468 1521
f 468 2387 1420
f 436 2358 1395
f 499 2421 1497
f 530 2454 1515
f 548 2472 1557
f 466 2388 1425
f 442 2364 1431
f 505 2426 1570
f 536 2448 1372
f 491 2403 1282
f 423 2342 1258
f 513 2432 1294
f 564 2477 1312
f 581 2493 1330
f 549 2462 1378
f 477 2397 1540
f 445 2367 1449
f 503 2427 1575
f 525 2447 1365
f 474 2391 1486
f 438 2357 1390
f 495 2417 1437
f 532 2453 1510
f 552 2469 1528
f 490 2411 1546
f 577 2498 1468
f 559 2483 1455
f 517 2441 1581
f 430 2352 1359
f 590 2509 1272
f 584 2503 1248
f 585 2506 1253
f 592 2512 1289
f 595 2515 1307
f 598 2518 1337
f 636 2555 1554
f 621 2541 1476
f 642 2562 1602
f 601 2522 1355
f 623 2542 1482
f 611 2528 1404
f 609 2531 1409
f 625 2545 1493
f 628 2548 1505
f 632 2551 1536
f 613 2533 1415
f 616 2537 1445
f 638 2559 1595
f 606 2526 1386
f 407 1616 909
f 403 1608 891
f 404 1606 886
f 410 1612 898
f 413 1615 904
f 422 1624 922
f 486 1692 1060
f 573 1782 1240
f 561 1765 1204
f 512 1714 1102
f 452 1661 999
f 448 1653 981
f 449 1651 976
f 455 1657 988
f 458 1660 994
f 470 1675 1024
f 437 1639 952
f 494 1696 1066
f 531 1733 1138
f 539 1751 1179
f 568 1779 1233
f 478 1683 1041
f 419 1626 927
f 509 1721 1119
f 554 1766 1209
f 482 1689 1053
f 576 1778 1228
f 558 1760 1192
f 516 1718 1108
f 425 1629 933
f 542 1747 1167
f 463 1665 1005
f 434 1641 957
f 497 1704 1083
f 528 1737 1150
f 546 1750 1174
f 464 1676 1029
f 440 1644 963
f 500 1702 1077
f 524 1726 1126
f 479 1681 1036
f 418 1620 915
f 508 1710 1095
f 553 1755 1185
f 569 1771 1216
f 538 1740 1155
f 471 1673 1018
f 443 1647 970
f 501 1707 1090
f 523 1734 1143
f 467 1669 1012
f 433 1635 945
f 493 1698 1071
f 527 1729 1131
f 543 1745 1162
f 485 1687 1047
f 572 1774 1221
f 557 1762 1197
f 515 1720 1114
f 428 1632 940
f 591 2189 1284
f 587 1883 1260
f 588 1903 1296
f 594 2281 1314
f 597 2317 1332
f 600 2173 1380
f 634 2158 1542
f 619 2012 1451
f 639 2210 1577
f 602 1924 1367
f 624 2135 1488
f 608 1973 1392
f 610 1996 1439
f 627 2227 1512
f 630 2304 1530
f 635 2176 1548
f 615 2155 1470
f 617 2014 1457
f 637 2212 1583
f 604 1922 1361
f 416 1864 1270
f 408 1810 1246
f 406 1795 1251
f 412 1831 1287
f 415 1849 1305
f 424 1887 1335
f 492 2193 1552
f 582 2321 1474
f 565 2285 1600
f 514 1907 1353
f 461 2098 1480
f 453 2044 1402
f 451 1961 1407
f 457 2067 1491
f 460 2083 1503
f 475 2139 1534
f 439 1975 1413
f 496 1997 1443
f 533 2231 1593
f 551 2298 1384
f 579 2190 1324
f 483 1884 1276
f 426 1900 1264
f 521 2278 1300
f 566 2314 1318
f 489 2170 1342
f 578 2159 1563
f 560 2015 1461
f 518 2213 1587
f 429 1918 1348
f 547 2136 1522
f 465 1977 1419
f 441 1990 1396
f 504 2224 1498
f 537 2301 1516
f 550 2177 1558
f 476 2152 1426
f 444 2008 1432
f 502 2206 1569
f 526 1925 1371
f 481 1817 1281
f 420 1797 1257
f 510 1833 1293
f 555 1851 1311
f 571 1871 1329
f 540 1941 1377
f 473 2119 1539
f 447 2029 1450
f 507 2247 1576
f 534 2262 1366
f 469 2051 1485
f 435 1954 1389
f 498 2064 1438
f 529 2085 1509
f 545 2105 1527
f 487 2121 1545
f 574 2031 1467
f 562 2244 1456
f 520 2265 1582
f 432 1939 1360
f 589 1814 1271
f 583 1793 1247
f 586 1829 1254
f 593 1847 1290
f 596 1868 1308
f 599 1937 1338
f 633 2124 1553
f 620 2034 1475
f 640 2250 1601
f 603 2261 1356
f 622 2050 1481
f 607 1960 1403
f 612 2063 1410
f 626 2081 1494
f 629 2102 1506
f 631 2117 1535
f 614 2027 1416
f 618 2243 1446
f 641 2268 1596
f 605 1944 1385
f 409 1804 894
f 405 1785 887
f 411 1821 899
f 414 1839 905
f 417 1858 912
f 431 1929 941
f 488 2114 1050
f 575 2024 1224
f 563 2240 1200
f 519 2253 1115
f 454 2038 984
f 450 1951 977
f 456 2055 989
f 459 2073 995
f 462 2092 1002
f 472 2109 1019
f 446 2019 971
f 506 2235 1091
f 535 2258 1146
f 541 1934 1158
f 570 1861 1217
f 480 1807 1037
f 421 1790 918
f 511 1826 1098
f 556 1844 1188
f 484 1880 1044
f 580 2186 1236
f 567 2308 1212
f 522 2272 1122
f 427 1894 930
f 544 2095 1163
f 468 2041 1013
f 436 1948 948
f 499 2060 1074
f 530 2078 1134
f 548 2132 1170
f 466 1970 1008
f 442 1984 960
f 505 2218 1086
f 536 2289 1151
f 491 2181 1061
f 423 1875 923
f 513 1897 1103
f 564 2275 1205
f 581 2311 1241
f 549 2167 1175
f 477 2146 1032
f 445 2002 966
f 503 2200 1080
f 525 1915 1127
f 474 2127 1025
f 438 1965 953
f 495 1987 1067
f 532 2221 1139
f 552 2294 1182
f 490 2164 1056
f 577 2149 1229
f 559 2005 1193
f 517 2203 1109
f 430 1912 936
f 590 1870 1325
f 584 1816 1277
f 585 1800 1265
f 592 1836 1301
f 595 1854 1319
f 598 1890 1343
f 636 2196 1566
f 621 2320 1464
f 642 2284 1590
f 601 1906 1349
f 623 2104 1523
f 611 2047 1422
f 609 1958 1397
f 625 2070 1499
f 628 2088 1517
f 632 2142 1559
f 613 1980 1427
f 616 1994 1433
f 638 2230 1572
f 606 2297 1374
f 407 2329 892
f 403 2323 885
f 404 2326 897
f 410 2333 903
f 413 2336 910
f 422 2345 939
f 486 2409 1048
f 573 2496 1222
f 561 2485 1198
f 512 2435 1113
f 452 2374 982
f 448 2368 975
f 449 2371 987
f 455 2378 993
f 458 2381 1000
f 470 2392 1017
f 437 2360 969
f 494 2416 1089
f 531 2456 1144
f 539 2460 1156
f 568 2488 1215
f 478 2398 1035
f 419 2340 916
f 509 2430 1096
f 554 2475 1186
f 482 2404 1042
f 576 2501 1234
f 558 2482 1210
f 516 2440 1120
f 425 2347 928
f 542 2464 1161
f 463 2384 1011
f 434 2355 946
f 497 2419 1072
f 528 2451 1132
f 546 2470 1168
f 464 2385 1006
f 440 2362 958
f 500 2423 1084
f 524 2446 1149
f 479 2401 1059
f 418 2339 921
f 508 2429 1101
f 553 2474 1203
f 569 2491 1239
f 538 2459 1173
f 471 2395 1030
f 443 2365 964
f 501 2424 1078
f 523 2443 1125
f 467 2390 1023
f 433 2354 951
f 493 2413 1065
f 527 2450 1137
f 543 2467 1180
f 485 2408 1054
f 572 2495 1227
f 557 2479 1191
f 515 2437 1107
f 428 2350 934
f 591 2511 1326
f 587 2505 1278
f 588 2507 1266
f 594 2513 1302
f 597 2516 1320
f 600 2519 1344
f 634 2556 1565
f 619 2540 1463
f 639 2561 1589
f 602 2521 1350
f 624 2544 1524
f 608 2529 1421
f 610 2530 1398
f 627 2546 1500
f 630 2549 1518
f 635 2553 1560
f 615 2534 1428
f 617 2536 1434
f 637 2557 1571
f 604 2525 1373
f 164 1609 889
f 163 1605 883
f 165 1611 895
f 166 1614 901
f 167 1617 907
f 172 1631 937
f 190 1688 1045
f 219 1775 1219
f 215 1763 1195
f 201 1719 1111
f 179 1654 979
f 178 1650 973
f 180 1656 985
f 181 1659 991
f 182 1662 997
f 185 1672 1015
f 177 1646 967
f 197 1706 1087
f 206 1735 1141
f 208 1741 1153
f 218 1770 1213
f 188 1680 1033
f 168 1621 913
f 198 1711 1093
f 213 1756 1183
f 189 1684 1039
f 221 1780 1231
f 217 1767 1207
f 202 1722 1117
f 170 1627 925
f 209 1744 1159
f 184 1668 1009
f 173 1636 943
f 194 1699 1069
f 204 1730 1129
f 210 1748 1165
f 183 1666 1003
f 175 1642 955
f 196 1705 1081
f 207 1736 1147
f 192 1691 1057
f 169 1623 919
f 199 1713 1099
f 216 1764 1201
f 222 1781 1237
f 211 1749 1171
f 187 1677 1027
f 176 1645 961
f 195 1703 1075
f 203 1725 1123
f 186 1674 1021
f 174 1638 949
f 193 1695 1063
f 205 1732 1135
f 212 1752 1177
f 191 1690 1051
f 220 1777 1225
f 214 1759 1189
f 200 1717 1105
f 171 1630 931
f 358 2191 1322
f 256 1885 1274
f 261 1901 1262
f 387 2279 1298
f 399 2315 1316
f 351 2171 1340
f 348 2160 1561
f 300 2016 1459
f 366 2214 1585
f 267 1919 1346
f 340 2137 1520
f 287 1978 1417
f 291 1991 1394
f 369 2225 1496
f 395 2302 1514
f 354 2178 1556
f 345 2153 1424
f 297 2009 1430
f 363 2207 1567
f 270 1926 1369
f 247 1857 908
f 229 1803 890
f 223 1786 884
f 235 1822 896
f 241 1840 902
f 253 1876 920
f 355 2182 1058
f 398 2312 1238
f 386 2276 1202
f 260 1898 1100
f 325 2091 998
f 307 2037 980
f 278 1952 974
f 313 2056 986
f 319 2074 992
f 337 2128 1022
f 283 1966 950
f 290 1988 1064
f 368 2222 1136
f 392 2293 1178
f 356 2185 1232
f 254 1879 1040
f 259 1893 926
f 385 2271 1118
f 397 2307 1208
f 349 2163 1052
f 344 2150 1226
f 296 2006 1190
f 362 2204 1106
f 265 1911 932
f 338 2131 1166
f 284 1969 1004
f 289 1983 956
f 367 2217 1082
f 391 2290 1148
f 350 2168 1172
f 343 2145 1028
f 295 2001 962
f 361 2199 1076
f 266 1916 1124
f 230 1808 1034
f 224 1789 914
f 236 1825 1094
f 242 1843 1184
f 248 1862 1214
f 272 1933 1154
f 331 2110 1016
f 301 2020 968
f 373 2236 1088
f 380 2257 1142
f 308 2042 1010
f 277 1947 944
f 314 2059 1070
f 320 2077 1130
f 326 2096 1160
f 332 2113 1046
f 302 2023 1220
f 374 2239 1196
f 379 2254 1112
f 271 1930 938
f 234 1818 1279
f 227 1798 1255
f 239 1834 1291
f 245 1852 1309
f 252 1872 1327
f 275 1942 1375
f 334 2120 1537
f 304 2030 1448
f 377 2248 1574
f 382 2263 1364
f 312 2052 1483
f 279 1955 1387
f 316 2065 1436
f 323 2086 1507
f 330 2106 1525
f 335 2122 1543
f 305 2032 1465
f 376 2245 1454
f 383 2266 1580
f 274 1940 1358
f 232 1813 1267
f 225 1792 1243
f 237 1828 1250
f 243 1846 1286
f 250 1867 1304
f 273 1936 1334
f 336 2123 1549
f 306 2033 1471
f 378 2249 1597
f 381 2260 1352
f 311 2049 1477
f 281 1959 1399
f 315 2062 1406
f 321 2080 1490
f 328 2101 1502
f 333 2116 1531
f 303 2026 1412
f 375 2242 1442
f 384 2267 1592
f 276 1943 1381
f 251 1869 1321
f 233 1815 1273
f 228 1799 1261
f 240 1835 1297
f 246 1853 1315
f 258 1889 1339
f 360 2195 1562
f 401 2319 1460
f 389 2283 1586
f 263 1905 1345
f 329 2103 1519
f 310 2046 1418
f 280 1957 1393
f 318 2069 1495
f 324 2087 1513
f 342 2141 1555
f 288 1979 1423
f 292 1993 1429
f 371 2229 1568
f 393 2296 1370
f 357 2188 1280
f 255 1882 1256
f 262 1902 1292
f 388 2280 1310
f 400 2316 1328
f 352 2172 1376
f 347 2157 1538
f 298 2011 1447
f 364 2209 1573
f 269 1923 1363
f 339 2134 1484
f 285 1972 1388
f 293 1995 1435
f 370 2226 1508
f 396 2303 1526
f 353 2175 1544
f 346 2154 1466
f 299 2013 1453
f 365 2211 1579
f 268 1921 1357
f 249 1865 1268
f 231 1811 1244
f 226 1796 1249
f 238 1832 1285
f 244 1850 1303
f 257 1888 1333
f 359 2194 1550
f 402 2322 1472
f 390 2286 1598
f 264 1908 1351
f 327 2099 1478
f 309 2045 1400
f 282 1962 1405
f 317 2068 1489
f 322 2084 1501
f 341 2140 1532
f 286 1976 1411
f 294 1998 1441
f 372 2232 1591
f 394 2299 1382
f 416 2330 911
f 408 2324 893
f 406 2325 888
f 412 2332 900
f 415 2335 906
f 424 2344 924
f 492 2410 1062
f 582 2497 1242
f 565 2486 1206
f 514 2434 1104
f 461 2375 1001
f 453 2369 983
f 451 2370 978
f 457 2377 990
f 460 2380 996
f 475 2393 1026
f 439 2359 954
f 496 2415 1068
f 533 2455 1140
f 551 2461 1181
f 579 2489 1235
f 483 2399 1043
f 426 2341 929
f 521 2431 1121
f 566 2476 1211
f 489 2405 1055
f 578 2500 1230
f 560 2481 1194
f 518 2439 1110
f 429 2348 935
f 547 2465 1169
f 465 2383 1007
f 441 2356 959
f 504 2420 1085
f 537 2452 1152
f 550 2471 1176
f 476 2386 1031
f 444 2363 965
f 502 2422 1079
f 526 2445 1128
f 481 2400 1038
f 420 2338 917
f 510 2428 1097
f 555 2473 1187
f 571 2490 1218
f 540 2458 1157
f 473 2394 1020
f 447 2366 972
f 507 2425 1092
f 534 2444 1145
f 469 2389 1014
f 435 2353 947
f 498 2414 1073
f 529 2449 1133
f 545 2466 1164
f 487 2407 1049
f 574 2494 1223
f 562 2480 1199
f 520 2438 1116
f 432 2351 942
f 589 2510 1283
f 583 2504 1259
f 586 2508 1295
f 593 2514 1313
f 596 2517 1331
f 599 2520 1379
f 633 2554 1541
f 620 2539 1452
f 640 2560 1578
f 603 2523 1368
f 622 2543 1487
f 607 2527 1391
f 612 2532 1440
f 626 2547 1511
f 629 2550 1529
f 631 2552 1547
f 614 2535 1469
f 618 2538 1458
f 641 2558 1584
f 605 2524 1362
f 164 1607 1609
f 163 1603 1605
f 165 1604 1611
f 166 1610 1614
f 167 1613 1617
f 172 1622 1631
f 190 1686 1688
f 219 1773 1775
f 215 1761 1763
f 201 1712 1719
f 179 1652 1654
f 178 1648 1650
f 180 1649 1656
f 181 1655 1659
f 182 1658 1662
f 185 1670 1672
f 177 1637 1646
f 197 1694 1706
f 206 1731 1735
f 208 1739 1741
f 218 1768 1770
f 188 1678 1680
f 168 1619 1621
f 198 1709 1711
f 213 1754 1756
f 189 1682 1684
f 221 1776 1780
f 217 1758 1767
f 202 1716 1722
f 170 1625 1627
f 209 1742 1744
f 184 1663 1668
f 173 1634 1636
f 194 1697 1699
f 204 1728 1730
f 210 1746 1748
f 183 1664 1666
f 175 1640 1642
f 196 1700 1705
f 207 1724 1736
f 192 1679 1691
f 169 1618 1623
f 199 1708 1713
f 216 1753 1764
f 222 1769 1781
f 211 1738 1749
f 187 1671 1677
f 176 1643 1645
f 195 1701 1703
f 203 1723 1725
f 186 1667 1674
f 174 1633 1638
f 193 1693 1695
f 205 1727 1732
f 212 1743 1752
f 191 1685 1690
f 220 1772 1777
f 214 1757 1759
f 200 1715 1717
f 171 1628 1630
f 358 2187 2191
f 256 1881 1885
f 261 1899 1901
f 387 2277 2279
f 399 2313 2315
f 351 2169 2171
f 348 2156 2160
f 300 2010 2016
f 366 2208 2214
f 267 1917 1919
f 340 2133 2137
f 287 1971 1978
f 291 1989 1991
f 369 2223 2225
f 395 2300 2302
f 354 2174 2178
f 345 2151 2153
f 297 2007 2009
f 363 2205 2207
f 270 1920 1926
f 247 1855 1857
f 229 1801 1803
f 223 1784 1786
f 235 1820 1822
f 241 1838 1840
f 253 1874 1876
f 355 2180 2182
f 398 2310 2312
f 386 2274 2276
f 260 1896 1898
f 325 2089 2091
f 307 2035 2037
f 278 1950 1952
f 313 2054 2056
f 319 2072 2074
f 337 2126 2128
f 283 1964 1966
f 290 1986 1988
f 368 2220 2222
f 392 2291 2293
f 356 2183 2185
f 254 1877 1879
f 259 1891 1893
f 385 2269 2271
f 397 2305 2307
f 349 2161 2163
f 344 2148 2150
f 296 2004 2006
f 362 2202 2204
f 265 1909 1911
f 338 2129 2131
f 284 1967 1969
f 289 1981 1983
f 367 2215 2217
f 391 2288 2290
f 350 2166 2168
f 343 2143 2145
f 295 1999 2001
f 361 2197 2199
f 266 1914 1916
f 230 1806 1808
f 224 1787 1789
f 236 1823 1825
f 242 1841 1843
f 248 1860 1862
f 272 1931 1933
f 331 2108 2110
f 301 2018 2020
f 373 2234 2236
f 380 2255 2257
f 308 2040 2042
f 277 1945 1947
f 314 2057 2059
f 320 2075 2077
f 326 2094 2096
f 332 2111 2113
f 302 2021 2023
f 374 2237 2239
f 379 2252 2254
f 271 1928 1930
f 234 1812 1818
f 227 1791 1798
f 239 1827 1834
f 245 1845 1852
f 252 1866 1872
f 275 1935 1942
f 334 2118 2120
f 304 2028 2030
f 377 2246 2248
f 382 2259 2263
f 312 2048 2052
f 279 1953 1955
f 316 2061 2065
f 323 2079 2086
f 330 2100 2106
f 335 2115 2122
f 305 2025 2032
f 376 2241 2245
f 383 2264 2266
f 274 1938 1940
f 232 1802 1813
f 225 1783 1792
f 237 1819 1828
f 243 1837 1846
f 250 1856 1867
f 273 1927 1936
f 336 2112 2123
f 306 2022 2033
f 378 2238 2249
f 381 2251 2260
f 311 2036 2049
f 281 1949 1959
f 315 2053 2062
f 321 2071 2080
f 328 2090 2101
f 333 2107 2116
f 303 2017 2026
f 375 2233 2242
f 384 2256 2267
f 276 1932 1943
f 251 1859 1869
f 233 1805 1815
f 228 1788 1799
f 240 1824 1835
f 246 1842 1853
f 258 1878 1889
f 360 2184 2195
f 401 2306 2319
f 389 2270 2283
f 263 1892 1905
f 329 2093 2103
f 310 2039 2046
f 280 1946 1957
f 318 2058 2069
f 324 2076 2087
f 342 2130 2141
f 288 1968 1979
f 292 1982 1993
f 371 2216 2229
f 393 2287 2296
f 357 2179 2188
f 255 1873 1882
f 262 1895 1902
f 388 2273 2280
f 400 2309 2316
f 352 2165 2172
f 347 2144 2157
f 298 2000 2011
f 364 2198 2209
f 269 1913 1923
f 339 2125 2134
f 285 1963 1972
f 293 1985 1995
f 370 2219 2226
f 396 2292 2303
f 353 2162 2175
f 346 2147 2154
f 299 2003 2013
f 365 2201 2211
f 268 1910 1921
f 249 1863 1865
f 231 1809 1811
f 226 1794 1796
f 238 1830 1832
f 244 1848 1850
f 257 1886 1888
f 359 2192 2194
f 402 2318 2322
f 390 2282 2286
f 264 1904 1908
f 327 2097 2099
f 309 2043 2045
f 282 1956 1962
f 317 2066 2068
f 322 2082 2084
f 341 2138 2140
f 286 1974 1976
f 294 1992 1998
f 372 2228 2232
f 394 2295 2299
f 416 2331 2330
f 408 2327 2324
f 406 2328 2325
f 412 2334 2332
f 415 2337 2335
f 424 2346 2344
f 492 2412 2410
f 582 2499 2497
f 565 2487 2486
f 514 2436 2434
f 461 2376 2375
f 453 2372 2369
f 451 2373 2370
f 457 2379 2377
f 460 2382 2380
f 475 2396 2393
f 439 2361 2359
f 496 2418 2415
f 533 2457 2455
f 551 2463 2461
f 579 2492 2489
f 483 2402 2399
f 426 2343 2341
f 521 2433 2431
f 566 2478 2476
f 489 2406 2405
f 578 2502 2500
f 560 2484 2481
f 518 2442 2439
f 429 2349 2348
f 547 2468 2465
f 465 2387 2383
f 441 2358 2356
f 504 2421 2420
f 537 2454 2452
f 550 2472 2471
f 476 2388 2386
f 444 2364 2363
f 502 2426 2422
f 526 2448 2445
f 481 2403 2400
f 420 2342 2338
f 510 2432 2428
f 555 2477 2473
f 571 2493 2490
f 540 2462 2458
f 473 2397 2394
f 447 2367 2366
f 507 2427 2425
f 534 2447 2444
f 469 2391 2389
f 435 2357 2353
f 498 2417 2414
f 529 2453 2449
f 545 2469 2466
f 487 2411 2407
f 574 2498 2494
f 562 2483 2480
f 520 2441 2438
f 432 2352 2351
f 589 2509 2510
f 583 2503 2504
f 586 2506 2508
f 593 2512 2514
f 596 2515 2517
f 599 2518 2520
f 633 2555 2554
f 620 2541 2539
f 640 2562 2560
f 603 2522 2523
f 622 2542 2543
f 607 2528 2527
f 612 2531 2532
f 626 2545 2547
f 629 2548 2550
f 631 2551 2552
f 614 2533 2535
f 618 2537 2538
f 641 2559 2558
f 605 2526 2524
f 164 644 1607
f 163 643 1603
f 165 645 1604
f 166 646 1610
f 167 647 1613
f 172 652 1622
f 190 670 1686
f 219 699 1773
f 215 695 1761
f 201 681 1712
f 179 659 1652
f 178 658 1648
f 180 660 1649
f 181 661 1655
f 182 662 1658
f 185 665 1670
f 177 657 1637
f 197 677 1694
f 206 686 1731
f 208 688 1739
f 218 698 1768
f 188 668 1678
f 168 648 1619
f 198 678 1709
f 213 693 1754
f 189 669 1682
f 221 701 1776
f 217 697 1758
f 202 682 1716
f 170 650 1625
f 209 689 1742
f 184 664 1663
f 173 653 1634
f 194 674 1697
f 204 684 1728
f 210 690 1746
f 183 663 1664
f 175 655 1640
f 196 676 1700
f 207 687 1724
f 192 672 1679
f 169 649 1618
f 199 679 1708
f 216 696 1753
f 222 702 1769
f 211 691 1738
f 187 667 1671
f 176 656 1643
f 195 675 1701
f 203 683 1723
f 186 666 1667
f 174 654 1633
f 193 673 1693
f 205 685 1727
f 212 692 1743
f 191 671 1685
f 220 700 1772
f 214 694 1757
f 200 680 1715
f 171 651 1628
f 358 838 2187
f 256 736 1881
f 261 741 1899
f 387 867 2277
f 399 879 2313
f 351 831 2169
f 348 828 2156
f 300 780 2010
f 366 846 2208
f 267 747 1917
f 340 820 2133
f 287 767 1971
f 291 771 1989
f 369 849 2223
f 395 875 2300
f 354 834 2174
f 345 825 2151
f 297 777 2007
f 363 843 2205
f 270 750 1920
f 247 727 1855
f 229 709 1801
f 223 703 1784
f 235 715 1820
f 241 721 1838
f 253 733 1874
f 355 835 2180
f 398 878 2310
f 386 866 2274
f 260 740 1896
f 325 805 2089
f 307 787 2035
f 278 758 1950
f 313 793 2054
f 319 799 2072
f 337 817 2126
f 283 763 1964
f 290 770 1986
f 368 848 2220
f 392 872 2291
f 356 836 2183
f 254 734 1877
f 259 739 1891
f 385 865 2269
f 397 877 2305
f 349 829 2161
f 344 824 2148
f 296 776 2004
f 362 842 2202
f 265 745 1909
f 338 818 2129
f 284 764 1967
f 289 769 1981
f 367 847 2215
f 391 871 2288
f 350 830 2166
f 343 823 2143
f 295 775 1999
f 361 841 2197
f 266 746 1914
f 230 710 1806
f 224 704 1787
f 236 716 1823
f 242 722 1841
f 248 728 1860
f 272 752 1931
f 331 811 2108
f 301 781 2018
f 373 853 2234
f 380 860 2255
f 308 788 2040
f 277 757 1945
f 314 794 2057
f 320 800 2075
f 326 806 2094
f 332 812 2111
f 302 782 2021
f 374 854 2237
f 379 859 2252
f 271 751 1928
f 234 714 1812
f 227 707 1791
f 239 719 1827
f 245 725 1845
f 252 732 1866
f 275 755 1935
f 334 814 2118
f 304 784 2028
f 377 857 2246
f 382 862 2259
f 312 792 2048
f 279 759 1953
f 316 796 2061
f 323 803 2079
f 330 810 2100
f 335 815 2115
f 305 785 2025
f 376 856 2241
f 383 863 2264
f 274 754 1938
f 232 712 1802
f 225 705 1783
f 237 717 1819
f 243 723 1837
f 250 730 1856
f 273 753 1927
f 336 816 2112
f 306 786 2022
f 378 858 2238
f 381 861 2251
f 311 791 2036
f 281 761 1949
f 315 795 2053
f 321 801 2071
f 328 808 2090
f 333 813 2107
f 303 783 2017
f 375 855 2233
f 384 864 2256
f 276 756 1932
f 251 731 1859
f 233 713 1805
f 228 708 1788
f 240 720 1824
f 246 726 1842
f 258 738 1878
f 360 840 2184
f 401 881 2306
f 389 869 2270
f 263 743 1892
f 329 809 2093
f 310 790 2039
f 280 760 1946
f 318 798 2058
f 324 804 2076
f 342 822 2130
f 288 768 1968
f 292 772 1982
f 371 851 2216
f 393 873 2287
f 357 837 2179
f 255 735 1873
f 262 742 1895
f 388 868 2273
f 400 880 2309
f 352 832 2165
f 347 827 2144
f 298 778 2000
f 364 844 2198
f 269 749 1913
f 339 819 2125
f 285 765 1963
f 293 773 1985
f 370 850 2219
f 396 876 2292
f 353 833 2162
f 346 826 2147
f 299 779 2003
f 365 845 2201
f 268 748 1910
f 249 729 1863
f 231 711 1809
f 226 706 1794
f 238 718 1830
f 244 724 1848
f 257 737 1886
f 359 839 2192
f 402 882 2318
f 390 870 2282
f 264 744 1904
f 327 807 2097
f 309 789 2043
f 282 762 1956
f 317 797 2066
f 322 802 2082
f 341 821 2138
f 286 766 1974
f 294 774 1992
f 372 852 2228
f 394 874 2295
f 416 1270 2331
f 408 1246 2327
f 406 1251 2328
f 412 1287 2334
f 415 1305 2337
f 424 1335 2346
f 492 1552 2412
f 582 1474 2499
f 565 1600 2487
f 514 1353 2436
f 461 1480 2376
f 453 1402 2372
f 451 1407 2373
f 457 1491 2379
f 460 1503 2382
f 475 1534 2396
f 439 1413 2361
f 496 1443 2418
f 533 1593 2457
f 551 1384 2463
f 579 1324 2492
f 483 1276 2402
f 426 1264 2343
f 521 1300 2433
f 566 1318 2478
f 489 1342 2406
f 578 1563 2502
f 560 1461 2484
f 518 1587 2442
f 429 1348 2349
f 547 1522 2468
f 465 1419 2387
f 441 1396 2358
f 504 1498 2421
f 537 1516 2454
f 550 1558 2472
f 476 1426 2388
f 444 1432 2364
f 502 1569 2426
f 526 1371 2448
f 481 1281 2403
f 420 1257 2342
f 510 1293 2432
f 555 1311 2477
f 571 1329 2493
f 540 1377 2462
f 473 1539 2397
f 447 1450 2367
f 507 1576 2427
f 534 1366 2447
f 469 1485 2391
f 435 1389 2357
f 498 1438 2417
f 529 1509 2453
f 545 1527 2469
f 487 1545 2411
f 574 1467 2498
f 562 1456 2483
f 520 1582 2441
f 432 1360 2352
f 589 1271 2509
f 583 1247 2503
f 586 1254 2506
f 593 1290 2512
f 596 1308 2515
f 599 1338 2518
f 633 1553 2555
f 620 1475 2541
f 640 1601 2562
f 603 1356 2522
f 622 1481 2542
f 607 1403 2528
f 612 1410 2531
f 626 1494 2545
f 629 1506 2548
f 631 1535 2551
f 614 1416 2533
f 618 1446 2537
f 641 1596 2559
f 605 1385 2526
f 167 907 1616
f 164 889 1608
f 163 883 1606
f 165 895 1612
f 166 901 1615
f 169 919 1624
f 192 1057 1692
f 222 1237 1782
f 216 1201 1765
f 199 1099 1714
f 182 997 1661
f 179 979 1653
f 178 973 1651
f 180 985 1657
f 181 991 1660
f 186 1021 1675
f 174 949 1639
f 193 1063 1696
f 205 1135 1733
f 212 1177 1751
f 221 1231 1779
f 189 1039 1683
f 170 925 1626
f 202 1117 1721
f 217 1207 1766
f 191 1051 1689
f 220 1225 1778
f 214 1189 1760
f 200 1105 1718
f 171 931 1629
f 210 1165 1747
f 183 1003 1665
f 175 955 1641
f 196 1081 1704
f 207 1147 1737
f 211 1171 1750
f 187 1027 1676
f 176 961 1644
f 195 1075 1702
f 203 1123 1726
f 188 1033 1681
f 168 913 1620
f 198 1093 1710
f 213 1183 1755
f 218 1213 1771
f 208 1153 1740
f 185 1015 1673
f 177 967 1647
f 197 1087 1707
f 206 1141 1734
f 184 1009 1669
f 173 943 1635
f 194 1069 1698
f 204 1129 1729
f 209 1159 1745
f 190 1045 1687
f 219 1219 1774
f 215 1195 1762
f 201 1111 1720
f 172 937 1632
f 357 1280 2189
f 255 1256 1883
f 262 1292 1903
f 388 1310 2281
f 400 1328 2317
f 352 1376 2173
f 347 1538 2158
f 298 1447 2012
f 364 1573 2210
f 269 1363 1924
f 339 1484 2135
f 285 1388 1973
f 293 1435 1996
f 370 1508 2227
f 396 1526 2304
f 353 1544 2176
f 346 1466 2155
f 299 1453 2014
f 365 1579 2212
f 268 1357 1922
f 249 1268 1864
f 231 1244 1810
f 226 1249 1795
f 238 1285 1831
f 244 1303 1849
f 257 1333 1887
f 359 1550 2193
f 402 1472 2321
f 390 1598 2285
f 264 1351 1907
f 327 1478 2098
f 309 1400 2044
f 282 1405 1961
f 317 1489 2067
f 322 1501 2083
f 341 1532 2139
f 286 1411 1975
f 294 1441 1997
f 372 1591 2231
f 394 1382 2298
f 358 1322 2190
f 256 1274 1884
f 261 1262 1900
f 387 1298 2278
f 399 1316 2314
f 351 1340 2170
f 348 1561 2159
f 300 1459 2015
f 366 1585 2213
f 267 1346 1918
f 340 1520 2136
f 287 1417 1977
f 291 1394 1990
f 369 1496 2224
f 395 1514 2301
f 354 1556 2177
f 345 1424 2152
f 297 1430 2008
f 363 1567 2206
f 270 1369 1925
f 234 1279 1817
f 227 1255 1797
f 239 1291 1833
f 245 1309 1851
f 252 1327 1871
f 275 1375 1941
f 334 1537 2119
f 304 1448 2029
f 377 1574 2247
f 382 1364 2262
f 312 1483 2051
f 279 1387 1954
f 316 1436 2064
f 323 1507 2085
f 330 1525 2105
f 335 1543 2121
f 305 1465 2031
f 376 1454 2244
f 383 1580 2265
f 274 1358 1939
f 232 1267 1814
f 225 1243 1793
f 237 1250 1829
f 243 1286 1847
f 250 1304 1868
f 273 1334 1937
f 336 1549 2124
f 306 1471 2034
f 378 1597 2250
f 381 1352 2261
f 311 1477 2050
f 281 1399 1960
f 315 1406 2063
f 321 1490 2081
f 328 1502 2102
f 333 1531 2117
f 303 1412 2027
f 375 1442 2243
f 384 1592 2268
f 276 1381 1944
f 229 890 1804
f 223 884 1785
f 235 896 1821
f 241 902 1839
f 247 908 1858
f 271 938 1929
f 332 1046 2114
f 302 1220 2024
f 374 1196 2240
f 379 1112 2253
f 307 980 2038
f 278 974 1951
f 313 986 2055
f 319 992 2073
f 325 998 2092
f 331 1016 2109
f 301 968 2019
f 373 1088 2235
f 380 1142 2258
f 272 1154 1934
f 248 1214 1861
f 230 1034 1807
f 224 914 1790
f 236 1094 1826
f 242 1184 1844
f 254 1040 1880
f 356 1232 2186
f 397 1208 2308
f 385 1118 2272
f 259 926 1894
f 326 1160 2095
f 308 1010 2041
f 277 944 1948
f 314 1070 2060
f 320 1130 2078
f 338 1166 2132
f 284 1004 1970
f 289 956 1984
f 367 1082 2218
f 391 1148 2289
f 355 1058 2181
f 253 920 1875
f 260 1100 1897
f 386 1202 2275
f 398 1238 2311
f 350 1172 2167
f 343 1028 2146
f 295 962 2002
f 361 1076 2200
f 266 1124 1915
f 337 1022 2127
f 283 950 1965
f 290 1064 1987
f 368 1136 2221
f 392 1178 2294
f 349 1052 2164
f 344 1226 2149
f 296 1190 2005
f 362 1106 2203
f 265 932 1912
f 251 1321 1870
f 233 1273 1816
f 228 1261 1800
f 240 1297 1836
f 246 1315 1854
f 258 1339 1890
f 360 1562 2196
f 401 1460 2320
f 389 1586 2284
f 263 1345 1906
f 329 1519 2104
f 310 1418 2047
f 280 1393 1958
f 318 1495 2070
f 324 1513 2088
f 342 1555 2142
f 288 1423 1980
f 292 1429 1994
f 371 1568 2230
f 393 1370 2297
f 409 894 2329
f 405 887 2323
f 411 899 2326
f 414 905 2333
f 417 912 2336
f 431 941 2345
f 488 1050 2409
f 575 1224 2496
f 563 1200 2485
f 519 1115 2435
f 454 984 2374
f 450 977 2368
f 456 989 2371
f 459 995 2378
f 462 1002 2381
f 472 1019 2392
f 446 971 2360
f 506 1091 2416
f 535 1146 2456
f 541 1158 2460
f 570 1217 2488
f 480 1037 2398
f 421 918 2340
f 511 1098 2430
f 556 1188 2475
f 484 1044 2404
f 580 1236 2501
f 567 1212 2482
f 522 1122 2440
f 427 930 2347
f 544 1163 2464
f 468 1013 2384
f 436 948 2355
f 499 1074 2419
f 530 1134 2451
f 548 1170 2470
f 466 1008 2385
f 442 960 2362
f 505 1086 2423
f 536 1151 2446
f 491 1061 2401
f 423 923 2339
f 513 1103 2429
f 564 1205 2474
f 581 1241 2491
f 549 1175 2459
f 477 1032 2395
f 445 966 2365
f 503 1080 2424
f 525 1127 2443
f 474 1025 2390
f 438 953 2354
f 495 1067 2413
f 532 1139 2450
f 552 1182 2467
f 490 1056 2408
f 577 1229 2495
f 559 1193 2479
f 517 1109 2437
f 430 936 2350
f 590 1325 2511
f 584 1277 2505
f 585 1265 2507
f 592 1301 2513
f 595 1319 2516
f 598 1343 2519
f 636 1566 2556
f 621 1464 2540
f 642 1590 2561
f 601 1349 2521
f 623 1523 2544
f 611 1422 2529
f 609 1397 2530
f 625 1499 2546
f 628 1517 2549
f 632 1559 2553
f 613 1427 2534
f 616 1433 2536
f 638 1572 2557
f 606 1374 2525
f 407 892 1609
f 403 885 1605
f 404 897 1611
f 410 903 1614
f 413 910 1617
f 422 939 1631
f 486 1048 1688
f 573 1222 1775
f 561 1198 1763
f 512 1113 1719
f 452 982 1654
f 448 975 1650
f 449 987 1656
f 455 993 1659
f 458 1000 1662
f 470 1017 1672
f 437 969 1646
f 494 1089 1706
f 531 1144 1735
f 539 1156 1741
f 568 1215 1770
f 478 1035 1680
f 419 916 1621
f 509 1096 1711
f 554 1186 1756
f 482 1042 1684
f 576 1234 1780
f 558 1210 1767
f 516 1120 1722
f 425 928 1627
f 542 1161 1744
f 463 1011 1668
f 434 946 1636
f 497 1072 1699
f 528 1132 1730
f 546 1168 1748
f 464 1006 1666
f 440 958 1642
f 500 1084 1705
f 524 1149 1736
f 479 1059 1691
f 418 921 1623
f 508 1101 1713
f 553 1203 1764
f 569 1239 1781
f 538 1173 1749
f 471 1030 1677
f 443 964 1645
f 501 1078 1703
f 523 1125 1725
f 467 1023 1674
f 433 951 1638
f 493 1065 1695
f 527 1137 1732
f 543 1180 1752
f 485 1054 1690
f 572 1227 1777
f 557 1191 1759
f 515 1107 1717
f 428 934 1630
f 591 1326 2191
f 587 1278 1885
f 588 1266 1901
f 594 1302 2279
f 597 1320 2315
f 600 1344 2171
f 634 1565 2160
f 619 1463 2016
f 639 1589 2214
f 602 1350 1919
f 624 1524 2137
f 608 1421 1978
f 610 1398 1991
f 627 1500 2225
f 630 1518 2302
f 635 1560 2178
f 615 1428 2153
f 617 1434 2009
f 637 1571 2207
f 604 1373 1926
f 416 911 1857
f 408 893 1803
f 406 888 1786
f 412 900 1822
f 415 906 1840
f 424 924 1876
f 492 1062 2182
f 582 1242 2312
f 565 1206 2276
f 514 1104 1898
f 461 1001 2091
f 453 983 2037
f 451 978 1952
f 457 990 2056
f 460 996 2074
f 475 1026 2128
f 439 954 1966
f 496 1068 1988
f 533 1140 2222
f 551 1181 2293
f 579 1235 2185
f 483 1043 1879
f 426 929 1893
f 521 1121 2271
f 566 1211 2307
f 489 1055 2163
f 578 1230 2150
f 560 1194 2006
f 518 1110 2204
f 429 935 1911
f 547 1169 2131
f 465 1007 1969
f 441 959 1983
f 504 1085 2217
f 537 1152 2290
f 550 1176 2168
f 476 1031 2145
f 444 965 2001
f 502 1079 2199
f 526 1128 1916
f 481 1038 1808
f 420 917 1789
f 510 1097 1825
f 555 1187 1843
f 571 1218 1862
f 540 1157 1933
f 473 1020 2110
f 447 972 2020
f 507 1092 2236
f 534 1145 2257
f 469 1014 2042
f 435 947 1947
f 498 1073 2059
f 529 1133 2077
f 545 1164 2096
f 487 1049 2113
f 574 1223 2023
f 562 1199 2239
f 520 1116 2254
f 432 942 1930
f 589 1283 1818
f 583 1259 1798
f 586 1295 1834
f 593 1313 1852
f 596 1331 1872
f 599 1379 1942
f 633 1541 2120
f 620 1452 2030
f 640 1578 2248
f 603 1368 2263
f 622 1487 2052
f 607 1391 1955
f 612 1440 2065
f 626 1511 2086
f 629 1529 2106
f 631 1547 2122
f 614 1469 2032
f 618 1458 2245
f 641 1584 2266
f 605 1362 1940
f 409 1269 1813
f 405 1245 1792
f 411 1252 1828
f 414 1288 1846
f 417 1306 1867
f 431 1336 1936
f 488 1551 2123
f 575 1473 2033
f 563 1599 2249
f 519 1354 2260
f 454 1479 2049
f 450 1401 1959
f 456 1408 2062
f 459 1492 2080
f 462 1504 2101
f 472 1533 2116
f 446 1414 2026
f 506 1444 2242
f 535 1594 2267
f 541 1383 1943
f 570 1323 1869
f 480 1275 1815
f 421 1263 1799
f 511 1299 1835
f 556 1317 1853
f 484 1341 1889
f 580 1564 2195
f 567 1462 2319
f 522 1588 2283
f 427 1347 1905
f 544 1521 2103
f 468 1420 2046
f 436 1395 1957
f 499 1497 2069
f 530 1515 2087
f 548 1557 2141
f 466 1425 1979
f 442 1431 1993
f 505 1570 2229
f 536 1372 2296
f 491 1282 2188
f 423 1258 1882
f 513 1294 1902
f 564 1312 2280
f 581 1330 2316
f 549 1378 2172
f 477 1540 2157
f 445 1449 2011
f 503 1575 2209
f 525 1365 1923
f 474 1486 2134
f 438 1390 1972
f 495 1437 1995
f 532 1510 2226
f 552 1528 2303
f 490 1546 2175
f 577 1468 2154
f 559 1455 2013
f 517 1581 2211
f 430 1359 1921
f 590 1272 1865
f 584 1248 1811
f 585 1253 1796
f 592 1289 1832
f 595 1307 1850
f 598 1337 1888
f 636 1554 2194
f 621 1476 2322
f 642 1602 2286
f 601 1355 1908
f 623 1482 2099
f 611 1404 2045
f 609 1409 1962
f 625 1493 2068
f 628 1505 2084
f 632 1536 2140
f 613 1415 1976
f 616 1445 1998
f 638 1595 2232
f 606 1386 2299
f 407 909 2330
f 403 891 2324
f 404 886 2325
f 410 898 2332
f 413 904 2335
f 422 922 2344
f 486 1060 2410
f 573 1240 2497
f 561 1204 2486
f 512 1102 2434
f 452 999 2375
f 448 981 2369
f 449 976 2370
f 455 988 2377
f 458 994 2380
f 470 1024 2393
f 437 952 2359
f 494 1066 2415
f 531 1138 2455
f 539 1179 2461
f 568 1233 2489
f 478 1041 2399
f 419 927 2341
f 509 1119 2431
f 554 1209 2476
f 482 1053 2405
f 576 1228 2500
f 558 1192 2481
f 516 1108 2439
f 425 933 2348
f 542 1167 2465
f 463 1005 2383
f 434 957 2356
f 497 1083 2420
f 528 1150 2452
f 546 1174 2471
f 464 1029 2386
f 440 963 2363
f 500 1077 2422
f 524 1126 2445
f 479 1036 2400
f 418 915 2338
f 508 1095 2428
f 553 1185 2473
f 569 1216 2490
f 538 1155 2458
f 471 1018 2394
f 443 970 2366
f 501 1090 2425
f 523 1143 2444
f 467 1012 2389
f 433 945 2353
f 493 1071 2414
f 527 1131 2449
f 543 1162 2466
f 485 1047 2407
f 572 1221 2494
f 557 1197 2480
f 515 1114 2438
f 428 940 2351
f 591 1284 2510
f 587 1260 2504
f 588 1296 2508
f 594 1314 2514
f 597 1332 2517
f 600 1380 2520
f 634 1542 2554
f 619 1451 2539
f 639 1577 2560
f 602 1367 2523
f 624 1488 2543
f 608 1392 2527
f 610 1439 2532
f 627 1512 2547
f 630 1530 2550
f 635 1548 2552
f 615 1470 2535
f 617 1457 2538
f 637 1583 2558
f 604 1361 2524
f 167 1616 1607
f 164 1608 1603
f 163 1606 1604
f 165 1612 1610
f 166 1615 1613
f 169 1624 1622
f 192 1692 1686
f 222 1782 1773
f 216 1765 1761
f 199 1714 1712
f 182 1661 1652
f 179 1653 1648
f 178 1651 1649
f 180 1657 1655
f 181 1660 1658
f 186 1675 1670
f 174 1639 1637
f 193 1696 1694
f 205 1733 1731
f 212 1751 1739
f 221 1779 1768
f 189 1683 1678
f 170 1626 1619
f 202 1721 1709
f 217 1766 1754
f 191 1689 1682
f 220 1778 1776
f 214 1760 1758
f 200 1718 1716
f 171 1629 1625
f 210 1747 1742
f 183 1665 1663
f 175 1641 1634
f 196 1704 1697
f 207 1737 1728
f 211 1750 1746
f 187 1676 1664
f 176 1644 1640
f 195 1702 1700
f 203 1726 1724
f 188 1681 1679
f 168 1620 1618
f 198 1710 1708
f 213 1755 1753
f 218 1771 1769
f 208 1740 1738
f 185 1673 1671
f 177 1647 1643
f 197 1707 1701
f 206 1734 1723
f 184 1669 1667
f 173 1635 1633
f 194 1698 1693
f 204 1729 1727
f 209 1745 1743
f 190 1687 1685
f 219 1774 1772
f 215 1762 1757
f 201 1720 1715
f 172 1632 1628
f 357 2189 2187
f 255 1883 1881
f 262 1903 1899
f 388 2281 2277
f 400 2317 2313
f 352 2173 2169
f 347 2158 2156
f 298 2012 2010
f 364 2210 2208
f 269 1924 1917
f 339 2135 2133
f 285 1973 1971
f 293 1996 1989
f 370 2227 2223
f 396 2304 2300
f 353 2176 2174
f 346 2155 2151
f 299 2014 2007
f 365 2212 2205
f 268 1922 1920
f 249 1864 1855
f 231 1810 1801
f 226 1795 1784
f 238 1831 1820
f 244 1849 1838
f 257 1887 1874
f 359 2193 2180
f 402 2321 2310
f 390 2285 2274
f 264 1907 1896
f 327 2098 2089
f 309 2044 2035
f 282 1961 1950
f 317 2067 2054
f 322 2083 2072
f 341 2139 2126
f 286 1975 1964
f 294 1997 1986
f 372 2231 2220
f 394 2298 2291
f 358 2190 2183
f 256 1884 1877
f 261 1900 1891
f 387 2278 2269
f 399 2314 2305
f 351 2170 2161
f 348 2159 2148
f 300 2015 2004
f 366 2213 2202
f 267 1918 1909
f 340 2136 2129
f 287 1977 1967
f 291 1990 1981
f 369 2224 2215
f 395 2301 2288
f 354 2177 2166
f 345 2152 2143
f 297 2008 1999
f 363 2206 2197
f 270 1925 1914
f 234 1817 1806
f 227 1797 1787
f 239 1833 1823
f 245 1851 1841
f 252 1871 1860
f 275 1941 1931
f 334 2119 2108
f 304 2029 2018
f 377 2247 2234
f 382 2262 2255
f 312 2051 2040
f 279 1954 1945
f 316 2064 2057
f 323 2085 2075
f 330 2105 2094
f 335 2121 2111
f 305 2031 2021
f 376 2244 2237
f 383 2265 2252
f 274 1939 1928
f 232 1814 1812
f 225 1793 1791
f 237 1829 1827
f 243 1847 1845
f 250 1868 1866
f 273 1937 1935
f 336 2124 2118
f 306 2034 2028
f 378 2250 2246
f 381 2261 2259
f 311 2050 2048
f 281 1960 1953
f 315 2063 2061
f 321 2081 2079
f 328 2102 2100
f 333 2117 2115
f 303 2027 2025
f 375 2243 2241
f 384 2268 2264
f 276 1944 1938
f 229 1804 1802
f 223 1785 1783
f 235 1821 1819
f 241 1839 1837
f 247 1858 1856
f 271 1929 1927
f 332 2114 2112
f 302 2024 2022
f 374 2240 2238
f 379 2253 2251
f 307 2038 2036
f 278 1951 1949
f 313 2055 2053
f 319 2073 2071
f 325 2092 2090
f 331 2109 2107
f 301 2019 2017
f 373 2235 2233
f 380 2258 2256
f 272 1934 1932
f 248 1861 1859
f 230 1807 1805
f 224 1790 1788
f 236 1826 1824
f 242 1844 1842
f 254 1880 1878
f 356 2186 2184
f 397 2308 2306
f 385 2272 2270
f 259 1894 1892
f 326 2095 2093
f 308 2041 2039
f 277 1948 1946
f 314 2060 2058
f 320 2078 2076
f 338 2132 2130
f 284 1970 1968
f 289 1984 1982
f 367 2218 2216
f 391 2289 2287
f 355 2181 2179
f 253 1875 1873
f 260 1897 1895
f 386 2275 2273
f 398 2311 2309
f 350 2167 2165
f 343 2146 2144
f 295 2002 2000
f 361 2200 2198
f 266 1915 1913
f 337 2127 2125
f 283 1965 1963
f 290 1987 1985
f 368 2221 2219
f 392 2294 2292
f 349 2164 2162
f 344 2149 2147
f 296 2005 2003
f 362 2203 2201
f 265 1912 1910
f 251 1870 1863
f 233 1816 1809
f 228 1800 1794
f 240 1836 1830
f 246 1854 1848
f 258 1890 1886
f 360 2196 2192
f 401 2320 2318
f 389 2284 2282
f 263 1906 1904
f 329 2104 2097
f 310 2047 2043
f 280 1958 1956
f 318 2070 2066
f 324 2088 2082
f 342 2142 2138
f 288 1980 1974
f 292 1994 1992
f 371 2230 2228
f 393 2297 2295
f 409 2329 2331
f 405 2323 2327
f 411 2326 2328
f 414 2333 2334
f 417 2336 2337
f 431 2345 2346
f 488 2409 2412
f 575 2496 2499
f 563 2485 2487
f 519 2435 2436
f 454 2374 2376
f 450 2368 2372
f 456 2371 2373
f 459 2378 2379
f 462 2381 2382
f 472 2392 2396
f 446 2360 2361
f 506 2416 2418
f 535 2456 2457
f 541 2460 2463
f 570 2488 2492
f 480 2398 2402
f 421 2340 2343
f 511 2430 2433
f 556 2475 2478
f 484 2404 2406
f 580 2501 2502
f 567 2482 2484
f 522 2440 2442
f 427 2347 2349
f 544 2464 2468
f 468 2384 2387
f 436 2355 2358
f 499 2419 2421
f 530 2451 2454
f 548 2470 2472
f 466 2385 2388
f 442 2362 2364
f 505 2423 2426
f 536 2446 2448
f 491 2401 2403
f 423 2339 2342
f 513 2429 2432
f 564 2474 2477
f 581 2491 2493
f 549 2459 2462
f 477 2395 2397
f 445 2365 2367
f 503 2424 2427
f 525 2443 2447
f 474 2390 2391
f 438 2354 2357
f 495 2413 2417
f 532 2450 2453
f 552 2467 2469
f 490 2408 2411
f 577 2495 2498
f 559 2479 2483
f 517 2437 2441
f 430 2350 2352
f 590 2511 2509
f 584 2505 2503
f 585 2507 2506
f 592 2513 2512
f 595 2516 2515
f 598 2519 2518
f 636 2556 2555
f 621 2540 2541
f 642 2561 2562
f 601 2521 2522
f 623 2544 2542
f 611 2529 2528
f 609 2530 2531
f 625 2546 2545
f 628 2549 2548
f 632 2553 2551
f 613 2534 2533
f 616 2536 2537
f 638 2557 2559
f 606 2525 2526
f 1607 644 647
f 1603 643 644
f 1604 645 643
f 1610 646 645
f 1613 647 646
f 1622 652 649
f 1686 670 672
f 1773 699 702
f 1761 695 696
f 1712 681 679
f 1652 659 662
f 1648 658 659
f 1649 660 658
f 1655 661 660
f 1658 662 661
f 1670 665 666
f 1637 657 654
f 1694 677 673
f 1731 686 685
f 1739 688 692
f 1768 698 701
f 1678 668 669
f 1619 648 650
f 1709 678 682
f 1754 693 697
f 1682 669 671
f 1776 701 700
f 1758 697 694
f 1716 682 680
f 1625 650 651
f 1742 689 690
f 1663 664 663
f 1634 653 655
f 1697 674 676
f 1728 684 687
f 1746 690 691
f 1664 663 667
f 1640 655 656
f 1700 676 675
f 1724 687 683
f 1679 672 668
f 1618 649 648
f 1708 679 678
f 1753 696 693
f 1769 702 698
f 1738 691 688
f 1671 667 665
f 1643 656 657
f 1701 675 677
f 1723 683 686
f 1667 666 664
f 1633 654 653
f 1693 673 674
f 1727 685 684
f 1743 692 689
f 1685 671 670
f 1772 700 699
f 1757 694 695
f 1715 680 681
f 1628 651 652
f 2187 838 837
f 1881 736 735
f 1899 741 742
f 2277 867 868
f 2313 879 880
f 2169 831 832
f 2156 828 827
f 2010 780 778
f 2208 846 844
f 1917 747 749
f 2133 820 819
f 1971 767 765
f 1989 771 773
f 2223 849 850
f 2300 875 876
f 2174 834 833
f 2151 825 826
f 2007 777 779
f 2205 843 845
f 1920 750 748
f 1855 727 729
f 1801 709 711
f 1784 703 706
f 1820 715 718
f 1838 721 724
f 1874 733 737
f 2180 835 839
f 2310 878 882
f 2274 866 870
f 1896 740 744
f 2089 805 807
f 2035 787 789
f 1950 758 762
f 2054 793 797
f 2072 799 802
f 2126 817 821
f 1964 763 766
f 1986 770 774
f 2220 848 852
f 2291 872 874
f 2183 836 838
f 1877 734 736
f 1891 739 741
f 2269 865 867
f 2305 877 879
f 2161 829 831
f 2148 824 828
f 2004 776 780
f 2202 842 846
f 1909 745 747
f 2129 818 820
f 1967 764 767
f 1981 769 771
f 2215 847 849
f 2288 871 875
f 2166 830 834
f 2143 823 825
f 1999 775 777
f 2197 841 843
f 1914 746 750
f 1806 710 714
f 1787 704 707
f 1823 716 719
f 1841 722 725
f 1860 728 732
f 1931 752 755
f 2108 811 814
f 2018 781 784
f 2234 853 857
f 2255 860 862
f 2040 788 792
f 1945 757 759
f 2057 794 796
f 2075 800 803
f 2094 806 810
f 2111 812 815
f 2021 782 785
f 2237 854 856
f 2252 859 863
f 1928 751 754
f 1812 714 712
f 1791 707 705
f 1827 719 717
f 1845 725 723
f 1866 732 730
f 1935 755 753
f 2118 814 816
f 2028 784 786
f 2246 857 858
f 2259 862 861
f 2048 792 791
f 1953 759 761
f 2061 796 795
f 2079 803 801
f 2100 810 808
f 2115 815 813
f 2025 785 783
f 2241 856 855
f 2264 863 864
f 1938 754 756
f 1802 712 709
f 1783 705 703
f 1819 717 715
f 1837 723 721
f 1856 730 727
f 1927 753 751
f 2112 816 812
f 2022 786 782
f 2238 858 854
f 2251 861 859
f 2036 791 787
f 1949 761 758
f 2053 795 793
f 2071 801 799
f 2090 808 805
f 2107 813 811
f 2017 783 781
f 2233 855 853
f 2256 864 860
f 1932 756 752
f 1859 731 728
f 1805 713 710
f 1788 708 704
f 1824 720 716
f 1842 726 722
f 1878 738 734
f 2184 840 836
f 2306 881 877
f 2270 869 865
f 1892 743 739
f 2093 809 806
f 2039 790 788
f 1946 760 757
f 2058 798 794
f 2076 804 800
f 2130 822 818
f 1968 768 764
f 1982 772 769
f 2216 851 847
f 2287 873 871
f 2179 837 835
f 1873 735 733
f 1895 742 740
f 2273 868 866
f 2309 880 878
f 2165 832 830
f 2144 827 823
f 2000 778 775
f 2198 844 841
f 1913 749 746
f 2125 819 817
f 1963 765 763
f 1985 773 770
f 2219 850 848
f 2292 876 872
f 2162 833 829
f 2147 826 824
f 2003 779 776
f 2201 845 842
f 1910 748 745
f 1863 729 731
f 1809 711 713
f 1794 706 708
f 1830 718 720
f 1848 724 726
f 1886 737 738
f 2192 839 840
f 2318 882 881
f 2282 870 869
f 1904 744 743
f 2097 807 809
f 2043 789 790
f 1956 762 760
f 2066 797 798
f 2082 802 804
f 2138 821 822
f 1974 766 768
f 1992 774 772
f 2228 852 851
f 2295 874 873
f 2331 1270 1269
f 2327 1246 1245
f 2328 1251 1252
f 2334 1287 1288
f 2337 1305 1306
f 2346 1335 1336
f 2412 1552 1551
f 2499 1474 1473
f 2487 1600 1599
f 2436 1353 1354
f 2376 1480 1479
f 2372 1402 1401
f 2373 1407 1408
f 2379 1491 1492
f 2382 1503 1504
f 2396 1534 1533
f 2361 1413 1414
f 2418 1443 1444
f 2457 1593 1594
f 2463 1384 1383
f 2492 1324 1323
f 2402 1276 1275
f 2343 1264 1263
f 2433 1300 1299
f 2478 1318 1317
f 2406 1342 1341
f 2502 1563 1564
f 2484 1461 1462
f 2442 1587 1588
f 2349 1348 1347
f 2468 1522 1521
f 2387 1419 1420
f 2358 1396 1395
f 2421 1498 1497
f 2454 1516 1515
f 2472 1558 1557
f 2388 1426 1425
f 2364 1432 1431
f 2426 1569 1570
f 2448 1371 1372
f 2403 1281 1282
f 2342 1257 1258
f 2432 1293 1294
f 2477 1311 1312
f 2493 1329 1330
f 2462 1377 1378
f 2397 1539 1540
f 2367 1450 1449
f 2427 1576 1575
f 2447 1366 1365
f 2391 1485 1486
f 2357 1389 1390
f 2417 1438 1437
f 2453 1509 1510
f 2469 1527 1528
f 2411 1545 1546
f 2498 1467 1468
f 2483 1456 1455
f 2441 1582 1581
f 2352 1360 1359
f 2509 1271 1272
f 2503 1247 1248
f 2506 1254 1253
f 2512 1290 1289
f 2515 1308 1307
f 2518 1338 1337
f 2555 1553 1554
f 2541 1475 1476
f 2562 1601 1602
f 2522 1356 1355
f 2542 1481 1482
f 2528 1403 1404
f 2531 1410 1409
f 2545 1494 1493
f 2548 1506 1505
f 2551 1535 1536
f 2533 1416 1415
f 2537 1446 1445
f 2559 1596 1595
f 2526 1385 1386
f 1616 907 909
f 1608 889 891
f 1606 883 886
f 1612 895 898
f 1615 901 904
f 1624 919 922
f 1692 1057 1060
f 1782 1237 1240
f 1765 1201 1204
f 1714 1099 1102
f 1661 997 999
f 1653 979 981
f 1651 973 976
f 1657 985 988
f 1660 991 994
f 1675 1021 1024
f 1639 949 952
f 1696 1063 1066
f 1733 1135 1138
f 1751 1177 1179
f 1779 1231 1233
f 1683 1039 1041
f 1626 925 927
f 1721 1117 1119
f 1766 1207 1209
f 1689 1051 1053
f 1778 1225 1228
f 1760 1189 1192
f 1718 1105 1108
f 1629 931 933
f 1747 1165 1167
f 1665 1003 1005
f 1641 955 957
f 1704 1081 1083
f 1737 1147 1150
f 1750 1171 1174
f 1676 1027 1029
f 1644 961 963
f 1702 1075 1077
f 1726 1123 1126
f 1681 1033 1036
f 1620 913 915
f 1710 1093 1095
f 1755 1183 1185
f 1771 1213 1216
f 1740 1153 1155
f 1673 1015 1018
f 1647 967 970
f 1707 1087 1090
f 1734 1141 1143
f 1669 1009 1012
f 1635 943 945
f 1698 1069 1071
f 1729 1129 1131
f 1745 1159 1162
f 1687 1045 1047
f 1774 1219 1221
f 1762 1195 1197
f 1720 1111 1114
f 1632 937 940
f 2189 1280 1284
f 1883 1256 1260
f 1903 1292 1296
f 2281 1310 1314
f 2317 1328 1332
f 2173 1376 1380
f 2158 1538 1542
f 2012 1447 1451
f 2210 1573 1577
f 1924 1363 1367
f 2135 1484 1488
f 1973 1388 1392
f 1996 1435 1439
f 2227 1508 1512
f 2304 1526 1530
f 2176 1544 1548
f 2155 1466 1470
f 2014 1453 1457
f 2212 1579 1583
f 1922 1357 1361
f 1864 1268 1270
f 1810 1244 1246
f 1795 1249 1251
f 1831 1285 1287
f 1849 1303 1305
f 1887 1333 1335
f 2193 1550 1552
f 2321 1472 1474
f 2285 1598 1600
f 1907 1351 1353
f 2098 1478 1480
f 2044 1400 1402
f 1961 1405 1407
f 2067 1489 1491
f 2083 1501 1503
f 2139 1532 1534
f 1975 1411 1413
f 1997 1441 1443
f 2231 1591 1593
f 2298 1382 1384
f 2190 1322 1324
f 1884 1274 1276
f 1900 1262 1264
f 2278 1298 1300
f 2314 1316 1318
f 2170 1340 1342
f 2159 1561 1563
f 2015 1459 1461
f 2213 1585 1587
f 1918 1346 1348
f 2136 1520 1522
f 1977 1417 1419
f 1990 1394 1396
f 2224 1496 1498
f 2301 1514 1516
f 2177 1556 1558
f 2152 1424 1426
f 2008 1430 1432
f 2206 1567 1569
f 1925 1369 1371
f 1817 1279 1281
f 1797 1255 1257
f 1833 1291 1293
f 1851 1309 1311
f 1871 1327 1329
f 1941 1375 1377
f 2119 1537 1539
f 2029 1448 1450
f 2247 1574 1576
f 2262 1364 1366
f 2051 1483 1485
f 1954 1387 1389
f 2064 1436 1438
f 2085 1507 1509
f 2105 1525 1527
f 2121 1543 1545
f 2031 1465 1467
f 2244 1454 1456
f 2265 1580 1582
f 1939 1358 1360
f 1814 1267 1271
f 1793 1243 1247
f 1829 1250 1254
f 1847 1286 1290
f 1868 1304 1308
f 1937 1334 1338
f 2124 1549 1553
f 2034 1471 1475
f 2250 1597 1601
f 2261 1352 1356
f 2050 1477 1481
f 1960 1399 1403
f 2063 1406 1410
f 2081 1490 1494
f 2102 1502 1506
f 2117 1531 1535
f 2027 1412 1416
f 2243 1442 1446
f 2268 1592 1596
f 1944 1381 1385
f 1804 890 894
f 1785 884 887
f 1821 896 899
f 1839 902 905
f 1858 908 912
f 1929 938 941
f 2114 1046 1050
f 2024 1220 1224
f 2240 1196 1200
f 2253 1112 1115
f 2038 980 984
f 1951 974 977
f 2055 986 989
f 2073 992 995
f 2092 998 1002
f 2109 1016 1019
f 2019 968 971
f 2235 1088 1091
f 2258 1142 1146
f 1934 1154 1158
f 1861 1214 1217
f 1807 1034 1037
f 1790 914 918
f 1826 1094 1098
f 1844 1184 1188
f 1880 1040 1044
f 2186 1232 1236
f 2308 1208 1212
f 2272 1118 1122
f 1894 926 930
f 2095 1160 1163
f 2041 1010 1013
f 1948 944 948
f 2060 1070 1074
f 2078 1130 1134
f 2132 1166 1170
f 1970 1004 1008
f 1984 956 960
f 2218 1082 1086
f 2289 1148 1151
f 2181 1058 1061
f 1875 920 923
f 1897 1100 1103
f 2275 1202 1205
f 2311 1238 1241
f 2167 1172 1175
f 2146 1028 1032
f 2002 962 966
f 2200 1076 1080
f 1915 1124 1127
f 2127 1022 1025
f 1965 950 953
f 1987 1064 1067
f 2221 1136 1139
f 2294 1178 1182
f 2164 1052 1056
f 2149 1226 1229
f 2005 1190 1193
f 2203 1106 1109
f 1912 932 936
f 1870 1321 1325
f 1816 1273 1277
f 1800 1261 1265
f 1836 1297 1301
f 1854 1315 1319
f 1890 1339 1343
f 2196 1562 1566
f 2320 1460 1464
f 2284 1586 1590
f 1906 1345 1349
f 2104 1519 1523
f 2047 1418 1422
f 1958 1393 1397
f 2070 1495 1499
f 2088 1513 1517
f 2142 1555 1559
f 1980 1423 1427
f 1994 1429 1433
f 2230 1568 1572
f 2297 1370 1374
f 2329 894 892
f 2323 887 885
f 2326 899 897
f 2333 905 903
f 2336 912 910
f 2345 941 939
f 2409 1050 1048
f 2496 1224 1222
f 2485 1200 1198
f 2435 1115 1113
f 2374 984 982
f 2368 977 975
f 2371 989 987
f 2378 995 993
f 2381 1002 1000
f 2392 1019 1017
f 2360 971 969
f 2416 1091 1089
f 2456 1146 1144
f 2460 1158 1156
f 2488 1217 1215
f 2398 1037 1035
f 2340 918 916
f 2430 1098 1096
f 2475 1188 1186
f 2404 1044 1042
f 2501 1236 1234
f 2482 1212 1210
f 2440 1122 1120
f 2347 930 928
f 2464 1163 1161
f 2384 1013 1011
f 2355 948 946
f 2419 1074 1072
f 2451 1134 1132
f 2470 1170 1168
f 2385 1008 1006
f 2362 960 958
f 2423 1086 1084
f 2446 1151 1149
f 2401 1061 1059
f 2339 923 921
f 2429 1103 1101
f 2474 1205 1203
f 2491 1241 1239
f 2459 1175 1173
f 2395 1032 1030
f 2365 966 964
f 2424 1080 1078
f 2443 1127 1125
f 2390 1025 1023
f 2354 953 951
f 2413 1067 1065
f 2450 1139 1137
f 2467 1182 1180
f 2408 1056 1054
f 2495 1229 1227
f 2479 1193 1191
f 2437 1109 1107
f 2350 936 934
f 2511 1325 1326
f 2505 1277 1278
f 2507 1265 1266
f 2513 1301 1302
f 2516 1319 1320
f 2519 1343 1344
f 2556 1566 1565
f 2540 1464 1463
f 2561 1590 1589
f 2521 1349 1350
f 2544 1523 1524
f 2529 1422 1421
f 2530 1397 1398
f 2546 1499 1500
f 2549 1517 1518
f 2553 1559 1560
f 2534 1427 1428
f 2536 1433 1434
f 2557 1572 1571
f 2525 1374 1373
f 1609 892 889
f 1605 885 883
f 1611 897 895
f 1614 903 901
f 1617 910 907
f 1631 939 937
f 1688 1048 1045
f 1775 1222 1219
f 1763 1198 1195
f 1719 1113 1111
f 1654 982 979
f 1650 975 973
f 1656 987 985
f 1659 993 991
f 1662 1000 997
f 1672 1017 1015
f 1646 969 967
f 1706 1089 1087
f 1735 1144 1141
f 1741 1156 1153
f 1770 1215 1213
f 1680 1035 1033
f 1621 916 913
f 1711 1096 1093
f 1756 1186 1183
f 1684 1042 1039
f 1780 1234 1231
f 1767 1210 1207
f 1722 1120 1117
f 1627 928 925
f 1744 1161 1159
f 1668 1011 1009
f 1636 946 943
f 1699 1072 1069
f 1730 1132 1129
f 1748 1168 1165
f 1666 1006 1003
f 1642 958 955
f 1705 1084 1081
f 1736 1149 1147
f 1691 1059 1057
f 1623 921 919
f 1713 1101 1099
f 1764 1203 1201
f 1781 1239 1237
f 1749 1173 1171
f 1677 1030 1027
f 1645 964 961
f 1703 1078 1075
f 1725 1125 1123
f 1674 1023 1021
f 1638 951 949
f 1695 1065 1063
f 1732 1137 1135
f 1752 1180 1177
f 1690 1054 1051
f 1777 1227 1225
f 1759 1191 1189
f 1717 1107 1105
f 1630 934 931
f 2191 1326 1322
f 1885 1278 1274
f 1901 1266 1262
f 2279 1302 1298
f 2315 1320 1316
f 2171 1344 1340
f 2160 1565 1561
f 2016 1463 1459
f 2214 1589 1585
f 1919 1350 1346
f 2137 1524 1520
f 1978 1421 1417
f 1991 1398 1394
f 2225 1500 1496
f 2302 1518 1514
f 2178 1560 1556
f 2153 1428 1424
f 2009 1434 1430
f 2207 1571 1567
f 1926 1373 1369
f 1857 911 908
f 1803 893 890
f 1786 888 884
f 1822 900 896
f 1840 906 902
f 1876 924 920
f 2182 1062 1058
f 2312 1242 1238
f 2276 1206 1202
f 1898 1104 1100
f 2091 1001 998
f 2037 983 980
f 1952 978 974
f 2056 990 986
f 2074 996 992
f 2128 1026 1022
f 1966 954 950
f 1988 1068 1064
f 2222 1140 1136
f 2293 1181 1178
f 2185 1235 1232
f 1879 1043 1040
f 1893 929 926
f 2271 1121 1118
f 2307 1211 1208
f 2163 1055 1052
f 2150 1230 1226
f 2006 1194 1190
f 2204 1110 1106
f 1911 935 932
f 2131 1169 1166
f 1969 1007 1004
f 1983 959 956
f 2217 1085 1082
f 2290 1152 1148
f 2168 1176 1172
f 2145 1031 1028
f 2001 965 962
f 2199 1079 1076
f 1916 1128 1124
f 1808 1038 1034
f 1789 917 914
f 1825 1097 1094
f 1843 1187 1184
f 1862 1218 1214
f 1933 1157 1154
f 2110 1020 1016
f 2020 972 968
f 2236 1092 1088
f 2257 1145 1142
f 2042 1014 1010
f 1947 947 944
f 2059 1073 1070
f 2077 1133 1130
f 2096 1164 1160
f 2113 1049 1046
f 2023 1223 1220
f 2239 1199 1196
f 2254 1116 1112
f 1930 942 938
f 1818 1283 1279
f 1798 1259 1255
f 1834 1295 1291
f 1852 1313 1309
f 1872 1331 1327
f 1942 1379 1375
f 2120 1541 1537
f 2030 1452 1448
f 2248 1578 1574
f 2263 1368 1364
f 2052 1487 1483
f 1955 1391 1387
f 2065 1440 1436
f 2086 1511 1507
f 2106 1529 1525
f 2122 1547 1543
f 2032 1469 1465
f 2245 1458 1454
f 2266 1584 1580
f 1940 1362 1358
f 1813 1269 1267
f 1792 1245 1243
f 1828 1252 1250
f 1846 1288 1286
f 1867 1306 1304
f 1936 1336 1334
f 2123 1551 1549
f 2033 1473 1471
f 2249 1599 1597
f 2260 1354 1352
f 2049 1479 1477
f 1959 1401 1399
f 2062 1408 1406
f 2080 1492 1490
f 2101 1504 1502
f 2116 1533 1531
f 2026 1414 1412
f 2242 1444 1442
f 2267 1594 1592
f 1943 1383 1381
f 1869 1323 1321
f 1815 1275 1273
f 1799 1263 1261
f 1835 1299 1297
f 1853 1317 1315
f 1889 1341 1339
f 2195 1564 1562
f 2319 1462 1460
f 2283 1588 1586
f 1905 1347 1345
f 2103 1521 1519
f 2046 1420 1418
f 1957 1395 1393
f 2069 1497 1495
f 2087 1515 1513
f 2141 1557 1555
f 1979 1425 1423
f 1993 1431 1429
f 2229 1570 1568
f 2296 1372 1370
f 2188 1282 1280
f 1882 1258 1256
f 1902 1294 1292
f 2280 1312 1310
f 2316 1330 1328
f 2172 1378 1376
f 2157 1540 1538
f 2011 1449 1447
f 2209 1575 1573
f 1923 1365 1363
f 2134 1486 1484
f 1972 1390 1388
f 1995 1437 1435
f 2226 1510 1508
f 2303 1528 1526
f 2175 1546 1544
f 2154 1468 1466
f 2013 1455 1453
f 2211 1581 1579
f 1921 1359 1357
f 1865 1272 1268
f 1811 1248 1244
f 1796 1253 1249
f 1832 1289 1285
f 1850 1307 1303
f 1888 1337 1333
f 2194 1554 1550
f 2322 1476 1472
f 2286 1602 1598
f 1908 1355 1351
f 2099 1482 1478
f 2045 1404 1400
f 1962 1409 1405
f 2068 1493 1489
f 2084 1505 1501
f 2140 1536 1532
f 1976 1415 1411
f 1998 1445 1441
f 2232 1595 1591
f 2299 1386 1382
f 2330 909 911
f 2324 891 893
f 2325 886 888
f 2332 898 900
f 2335 904 906
f 2344 922 924
f 2410 1060 1062
f 2497 1240 1242
f 2486 1204 1206
f 2434 1102 1104
f 2375 999 1001
f 2369 981 983
f 2370 976 978
f 2377 988 990
f 2380 994 996
f 2393 1024 1026
f 2359 952 954
f 2415 1066 1068
f 2455 1138 1140
f 2461 1179 1181
f 2489 1233 1235
f 2399 1041 1043
f 2341 927 929
f 2431 1119 1121
f 2476 1209 1211
f 2405 1053 1055
f 2500 1228 1230
f 2481 1192 1194
f 2439 1108 1110
f 2348 933 935
f 2465 1167 1169
f 2383 1005 1007
f 2356 957 959
f 2420 1083 1085
f 2452 1150 1152
f 2471 1174 1176
f 2386 1029 1031
f 2363 963 965
f 2422 1077 1079
f 2445 1126 1128
f 2400 1036 1038
f 2338 915 917
f 2428 1095 1097
f 2473 1185 1187
f 2490 1216 1218
f 2458 1155 1157
f 2394 1018 1020
f 2366 970 972
f 2425 1090 1092
f 2444 1143 1145
f 2389 1012 1014
f 2353 945 947
f 2414 1071 1073
f 2449 1131 1133
f 2466 1162 1164
f 2407 1047 1049
f 2494 1221 1223
f 2480 1197 1199
f 2438 1114 1116
f 2351 940 942
f 2510 1284 1283
f 2504 1260 1259
f 2508 1296 1295
f 2514 1314 1313
f 2517 1332 1331
f 2520 1380 1379
f 2554 1542 1541
f 2539 1451 1452
f 2560 1577 1578
f 2523 1367 1368
f 2543 1488 1487
f 2527 1392 1391
f 2532 1439 1440
f 2547 1512 1511
f 2550 1530 1529
f 2552 1548 1547
f 2535 1470 1469
f 2538 1457 1458
f 2558 1583 1584
f 2524 1361 1362
f 1607 1616 1609
f 1603 1608 1605
f 1604 1606 1611
f 1610 1612 1614
f 1613 1615 1617
f 1622 1624 1631
f 1686 1692 1688
f 1773 1782 1775
f 1761 1765 1763
f 1712 1714 1719
f 1652 1661 1654
f 1648 1653 1650
f 1649 1651 1656
f 1655 1657 1659
f 1658 1660 1662
f 1670 1675 1672
f 1637 1639 1646
f 1694 1696 1706
f 1731 1733 1735
f 1739 1751 1741
f 1768 1779 1770
f 1678 1683 1680
f 1619 1626 1621
f 1709 1721 1711
f 1754 1766 1756
f 1682 1689 1684
f 1776 1778 1780
f 1758 1760 1767
f 1716 1718 1722
f 1625 1629 1627
f 1742 1747 1744
f 1663 1665 1668
f 1634 1641 1636
f 1697 1704 1699
f 1728 1737 1730
f 1746 1750 1748
f 1664 1676 1666
f 1640 1644 1642
f 1700 1702 1705
f 1724 1726 1736
f 1679 1681 1691
f 1618 1620 1623
f 1708 1710 1713
f 1753 1755 1764
f 1769 1771 1781
f 1738 1740 1749
f 1671 1673 1677
f 1643 1647 1645
f 1701 1707 1703
f 1723 1734 1725
f 1667 1669 1674
f 1633 1635 1638
f 1693 1698 1695
f 1727 1729 1732
f 1743 1745 1752
f 1685 1687 1690
f 1772 1774 1777
f 1757 1762 1759
f 1715 1720 1717
f 1628 1632 1630
f 2187 2189 2191
f 1881 1883 1885
f 1899 1903 1901
f 2277 2281 2279
f 2313 2317 2315
f 2169 2173 2171
f 2156 2158 2160
f 2010 2012 2016
f 2208 2210 2214
f 1917 1924 1919
f 2133 2135 2137
f 1971 1973 1978
f 1989 1996 1991
f 2223 2227 2225
f 2300 2304 2302
f 2174 2176 2178
f 2151 2155 2153
f 2007 2014 2009
f 2205 2212 2207
f 1920 1922 1926
f 1855 1864 1857
f 1801 1810 1803
f 1784 1795 1786
f 1820 1831 1822
f 1838 1849 1840
f 1874 1887 1876
f 2180 2193 2182
f 2310 2321 2312
f 2274 2285 2276
f 1896 1907 1898
f 2089 2098 2091
f 2035 2044 2037
f 1950 1961 1952
f 2054 2067 2056
f 2072 2083 2074
f 2126 2139 2128
f 1964 1975 1966
f 1986 1997 1988
f 2220 2231 2222
f 2291 2298 2293
f 2183 2190 2185
f 1877 1884 1879
f 1891 1900 1893
f 2269 2278 2271
f 2305 2314 2307
f 2161 2170 2163
f 2148 2159 2150
f 2004 2015 2006
f 2202 2213 2204
f 1909 1918 1911
f 2129 2136 2131
f 1967 1977 1969
f 1981 1990 1983
f 2215 2224 2217
f 2288 2301 2290
f 2166 2177 2168
f 2143 2152 2145
f 1999 2008 2001
f 2197 2206 2199
f 1914 1925 1916
f 1806 1817 1808
f 1787 1797 1789
f 1823 1833 1825
f 1841 1851 1843
f 1860 1871 1862
f 1931 1941 1933
f 2108 2119 2110
f 2018 2029 2020
f 2234 2247 2236
f 2255 2262 2257
f 2040 2051 2042
f 1945 1954 1947
f 2057 2064 2059
f 2075 2085 2077
f 2094 2105 2096
f 2111 2121 2113
f 2021 2031 2023
f 2237 2244 2239
f 2252 2265 2254
f 1928 1939 1930
f 1812 1814 1818
f 1791 1793 1798
f 1827 1829 1834
f 1845 1847 1852
f 1866 1868 1872
f 1935 1937 1942
f 2118 2124 2120
f 2028 2034 2030
f 2246 2250 2248
f 2259 2261 2263
f 2048 2050 2052
f 1953 1960 1955
f 2061 2063 2065
f 2079 2081 2086
f 2100 2102 2106
f 2115 2117 2122
f 2025 2027 2032
f 2241 2243 2245
f 2264 2268 2266
f 1938 1944 1940
f 1802 1804 1813
f 1783 1785 1792
f 1819 1821 1828
f 1837 1839 1846
f 1856 1858 1867
f 1927 1929 1936
f 2112 2114 2123
f 2022 2024 2033
f 2238 2240 2249
f 2251 2253 2260
f 2036 2038 2049
f 1949 1951 1959
f 2053 2055 2062
f 2071 2073 2080
f 2090 2092 2101
f 2107 2109 2116
f 2017 2019 2026
f 2233 2235 2242
f 2256 2258 2267
f 1932 1934 1943
f 1859 1861 1869
f 1805 1807 1815
f 1788 1790 1799
f 1824 1826 1835
f 1842 1844 1853
f 1878 1880 1889
f 2184 2186 2195
f 2306 2308 2319
f 2270 2272 2283
f 1892 1894 1905
f 2093 2095 2103
f 2039 2041 2046
f 1946 1948 1957
f 2058 2060 2069
f 2076 2078 2087
f 2130 2132 2141
f 1968 1970 1979
f 1982 1984 1993
f 2216 2218 2229
f 2287 2289 2296
f 2179 2181 2188
f 1873 1875 1882
f 1895 1897 1902
f 2273 2275 2280
f 2309 2311 2316
f 2165 2167 2172
f 2144 2146 2157
f 2000 2002 2011
f 2198 2200 2209
f 1913 1915 1923
f 2125 2127 2134
f 1963 1965 1972
f 1985 1987 1995
f 2219 2221 2226
f 2292 2294 2303
f 2162 2164 2175
f 2147 2149 2154
f 2003 2005 2013
f 2201 2203 2211
f 1910 1912 1921
f 1863 1870 1865
f 1809 1816 1811
f 1794 1800 1796
f 1830 1836 1832
f 1848 1854 1850
f 1886 1890 1888
f 2192 2196 2194
f 2318 2320 2322
f 2282 2284 2286
f 1904 1906 1908
f 2097 2104 2099
f 2043 2047 2045
f 1956 1958 1962
f 2066 2070 2068
f 2082 2088 2084
f 2138 2142 2140
f 1974 1980 1976
f 1992 1994 1998
f 2228 2230 2232
f 2295 2297 2299
f 2331 2329 2330
f 2327 2323 2324
f 2328 2326 2325
f 2334 2333 2332
f 2337 2336 2335
f 2346 2345 2344
f 2412 2409 2410
f 2499 2496 2497
f 2487 2485 2486
f 2436 2435 2434
f 2376 2374 2375
f 2372 2368 2369
f 2373 2371 2370
f 2379 2378 2377
f 2382 2381 2380
f 2396 2392 2393
f 2361 2360 2359
f 2418 2416 2415
f 2457 2456 2455
f 2463 2460 2461
f 2492 2488 2489
f 2402 2398 2399
f 2343 2340 2341
f 2433 2430 2431
f 2478 2475 2476
f 2406 2404 2405
f 2502 2501 2500
f 2484 2482 2481
f 2442 2440 2439
f 2349 2347 2348
f 2468 2464 2465
f 2387 2384 2383
f 2358 2355 2356
f 2421 2419 2420
f 2454 2451 2452
f 2472 2470 2471
f 2388 2385 2386
f 2364 2362 2363
f 2426 2423 2422
f 2448 2446 2445
f 2403 2401 2400
f 2342 2339 2338
f 2432 2429 2428
f 2477 2474 2473
f 2493 2491 2490
f 2462 2459 2458
f 2397 2395 2394
f 2367 2365 2366
f 2427 2424 2425
f 2447 2443 2444
f 2391 2390 2389
f 2357 2354 2353
f 2417 2413 2414
f 2453 2450 2449
f 2469 2467 2466
f 2411 2408 2407
f 2498 2495 2494
f 2483 2479 2480
f 2441 2437 2438
f 2352 2350 2351
f 2509 2511 2510
f 2503 2505 2504
f 2506 2507 2508
f 2512 2513 2514
f 2515 2516 2517
f 2518 2519 2520
f 2555 2556 2554
f 2541 2540 2539
f 2562 2561 2560
f 2522 2521 2523
f 2542 2544 2543
f 2528 2529 2527
f 2531 2530 2532
f 2545 2546 2547
f 2548 2549 2550
f 2551 2553 2552
f 2533 2534 2535
f 2537 2536 2538
f 2559 2557 2558
f 2526 2525 2524