v -0.309340 0.403367 -0.034594
v 0.309294 0.403387 -0.034103
v -0.343610 -0.545320 0.005118
v 0.344137 -0.545301 0.005294
v 0.000013 -0.447036 0.706133
v 0.000017 0.251830 0.589646
v 0.000030 -0.245771 -0.580958
v 0.000193 0.421883 -0.706375
v 0.565393 0.002194 -0.361007
v 0.588365 0.003315 0.358525
v -0.565320 0.002216 -0.360892
v -0.588375 0.003245 0.358548
v 0.000007 0.479762 -0.066227
v -0.189322 0.319029 0.291519
v -0.214857 0.657430 -0.448364
v -0.476923 0.258966 -0.198361
v -0.516033 0.236835 0.204415
v 0.189497 0.319150 0.291670
v 0.214900 0.657611 -0.448306
v 0.476460 0.259121 -0.198266
v 0.516039 0.236782 0.204508
v -0.000352 -0.617076 0.011998
v -0.245577 -0.669206 0.456807
v -0.200049 -0.492258 -0.313857
v -0.479382 -0.236584 -0.180833
v -0.494086 -0.272133 0.210975
v 0.244180 -0.669051 0.456432
v 0.199806 -0.492364 -0.314050
v 0.479821 -0.236920 -0.180991
v 0.493952 -0.272462 0.211102
v -0.000325 -0.005266 0.692586
v 0.333273 -0.216572 0.570583
v -0.333717 -0.216589 0.570586
v 0.325697 0.174113 0.529434
v -0.325659 0.173651 0.529473
v -0.000169 0.022589 -0.706222
v 0.317491 -0.165259 -0.525106
v -0.317523 -0.165369 -0.525267
v 0.350037 0.215789 -0.612102
v -0.350390 0.215851 -0.612445
v 0.667148 0.000121 0.015804
v -0.667091 0.000099 0.015801
v -0.166490 0.456975 -0.056194
v -0.262694 0.368566 0.109913
v -0.263830 0.498975 -0.213588
v -0.394492 0.366424 -0.110421
v -0.413476 0.320188 0.081044
v 0.166640 0.457244 -0.056068
v 0.263019 0.368943 0.109939
v 0.263803 0.498935 -0.213617
v 0.394439 0.365981 -0.110774
v 0.413492 0.320196 0.080998
v -0.208232 -0.654718 -0.000746
v -0.287788 -0.535761 0.187944
v -0.355203 -0.674010 -0.185044
v -0.400574 -0.408505 -0.071882
v -0.415872 -0.418464 0.114955
v 0.207625 -0.654778 -0.000572
v 0.287815 -0.535531 0.188232
v 0.354948 -0.674247 -0.185158
v 0.400315 -0.408548 -0.072097
v 0.415930 -0.418651 0.114863
v -0.137487 -0.651035 0.686186
v 0.137294 -0.652397 0.686352
v -0.000047 -0.231153 0.763139
v 0.187393 -0.365970 0.697756
v -0.186936 -0.365662 0.697163
v -0.094310 0.272337 0.481239
v 0.094396 0.272189 0.481561
v -0.000101 0.191902 0.622065
v 0.153368 0.240156 0.584124
v -0.153375 0.240123 0.584109
v -0.085001 -0.317730 -0.444704
v 0.085003 -0.317661 -0.444689
v -0.000077 -0.184957 -0.613428
v 0.146719 -0.228043 -0.573622
v -0.146676 -0.228015 -0.573629
v -0.126106 0.574298 -0.634271
v 0.126446 0.574341 -0.634300
v 0.000119 0.241162 -0.791137
v 0.188675 0.351768 -0.719876
v -0.188606 0.351776 -0.719619
v 0.556339 0.107833 -0.299072
v 0.550244 -0.106158 -0.293965
v 0.466049 -0.068720 -0.447322
v 0.482200 0.081231 -0.470422
v 0.617319 -0.000240 -0.195003
v 0.565531 0.111708 0.295783
v 0.561314 -0.114915 0.292922
v 0.479617 -0.076181 0.449716
v 0.481309 0.076494 0.447310
v 0.650316 0.001542 0.210683
v -0.556247 0.107649 -0.299086
v -0.550381 -0.106071 -0.293977
v -0.466071 -0.068671 -0.447557
v -0.481841 0.081481 -0.470061
v -0.617277 -0.000311 -0.194998
v -0.565341 0.111935 0.295891
v -0.561077 -0.115027 0.293008
v -0.480253 -0.076007 0.449600
v -0.482179 0.076452 0.448142
v -0.650336 0.001485 0.210669
v -0.088402 0.401799 0.108919
v -0.087519 0.581019 -0.252417
v 0.088557 0.401765 0.109004
v 0.087474 0.581039 -0.252173
v -0.373030 0.288582 0.268902
v 0.000234 0.332081 0.293561
v -0.284609 0.257986 0.460427
v -0.383829 0.475226 -0.327199
v -0.000115 0.700643 -0.455916
v -0.299746 0.442472 -0.541180
v -0.528525 0.249173 0.014724
v -0.421287 0.257478 -0.412211
v -0.602571 0.121841 -0.086001
v -0.445076 0.216285 0.389556
v -0.609687 0.124850 0.113756
v 0.373170 0.288465 0.268947
v 0.284703 0.257947 0.460374
v 0.384352 0.475274 -0.327452
v 0.300192 0.442361 -0.540817
v 0.528544 0.249164 0.014595
v 0.421550 0.258142 -0.411769
v 0.602510 0.121794 -0.086088
v 0.445193 0.216235 0.389607
v 0.609664 0.124798 0.113742
v -0.093449 -0.584779 0.228854
v -0.108029 -0.681056 -0.187683
v 0.094218 -0.584902 0.228839
v 0.107213 -0.680029 -0.187192
v -0.381174 -0.445771 0.332267
v -0.000038 -0.655360 0.470253
v -0.330070 -0.479173 0.567928
v -0.344417 -0.362934 -0.253354
v -0.000205 -0.490051 -0.312300
v -0.257634 -0.275314 -0.429540
v -0.511341 -0.258657 0.020410
v -0.424229 -0.199739 -0.383106
v -0.598201 -0.119781 -0.086342
v -0.430816 -0.267576 0.401527
v -0.606870 -0.125008 0.111557
v 0.381199 -0.445864 0.332053
v 0.330507 -0.479947 0.567792
v 0.344228 -0.362749 -0.253070
v 0.257625 -0.275169 -0.429521
v 0.511385 -0.258807 0.020235
v 0.424400 -0.199752 -0.383196
v 0.598089 -0.119778 -0.086298
v 0.431043 -0.267610 0.402098
v 0.606919 -0.124991 0.111578
v 0.193182 -0.112458 0.696431
v -0.193127 -0.112468 0.696740
v 0.173945 0.094323 0.616632
v -0.173957 0.093816 0.617018
v 0.347583 -0.000895 0.564080
v -0.347629 -0.000609 0.564124
v 0.172823 -0.080046 -0.617784
v -0.172744 -0.080236 -0.617577
v 0.226245 0.121879 -0.782297
v -0.226271 0.122263 -0.781940
v 0.348103 0.015430 -0.584908
v -0.348155 0.015250 -0.584687
v -0.247083 0.430432 -0.045724
v -0.291591 0.388961 0.030059
v -0.285777 0.439350 -0.110488
v -0.349200 0.391109 -0.068558
v -0.355846 0.364835 0.017272
v 0.247396 0.430928 -0.045809
v 0.291316 0.388686 0.030161
v 0.286255 0.439255 -0.110675
v 0.349155 0.391132 -0.068615
v 0.356032 0.364841 0.017180
v -0.293554 -0.606580 -0.003113
v -0.321727 -0.537245 0.077327
v -0.343627 -0.600780 -0.070240
v -0.375790 -0.495386 -0.030707
v -0.381646 -0.487576 0.056806
v 0.293452 -0.606579 -0.003248
v 0.321412 -0.537384 0.077514
v 0.343799 -0.601301 -0.070168
v 0.376109 -0.495745 -0.030725
v 0.380893 -0.487341 0.057095
v -0.057508 -0.525525 0.693551
v 0.057044 -0.525656 0.693796
v 0.000253 -0.350859 0.724345
v 0.086055 -0.416203 0.708729
v -0.086115 -0.416060 0.708715
v -0.042666 0.258254 0.556704
v 0.042526 0.258275 0.556717
v -0.000010 0.243428 0.610727
v 0.067897 0.248702 0.592497
v -0.067854 0.248670 0.592577
v -0.038874 -0.269271 -0.526884
v 0.038863 -0.269241 -0.526869
v 0.000022 -0.232566 -0.601656
v 0.065022 -0.240529 -0.585293
v -0.064964 -0.240504 -0.585341
v -0.053429 0.488404 -0.674882
v 0.053498 0.488447 -0.674961
v 0.000238 0.341921 -0.746508
v 0.084716 0.394629 -0.715876
v -0.084590 0.394310 -0.715799
v 0.573389 0.046301 -0.340759
v 0.563219 -0.044962 -0.333823
v 0.527871 -0.027310 -0.403474
v 0.535147 0.032858 -0.410272
v 0.592774 0.000847 -0.293894
v 0.587608 0.047510 0.335973
v 0.588714 -0.042211 0.332905
v 0.549534 -0.024909 0.401316
v 0.548639 0.032771 0.402867
v 0.619640 0.002321 0.295043
v -0.573456 0.046395 -0.340724
v -0.563168 -0.045139 -0.333723
v -0.527750 -0.027435 -0.403425
v -0.535144 0.032896 -0.410291
v -0.592676 0.000814 -0.293827
v -0.587780 0.047575 0.336011
v -0.588735 -0.042191 0.332823
v -0.549612 -0.024746 0.401302
v -0.548637 0.032808 0.402878
v -0.619658 0.002219 0.295060
v -0.081546 0.474050 -0.063153
v 0.081726 0.474042 -0.063206
v -0.041938 0.444696 0.019453
v -0.038824 0.520470 -0.155455
v 0.041729 0.444646 0.019465
v 0.039498 0.521008 -0.155560
v -0.228915 0.344638 0.198188
v -0.143782 0.294061 0.387227
v -0.137999 0.358829 0.200019
v -0.283944 0.305600 0.285081
v -0.094136 0.328696 0.293265
v -0.242514 0.284133 0.383423
v -0.250395 0.592266 -0.330896
v -0.183025 0.638743 -0.542530
v -0.156545 0.671581 -0.358749
v -0.395370 0.633432 -0.409962
v -0.153775 0.811682 -0.458545
v -0.284067 0.566576 -0.501313
v -0.436562 0.323046 -0.152409
v -0.518588 0.183127 -0.248160
v -0.403327 0.347185 -0.260037
v -0.507982 0.253803 -0.089018
v -0.446972 0.262955 -0.305895
v -0.543874 0.187077 -0.140827
v -0.469772 0.278429 0.145538
v -0.543591 0.179293 0.253081
v -0.450507 0.267279 0.240996
v -0.528194 0.242631 0.109527
v -0.486852 0.227819 0.299004
v -0.567675 0.187935 0.161016
v 0.228862 0.344989 0.198053
v 0.143938 0.294119 0.387431
v 0.137894 0.358823 0.199696
v 0.094406 0.328419 0.293150
v 0.283646 0.305830 0.284755
v 0.242395 0.284129 0.383171
v 0.250050 0.592180 -0.331035
v 0.183307 0.638633 -0.542433
v 0.156639 0.671696 -0.358651
v 0.153793 0.811818 -0.458561
v 0.395305 0.633291 -0.409780
v 0.283955 0.566675 -0.501348
v 0.437146 0.323208 -0.152373
v 0.517746 0.183584 -0.248390
v 0.403403 0.347219 -0.259956
v 0.508151 0.253802 -0.088671
v 0.446956 0.262689 -0.305927
v 0.543744 0.187103 -0.140628
v 0.469769 0.278373 0.145551
v 0.543485 0.179176 0.252960
v 0.450505 0.267270 0.241013
v 0.528172 0.242625 0.109472
v 0.486858 0.227896 0.299001
v 0.567772 0.187878 0.160992
v -0.104680 -0.635558 0.005765
v 0.104089 -0.634967 0.005541
v -0.047840 -0.599960 0.112292
v -0.066365 -0.623372 -0.079743
v 0.047509 -0.599094 0.112019
v 0.065507 -0.622723 -0.079821
v -0.252571 -0.553737 0.328601
v -0.213429 -0.794795 0.616597
v -0.144793 -0.584090 0.366079
v -0.316674 -0.538821 0.403025
v -0.119126 -0.707085 0.470030
v -0.314967 -0.616615 0.537700
v -0.293619 -0.628073 -0.291290
v -0.135642 -0.388816 -0.364960
v -0.165040 -0.632249 -0.278987
v -0.285575 -0.441946 -0.293356
v -0.100102 -0.496757 -0.315058
v -0.221042 -0.359538 -0.351936
v -0.434317 -0.316046 -0.121483
v -0.524072 -0.167778 -0.243385
v -0.411056 -0.297854 -0.219233
v -0.498318 -0.248749 -0.078194
v -0.457945 -0.218792 -0.285474
v -0.544601 -0.177418 -0.135727
v -0.454235 -0.347020 0.166253
v -0.530547 -0.193911 0.252173
v -0.436124 -0.356112 0.267722
v -0.508588 -0.266866 0.115329
v -0.467702 -0.273936 0.307334
v -0.556207 -0.194991 0.159363
v 0.252820 -0.553603 0.328473
v 0.211341 -0.796584 0.613653
v 0.145402 -0.583903 0.366065
v 0.119131 -0.706162 0.469471
v 0.315936 -0.539511 0.402689
v 0.314583 -0.618088 0.537114
v 0.293193 -0.628427 -0.291293
v 0.135350 -0.388933 -0.364961
v 0.163989 -0.631970 -0.278637
v 0.100122 -0.496309 -0.314682
v 0.285781 -0.442506 -0.293414
v 0.220973 -0.359631 -0.351998
v 0.434572 -0.316607 -0.121633
v 0.524076 -0.167833 -0.243366
v 0.411232 -0.297369 -0.219227
v 0.498409 -0.248886 -0.078322
v 0.457906 -0.218721 -0.285441
v 0.544644 -0.177471 -0.135799
v 0.454139 -0.347051 0.165795
v 0.531037 -0.193981 0.252064
v 0.436206 -0.356116 0.267846
v 0.508439 -0.267029 0.115671
v 0.467861 -0.274160 0.306909
v 0.556236 -0.194970 0.159403
v -0.000194 -0.107269 0.777340
v 0.000026 0.093502 0.643428
v 0.094945 -0.058628 0.706210
v -0.094731 -0.058580 0.705330
v 0.089356 0.043674 0.654205
v -0.089335 0.043328 0.654740
v 0.267762 -0.295166 0.645171
v 0.405354 -0.140727 0.504412
v 0.329383 -0.341331 0.569523
v 0.387729 -0.249660 0.491521
v 0.267825 -0.169301 0.638120
v 0.343386 -0.102611 0.572171
v -0.268038 -0.294980 0.645223
v -0.404874 -0.141784 0.504868
v -0.329296 -0.341229 0.569773
v -0.387806 -0.249642 0.491320
v -0.267533 -0.169148 0.637515
v -0.343045 -0.102631 0.571980
v 0.241030 0.214826 0.562119
v 0.406407 0.125546 0.490596
v 0.309868 0.232420 0.507328
v 0.389767 0.198105 0.467530
v 0.253227 0.140125 0.577209
v 0.338283 0.090450 0.546146
v -0.240912 0.214970 0.562165
v -0.406458 0.125310 0.490650
v -0.309882 0.232473 0.507302
v -0.389723 0.198249 0.467494
v -0.253226 0.139492 0.576927
v -0.338304 0.090458 0.546049
v -0.000073 -0.083269 -0.636990
v -0.000247 0.129526 -0.780108
v 0.092203 -0.028999 -0.663194
v -0.092408 -0.028811 -0.663225
v 0.107010 0.070797 -0.752260
v -0.107088 0.072707 -0.749885
v 0.233766 -0.203333 -0.554095
v 0.394006 -0.114378 -0.488382
v 0.295561 -0.217244 -0.497661
v 0.377193 -0.183349 -0.464467
v 0.248078 -0.128314 -0.574114
v 0.331098 -0.078129 -0.549503
v -0.233782 -0.203336 -0.554130
v -0.394136 -0.114382 -0.488343
v -0.295531 -0.217063 -0.497627
v -0.377179 -0.183310 -0.464429
v -0.248207 -0.128348 -0.574259
v -0.331071 -0.078141 -0.549609
v 0.279288 0.289540 -0.684475
v 0.419121 0.144177 -0.538753
v 0.322116 0.324385 -0.578917
v 0.393913 0.243098 -0.514418
v 0.306040 0.179342 -0.719236
v 0.366041 0.111642 -0.621754
v -0.278931 0.289202 -0.684540
v -0.419189 0.144345 -0.538420
v -0.322367 0.324429 -0.579238
v -0.393998 0.243097 -0.514263
v -0.305940 0.178788 -0.719489
v -0.365926 0.111897 -0.622143
v 0.645092 -0.000338 -0.087885
v 0.660106 0.000723 0.114727
v 0.648759 0.059367 -0.034044
v 0.649322 0.061211 0.065661
v 0.640743 -0.060255 -0.035592
v 0.646101 -0.060674 0.064176
v -0.644905 -0.000353 -0.087886
v -0.660162 0.000753 0.114766
v -0.648813 0.059459 -0.034039
v -0.649424 0.061215 0.065680
v -0.640848 -0.060221 -0.035597
v -0.646160 -0.060675 0.064193
v -0.212992 0.412475 0.029730
v -0.209814 0.479970 -0.136787
v -0.127461 0.431820 0.025231
v -0.122625 0.507782 -0.150321
v -0.341937 0.345723 0.100484
v -0.177475 0.388705 0.111674
v -0.318224 0.326408 0.190126
v -0.331584 0.433779 -0.168094
v -0.176634 0.549454 -0.243058
v -0.334041 0.509567 -0.279876
v -0.410955 0.339188 -0.011075
v -0.371323 0.407393 -0.218257
v -0.463935 0.304493 -0.045656
v -0.398114 0.304532 0.172216
v -0.473884 0.289857 0.051358
v 0.212787 0.412274 0.029713
v 0.209759 0.480250 -0.136377
v 0.127836 0.431652 0.025443
v 0.123068 0.507832 -0.150191
v 0.342112 0.345703 0.100443
v 0.177125 0.388089 0.111642
v 0.317373 0.326501 0.189964
v 0.331812 0.433779 -0.168011
v 0.177093 0.549582 -0.243005
v 0.334037 0.509868 -0.280050
v 0.410570 0.339271 -0.011331
v 0.371791 0.407433 -0.218240
v 0.463562 0.304450 -0.045701
v 0.398014 0.304457 0.172294
v 0.473789 0.289965 0.051405
v -0.237518 -0.563497 0.078334
v -0.298206 -0.747414 -0.083153
v -0.140070 -0.581444 0.090763
v -0.161921 -0.769572 -0.076300
v -0.372655 -0.491407 0.155875
v -0.192040 -0.564872 0.213575
v -0.341732 -0.502201 0.273429
v -0.368935 -0.514760 -0.125742
v -0.230591 -0.784630 -0.222633
v -0.355546 -0.509136 -0.230447
v -0.414581 -0.413086 0.019445
v -0.379459 -0.397742 -0.166397
v -0.451828 -0.328342 -0.025170
v -0.403400 -0.428753 0.219211
v -0.460775 -0.339074 0.069352
v 0.237592 -0.563368 0.078562
v 0.297179 -0.748126 -0.083005
v 0.139929 -0.581151 0.091027
v 0.160396 -0.769002 -0.077834
v 0.372849 -0.491372 0.156109
v 0.192094 -0.565199 0.213749
v 0.342026 -0.501965 0.273372
v 0.368799 -0.514817 -0.125570
v 0.229491 -0.784824 -0.222535
v 0.355803 -0.509237 -0.230675
v 0.414933 -0.413027 0.019943
v 0.379221 -0.397668 -0.166528
v 0.451884 -0.328440 -0.025282
v 0.402856 -0.428280 0.219188
v 0.460228 -0.338874 0.068711
v -0.000119 -0.606641 0.654768
v -0.177689 -0.508404 0.697438
v -0.062330 -0.681653 0.586323
v -0.283770 -0.623314 0.677026
v 0.176926 -0.508444 0.696583
v 0.061849 -0.680768 0.585204
v 0.284080 -0.624639 0.676661
v 0.095393 -0.295348 0.728711
v -0.095357 -0.295354 0.727903
v 0.099086 -0.171891 0.743697
v -0.098792 -0.171908 0.742746
v 0.283314 -0.441199 0.665194
v 0.190410 -0.234695 0.703603
v -0.283094 -0.441055 0.665161
v -0.190320 -0.234939 0.703689
v 0.000188 0.275312 0.480394
v -0.131401 0.255191 0.551081
v -0.047772 0.299513 0.388659
v -0.191121 0.266276 0.477826
v 0.131360 0.255217 0.551082
v 0.047621 0.299285 0.388724
v 0.191142 0.266229 0.477925
v 0.079354 0.229066 0.611019
v -0.079394 0.229472 0.610816
v 0.085509 0.141789 0.622746
v -0.084974 0.140574 0.623022
v 0.222070 0.248150 0.534597
v 0.166935 0.187436 0.599008
v -0.222071 0.248151 0.534563
v -0.166868 0.188104 0.598981
v 0.000014 -0.323660 -0.446120
v -0.121166 -0.258878 -0.528528
v -0.046021 -0.400514 -0.373635
v -0.171006 -0.302694 -0.438812
v 0.121247 -0.258893 -0.528497
v 0.045447 -0.400595 -0.373570
v 0.170956 -0.302538 -0.438898
v 0.077470 -0.219535 -0.602575
v -0.077483 -0.219565 -0.602512
v 0.084466 -0.135778 -0.618222
v -0.084475 -0.135853 -0.618805
v 0.208253 -0.242833 -0.518218
v 0.161707 -0.179940 -0.590417
v -0.208226 -0.242796 -0.518156
v -0.161651 -0.180668 -0.590492
v 0.000108 0.585131 -0.635145
v -0.161891 0.461841 -0.673557
v -0.067947 0.665781 -0.559769
v -0.226282 0.522574 -0.601577
v 0.162758 0.461935 -0.674239
v 0.068168 0.665460 -0.559698
v 0.225327 0.521577 -0.599936
v 0.105001 0.296236 -0.772115
v -0.105050 0.296178 -0.771839
v 0.119544 0.185880 -0.821540
v -0.119793 0.188223 -0.821129
v 0.250904 0.402426 -0.639512
v 0.222782 0.246631 -0.788462
v -0.250766 0.402403 -0.639187
v -0.222485 0.246343 -0.788309
v 0.527630 0.098073 -0.391766
v 0.596953 0.052935 -0.247044
v 0.494931 0.176113 -0.353425
v 0.578306 0.116450 -0.193719
v 0.511300 -0.091499 -0.375731
v 0.590527 -0.053745 -0.244980
v 0.494625 -0.155399 -0.341490
v 0.574250 -0.114183 -0.192493
v 0.484628 0.004365 -0.469671
v 0.450575 -0.140267 -0.422735
v 0.409495 -0.032080 -0.513699
v 0.470001 0.164717 -0.452823
v 0.426368 0.052216 -0.539363
v 0.622636 0.056875 -0.140777
v 0.615052 -0.058031 -0.140998
v 0.528682 0.097695 0.376349
v 0.619202 0.055488 0.254124
v 0.508883 0.168242 0.342230
v 0.594910 0.120845 0.207622
v 0.529377 -0.098394 0.375919
v 0.619319 -0.052176 0.251041
v 0.496609 -0.185732 0.342783
v 0.593044 -0.121952 0.204162
v 0.496868 0.005836 0.463499
v 0.455810 -0.169441 0.427652
v 0.426503 -0.039327 0.518842
v 0.461965 0.149090 0.420843
v 0.424470 0.045935 0.511210
v 0.641484 0.059940 0.163402
v 0.638818 -0.058127 0.160666
v -0.527779 0.098096 -0.391785
v -0.596991 0.052995 -0.247040
v -0.495212 0.176033 -0.353300
v -0.578305 0.116537 -0.193851
v -0.511122 -0.091413 -0.375497
v -0.590594 -0.053751 -0.245007
v -0.494699 -0.155116 -0.341453
v -0.574432 -0.114127 -0.192530
v -0.484630 0.004358 -0.469787
v -0.450505 -0.140265 -0.422640
v -0.409549 -0.032180 -0.513287
v -0.470200 0.164843 -0.452916
v -0.426461 0.052214 -0.539596
v -0.622663 0.056925 -0.140785
v -0.615111 -0.058047 -0.141028
v -0.529209 0.097736 0.376808
v -0.619166 0.055548 0.254125
v -0.508964 0.168095 0.342190
v -0.595262 0.120942 0.207712
v -0.529401 -0.098225 0.375826
v -0.619297 -0.052174 0.250951
v -0.496344 -0.185948 0.342568
v -0.593094 -0.121836 0.203967
v -0.496850 0.005840 0.463502
v -0.455781 -0.169508 0.427360
v -0.426490 -0.039172 0.518623
v -0.461867 0.149228 0.420988
v -0.424550 0.045903 0.511325
v -0.641519 0.059970 0.163347
v -0.638858 -0.058142 0.160690
v 0.000002 0.409554 0.104673
v -0.045717 0.367349 0.199270
v -0.000072 0.588617 -0.253091
v -0.057842 0.673562 -0.354694
v 0.046052 0.367284 0.199065
v 0.057808 0.672993 -0.355155
v -0.336542 0.271906 0.368638
v -0.416537 0.255610 0.337918
v -0.369715 0.244007 0.430075
v -0.363531 0.486206 -0.445292
v -0.368972 0.359091 -0.366722
v -0.353420 0.350002 -0.475300
v -0.568992 0.189963 -0.033289
v -0.575231 0.189828 0.065556
v -0.616186 0.125301 0.016605
v 0.336531 0.271777 0.368722
v 0.416641 0.255529 0.337940
v 0.369699 0.244123 0.430082
v 0.363521 0.486177 -0.445319
v 0.369939 0.359267 -0.366786
v 0.353670 0.350215 -0.475867
v 0.568919 0.189949 -0.033382
v 0.575211 0.189870 0.065574
v 0.616201 0.125291 0.016615
v 0.000104 -0.595645 0.233525
v -0.047202 -0.607707 0.359652
v -0.000257 -0.581133 -0.160933
v -0.055037 -0.572301 -0.250126
v 0.047763 -0.607487 0.359740
v 0.054399 -0.571615 -0.249763
v -0.354676 -0.468141 0.448316
v -0.408162 -0.363628 0.371724
v -0.372854 -0.361716 0.474656
v -0.301071 -0.316416 -0.337032
v -0.379684 -0.269961 -0.314992
v -0.342389 -0.240280 -0.411411
v -0.565684 -0.184193 -0.030813
v -0.566546 -0.191698 0.065921
v -0.614096 -0.123996 0.015486
v 0.354679 -0.468224 0.448270
v 0.408561 -0.363551 0.371677
v 0.372804 -0.362032 0.474921
v 0.301228 -0.316176 -0.337410
v 0.380016 -0.268806 -0.315359
v 0.342499 -0.240490 -0.411397
v 0.565859 -0.184394 -0.030817
v 0.566534 -0.191539 0.065845
v 0.614097 -0.123906 0.015549
v 0.180820 -0.006816 0.648879
v 0.267157 -0.056697 0.620982
v -0.180538 -0.006694 0.648879
v -0.267178 -0.056899 0.621042
v 0.262198 0.046032 0.597242
v -0.262218 0.045879 0.596929
v 0.191242 0.020947 -0.681779
v 0.263339 -0.030168 -0.611393
v -0.191727 0.020864 -0.681590
v -0.263021 -0.030170 -0.611561
v 0.286744 0.069724 -0.671027
v -0.286504 0.069046 -0.670969
v -0.282611 0.416016 -0.039485
v -0.302880 0.397201 -0.005181
v -0.298780 0.418132 -0.067333
v -0.327448 0.398655 -0.049500
v -0.331472 0.386005 -0.010844
v 0.282301 0.416322 -0.039356
v 0.302636 0.397216 -0.005549
v 0.298383 0.418568 -0.067601
v 0.327407 0.398617 -0.049611
v 0.331210 0.386123 -0.011235
v -0.323114 -0.573158 0.000561
v -0.334646 -0.542019 0.035573
v -0.341904 -0.567167 -0.027010
v -0.359748 -0.526505 -0.010738
v -0.359182 -0.517797 0.028126
v 0.323023 -0.573470 0.001342
v 0.334654 -0.542155 0.035809
v 0.342196 -0.568276 -0.027627
v 0.360214 -0.526906 -0.011057
v 0.359462 -0.517577 0.028024
v -0.024431 -0.481197 0.700403
v 0.024484 -0.481223 0.701380
v 0.000214 -0.404566 0.713645
v 0.038190 -0.433886 0.708401
v -0.038507 -0.433938 0.708206
v -0.018656 0.254230 0.579693
v 0.018653 0.254227 0.579689
v 0.000029 0.248501 0.601452
v 0.029968 0.250750 0.593528
v -0.029894 0.250743 0.593549
v -0.017492 -0.251829 -0.564663
v 0.017551 -0.251832 -0.564711
v 0.000017 -0.239818 -0.593547
v 0.028660 -0.243073 -0.586066
v -0.028587 -0.243064 -0.586072
v -0.023263 0.451305 -0.692416
v 0.023221 0.451362 -0.692601
v -0.000032 0.386518 -0.723935
v 0.037772 0.410745 -0.711046
v -0.037495 0.410135 -0.711045
v 0.571684 0.021825 -0.353912
v 0.566940 -0.017864 -0.350628
v 0.550820 -0.010201 -0.380993
v 0.553689 0.015098 -0.383286
v 0.580568 0.001891 -0.334127
v 0.591811 0.021719 0.350788
v 0.592267 -0.015591 0.348748
v 0.574414 -0.008042 0.378611
v 0.573908 0.015627 0.379730
v 0.603596 0.002794 0.331610
v -0.571671 0.021797 -0.353855
v -0.566829 -0.017974 -0.350469
v -0.550655 -0.010234 -0.380812
v -0.553628 0.015137 -0.383261
v -0.580467 0.001862 -0.334030
v -0.591804 0.021659 0.350738
v -0.592265 -0.015556 0.348751
v -0.574402 -0.007987 0.378618
v -0.573867 0.015492 0.379662
v -0.603601 0.002685 0.331641
v -0.040572 0.478381 -0.065460
v 0.040263 0.478237 -0.065346
v -0.020709 0.461787 -0.022797
v -0.019706 0.499301 -0.110430
v 0.020476 0.461686 -0.023009
v 0.019940 0.499413 -0.110411
v -0.209962 0.332033 0.244509
v -0.167431 0.306144 0.339113
v -0.163277 0.338453 0.245640
v -0.236957 0.312787 0.289243
v -0.141541 0.324678 0.292925
v -0.215450 0.300993 0.337126
v -0.234990 0.635617 -0.393892
v -0.203159 0.664946 -0.496763
v -0.198660 0.698824 -0.405204
v -0.289015 0.628461 -0.427501
v -0.218422 0.793673 -0.469630
v -0.258398 0.618784 -0.476155
v -0.456962 0.293375 -0.174747
v -0.497405 0.221680 -0.222795
v -0.440630 0.300380 -0.228945
v -0.491695 0.256082 -0.144169
v -0.461717 0.261476 -0.252209
v -0.511433 0.221820 -0.168999
v -0.494731 0.258185 0.176055
v -0.532411 0.211298 0.230122
v -0.484876 0.253846 0.223760
v -0.524218 0.239982 0.157072
v -0.503307 0.232654 0.251815
v -0.543834 0.215234 0.183454
v 0.210046 0.332122 0.244464
v 0.167192 0.306536 0.339350
v 0.163140 0.338491 0.245691
v 0.141865 0.324627 0.292866
v 0.236784 0.312966 0.288848
v 0.215700 0.300632 0.337487
v 0.235099 0.635502 -0.393690
v 0.203050 0.665300 -0.496803
v 0.198940 0.698985 -0.404791
v 0.218314 0.793588 -0.469692
v 0.288839 0.628617 -0.427435
v 0.258491 0.618627 -0.476013
v 0.457029 0.293446 -0.175081
v 0.496983 0.222000 -0.223093
v 0.440568 0.300091 -0.228791
v 0.492255 0.256243 -0.144287
v 0.461429 0.261964 -0.252486
v 0.511383 0.221905 -0.168863
v 0.494709 0.258202 0.176014
v 0.532456 0.211346 0.230173
v 0.484885 0.253795 0.223796
v 0.524228 0.240036 0.157064
v 0.503366 0.232633 0.251853
v 0.543907 0.215177 0.183519
v -0.053492 -0.621809 0.010098
v 0.053069 -0.621720 0.009887
v -0.025039 -0.609871 0.060894
v -0.029899 -0.619875 -0.034475
v 0.024664 -0.609585 0.060791
v 0.029373 -0.620112 -0.034233
v -0.241264 -0.582533 0.405982
v -0.258591 -0.779304 0.524281
v -0.193052 -0.634347 0.411063
v -0.282078 -0.593193 0.440525
v -0.193225 -0.755495 0.458325
v -0.299139 -0.669776 0.500675
v -0.241186 -0.558048 -0.300488
v -0.165417 -0.436335 -0.334946
v -0.186814 -0.566115 -0.300875
v -0.245822 -0.472937 -0.306315
v -0.150357 -0.498648 -0.315530
v -0.209655 -0.421482 -0.326585
v -0.456378 -0.275151 -0.150451
v -0.502506 -0.200785 -0.212333
v -0.445389 -0.267270 -0.200926
v -0.489200 -0.243524 -0.129281
v -0.469279 -0.228537 -0.233238
v -0.512269 -0.207202 -0.159100
v -0.474017 -0.310445 0.189334
v -0.514211 -0.233910 0.231503
v -0.464714 -0.313608 0.238887
v -0.502564 -0.269877 0.163066
v -0.482460 -0.273945 0.259096
v -0.524871 -0.232901 0.184671
v 0.241087 -0.582370 0.405893
v 0.256372 -0.780163 0.521898
v 0.193171 -0.634045 0.411106
v 0.193115 -0.754719 0.457952
v 0.281810 -0.593148 0.440515
v 0.298858 -0.670936 0.499782
v 0.241100 -0.558014 -0.300336
v 0.165129 -0.436464 -0.334564
v 0.186504 -0.566491 -0.300916
v 0.150426 -0.498362 -0.316121
v 0.245802 -0.473492 -0.306829
v 0.209374 -0.421639 -0.326348
v 0.456529 -0.275108 -0.150686
v 0.502922 -0.200701 -0.212495
v 0.445718 -0.267173 -0.201062
v 0.489286 -0.243296 -0.129368
v 0.469131 -0.228714 -0.233195
v 0.512557 -0.206992 -0.159115
v 0.473875 -0.310268 0.189390
v 0.514181 -0.233474 0.231790
v 0.464538 -0.313463 0.238802
v 0.502397 -0.270137 0.163226
v 0.482921 -0.273916 0.259243
v 0.524763 -0.232887 0.184873
v -0.000125 -0.052808 0.735219
v -0.000119 0.044290 0.663828
v 0.046917 -0.030567 0.704679
v -0.046697 -0.031256 0.703841
v 0.045665 0.019043 0.673775
v -0.045566 0.018790 0.673833
v 0.300223 -0.255993 0.607108
v 0.368090 -0.177935 0.536594
v 0.330783 -0.277387 0.569630
v 0.362254 -0.235108 0.532762
v 0.301714 -0.194043 0.605607
v 0.338130 -0.158338 0.571317
v -0.300241 -0.255938 0.607054
v -0.368356 -0.178458 0.536160
v -0.330783 -0.277093 0.569801
v -0.362205 -0.234950 0.532550
v -0.301460 -0.194200 0.605079
v -0.337795 -0.158445 0.571079
v 0.283685 0.194981 0.546523
v 0.366873 0.150631 0.510901
v 0.318730 0.208907 0.520769
v 0.359389 0.188672 0.501721
v 0.290024 0.157866 0.554251
v 0.331951 0.133203 0.537322
v -0.283612 0.194824 0.546407
v -0.366714 0.150370 0.510924
v -0.318759 0.208936 0.520818
v -0.359419 0.188619 0.501762
v -0.290088 0.157841 0.554225
v -0.332147 0.133575 0.537505
v -0.000147 -0.028898 -0.666705
v 0.000169 0.075276 -0.746284
v 0.047955 -0.003528 -0.685599
v -0.048063 -0.002763 -0.684990
v 0.051610 0.048117 -0.726872
v -0.051642 0.048602 -0.726123
v 0.276553 -0.186251 -0.540796
v 0.356347 -0.139917 -0.507293
v 0.307442 -0.193522 -0.512927
v 0.348084 -0.174295 -0.496150
v 0.285082 -0.153137 -0.550591
v 0.324628 -0.124873 -0.536005
v -0.276518 -0.186482 -0.540789
v -0.356322 -0.140037 -0.507564
v -0.307422 -0.193589 -0.512926
v -0.348024 -0.174370 -0.496115
v -0.285048 -0.153351 -0.550823
v -0.324428 -0.124933 -0.536090
v 0.315418 0.252876 -0.649991
v 0.384923 0.179290 -0.574937
v 0.336782 0.269249 -0.596998
v 0.373281 0.230909 -0.563340
v 0.328241 0.198395 -0.664374
v 0.361189 0.163136 -0.622159
v -0.315453 0.252626 -0.650016
v -0.385002 0.179536 -0.574991
v -0.337493 0.269417 -0.597590
v -0.373506 0.231083 -0.563779
v -0.328066 0.198477 -0.664523
v -0.361054 0.163093 -0.622044
v 0.658719 -0.000149 -0.034887
v 0.664165 0.000438 0.065360
v 0.662930 0.029466 -0.008821
v 0.662966 0.030105 0.040898
v 0.658661 -0.029818 -0.009731
v 0.660678 -0.029670 0.040118
v -0.658589 -0.000229 -0.034871
v -0.664169 0.000470 0.065346
v -0.662969 0.029468 -0.008852
v -0.663018 0.030063 0.040906
v -0.658663 -0.029880 -0.009715
v -0.660713 -0.029712 0.040124
v -0.208128 0.444524 -0.051567
v -0.123775 0.467203 -0.059832
v -0.189088 0.434850 -0.012217
v -0.187349 0.468952 -0.096870
v -0.147001 0.444965 -0.015340
v -0.144563 0.481365 -0.102100
v -0.278040 0.379047 0.068766
v -0.246428 0.356894 0.153515
v -0.236999 0.390085 0.070443
v -0.303739 0.357515 0.106443
v -0.220919 0.379303 0.111639
v -0.289653 0.346829 0.149862
v -0.273820 0.465551 -0.159885
v -0.256801 0.541924 -0.270436
v -0.235167 0.490300 -0.175721
v -0.299999 0.467656 -0.192639
v -0.222238 0.526506 -0.230132
v -0.296213 0.505943 -0.249114
v -0.372123 0.380482 -0.089573
v -0.416295 0.347501 -0.131491
v -0.362085 0.399259 -0.140613
v -0.403882 0.351341 -0.059776
v -0.383460 0.384187 -0.163490
v -0.427835 0.334242 -0.078898
v -0.383834 0.342452 0.048475
v -0.442587 0.298931 0.113712
v -0.378173 0.333362 0.091953
v -0.413652 0.329066 0.035373
v -0.407886 0.312238 0.126364
v -0.444113 0.306065 0.067032
v 0.208197 0.444823 -0.051308
v 0.123667 0.467266 -0.059873
v 0.189223 0.434732 -0.012139
v 0.187021 0.468876 -0.096636
v 0.146851 0.444915 -0.015275
v 0.144745 0.481473 -0.102176
v 0.278113 0.379226 0.068715
v 0.246790 0.357058 0.152971
v 0.237710 0.390678 0.070104
v 0.303381 0.357590 0.106446
v 0.220846 0.378924 0.111647
v 0.289859 0.347286 0.149589
v 0.273717 0.465966 -0.159882
v 0.256524 0.542049 -0.270187
v 0.235286 0.490632 -0.175517
v 0.299592 0.467296 -0.192590
v 0.222054 0.526243 -0.230371
v 0.296351 0.506490 -0.248135
v 0.371907 0.380328 -0.089416
v 0.416244 0.347309 -0.131354
v 0.362574 0.399679 -0.140250
v 0.403902 0.351462 -0.059837
v 0.383377 0.384381 -0.163506
v 0.427828 0.334508 -0.078820
v 0.383911 0.342513 0.048459
v 0.442570 0.298872 0.113719
v 0.378327 0.333361 0.091894
v 0.413762 0.329182 0.035244
v 0.407994 0.312205 0.126386
v 0.444092 0.306027 0.067042
v -0.255616 -0.638878 -0.002454
v -0.155617 -0.649379 0.001408
v -0.219610 -0.597694 0.030524
v -0.255704 -0.725599 -0.029642
v -0.170913 -0.604926 0.034954
v -0.191569 -0.711321 -0.037377
v -0.305535 -0.534452 0.128730
v -0.269878 -0.541749 0.254389
v -0.261361 -0.550310 0.136639
v -0.332222 -0.515745 0.172920
v -0.241180 -0.551869 0.201632
v -0.315641 -0.520218 0.233506
v -0.348616 -0.639655 -0.121935
v -0.334371 -0.670537 -0.250771
v -0.332757 -0.733053 -0.140404
v -0.360379 -0.584486 -0.154458
v -0.311441 -0.746609 -0.210086
v -0.362372 -0.594820 -0.215438
v -0.388914 -0.455163 -0.051389
v -0.413677 -0.359863 -0.094120
v -0.382299 -0.457806 -0.098413
v -0.409086 -0.410896 -0.025853
v -0.389524 -0.404468 -0.118384
v -0.423840 -0.365922 -0.047448
v -0.399457 -0.453779 0.086653
v -0.434292 -0.383010 0.141498
v -0.395023 -0.456385 0.136216
v -0.417189 -0.415741 0.066444
v -0.410881 -0.422965 0.165650
v -0.437804 -0.379015 0.092631
v 0.255099 -0.639088 -0.002905
v 0.155178 -0.649139 0.001320
v 0.219191 -0.597758 0.030794
v 0.254249 -0.726669 -0.029404
v 0.170450 -0.604879 0.035126
v 0.190612 -0.711824 -0.037679
v 0.305372 -0.534369 0.128931
v 0.269547 -0.541917 0.254439
v 0.261541 -0.550017 0.136573
v 0.331602 -0.515137 0.173163
v 0.240948 -0.551972 0.201963
v 0.315667 -0.520292 0.233684
v 0.348289 -0.640144 -0.121618
v 0.334278 -0.670908 -0.250816
v 0.332505 -0.734031 -0.140432
v 0.359776 -0.584924 -0.154091
v 0.311006 -0.747090 -0.210111
v 0.362213 -0.594796 -0.215718
v 0.388745 -0.455501 -0.051513
v 0.413975 -0.360033 -0.094173
v 0.381924 -0.457499 -0.097928
v 0.408798 -0.410685 -0.026154
v 0.389672 -0.404311 -0.118630
v 0.424024 -0.366039 -0.047493
v 0.399456 -0.453958 0.086885
v 0.434100 -0.383091 0.141359
v 0.395227 -0.456168 0.136045
v 0.417362 -0.415594 0.066401
v 0.410745 -0.422558 0.165927
v 0.438220 -0.379369 0.092305
v -0.095248 -0.579345 0.685959
v -0.178885 -0.751457 0.679733
v -0.066450 -0.620146 0.662994
v -0.163305 -0.583252 0.696352
v -0.098952 -0.685552 0.644530
v -0.216961 -0.667516 0.702109
v 0.095172 -0.579665 0.685739
v 0.177763 -0.753471 0.678863
v 0.066220 -0.620538 0.662284
v 0.162682 -0.583699 0.694378
v 0.098122 -0.685289 0.643124
v 0.217114 -0.669965 0.701904
v -0.000101 -0.292336 0.739080
v -0.000113 -0.166745 0.825280
v 0.048155 -0.262800 0.743779
v -0.048298 -0.262640 0.743845
v 0.049023 -0.200992 0.763499
v -0.049087 -0.201193 0.763140
v 0.136685 -0.393586 0.705974
v 0.232772 -0.332894 0.679344
v 0.184135 -0.435663 0.696276
v 0.141320 -0.329803 0.713899
v 0.235777 -0.404272 0.684023
v 0.189710 -0.299643 0.702395
v -0.136599 -0.393507 0.705769
v -0.232759 -0.332911 0.679796
v -0.183659 -0.435167 0.696090
v -0.141314 -0.329414 0.713326
v -0.235698 -0.404189 0.684377
v -0.189698 -0.299423 0.703043
v -0.068567 0.263780 0.524734
v -0.119527 0.282771 0.435108
v -0.046730 0.274467 0.480541
v -0.115235 0.262143 0.522905
v -0.071386 0.284821 0.435957
v -0.143016 0.269275 0.482472
v 0.068650 0.263758 0.524726
v 0.119403 0.282650 0.435155
v 0.046844 0.274231 0.480668
v 0.115234 0.262169 0.522924
v 0.071464 0.285230 0.435186
v 0.143158 0.269069 0.482470
v -0.000068 0.234449 0.618505
v 0.000003 0.142731 0.629622
v 0.040484 0.209361 0.617470
v -0.040481 0.210156 0.617789
v 0.041772 0.165861 0.623279
v -0.041729 0.165312 0.623298
v 0.109610 0.245167 0.589262
v 0.197531 0.231062 0.575487
v 0.143631 0.248767 0.569952
v 0.117207 0.235231 0.600191
v 0.188311 0.244016 0.562533
v 0.161476 0.225699 0.594170
v -0.109602 0.245127 0.589314
v -0.197531 0.231112 0.575441
v -0.143592 0.248750 0.569979
v -0.117237 0.235213 0.600094
v -0.188272 0.244001 0.562556
v -0.161508 0.225743 0.594022
v -0.061466 -0.291033 -0.486510
v -0.109394 -0.349976 -0.403354
v -0.042513 -0.321847 -0.445876
v -0.103497 -0.286613 -0.485734
v -0.065992 -0.356500 -0.406883
v -0.127835 -0.311619 -0.442326
v 0.061574 -0.291068 -0.486387
v 0.109290 -0.350061 -0.403433
v 0.042378 -0.321873 -0.445884
v 0.103542 -0.286515 -0.485701
v 0.065860 -0.356505 -0.407000
v 0.127830 -0.311459 -0.442360
v -0.000016 -0.221080 -0.608169
v -0.000081 -0.136140 -0.622331
v 0.040340 -0.211367 -0.609347
v -0.040400 -0.211669 -0.609325
v 0.041678 -0.162076 -0.616372
v -0.041636 -0.161986 -0.616460
v 0.104833 -0.235722 -0.580983
v 0.190062 -0.217171 -0.564771
v 0.136075 -0.241424 -0.560045
v 0.112723 -0.223314 -0.590371
v 0.178928 -0.234351 -0.550644
v 0.155234 -0.210424 -0.583198
v -0.104779 -0.235701 -0.580959
v -0.190038 -0.217104 -0.564776
v -0.136021 -0.241415 -0.560052
v -0.112727 -0.223254 -0.590296
v -0.178887 -0.234314 -0.550591
v -0.155241 -0.210375 -0.583135
v -0.088085 0.530350 -0.655881
v -0.160328 0.612544 -0.600228
v -0.063290 0.582429 -0.634659
v -0.146398 0.518395 -0.654850
v -0.099491 0.625471 -0.604747
v -0.186244 0.559201 -0.630135
v 0.087727 0.529670 -0.655137
v 0.160384 0.612434 -0.600266
v 0.063460 0.582344 -0.634880
v 0.146247 0.518082 -0.654348
v 0.099716 0.625196 -0.604738
v 0.186463 0.559280 -0.630308
v 0.000214 0.293185 -0.771184
v -0.000042 0.185900 -0.796843
v 0.054730 0.268471 -0.784694
v -0.054725 0.268856 -0.783929
v 0.058275 0.214210 -0.802546
v -0.058598 0.215081 -0.802503
v 0.136203 0.374782 -0.719920
v 0.239357 0.324353 -0.712151
v 0.175156 0.406009 -0.693888
v 0.149699 0.324288 -0.750191
v 0.224373 0.379269 -0.684887
v 0.206062 0.300142 -0.754031
v -0.136169 0.374609 -0.719588
v -0.238924 0.324397 -0.712147
v -0.174924 0.405949 -0.693891
v -0.149140 0.323883 -0.749188
v -0.224001 0.379701 -0.685200
v -0.206031 0.300401 -0.754653
v 0.568470 0.074702 -0.322172
v 0.538498 0.144737 -0.273923
v 0.545906 0.102236 -0.348576
v 0.578921 0.079521 -0.272837
v 0.528488 0.139522 -0.325951
v 0.566801 0.112702 -0.247065
v 0.557224 -0.074971 -0.314412
v 0.539907 -0.136894 -0.270760
v 0.531664 -0.099596 -0.336413
v 0.571924 -0.080093 -0.269332
v 0.524413 -0.131364 -0.318123
v 0.562879 -0.110613 -0.244660
v 0.499073 -0.047129 -0.425855
v 0.431017 -0.091374 -0.468385
v 0.490050 -0.081492 -0.412761
v 0.475260 -0.032031 -0.459297
v 0.458628 -0.105519 -0.435534
v 0.438898 -0.052127 -0.480299
v 0.511111 0.054833 -0.439630
v 0.452030 0.111277 -0.503877
v 0.505141 0.091629 -0.431669
v 0.488320 0.041225 -0.474644
v 0.476041 0.122389 -0.462897
v 0.458601 0.066970 -0.508289
v 0.604600 0.000096 -0.246427
v 0.631019 -0.000354 -0.141636
v 0.609836 0.026668 -0.221242
v 0.606145 -0.027241 -0.220501
v 0.622997 0.027583 -0.168330
v 0.618934 -0.028452 -0.168191
v 0.578140 0.078534 0.317002
v 0.554821 0.145423 0.274863
v 0.548353 0.105488 0.337367
v 0.593258 0.083832 0.274625
v 0.537355 0.139682 0.318258
v 0.581375 0.116856 0.252425
v 0.575767 -0.076941 0.313219
v 0.546543 -0.153930 0.272231
v 0.545368 -0.107971 0.335170
v 0.591383 -0.082489 0.271068
v 0.529698 -0.149169 0.316460
v 0.577349 -0.119223 0.249138
v 0.516624 -0.048123 0.424835
v 0.442590 -0.107253 0.476398
v 0.505469 -0.088890 0.413606
v 0.491200 -0.032808 0.458957
v 0.468230 -0.121964 0.439089
v 0.454305 -0.058993 0.485197
v 0.516702 0.053712 0.425473
v 0.444798 0.100547 0.469427
v 0.506174 0.087959 0.412943
v 0.492245 0.040899 0.458940
v 0.470967 0.112621 0.434328
v 0.455945 0.062959 0.481836
v 0.636966 0.001971 0.254478
v 0.656030 0.001060 0.163490
v 0.640723 0.027989 0.233472
v 0.640035 -0.024580 0.231430
v 0.650620 0.029280 0.187932
v 0.649015 -0.026802 0.186052
v -0.568521 0.074784 -0.322167
v -0.538245 0.144941 -0.274032
v -0.545954 0.102170 -0.348491
v -0.578920 0.079581 -0.272777
v -0.528425 0.139363 -0.326098
v -0.566643 0.112700 -0.247230
v -0.557367 -0.075001 -0.314445
v -0.539943 -0.136910 -0.270833
v -0.531949 -0.099476 -0.336641
v -0.572056 -0.080034 -0.269474
v -0.524441 -0.131255 -0.318055
v -0.562974 -0.110609 -0.244770
v -0.498981 -0.047122 -0.425860
v -0.430983 -0.090987 -0.468435
v -0.490215 -0.081585 -0.412981
v -0.475331 -0.031989 -0.459385
v -0.458565 -0.105464 -0.435654
v -0.439234 -0.052348 -0.480542
v -0.511278 0.054815 -0.439718
v -0.451827 0.111151 -0.503578
v -0.505001 0.091853 -0.431531
v -0.488284 0.041173 -0.474710
v -0.475900 0.122574 -0.462691
v -0.458598 0.067118 -0.508507
v -0.604572 0.000034 -0.246402
v -0.630866 -0.000387 -0.141613
v -0.609845 0.026672 -0.221178
v -0.606157 -0.027317 -0.220498
v -0.622968 0.027560 -0.168271
v -0.618921 -0.028473 -0.168149
v -0.576685 0.078901 0.316262
v -0.554219 0.145329 0.274612
v -0.548387 0.105587 0.337555
v -0.592753 0.083688 0.274314
v -0.537769 0.139950 0.318469
v -0.581275 0.116846 0.252360
v -0.575808 -0.076823 0.313155
v -0.546215 -0.154241 0.272395
v -0.545442 -0.107859 0.335224
v -0.591355 -0.082401 0.271206
v -0.529886 -0.149450 0.316778
v -0.577278 -0.119144 0.249163
v -0.516255 -0.048305 0.424737
v -0.442436 -0.107448 0.476125
v -0.505146 -0.089338 0.413543
v -0.491192 -0.032859 0.458866
v -0.468305 -0.121918 0.439036
v -0.453850 -0.059261 0.485159
v -0.516489 0.053806 0.425376
v -0.444958 0.100373 0.469448
v -0.506211 0.087912 0.412774
v -0.492069 0.041089 0.458789
v -0.471248 0.112499 0.434617
v -0.455705 0.063041 0.481522
v -0.636985 0.001872 0.254427
v -0.656083 0.001057 0.163534
v -0.640743 0.027964 0.233425
v -0.640039 -0.024546 0.231500
v -0.650658 0.029230 0.187849
v -0.649000 -0.026766 0.186107
v -0.064754 0.423747 0.063652
v -0.112603 0.380211 0.154507
v -0.108447 0.417173 0.066641
v -0.132697 0.395374 0.111019
v -0.044111 0.407235 0.106255
v -0.067731 0.384771 0.153354
v -0.058497 0.544408 -0.202115
v -0.119520 0.622229 -0.304696
v -0.100267 0.536920 -0.200124
v -0.129905 0.566940 -0.250285
v -0.044234 0.587028 -0.252755
v -0.074754 0.630393 -0.304149
v 0.064653 0.423720 0.063749
v 0.112877 0.379792 0.154454
v 0.108402 0.417102 0.066393
v 0.132888 0.395877 0.110805
v 0.044221 0.406850 0.106529
v 0.067655 0.385534 0.152785
v 0.058660 0.544402 -0.201897
v 0.119612 0.622415 -0.304482
v 0.100379 0.537180 -0.200325
v 0.130082 0.567160 -0.250647
v 0.043998 0.586998 -0.252902
v 0.074722 0.629996 -0.304051
v -0.329347 0.297501 0.278118
v -0.412361 0.278409 0.255801
v -0.345746 0.306967 0.229635
v -0.387162 0.296602 0.219957
v -0.356309 0.280154 0.318744
v -0.396966 0.271624 0.305293
v -0.047393 0.330631 0.293800
v 0.047300 0.331061 0.293335
v -0.023944 0.315210 0.341016
v 0.023661 0.315501 0.340811
v -0.023180 0.349767 0.246353
v 0.023197 0.349333 0.246065
v -0.266678 0.269547 0.426219
v -0.298181 0.246473 0.486116
v -0.238367 0.262535 0.470161
v -0.254036 0.252686 0.499623
v -0.312687 0.264226 0.416639
v -0.327982 0.251951 0.446106
v -0.457296 0.587222 -0.357620
v -0.364850 0.404943 -0.291595
v -0.373474 0.505463 -0.305429
v -0.361192 0.437659 -0.274033
v -0.391056 0.496758 -0.388520
v -0.359555 0.420215 -0.346920
v -0.073933 0.715247 -0.453923
v 0.074182 0.715157 -0.454053
v -0.036218 0.692428 -0.509962
v 0.035828 0.692277 -0.509507
v -0.033133 0.695455 -0.404870
v 0.033238 0.695608 -0.404806
v -0.293568 0.505583 -0.522286
v -0.309025 0.381910 -0.559681
v -0.264342 0.483260 -0.571130
v -0.275034 0.422772 -0.590693
v -0.327462 0.463093 -0.492323
v -0.328794 0.398363 -0.509228
v -0.521666 0.251899 -0.035114
v -0.530051 0.245869 0.062327
v -0.498315 0.276414 -0.013967
v -0.502699 0.271453 0.034306
v -0.551227 0.222235 -0.007534
v -0.554446 0.220790 0.041094
v -0.433626 0.261728 -0.359286
v -0.409307 0.251997 -0.464431
v -0.458914 0.215492 -0.382419
v -0.447304 0.210237 -0.433763
v -0.395733 0.307480 -0.389641
v -0.385456 0.302921 -0.443072
v -0.574107 0.154119 -0.113093
v -0.628027 0.090304 -0.059756
v -0.590394 0.119416 -0.139788
v -0.615279 0.088401 -0.113154
v -0.586261 0.156054 -0.059520
v -0.613451 0.123929 -0.033430
v -0.468172 0.223380 0.345864
v -0.418270 0.207125 0.429744
v -0.479071 0.195699 0.367075
v -0.453670 0.184894 0.406558
v -0.433040 0.238566 0.366646
v -0.408694 0.232348 0.410895
v -0.588637 0.156480 0.137399
v -0.630060 0.092989 0.089882
v -0.604545 0.123679 0.161435
v -0.625959 0.092202 0.138310
v -0.592610 0.157272 0.089492
v -0.613507 0.125407 0.065406
v 0.329292 0.297392 0.278373
v 0.412405 0.278475 0.255823
v 0.345461 0.307058 0.229528
v 0.387205 0.296524 0.220055
v 0.356287 0.280081 0.318789
v 0.396963 0.271636 0.305350
v 0.266662 0.269387 0.426454
v 0.298216 0.246506 0.486153
v 0.238383 0.262534 0.470202
v 0.254052 0.252639 0.499609
v 0.312739 0.264210 0.416623
v 0.328053 0.251969 0.446117
v 0.457311 0.587189 -0.357556
v 0.365072 0.404889 -0.291659
v 0.374009 0.505859 -0.305376
v 0.360964 0.437380 -0.273965
v 0.390707 0.496582 -0.388792
v 0.359606 0.420272 -0.347066
v 0.294452 0.505816 -0.522114
v 0.309230 0.382112 -0.559973
v 0.264229 0.483067 -0.570450
v 0.275493 0.422756 -0.590468
v 0.327808 0.463410 -0.492595
v 0.328742 0.398272 -0.509323
v 0.521692 0.251946 -0.034987
v 0.530053 0.245885 0.062283
v 0.498302 0.276529 -0.014016
v 0.502715 0.271431 0.034207
v 0.551232 0.222282 -0.007641
v 0.554470 0.220847 0.040982
v 0.433747 0.261419 -0.359183
v 0.409549 0.252128 -0.463809
v 0.459302 0.215570 -0.382236
v 0.447266 0.210413 -0.433734
v 0.395998 0.307085 -0.389542
v 0.385489 0.302987 -0.442914
v 0.574188 0.154124 -0.113077
v 0.628005 0.090309 -0.059774
v 0.590349 0.119341 -0.139832
v 0.615259 0.088400 -0.113123
v 0.586236 0.156032 -0.059611
v 0.613468 0.123952 -0.033463
v 0.468221 0.223394 0.345932
v 0.418403 0.207032 0.429779
v 0.479140 0.195585 0.367100
v 0.453514 0.184882 0.406504
v 0.433021 0.238702 0.366598
v 0.408618 0.232426 0.410878
v 0.588634 0.156474 0.137384
v 0.630067 0.092928 0.089881
v 0.604650 0.123680 0.161467
v 0.626016 0.092243 0.138311
v 0.592615 0.157341 0.089476
v 0.613542 0.125310 0.065431
v -0.070219 -0.589916 0.167685
v -0.117805 -0.581067 0.294954
v -0.116218 -0.580035 0.159657
v -0.142345 -0.575364 0.222785
v -0.046742 -0.592831 0.231866
v -0.069601 -0.591305 0.296331
v -0.088230 -0.656719 -0.131139
v -0.135455 -0.674356 -0.241153
v -0.121605 -0.755988 -0.147026
v -0.155853 -0.769467 -0.216944
v -0.065158 -0.609803 -0.168845
v -0.083949 -0.619558 -0.219397
v 0.070135 -0.590427 0.168021
v 0.118026 -0.581034 0.294853
v 0.116135 -0.579779 0.159846
v 0.142401 -0.575636 0.223017
v 0.046963 -0.592568 0.232347
v 0.069983 -0.591464 0.296241
v 0.087468 -0.655487 -0.131035
v 0.134101 -0.673121 -0.240542
v 0.120939 -0.752949 -0.146704
v 0.153100 -0.767796 -0.216570
v 0.064812 -0.608945 -0.168580
v 0.083496 -0.618742 -0.218772
v -0.349963 -0.491317 0.366720
v -0.409096 -0.400555 0.298707
v -0.367846 -0.480336 0.307561
v -0.393213 -0.436036 0.274962
v -0.367115 -0.456311 0.389622
v -0.395571 -0.407266 0.353368
v -0.058014 -0.670083 0.471678
v 0.058244 -0.669341 0.471426
v -0.031090 -0.658457 0.524312
v 0.031588 -0.657928 0.524006
v -0.026500 -0.637998 0.414922
v 0.026399 -0.638169 0.414842
v -0.326250 -0.550474 0.559133
v -0.330291 -0.408359 0.570013
v -0.319334 -0.553152 0.628220
v -0.313078 -0.468141 0.623501
v -0.342749 -0.477710 0.508393
v -0.348386 -0.416336 0.517975
v -0.317974 -0.404177 -0.275530
v -0.375694 -0.327190 -0.235296
v -0.345196 -0.432178 -0.239081
v -0.365286 -0.384369 -0.212355
v -0.321814 -0.338226 -0.293098
v -0.358456 -0.310975 -0.280670
v -0.050418 -0.491675 -0.313186
v 0.049984 -0.491680 -0.313187
v -0.024158 -0.445703 -0.342957
v 0.023875 -0.445910 -0.342880
v -0.026423 -0.531466 -0.281479
v 0.025653 -0.531397 -0.281114
v -0.237794 -0.312631 -0.389284
v -0.279365 -0.240539 -0.471888
v -0.214267 -0.290859 -0.434520
v -0.233908 -0.257706 -0.474814
v -0.279844 -0.295469 -0.383048
v -0.300815 -0.257638 -0.422946
v -0.506175 -0.254134 -0.028512
v -0.511860 -0.262947 0.068092
v -0.481172 -0.293404 -0.002676
v -0.484625 -0.298170 0.045154
v -0.540133 -0.219910 -0.004409
v -0.541385 -0.224616 0.043569
v -0.442997 -0.208920 -0.335692
v -0.402776 -0.191243 -0.427101
v -0.461193 -0.177990 -0.363396
v -0.439475 -0.170491 -0.405945
v -0.402254 -0.232812 -0.349997
v -0.384414 -0.220481 -0.399603
v -0.573646 -0.148588 -0.111271
v -0.620090 -0.090342 -0.061213
v -0.586118 -0.117196 -0.139406
v -0.607780 -0.088566 -0.113815
v -0.584923 -0.151533 -0.058531
v -0.609622 -0.122111 -0.034362
v -0.449906 -0.272023 0.354887
v -0.410604 -0.260361 0.447631
v -0.463402 -0.225252 0.370516
v -0.443186 -0.218308 0.415114
v -0.419769 -0.316516 0.387598
v -0.400698 -0.312633 0.436183
v -0.583925 -0.159019 0.135209
v -0.627531 -0.092382 0.087950
v -0.602726 -0.124037 0.158226
v -0.623772 -0.091362 0.135658
v -0.588576 -0.158514 0.088390
v -0.611071 -0.124864 0.063921
v 0.349930 -0.491609 0.366364
v 0.409077 -0.400536 0.298834
v 0.367638 -0.479771 0.307705
v 0.393347 -0.436268 0.274888
v 0.367038 -0.456511 0.389938
v 0.395455 -0.406861 0.353498
v 0.326172 -0.551280 0.558669
v 0.330223 -0.408510 0.569948
v 0.319349 -0.553576 0.627848
v 0.313291 -0.468282 0.623638
v 0.342783 -0.477902 0.508095
v 0.348832 -0.417097 0.518043
v 0.318155 -0.404742 -0.275062
v 0.375982 -0.327588 -0.235569
v 0.345191 -0.432213 -0.238969
v 0.365022 -0.384138 -0.212043
v 0.322012 -0.338544 -0.293295
v 0.359034 -0.310663 -0.281203
v 0.237931 -0.312590 -0.389430
v 0.279293 -0.240634 -0.471875
v 0.214277 -0.290785 -0.434547
v 0.233819 -0.257938 -0.474595
v 0.279782 -0.295069 -0.382847
v 0.300726 -0.257751 -0.422654
v 0.506284 -0.253724 -0.028198
v 0.511714 -0.263295 0.068016
v 0.481320 -0.293387 -0.002827
v 0.484771 -0.298449 0.044743
v 0.540066 -0.220010 -0.004506
v 0.541459 -0.224488 0.043543
v 0.442879 -0.208898 -0.335610
v 0.402798 -0.191485 -0.427086
v 0.461160 -0.178205 -0.363394
v 0.439456 -0.170829 -0.405993
v 0.402162 -0.232716 -0.350027
v 0.384666 -0.220332 -0.399662
v 0.573684 -0.148611 -0.111271
v 0.619863 -0.090350 -0.061226
v 0.586057 -0.117155 -0.139284
v 0.607563 -0.088523 -0.113734
v 0.585076 -0.151570 -0.058452
v 0.609633 -0.122035 -0.034274
v 0.450195 -0.272009 0.354826
v 0.410417 -0.260144 0.447482
v 0.463272 -0.225369 0.370648
v 0.443143 -0.217951 0.414964
v 0.419881 -0.316260 0.387687
v 0.400476 -0.312573 0.436216
v 0.583933 -0.158905 0.135281
v 0.627485 -0.092360 0.087943
v 0.602735 -0.123992 0.158333
v 0.623715 -0.091334 0.135630
v 0.588526 -0.158443 0.088431
v 0.611053 -0.124873 0.063973
v 0.143980 -0.086140 0.702459
v 0.231139 -0.141654 0.668619
v 0.152101 -0.140779 0.731604
v 0.193360 -0.172014 0.705209
v 0.185323 -0.059184 0.669967
v 0.228934 -0.085230 0.654888
v -0.143909 -0.085980 0.702043
v -0.231895 -0.141523 0.669807
v -0.152010 -0.140967 0.731515
v -0.193483 -0.171971 0.705645
v -0.185430 -0.058987 0.669991
v -0.229159 -0.085181 0.655457
v 0.132147 0.068451 0.635322
v 0.214745 0.118821 0.598073
v 0.129415 0.117894 0.620575
v 0.171000 0.142406 0.606418
v 0.177381 0.044295 0.631183
v 0.218754 0.070474 0.609211
v -0.132022 0.068395 0.635701
v -0.215070 0.119373 0.597988
v -0.129327 0.117008 0.621533
v -0.170599 0.141532 0.606064
v -0.177586 0.044648 0.631248
v -0.218761 0.070765 0.609232
v 0.348861 -0.049333 0.571379
v 0.343247 0.045330 0.554946
v 0.389352 -0.020773 0.544029
v 0.386375 0.024075 0.537437
v 0.306946 -0.028361 0.591449
v 0.304667 0.021408 0.581705
v -0.348542 -0.049428 0.571176
v -0.343412 0.045607 0.555495
v -0.389223 -0.020709 0.543941
v -0.386389 0.023912 0.537329
v -0.307029 -0.028207 0.591333
v -0.304866 0.021649 0.581766
v 0.133354 -0.054799 -0.640437
v 0.210937 -0.104872 -0.596050
v 0.128089 -0.107536 -0.619433
v 0.166751 -0.131297 -0.601293
v 0.180152 -0.027707 -0.641207
v 0.218255 -0.054556 -0.614692
v -0.133556 -0.054833 -0.640367
v -0.210935 -0.104665 -0.596100
v -0.128169 -0.107136 -0.619906
v -0.166993 -0.130990 -0.601877
v -0.180442 -0.027963 -0.641269
v -0.218361 -0.054495 -0.614933
v 0.167352 0.090114 -0.781476
v 0.273930 0.154105 -0.764202
v 0.175669 0.153393 -0.811305
v 0.230555 0.186127 -0.800279
v 0.206228 0.069989 -0.729108
v 0.258919 0.095948 -0.725958
v -0.168619 0.090799 -0.781110
v -0.273626 0.152946 -0.764095
v -0.176238 0.154507 -0.811966
v -0.230328 0.185818 -0.800335
v -0.206709 0.069882 -0.729347
v -0.260736 0.094892 -0.728815
v 0.338986 -0.031644 -0.566069
v 0.358147 0.062792 -0.604989
v 0.379218 -0.009648 -0.548219
v 0.388381 0.035095 -0.564410
v 0.306739 -0.006926 -0.601016
v 0.317240 0.042335 -0.625493
v -0.338915 -0.031969 -0.565994
v -0.357734 0.062574 -0.604596
v -0.379497 -0.009583 -0.547417
v -0.388164 0.034810 -0.564178
v -0.306722 -0.007506 -0.601018
v -0.317004 0.041678 -0.625004
v -0.268072 0.409622 -0.006289
v -0.265533 0.436829 -0.079507
v -0.229740 0.422281 -0.009116
v -0.227690 0.453838 -0.088952
v -0.325319 0.376638 0.026108
v -0.253429 0.400663 0.030610
v -0.315595 0.367236 0.064986
v -0.319006 0.416291 -0.091661
v -0.249592 0.460945 -0.125335
v -0.308659 0.438509 -0.140445
v -0.355896 0.376118 -0.024448
v -0.340621 0.409451 -0.116360
v -0.379521 0.364961 -0.041389
v -0.350247 0.355193 0.058171
v -0.384101 0.352616 0.004465
v 0.268663 0.409946 -0.006111
v 0.265575 0.436743 -0.079596
v 0.230316 0.422752 -0.008833
v 0.228027 0.453767 -0.089308
v 0.325386 0.376554 0.025882
v 0.253267 0.400799 0.030458
v 0.315871 0.367288 0.065154
v 0.318324 0.415959 -0.092323
v 0.249763 0.461284 -0.124811
v 0.308296 0.438208 -0.140427
v 0.355516 0.376539 -0.024593
v 0.340486 0.409551 -0.116470
v 0.380526 0.365117 -0.040749
v 0.350418 0.355057 0.058202
v 0.383982 0.352892 0.004225
v -0.304105 -0.564309 0.034117
v -0.320938 -0.615104 -0.036690
v -0.264764 -0.581132 0.027961
v -0.292738 -0.667938 -0.039595
v -0.354582 -0.514948 0.069869
v -0.282524 -0.553954 0.079721
v -0.344683 -0.513942 0.118111
v -0.359152 -0.543565 -0.052123
v -0.331551 -0.674055 -0.080859
v -0.359015 -0.565107 -0.100189
v -0.378918 -0.489117 0.012775
v -0.372690 -0.505564 -0.076535
v -0.394976 -0.452890 -0.005865
v -0.379901 -0.488659 0.103724
v -0.398161 -0.452223 0.039584
v 0.303291 -0.564087 0.034302
v 0.320968 -0.615565 -0.036655
v 0.264395 -0.581065 0.028160
v 0.292097 -0.668668 -0.039275
v 0.354706 -0.514685 0.069968
v 0.282206 -0.553945 0.079833
v 0.345247 -0.514015 0.117764
v 0.359146 -0.544241 -0.052641
v 0.330968 -0.674853 -0.080537
v 0.358677 -0.565126 -0.099973
v 0.379341 -0.489177 0.012648
v 0.372539 -0.505339 -0.076557
v 0.394480 -0.452904 -0.005768
v 0.379988 -0.488701 0.103789
v 0.398168 -0.452506 0.039516
v -0.000088 -0.526122 0.691159
v -0.075288 -0.472639 0.701458
v -0.031398 -0.571856 0.678090
v -0.116424 -0.521137 0.696214
v 0.075527 -0.473361 0.702622
v 0.031284 -0.571816 0.677998
v 0.116234 -0.521504 0.696239
v 0.043932 -0.380540 0.717129
v -0.044152 -0.380580 0.717252
v 0.046727 -0.323312 0.729421
v -0.046839 -0.323155 0.729298
v 0.129094 -0.458186 0.701241
v 0.091722 -0.356430 0.717462
v -0.129353 -0.457801 0.701300
v -0.091788 -0.356588 0.717592
v -0.000077 0.258572 0.557724
v -0.057683 0.253340 0.577606
v -0.022617 0.264842 0.524298
v -0.086399 0.257134 0.554581
v 0.057645 0.253337 0.577638
v 0.022793 0.264772 0.524339
v 0.086300 0.257165 0.554551
v 0.035145 0.246027 0.603949
v -0.035122 0.246008 0.603996
v 0.038142 0.237918 0.613009
v -0.038187 0.237956 0.612786
v 0.099750 0.251574 0.575194
v 0.074632 0.241880 0.603293
v -0.099734 0.251585 0.575174
v -0.074655 0.241873 0.603207
v -0.000002 -0.271596 -0.526088
v -0.054233 -0.250183 -0.564637
v -0.020400 -0.294117 -0.486431
v -0.079159 -0.265730 -0.527456
v 0.054322 -0.250154 -0.564698
v 0.020379 -0.294232 -0.486386
v 0.079087 -0.265698 -0.527436
v 0.033973 -0.236573 -0.596181
v -0.033914 -0.236552 -0.596184
v 0.037444 -0.227507 -0.603732
v -0.037427 -0.227512 -0.603721
v 0.094405 -0.246122 -0.565949
v 0.072083 -0.231743 -0.595212
v -0.094345 -0.246108 -0.565925
v -0.072032 -0.231707 -0.595197
v -0.000089 0.492401 -0.674842
v -0.071754 0.441497 -0.694541
v -0.029193 0.536063 -0.655315
v -0.107586 0.478042 -0.674882
v 0.071636 0.441800 -0.694884
v 0.029217 0.536249 -0.655478
v 0.107874 0.478204 -0.675304
v 0.044662 0.366434 -0.733246
v -0.044512 0.366973 -0.733278
v 0.050297 0.318972 -0.759050
v -0.049740 0.318827 -0.758065
v 0.123232 0.426725 -0.696292
v 0.095244 0.345827 -0.742085
v -0.123016 0.426377 -0.695493
v -0.094759 0.346105 -0.741416
v 0.555321 0.041500 -0.377157
v 0.586059 0.024227 -0.316982
v 0.553647 0.070211 -0.365454
v 0.585422 0.049967 -0.296431
v 0.545088 -0.037775 -0.369273
v 0.582336 -0.022116 -0.314900
v 0.538041 -0.067999 -0.353462
v 0.578719 -0.050121 -0.292904
v 0.533808 0.002779 -0.410794
v 0.518818 -0.058924 -0.390279
v 0.508692 -0.013315 -0.437024
v 0.532547 0.064491 -0.403173
v 0.513516 0.019905 -0.442155
v 0.597527 0.025635 -0.271404
v 0.594105 -0.025246 -0.270184
v 0.570734 0.040986 0.371874
v 0.607484 0.024860 0.315511
v 0.560439 0.072068 0.356134
v 0.602752 0.052591 0.295932
v 0.572200 -0.034350 0.369041
v 0.607626 -0.019951 0.313481
v 0.561857 -0.067969 0.353568
v 0.603374 -0.048444 0.293061
v 0.551583 0.004448 0.406045
v 0.541872 -0.058826 0.390366
v 0.524566 -0.011408 0.432827
v 0.540174 0.063827 0.392048
v 0.524372 0.021132 0.433375
v 0.624272 0.026759 0.275839
v 0.623984 -0.022712 0.273869
v -0.555293 0.041438 -0.377115
v -0.586041 0.024322 -0.316961
v -0.553666 0.070157 -0.365368
v -0.585425 0.050067 -0.296417
v -0.545044 -0.037800 -0.369267
v -0.582226 -0.022211 -0.314837
v -0.538924 -0.068056 -0.354067
v -0.578772 -0.050149 -0.292884
v -0.533665 0.002864 -0.410758
v -0.519208 -0.059045 -0.390595
v -0.508510 -0.013381 -0.436954
v -0.532665 0.064493 -0.403181
v -0.513406 0.019884 -0.442192
v -0.597534 0.025675 -0.271383
v -0.594052 -0.025327 -0.270126
v -0.570698 0.040937 0.371825
v -0.607509 0.024985 0.315504
v -0.560837 0.072012 0.356430
v -0.603188 0.052217 0.296222
v -0.572172 -0.034204 0.368930
v -0.607679 -0.020012 0.313443
v -0.561897 -0.067932 0.353547
v -0.603400 -0.048376 0.293040
v -0.551537 0.004383 0.405982
v -0.541926 -0.058773 0.390292
v -0.524592 -0.011332 0.432936
v -0.540180 0.063999 0.392035
v -0.524360 0.021145 0.433301
v -0.624258 0.026888 0.275880
v -0.624039 -0.022767 0.273868
v -0.061662 0.458917 -0.021054
v -0.060055 0.496046 -0.108756
v -0.104113 0.452889 -0.018524
v -0.101088 0.490294 -0.105865
v 0.061838 0.459262 -0.021343
v 0.059892 0.496294 -0.108921
v 0.104389 0.452942 -0.018595
v 0.101105 0.490387 -0.105935
v -0.000157 0.446061 0.018611
v -0.084495 0.438873 0.022367
v -0.021491 0.428794 0.060698
v 0.000073 0.522889 -0.156526
v -0.078928 0.515028 -0.153062
v -0.019706 0.549818 -0.203552
v 0.084614 0.438706 0.022354
v 0.021601 0.428862 0.060812
v 0.078738 0.514954 -0.153397
v 0.019781 0.549701 -0.203476
v -0.183671 0.352591 0.199820
v -0.256319 0.324436 0.241374
v -0.202447 0.366265 0.154749
v -0.273923 0.335987 0.195043
v -0.119551 0.310556 0.340451
v -0.192545 0.289803 0.385750
v -0.095720 0.297353 0.388450
v -0.168290 0.279199 0.433654
v -0.116642 0.343540 0.246269
v -0.158163 0.374043 0.155155
v -0.091639 0.363808 0.199879
v -0.264253 0.294649 0.334216
v -0.301514 0.316239 0.236620
v -0.312392 0.287739 0.328725
v -0.071573 0.313667 0.341119
v -0.070168 0.347100 0.246412
v -0.217352 0.274845 0.430653
v -0.291968 0.277942 0.378882
v -0.197271 0.625062 -0.351037
v -0.302493 0.621757 -0.374284
v -0.210447 0.571683 -0.288544
v -0.300094 0.556687 -0.307513
v -0.166129 0.712514 -0.504621
v -0.231041 0.602185 -0.523541
v -0.131056 0.660082 -0.553068
v -0.206651 0.580088 -0.574935
v -0.172126 0.810523 -0.407240
v -0.161664 0.598184 -0.301912
v -0.113445 0.689850 -0.356162
v -0.332424 0.595389 -0.457451
v -0.360515 0.569156 -0.339092
v -0.428261 0.588668 -0.449283
v -0.107396 0.704942 -0.504909
v -0.100691 0.732599 -0.406014
v -0.250943 0.543365 -0.549034
v -0.338449 0.534362 -0.478104
v -0.421015 0.335097 -0.206711
v -0.472911 0.287014 -0.120246
v -0.402285 0.363186 -0.184951
v -0.451182 0.312980 -0.098838
v -0.483810 0.221268 -0.276655
v -0.531165 0.185187 -0.194437
v -0.505854 0.180543 -0.301268
v -0.549210 0.148831 -0.220665
v -0.423766 0.305706 -0.282312
v -0.386913 0.382117 -0.239000
v -0.383967 0.356415 -0.312441
v -0.525438 0.221549 -0.114959
v -0.489297 0.282159 -0.064522
v -0.539494 0.221656 -0.060530
v -0.470923 0.219309 -0.329800
v -0.408190 0.308431 -0.335733
v -0.561287 0.151679 -0.166996
v -0.556897 0.188468 -0.086721
v -0.462470 0.272990 0.193097
v -0.500707 0.262391 0.128701
v -0.436533 0.292040 0.160509
v -0.473749 0.284056 0.098516
v -0.517036 0.206325 0.276555
v -0.558667 0.185114 0.207565
v -0.527113 0.173669 0.298074
v -0.569396 0.150666 0.230058
v -0.470784 0.248980 0.271713
v -0.426082 0.285245 0.207679
v -0.434432 0.261265 0.289131
v -0.549743 0.216834 0.136034
v -0.502781 0.266567 0.081345
v -0.553190 0.218570 0.088553
v -0.499380 0.201497 0.322716
v -0.453140 0.243800 0.319487
v -0.582176 0.154952 0.184544
v -0.572092 0.188612 0.113286
v 0.183508 0.352603 0.199567
v 0.256351 0.324773 0.241299
v 0.202724 0.365957 0.154780
v 0.273733 0.336228 0.194732
v 0.119447 0.310554 0.340578
v 0.192859 0.289658 0.385697
v 0.095796 0.297432 0.388112
v 0.168229 0.279067 0.433938
v 0.116415 0.343930 0.246159
v 0.158013 0.373641 0.155559
v 0.092106 0.363907 0.199654
v 0.071413 0.314071 0.340960
v 0.069721 0.347836 0.246199
v 0.264201 0.294728 0.333997
v 0.301345 0.316280 0.236635
v 0.312544 0.287499 0.329064
v 0.217083 0.274788 0.430506
v 0.291922 0.277860 0.379200
v 0.197272 0.624816 -0.350986
v 0.302283 0.621545 -0.373828
v 0.210231 0.571857 -0.288602
v 0.299951 0.556983 -0.307193
v 0.166324 0.712614 -0.505240
v 0.231083 0.602074 -0.523551
v 0.131278 0.660229 -0.553340
v 0.206436 0.579795 -0.575127
v 0.172114 0.810202 -0.407634
v 0.161704 0.598252 -0.302028
v 0.113321 0.689850 -0.355943
v 0.107480 0.704608 -0.505052
v 0.100311 0.732465 -0.405950
v 0.332012 0.595748 -0.457713
v 0.360469 0.569447 -0.338873
v 0.428301 0.589030 -0.449159
v 0.250813 0.543077 -0.549489
v 0.338544 0.534708 -0.478372
v 0.421478 0.334828 -0.206472
v 0.473027 0.286999 -0.120320
v 0.402934 0.363116 -0.185163
v 0.451364 0.313079 -0.098805
v 0.483825 0.220811 -0.276505
v 0.530476 0.185776 -0.194817
v 0.505986 0.180450 -0.301302
v 0.549725 0.148722 -0.220743
v 0.423601 0.305627 -0.282174
v 0.386982 0.382391 -0.239020
v 0.384480 0.356327 -0.312458
v 0.525755 0.221352 -0.114573
v 0.489103 0.282057 -0.064296
v 0.539581 0.221516 -0.060583
v 0.470734 0.219057 -0.329761
v 0.408514 0.307943 -0.335593
v 0.561718 0.151716 -0.166893
v 0.557087 0.188464 -0.086642
v 0.462443 0.272946 0.193126
v 0.500665 0.262417 0.128577
v 0.436523 0.292125 0.160455
v 0.473781 0.284011 0.098517
v 0.517025 0.206415 0.276523
v 0.558631 0.185206 0.207577
v 0.526871 0.173685 0.298017
v 0.569318 0.150494 0.229926
v 0.470883 0.248935 0.271734
v 0.426132 0.285414 0.207694
v 0.434463 0.261254 0.289119
v 0.549752 0.216813 0.136028
v 0.502833 0.266585 0.081291
v 0.553154 0.218603 0.088512
v 0.499421 0.201597 0.322701
v 0.453189 0.243794 0.319447
v 0.582145 0.155070 0.184537
v 0.572148 0.188551 0.113304
v -0.074808 -0.610969 0.055909
v -0.085929 -0.641815 -0.037955
v -0.122742 -0.608153 0.044655
v -0.135333 -0.682495 -0.038349
v 0.074220 -0.610750 0.055733
v 0.085474 -0.641266 -0.038135
v 0.122466 -0.608065 0.044751
v 0.134836 -0.682030 -0.038899
v -0.000208 -0.601611 0.114689
v -0.094508 -0.592646 0.103476
v -0.023285 -0.595230 0.172264
v -0.000422 -0.603434 -0.075818
v -0.109984 -0.688431 -0.084961
v -0.037563 -0.596327 -0.119125
v 0.094485 -0.592550 0.103789
v 0.023599 -0.595552 0.171940
v 0.108802 -0.687122 -0.085335
v 0.036607 -0.596085 -0.118991
v -0.198986 -0.566245 0.358212
v -0.286735 -0.549247 0.372778
v -0.220937 -0.557940 0.274290
v -0.299055 -0.530239 0.300179
v -0.156109 -0.801310 0.527571
v -0.300182 -0.728110 0.586157
v -0.117834 -0.776214 0.617863
v -0.263802 -0.726885 0.662755
v -0.137836 -0.653630 0.415153
v -0.169309 -0.570941 0.288451
v -0.094554 -0.597514 0.364666
v -0.313310 -0.576425 0.468610
v -0.327466 -0.515418 0.337782
v -0.338884 -0.510913 0.428179
v -0.090557 -0.715958 0.532873
v -0.080619 -0.645561 0.416111
v -0.317270 -0.641884 0.618946
v -0.331941 -0.533512 0.491885
v -0.232166 -0.659707 -0.301505
v -0.288442 -0.526344 -0.288265
v -0.273274 -0.730833 -0.271920
v -0.339751 -0.576813 -0.269297
v -0.119333 -0.443611 -0.340356
v -0.178868 -0.376169 -0.357809
v -0.091148 -0.397382 -0.371446
v -0.152467 -0.340346 -0.398797
v -0.131783 -0.555867 -0.293131
v -0.194095 -0.737169 -0.275209
v -0.108237 -0.599071 -0.261374
v -0.250714 -0.398900 -0.318209
v -0.323678 -0.481585 -0.267145
v -0.287558 -0.369374 -0.306133
v -0.071387 -0.446171 -0.342812
v -0.078303 -0.541555 -0.285777
v -0.195555 -0.328816 -0.394620
v -0.261130 -0.337743 -0.344679
v -0.423519 -0.308614 -0.170719
v -0.465857 -0.281667 -0.100148
v -0.404473 -0.354361 -0.142994
v -0.443339 -0.321878 -0.072150
v -0.494035 -0.193256 -0.266976
v -0.534008 -0.173187 -0.189519
v -0.512970 -0.161849 -0.295882
v -0.550954 -0.141329 -0.218363
v -0.433274 -0.256187 -0.251349
v -0.391914 -0.343424 -0.190156
v -0.396276 -0.284171 -0.267256
v -0.522510 -0.212080 -0.106558
v -0.474247 -0.287470 -0.050740
v -0.531502 -0.216605 -0.055086
v -0.480926 -0.185431 -0.318277
v -0.418994 -0.244769 -0.301198
v -0.562128 -0.145327 -0.164829
v -0.555758 -0.180992 -0.082728
v -0.446415 -0.351677 0.216616
v -0.480523 -0.306778 0.140745
v -0.428486 -0.387933 0.192680
v -0.458763 -0.342848 0.117098
v -0.498812 -0.232642 0.278825
v -0.546773 -0.194933 0.205553
v -0.514214 -0.190993 0.297614
v -0.562731 -0.156980 0.227263
v -0.452232 -0.316533 0.288437
v -0.419608 -0.393589 0.245193
v -0.423678 -0.360901 0.319691
v -0.532438 -0.230929 0.137746
v -0.484451 -0.302983 0.092687
v -0.537246 -0.228565 0.090488
v -0.481493 -0.230204 0.325374
v -0.437661 -0.317588 0.337948
v -0.576979 -0.158423 0.181197
v -0.561678 -0.193904 0.112831
v 0.199408 -0.566027 0.358140
v 0.286784 -0.549075 0.372728
v 0.220796 -0.558239 0.273951
v 0.298979 -0.530328 0.299989
v 0.154853 -0.800409 0.526403
v 0.299036 -0.731197 0.584640
v 0.114498 -0.774079 0.614768
v 0.263629 -0.729638 0.661086
v 0.137474 -0.653287 0.414517
v 0.169241 -0.571073 0.288335
v 0.095122 -0.597202 0.364762
v 0.089736 -0.714989 0.532039
v 0.080466 -0.645405 0.415939
v 0.312916 -0.576962 0.468884
v 0.327555 -0.515474 0.337675
v 0.338938 -0.511262 0.427998
v 0.317108 -0.643278 0.618231
v 0.331593 -0.534069 0.491741
v 0.231702 -0.660137 -0.301253
v 0.288341 -0.527022 -0.288158
v 0.272613 -0.731539 -0.271875
v 0.339467 -0.576834 -0.269285
v 0.119062 -0.444006 -0.340582
v 0.178800 -0.376280 -0.357798
v 0.091173 -0.397492 -0.371609
v 0.152479 -0.340352 -0.398763
v 0.131244 -0.555537 -0.293018
v 0.193224 -0.737023 -0.274651
v 0.107758 -0.598891 -0.260865
v 0.071720 -0.445760 -0.342472
v 0.078586 -0.541510 -0.285552
v 0.250464 -0.398826 -0.317808
v 0.323787 -0.481307 -0.267020
v 0.287170 -0.369416 -0.305860
v 0.195622 -0.328774 -0.394605
v 0.261258 -0.337984 -0.344820
v 0.423968 -0.308794 -0.170988
v 0.465859 -0.281415 -0.100211
v 0.404339 -0.353685 -0.142904
v 0.443209 -0.321602 -0.072269
v 0.494118 -0.193315 -0.266848
v 0.534076 -0.173082 -0.189452
v 0.513000 -0.161885 -0.295889
v 0.550875 -0.141378 -0.218351
v 0.433385 -0.256528 -0.251292
v 0.392137 -0.343331 -0.190280
v 0.396286 -0.283941 -0.267308
v 0.522514 -0.212038 -0.106505
v 0.474171 -0.287634 -0.051102
v 0.531646 -0.216454 -0.055113
v 0.480972 -0.185560 -0.318274
v 0.419321 -0.244475 -0.301306
v 0.562019 -0.145302 -0.164847
v 0.555881 -0.181124 -0.082866
v 0.446387 -0.351489 0.216771
v 0.480391 -0.306617 0.140693
v 0.428059 -0.387683 0.192403
v 0.458933 -0.342966 0.117209
v 0.498741 -0.232677 0.278591
v 0.546562 -0.195139 0.205673
v 0.514217 -0.190824 0.297675
v 0.562913 -0.156994 0.227080
v 0.452568 -0.316258 0.288138
v 0.419375 -0.393353 0.245006
v 0.423914 -0.360661 0.319700
v 0.532343 -0.231195 0.137770
v 0.484426 -0.302881 0.092789
v 0.537695 -0.228346 0.090516
v 0.481855 -0.229817 0.324630
v 0.437525 -0.317336 0.338139
v 0.577030 -0.158472 0.181457
v 0.561820 -0.193736 0.112803
v 0.048398 -0.083227 0.737949
v -0.048485 -0.083439 0.737728
v 0.048988 -0.140510 0.763656
v -0.049157 -0.140582 0.763332
v 0.044484 0.069359 0.648954
v -0.044438 0.068440 0.650502
v 0.043143 0.117914 0.633731
v -0.043015 0.117862 0.633924
v 0.091557 -0.007190 0.678741
v 0.098012 -0.113593 0.731550
v 0.139025 -0.032680 0.677307
v -0.091786 -0.007122 0.678312
v -0.097865 -0.113269 0.731154
v -0.138669 -0.033129 0.676407
v 0.087276 0.093167 0.635679
v 0.135537 0.018364 0.654240
v -0.087376 0.093062 0.635756
v -0.135054 0.018352 0.654440
v 0.301875 -0.321267 0.610885
v 0.266437 -0.230471 0.640943
v 0.275414 -0.364768 0.655890
v 0.229810 -0.265769 0.674453
v 0.396655 -0.194693 0.498134
v 0.375431 -0.123371 0.539881
v 0.431411 -0.156775 0.466810
v 0.414776 -0.089996 0.511244
v 0.357323 -0.294426 0.528752
v 0.305857 -0.391019 0.616099
v 0.352668 -0.354827 0.524045
v 0.420842 -0.208338 0.457845
v 0.379578 -0.305441 0.483373
v 0.304117 -0.135842 0.603070
v 0.230625 -0.202298 0.673566
v 0.268278 -0.111221 0.631658
v 0.383897 -0.070231 0.543852
v 0.307683 -0.080210 0.599799
v -0.301535 -0.320647 0.611139
v -0.266310 -0.230361 0.640431
v -0.275309 -0.365113 0.655664
v -0.229924 -0.266085 0.675100
v -0.395613 -0.195073 0.498328
v -0.375869 -0.123174 0.539963
v -0.431773 -0.157232 0.467684
v -0.414529 -0.089962 0.511700
v -0.356839 -0.293799 0.528584
v -0.305920 -0.390429 0.615962
v -0.352935 -0.354548 0.524055
v -0.421182 -0.208355 0.457788
v -0.379691 -0.305698 0.483384
v -0.304328 -0.135968 0.602863
v -0.230171 -0.201950 0.672578
v -0.268509 -0.111244 0.632156
v -0.384165 -0.070184 0.543985
v -0.307387 -0.080279 0.599639
v 0.276284 0.224802 0.537371
v 0.247708 0.181784 0.569700
v 0.232606 0.236176 0.551456
v 0.205173 0.205655 0.583735
v 0.397666 0.163421 0.479339
v 0.374109 0.109448 0.519912
v 0.434664 0.137710 0.456678
v 0.415964 0.086217 0.501653
v 0.351061 0.218684 0.489429
v 0.266581 0.241644 0.522190
v 0.340849 0.238168 0.470737
v 0.426255 0.174026 0.443961
v 0.380902 0.225497 0.451855
v 0.295910 0.114712 0.562464
v 0.210717 0.165833 0.589841
v 0.258285 0.094543 0.586518
v 0.381134 0.067243 0.529145
v 0.300466 0.068875 0.571619
v -0.276306 0.224888 0.537476
v -0.247715 0.181682 0.569520
v -0.232625 0.236186 0.551492
v -0.205114 0.205802 0.583557
v -0.397850 0.163442 0.479505
v -0.373992 0.109545 0.519995
v -0.434796 0.137698 0.456562
v -0.415936 0.086171 0.501778
v -0.351126 0.218729 0.489354
v -0.266554 0.241622 0.522123
v -0.340862 0.238086 0.470734
v -0.426100 0.173784 0.443809
v -0.380946 0.225472 0.451841
v -0.295657 0.114363 0.562134
v -0.210848 0.166102 0.589908
v -0.258564 0.094674 0.586442
v -0.380987 0.067272 0.529056
v -0.300521 0.068930 0.571635
v 0.045156 -0.055468 -0.649203
v -0.045423 -0.055580 -0.649228
v 0.043197 -0.109683 -0.628448
v -0.043290 -0.109906 -0.628289
v 0.055656 0.100724 -0.768233
v -0.055872 0.101605 -0.767363
v 0.058563 0.156515 -0.799362
v -0.058601 0.157855 -0.796881
v 0.098478 0.021326 -0.703445
v 0.087783 -0.082088 -0.636004
v 0.141213 -0.003232 -0.674205
v -0.098990 0.022062 -0.702995
v -0.087818 -0.082021 -0.636355
v -0.141336 -0.003464 -0.674081
v 0.116492 0.123279 -0.804817
v 0.152132 0.045174 -0.720530
v -0.116431 0.125957 -0.800349
v -0.152505 0.045383 -0.719761
v 0.265759 -0.210295 -0.528343
v 0.242408 -0.173686 -0.563202
v 0.222713 -0.223890 -0.540902
v 0.198662 -0.192916 -0.573823
v 0.387107 -0.152436 -0.477480
v 0.363043 -0.098409 -0.519128
v 0.424167 -0.129395 -0.457165
v 0.401546 -0.074058 -0.500583
v 0.336927 -0.201352 -0.481821
v 0.252926 -0.230892 -0.510988
v 0.322145 -0.226072 -0.460363
v 0.415295 -0.162892 -0.444528
v 0.363636 -0.209894 -0.445787
v 0.290422 -0.103488 -0.563260
v 0.204867 -0.152617 -0.582905
v 0.254736 -0.079899 -0.588892
v 0.370606 -0.054059 -0.532710
v 0.297781 -0.054996 -0.580119
v -0.265745 -0.210258 -0.528293
v -0.242290 -0.173791 -0.563381
v -0.222657 -0.223812 -0.540805
v -0.198605 -0.192817 -0.573853
v -0.386905 -0.152462 -0.477510
v -0.363162 -0.098024 -0.518978
v -0.424074 -0.129524 -0.457345
v -0.401558 -0.074154 -0.500591
v -0.336954 -0.201248 -0.481798
v -0.252893 -0.230733 -0.510935
v -0.322092 -0.226087 -0.460283
v -0.415189 -0.162902 -0.444496
v -0.363567 -0.209740 -0.445690
v -0.290510 -0.103715 -0.563243
v -0.204930 -0.152386 -0.583160
v -0.254686 -0.079539 -0.589969
v -0.370936 -0.054510 -0.532712
v -0.297457 -0.055262 -0.580015
v 0.301159 0.307646 -0.630387
v 0.294849 0.234692 -0.707378
v 0.263641 0.344687 -0.660705
v 0.257161 0.270733 -0.743095
v 0.411212 0.193397 -0.530555
v 0.393667 0.129042 -0.581383
v 0.444732 0.156584 -0.496036
v 0.426304 0.096832 -0.543615
v 0.356884 0.283820 -0.546254
v 0.287545 0.363957 -0.610094
v 0.340916 0.338907 -0.527751
v 0.435414 0.203422 -0.484787
v 0.373344 0.295227 -0.495337
v 0.333218 0.144707 -0.665276
v 0.272192 0.214786 -0.767166
v 0.300041 0.122753 -0.702063
v 0.397654 0.080520 -0.580106
v 0.328924 0.092051 -0.650396
v -0.300920 0.307834 -0.630429
v -0.295161 0.234860 -0.707886
v -0.263951 0.344753 -0.660950
v -0.257327 0.270852 -0.743873
v -0.411347 0.193350 -0.530508
v -0.393714 0.129247 -0.581394
v -0.445320 0.156794 -0.496134
v -0.426321 0.097114 -0.543706
v -0.357054 0.284111 -0.546652
v -0.287194 0.364117 -0.610537
v -0.341003 0.338924 -0.527762
v -0.435921 0.203463 -0.484858
v -0.373667 0.294984 -0.494932
v -0.333219 0.144597 -0.665633
v -0.272169 0.214137 -0.767596
v -0.299757 0.122195 -0.702298
v -0.397770 0.080612 -0.580471
v -0.327150 0.091837 -0.648696
v 0.650601 0.029024 -0.060817
v 0.645855 -0.029752 -0.061573
v 0.636947 0.028349 -0.114347
v 0.632337 -0.029302 -0.114804
v 0.658954 0.030452 0.090381
v 0.656911 -0.029371 0.089411
v 0.654813 0.030187 0.139615
v 0.653015 -0.028488 0.138268
v 0.653299 0.060440 0.016290
v 0.635824 0.058387 -0.086841
v 0.635794 0.091868 -0.008415
v 0.645369 0.061084 0.114799
v 0.633749 0.092914 0.040947
v 0.648245 -0.060649 0.014982
v 0.627929 -0.059376 -0.087976
v 0.630394 -0.091742 -0.009859
v 0.642299 -0.059929 0.112800
v 0.631094 -0.092424 0.039470
v -0.650504 0.029054 -0.060813
v -0.645795 -0.029752 -0.061556
v -0.636842 0.028335 -0.114335
v -0.632299 -0.029305 -0.114766
v -0.659013 0.030445 0.090420
v -0.656906 -0.029326 0.089390
v -0.654916 0.030170 0.139598
v -0.652993 -0.028465 0.138288
v -0.653348 0.060478 0.016349
v -0.635852 0.058454 -0.086806
v -0.635812 0.091912 -0.008363
v -0.645385 0.061103 0.114766
v -0.633720 0.092893 0.040987
v -0.648292 -0.060712 0.014983
v -0.627927 -0.059382 -0.088014
v -0.630538 -0.091773 -0.009934
v -0.642339 -0.059964 0.112806
v -0.631149 -0.092441 0.039474
v -0.170772 0.423070 0.027999
v -0.195308 0.400707 0.069997
v -0.167430 0.496189 -0.144489
v -0.193130 0.511462 -0.188064
v -0.152116 0.409833 0.068596
v -0.147826 0.527778 -0.196035
v -0.330590 0.336351 0.144381
v -0.369954 0.324851 0.136298
v -0.358931 0.316027 0.182156
v -0.325862 0.464670 -0.224449
v -0.353562 0.423916 -0.194670
v -0.347614 0.455639 -0.252810
v -0.437389 0.323305 -0.027958
v -0.442728 0.314077 0.020300
v -0.471608 0.296677 0.004257
v 0.171041 0.423233 0.027785
v 0.195364 0.401026 0.069915
v 0.167659 0.496263 -0.144988
v 0.192661 0.511266 -0.188112
v 0.152062 0.409808 0.068543
v 0.147834 0.527545 -0.196077
v 0.330553 0.336234 0.144191
v 0.370029 0.324671 0.136473
v 0.358816 0.315920 0.182192
v 0.325511 0.464811 -0.224553
v 0.353640 0.423887 -0.194747
v 0.347313 0.455592 -0.253076
v 0.437187 0.323318 -0.028188
v 0.442667 0.314130 0.020356
v 0.471602 0.296776 0.004260
v -0.188361 -0.572433 0.082122
v -0.214053 -0.562032 0.143712
v -0.233462 -0.785372 -0.081901
v -0.274263 -0.787535 -0.153678
v -0.164777 -0.571312 0.151353
v -0.191100 -0.799653 -0.150125
v -0.360327 -0.496054 0.213323
v -0.386898 -0.460655 0.189662
v -0.377060 -0.468141 0.246794
v -0.364566 -0.518288 -0.178217
v -0.374552 -0.456969 -0.146961
v -0.364192 -0.449852 -0.195771
v -0.432198 -0.370999 -0.002129
v -0.436898 -0.375523 0.044280
v -0.457996 -0.334020 0.021623
v 0.188308 -0.572248 0.082381
v 0.214258 -0.562150 0.143832
v 0.231595 -0.786085 -0.082426
v 0.273311 -0.787947 -0.153719
v 0.164935 -0.571254 0.151536
v 0.188082 -0.799415 -0.150413
v 0.360719 -0.495845 0.213502
v 0.387660 -0.460937 0.189446
v 0.377237 -0.468042 0.246698
v 0.364408 -0.518228 -0.178221
v 0.374373 -0.457313 -0.147008
v 0.364298 -0.449853 -0.195602
v 0.432148 -0.371288 -0.001987
v 0.436776 -0.375585 0.044745
v 0.457734 -0.334199 0.021401
v -0.034816 -0.628610 0.624581
v 0.034904 -0.628459 0.624371
v -0.232599 -0.568598 0.697918
v -0.236452 -0.481923 0.690285
v 0.000234 -0.624680 0.573133
v -0.287012 -0.527528 0.673014
v 0.233176 -0.569683 0.698162
v 0.237128 -0.482300 0.690128
v 0.287222 -0.528152 0.672920
v 0.097661 -0.233540 0.739004
v 0.145097 -0.266417 0.723084
v -0.097407 -0.233508 0.738499
v -0.145266 -0.266189 0.724014
v 0.147249 -0.203169 0.726646
v -0.147561 -0.203164 0.727323
v -0.024076 0.286550 0.435543
v 0.023686 0.286722 0.435143
v -0.162043 0.260026 0.518046
v -0.176643 0.252451 0.543562
v -0.000146 0.300084 0.388663
v -0.208297 0.256928 0.509850
v 0.161988 0.260113 0.518064
v 0.176596 0.252458 0.543580
v 0.208297 0.256909 0.509813
v 0.082531 0.187213 0.615083
v 0.122175 0.204953 0.605283
v -0.082522 0.185954 0.615115
v -0.122394 0.205534 0.605190
v 0.126255 0.163682 0.611605
v -0.126381 0.163697 0.611595
v -0.022090 -0.358500 -0.407294
v 0.022051 -0.358481 -0.407478
v -0.146228 -0.280109 -0.483328
v -0.164180 -0.252107 -0.524250
v -0.000131 -0.401008 -0.373824
v -0.189689 -0.270528 -0.479299
v 0.146247 -0.280018 -0.483340
v 0.164201 -0.252230 -0.524115
v 0.189733 -0.269771 -0.479820
v 0.081694 -0.191429 -0.607974
v 0.118954 -0.204890 -0.597805
v -0.081809 -0.192076 -0.607783
v -0.119035 -0.205066 -0.597691
v 0.123610 -0.158671 -0.605789
v -0.123581 -0.158667 -0.605990
v -0.033904 0.633655 -0.610455
v 0.034112 0.633641 -0.610534
v -0.204009 0.501006 -0.651049
v -0.214611 0.439814 -0.667685
v 0.000208 0.676198 -0.573981
v -0.239219 0.462245 -0.620122
v 0.203996 0.501091 -0.651149
v 0.214595 0.439756 -0.667500
v 0.239698 0.462015 -0.620413
v 0.115326 0.245578 -0.807710
v 0.164678 0.274022 -0.787626
v -0.115782 0.246402 -0.807704
v -0.164851 0.274126 -0.787467
v 0.175296 0.217547 -0.814599
v -0.175194 0.218126 -0.814377
v 0.518380 0.133576 -0.376312
v 0.499121 0.129691 -0.420912
v 0.590447 0.083171 -0.220842
v 0.609406 0.055146 -0.194708
v 0.486206 0.169258 -0.405105
v 0.602671 0.086041 -0.167214
v 0.503621 -0.123962 -0.359581
v 0.482130 -0.115746 -0.399029
v 0.583318 -0.083581 -0.218891
v 0.602478 -0.056248 -0.193734
v 0.473079 -0.147995 -0.383192
v 0.595198 -0.086304 -0.166610
v 0.447610 -0.012705 -0.492257
v 0.456068 0.026509 -0.503158
v 0.418658 0.009147 -0.527061
v 0.518486 0.132845 0.359777
v 0.496457 0.123665 0.398587
v 0.607674 0.087633 0.230887
v 0.634001 0.057781 0.210133
v 0.486972 0.159822 0.383154
v 0.620226 0.090433 0.185748
v 0.511861 -0.142124 0.359386
v 0.491983 -0.133049 0.400403
v 0.607039 -0.086139 0.227468
v 0.632781 -0.055172 0.207013
v 0.477434 -0.178591 0.385939
v 0.618791 -0.088995 0.182348
v 0.464931 -0.013618 0.492430
v 0.464487 0.025373 0.490647
v 0.429391 0.004979 0.517897
v -0.518329 0.133441 -0.376241
v -0.499312 0.129659 -0.420965
v -0.590480 0.083180 -0.220796
v -0.609459 0.055165 -0.194710
v -0.486194 0.169470 -0.405007
v -0.602621 0.086092 -0.167148
v -0.503702 -0.123817 -0.359593
v -0.482127 -0.115957 -0.399223
v -0.583510 -0.083582 -0.219008
v -0.602556 -0.056252 -0.193805
v -0.473138 -0.147757 -0.383181
v -0.595461 -0.086352 -0.166734
v -0.447296 -0.012749 -0.492339
v -0.456087 0.026546 -0.503321
v -0.418261 0.009590 -0.527126
v -0.518600 0.132801 0.359891
v -0.495693 0.123372 0.398086
v -0.608527 0.087471 0.231048
v -0.633876 0.057942 0.210205
v -0.487014 0.159637 0.383014
v -0.620088 0.090353 0.185761
v -0.512046 -0.141974 0.359476
v -0.492341 -0.132975 0.400450
v -0.607167 -0.086013 0.227349
v -0.632779 -0.055134 0.206972
v -0.477382 -0.178720 0.385622
v -0.618843 -0.089079 0.182316
v -0.464973 -0.013519 0.492418
v -0.464548 0.025385 0.490603
v -0.429312 0.004987 0.517934
v -0.022661 0.387700 0.151896
v 0.022611 0.388299 0.151603
v 0.000174 0.368543 0.198559
v -0.025224 0.628917 -0.303859
v 0.025067 0.628830 -0.303821
v 0.000179 0.665898 -0.354788
v -0.377920 0.264853 0.354591
v -0.354732 0.258139 0.401865
v -0.395211 0.249876 0.385509
v -0.352578 0.421680 -0.403818
v -0.342244 0.412153 -0.458313
v -0.359534 0.356092 -0.421899
v -0.576087 0.191008 0.017545
v -0.595077 0.157924 -0.007812
v -0.595457 0.158072 0.041263
v 0.377980 0.264689 0.354621
v 0.354824 0.258060 0.401861
v 0.395212 0.249923 0.385475
v 0.352295 0.421814 -0.403962
v 0.342364 0.412812 -0.458240
v 0.359916 0.356447 -0.421837
v 0.576062 0.191119 0.017484
v 0.595089 0.157952 -0.007817
v 0.595500 0.158099 0.041285
v -0.023194 -0.598941 0.295889
v 0.023563 -0.599645 0.295671
v 0.000101 -0.614268 0.357087
v -0.031094 -0.581628 -0.207034
v 0.030457 -0.581533 -0.207023
v -0.000231 -0.561376 -0.246136
v -0.380143 -0.413142 0.408556
v -0.365249 -0.417085 0.463660
v -0.391279 -0.364037 0.423309
v -0.340513 -0.293874 -0.327167
v -0.321137 -0.276180 -0.374292
v -0.362034 -0.254874 -0.363297
v -0.570110 -0.188025 0.018488
v -0.593090 -0.154310 -0.007648
v -0.592731 -0.156867 0.040814
v 0.380317 -0.413066 0.408421
v 0.365262 -0.417579 0.463798
v 0.391072 -0.364344 0.423494
v 0.340284 -0.292447 -0.327078
v 0.321138 -0.276140 -0.374261
v 0.361786 -0.254727 -0.363314
v 0.570206 -0.188065 0.018593
v 0.593201 -0.154341 -0.007626
v 0.592779 -0.156952 0.040882
v 0.225154 -0.032300 0.637943
v 0.221985 0.019807 0.622467
v 0.265121 -0.004756 0.608992
v -0.225071 -0.032104 0.638073
v -0.221767 0.020046 0.622528
v -0.265106 -0.004539 0.609068
v 0.228108 -0.004374 -0.644798
v 0.240806 0.045337 -0.682038
v 0.273813 0.019335 -0.639335
v -0.228081 -0.004374 -0.644983
v -0.241485 0.045190 -0.682670
v -0.273929 0.019043 -0.639359
f 1 647 644
f 1 644 643
f 1 643 645
f 1 645 646
f 1 646 647
f 2 649 652
f 6 672 670
f 12 702 699
f 11 696 695
f 8 679 681
f 4 662 659
f 4 659 658
f 4 658 660
f 4 660 661
f 4 661 662
f 5 666 665
f 3 654 657
f 7 673 677
f 9 685 686
f 10 692 688
f 12 701 698
f 6 669 668
f 2 650 648
f 8 682 678
f 11 697 693
f 6 671 669
f 12 700 701
f 11 694 697
f 8 680 682
f 2 651 650
f 10 690 689
f 5 663 664
f 3 655 653
f 7 676 674
f 9 687 684
f 10 691 690
f 5 667 663
f 3 656 655
f 7 675 676
f 9 683 687
f 6 668 672
f 2 648 649
f 8 678 679
f 11 693 696
f 12 698 702
f 10 688 691
f 5 665 667
f 3 657 656
f 7 677 675
f 9 686 683
f 5 664 666
f 3 653 654
f 7 674 673
f 9 684 685
f 10 689 692
f 6 670 671
f 12 699 700
f 11 695 694
f 8 681 680
f 2 652 651
f 35 837 838
f 18 735 736
f 19 742 741
f 40 868 867
f 42 880 879
f 34 832 831
f 33 827 828
f 25 778 780
f 36 844 846
f 20 749 747
f 32 819 820
f 23 765 767
f 24 773 771
f 37 850 849
f 41 876 875
f 34 833 834
f 33 826 825
f 25 779 777
f 36 845 843
f 20 748 750
f 17 729 727
f 14 711 709
f 13 706 703
f 15 718 715
f 16 724 721
f 18 737 733
f 35 839 835
f 42 882 878
f 40 870 866
f 19 744 740
f 30 807 805
f 27 789 787
f 22 762 758
f 28 797 793
f 29 802 799
f 32 821 817
f 23 766 763
f 24 774 770
f 37 852 848
f 41 874 872
f 35 838 836
f 18 736 734
f 19 741 739
f 40 867 865
f 42 879 877
f 34 831 829
f 33 828 824
f 25 780 776
f 36 846 842
f 20 747 745
f 32 820 818
f 23 767 764
f 24 771 769
f 37 849 847
f 41 875 871
f 34 834 830
f 33 825 823
f 25 777 775
f 36 843 841
f 20 750 746
f 14 714 710
f 13 707 704
f 15 719 716
f 16 725 722
f 17 732 728
f 21 755 752
f 31 814 811
f 26 784 781
f 38 857 853
f 39 862 860
f 27 792 788
f 22 759 757
f 28 796 794
f 29 803 800
f 30 810 806
f 31 815 812
f 26 785 782
f 38 856 854
f 39 863 859
f 21 754 751
f 14 712 714
f 13 705 707
f 15 717 719
f 16 723 725
f 17 730 732
f 21 753 755
f 31 816 814
f 26 786 784
f 38 858 857
f 39 861 862
f 27 791 792
f 22 761 759
f 28 795 796
f 29 801 803
f 30 808 810
f 31 813 815
f 26 783 785
f 38 855 856
f 39 864 863
f 21 756 754
f 14 709 712
f 13 703 705
f 15 715 717
f 16 721 723
f 17 727 730
f 21 751 753
f 31 812 816
f 26 782 786
f 38 854 858
f 39 859 861
f 27 787 791
f 22 758 761
f 28 793 795
f 29 799 801
f 30 805 808
f 31 811 813
f 26 781 783
f 38 853 855
f 39 860 864
f 21 752 756
f 17 728 731
f 14 710 713
f 13 704 708
f 15 716 720
f 16 722 726
f 18 734 738
f 35 836 840
f 42 877 881
f 40 865 869
f 19 739 743
f 30 806 809
f 27 788 790
f 22 757 760
f 28 794 798
f 29 800 804
f 32 818 822
f 23 764 768
f 24 769 772
f 37 847 851
f 41 871 873
f 35 835 837
f 18 733 735
f 19 740 742
f 40 866 868
f 42 878 880
f 34 830 832
f 33 823 827
f 25 775 778
f 36 841 844
f 20 746 749
f 32 817 819
f 23 763 765
f 24 770 773
f 37 848 850
f 41 872 876
f 34 829 833
f 33 824 826
f 25 776 779
f 36 842 845
f 20 745 748
f 17 731 729
f 14 713 711
f 13 708 706
f 15 720 718
f 16 726 724
f 18 738 737
f 35 840 839
f 42 881 882
f 40 869 870
f 19 743 744
f 30 809 807
f 27 790 789
f 22 760 762
f 28 798 797
f 29 804 802
f 32 822 821
f 23 768 766
f 24 772 774
f 37 851 852
f 41 873 874
f 107 1269 1270
f 103 1245 1246
f 104 1252 1251
f 110 1288 1287
f 113 1306 1305
f 118 1336 1335
f 154 1551 1552
f 141 1473 1474
f 162 1599 1600
f 121 1354 1353
f 142 1479 1480
f 129 1401 1402
f 130 1408 1407
f 144 1492 1491
f 146 1504 1503
f 151 1533 1534
f 131 1414 1413
f 136 1444 1443
f 161 1594 1593
f 126 1383 1384
f 116 1323 1324
f 108 1275 1276
f 106 1263 1264
f 112 1299 1300
f 115 1317 1318
f 119 1341 1342
f 156 1564 1563
f 139 1462 1461
f 160 1588 1587
f 120 1347 1348
f 149 1521 1522
f 132 1420 1419
f 128 1395 1396
f 145 1497 1498
f 148 1515 1516
f 155 1557 1558
f 133 1425 1426
f 134 1431 1432
f 157 1570 1569
f 124 1372 1371
f 109 1282 1281
f 105 1258 1257
f 111 1294 1293
f 114 1312 1311
f 117 1330 1329
f 125 1378 1377
f 152 1540 1539
f 137 1449 1450
f 158 1575 1576
f 123 1365 1366
f 143 1486 1485
f 127 1390 1389
f 135 1437 1438
f 147 1510 1509
f 150 1528 1527
f 153 1546 1545
f 140 1468 1467
f 138 1455 1456
f 159 1581 1582
f 122 1359 1360
f 107 1272 1271
f 103 1248 1247
f 104 1253 1254
f 110 1289 1290
f 113 1307 1308
f 118 1337 1338
f 154 1554 1553
f 141 1476 1475
f 162 1602 1601
f 121 1355 1356
f 142 1482 1481
f 129 1404 1403
f 130 1409 1410
f 144 1493 1494
f 146 1505 1506
f 151 1536 1535
f 131 1415 1416
f 136 1445 1446
f 161 1595 1596
f 126 1386 1385
f 47 909 907
f 44 891 889
f 43 886 883
f 45 898 895
f 46 904 901
f 49 922 919
f 72 1060 1057
f 102 1240 1237
f 96 1204 1201
f 79 1102 1099
f 62 999 997
f 59 981 979
f 58 976 973
f 60 988 985
f 61 994 991
f 66 1024 1021
f 54 952 949
f 73 1066 1063
f 85 1138 1135
f 92 1179 1177
f 101 1233 1231
f 69 1041 1039
f 50 927 925
f 82 1119 1117
f 97 1209 1207
f 71 1053 1051
f 100 1228 1225
f 94 1192 1189
f 80 1108 1105
f 51 933 931
f 90 1167 1165
f 63 1005 1003
f 55 957 955
f 76 1083 1081
f 87 1150 1147
f 91 1174 1171
f 67 1029 1027
f 56 963 961
f 75 1077 1075
f 83 1126 1123
f 68 1036 1033
f 48 915 913
f 78 1095 1093
f 93 1185 1183
f 98 1216 1213
f 88 1155 1153
f 65 1018 1015
f 57 970 967
f 77 1090 1087
f 86 1143 1141
f 64 1012 1009
f 53 945 943
f 74 1071 1069
f 84 1131 1129
f 89 1162 1159
f 70 1047 1045
f 99 1221 1219
f 95 1197 1195
f 81 1114 1111
f 52 940 937
f 109 1284 1280
f 105 1260 1256
f 111 1296 1292
f 114 1314 1310
f 117 1332 1328
f 125 1380 1376
f 152 1542 1538
f 137 1451 1447
f 158 1577 1573
f 123 1367 1363
f 143 1488 1484
f 127 1392 1388
f 135 1439 1435
f 147 1512 1508
f 150 1530 1526
f 153 1548 1544
f 140 1470 1466
f 138 1457 1453
f 159 1583 1579
f 122 1361 1357
f 107 1270 1268
f 103 1246 1244
f 104 1251 1249
f 110 1287 1285
f 113 1305 1303
f 118 1335 1333
f 154 1552 1550
f 141 1474 1472
f 162 1600 1598
f 121 1353 1351
f 142 1480 1478
f 129 1402 1400
f 130 1407 1405
f 144 1491 1489
f 146 1503 1501
f 151 1534 1532
f 131 1413 1411
f 136 1443 1441
f 161 1593 1591
f 126 1384 1382
f 116 1324 1322
f 108 1276 1274
f 106 1264 1262
f 112 1300 1298
f 115 1318 1316
f 119 1342 1340
f 156 1563 1561
f 139 1461 1459
f 160 1587 1585
f 120 1348 1346
f 149 1522 1520
f 132 1419 1417
f 128 1396 1394
f 145 1498 1496
f 148 1516 1514
f 155 1558 1556
f 133 1426 1424
f 134 1432 1430
f 157 1569 1567
f 124 1371 1369
f 109 1281 1279
f 105 1257 1255
f 111 1293 1291
f 114 1311 1309
f 117 1329 1327
f 125 1377 1375
f 152 1539 1537
f 137 1450 1448
f 158 1576 1574
f 123 1366 1364
f 143 1485 1483
f 127 1389 1387
f 135 1438 1436
f 147 1509 1507
f 150 1527 1525
f 153 1545 1543
f 140 1467 1465
f 138 1456 1454
f 159 1582 1580
f 122 1360 1358
f 107 1271 1267
f 103 1247 1243
f 104 1254 1250
f 110 1290 1286
f 113 1308 1304
f 118 1338 1334
f 154 1553 1549
f 141 1475 1471
f 162 1601 1597
f 121 1356 1352
f 142 1481 1477
f 129 1403 1399
f 130 1410 1406
f 144 1494 1490
f 146 1506 1502
f 151 1535 1531
f 131 1416 1412
f 136 1446 1442
f 161 1596 1592
f 126 1385 1381
f 44 894 890
f 43 887 884
f 45 899 896
f 46 905 902
f 47 912 908
f 52 941 938
f 70 1050 1046
f 99 1224 1220
f 95 1200 1196
f 81 1115 1112
f 59 984 980
f 58 977 974
f 60 989 986
f 61 995 992
f 62 1002 998
f 65 1019 1016
f 57 971 968
f 77 1091 1088
f 86 1146 1142
f 88 1158 1154
f 98 1217 1214
f 68 1037 1034
f 48 918 914
f 78 1098 1094
f 93 1188 1184
f 69 1044 1040
f 101 1236 1232
f 97 1212 1208
f 82 1122 1118
f 50 930 926
f 89 1163 1160
f 64 1013 1010
f 53 948 944
f 74 1074 1070
f 84 1134 1130
f 90 1170 1166
f 63 1008 1004
f 55 960 956
f 76 1086 1082
f 87 1151 1148
f 72 1061 1058
f 49 923 920
f 79 1103 1100
f 96 1205 1202
f 102 1241 1238
f 91 1175 1172
f 67 1032 1028
f 56 966 962
f 75 1080 1076
f 83 1127 1124
f 66 1025 1022
f 54 953 950
f 73 1067 1064
f 85 1139 1136
f 92 1182 1178
f 71 1056 1052
f 100 1229 1226
f 94 1193 1190
f 80 1109 1106
f 51 936 932
f 116 1325 1321
f 108 1277 1273
f 106 1265 1261
f 112 1301 1297
f 115 1319 1315
f 119 1343 1339
f 156 1566 1562
f 139 1464 1460
f 160 1590 1586
f 120 1349 1345
f 149 1523 1519
f 132 1422 1418
f 128 1397 1393
f 145 1499 1495
f 148 1517 1513
f 155 1559 1555
f 133 1427 1423
f 134 1433 1429
f 157 1572 1568
f 124 1374 1370
f 44 892 894
f 43 885 887
f 45 897 899
f 46 903 905
f 47 910 912
f 52 939 941
f 70 1048 1050
f 99 1222 1224
f 95 1198 1200
f 81 1113 1115
f 59 982 984
f 58 975 977
f 60 987 989
f 61 993 995
f 62 1000 1002
f 65 1017 1019
f 57 969 971
f 77 1089 1091
f 86 1144 1146
f 88 1156 1158
f 98 1215 1217
f 68 1035 1037
f 48 916 918
f 78 1096 1098
f 93 1186 1188
f 69 1042 1044
f 101 1234 1236
f 97 1210 1212
f 82 1120 1122
f 50 928 930
f 89 1161 1163
f 64 1011 1013
f 53 946 948
f 74 1072 1074
f 84 1132 1134
f 90 1168 1170
f 63 1006 1008
f 55 958 960
f 76 1084 1086
f 87 1149 1151
f 72 1059 1061
f 49 921 923
f 79 1101 1103
f 96 1203 1205
f 102 1239 1241
f 91 1173 1175
f 67 1030 1032
f 56 964 966
f 75 1078 1080
f 83 1125 1127
f 66 1023 1025
f 54 951 953
f 73 1065 1067
f 85 1137 1139
f 92 1180 1182
f 71 1054 1056
f 100 1227 1229
f 94 1191 1193
f 80 1107 1109
f 51 934 936
f 116 1326 1325
f 108 1278 1277
f 106 1266 1265
f 112 1302 1301
f 115 1320 1319
f 119 1344 1343
f 156 1565 1566
f 139 1463 1464
f 160 1589 1590
f 120 1350 1349
f 149 1524 1523
f 132 1421 1422
f 128 1398 1397
f 145 1500 1499
f 148 1518 1517
f 155 1560 1559
f 133 1428 1427
f 134 1434 1433
f 157 1571 1572
f 124 1373 1374
f 44 889 892
f 43 883 885
f 45 895 897
f 46 901 903
f 47 907 910
f 52 937 939
f 70 1045 1048
f 99 1219 1222
f 95 1195 1198
f 81 1111 1113
f 59 979 982
f 58 973 975
f 60 985 987
f 61 991 993
f 62 997 1000
f 65 1015 1017
f 57 967 969
f 77 1087 1089
f 86 1141 1144
f 88 1153 1156
f 98 1213 1215
f 68 1033 1035
f 48 913 916
f 78 1093 1096
f 93 1183 1186
f 69 1039 1042
f 101 1231 1234
f 97 1207 1210
f 82 1117 1120
f 50 925 928
f 89 1159 1161
f 64 1009 1011
f 53 943 946
f 74 1069 1072
f 84 1129 1132
f 90 1165 1168
f 63 1003 1006
f 55 955 958
f 76 1081 1084
f 87 1147 1149
f 72 1057 1059
f 49 919 921
f 79 1099 1101
f 96 1201 1203
f 102 1237 1239
f 91 1171 1173
f 67 1027 1030
f 56 961 964
f 75 1075 1078
f 83 1123 1125
f 66 1021 1023
f 54 949 951
f 73 1063 1065
f 85 1135 1137
f 92 1177 1180
f 71 1051 1054
f 100 1225 1227
f 94 1189 1191
f 80 1105 1107
f 51 931 934
f 116 1322 1326
f 108 1274 1278
f 106 1262 1266
f 112 1298 1302
f 115 1316 1320
f 119 1340 1344
f 156 1561 1565
f 139 1459 1463
f 160 1585 1589
f 120 1346 1350
f 149 1520 1524
f 132 1417 1421
f 128 1394 1398
f 145 1496 1500
f 148 1514 1518
f 155 1556 1560
f 133 1424 1428
f 134 1430 1434
f 157 1567 1571
f 124 1369 1373
f 47 908 911
f 44 890 893
f 43 884 888
f 45 896 900
f 46 902 906
f 49 920 924
f 72 1058 1062
f 102 1238 1242
f 96 1202 1206
f 79 1100 1104
f 62 998 1001
f 59 980 983
f 58 974 978
f 60 986 990
f 61 992 996
f 66 1022 1026
f 54 950 954
f 73 1064 1068
f 85 1136 1140
f 92 1178 1181
f 101 1232 1235
f 69 1040 1043
f 50 926 929
f 82 1118 1121
f 97 1208 1211
f 71 1052 1055
f 100 1226 1230
f 94 1190 1194
f 80 1106 1110
f 51 932 935
f 90 1166 1169
f 63 1004 1007
f 55 956 959
f 76 1082 1085
f 87 1148 1152
f 91 1172 1176
f 67 1028 1031
f 56 962 965
f 75 1076 1079
f 83 1124 1128
f 68 1034 1038
f 48 914 917
f 78 1094 1097
f 93 1184 1187
f 98 1214 1218
f 88 1154 1157
f 65 1016 1020
f 57 968 972
f 77 1088 1092
f 86 1142 1145
f 64 1010 1014
f 53 944 947
f 74 1070 1073
f 84 1130 1133
f 89 1160 1164
f 70 1046 1049
f 99 1220 1223
f 95 1196 1199
f 81 1112 1116
f 52 938 942
f 109 1279 1283
f 105 1255 1259
f 111 1291 1295
f 114 1309 1313
f 117 1327 1331
f 125 1375 1379
f 152 1537 1541
f 137 1448 1452
f 158 1574 1578
f 123 1364 1368
f 143 1483 1487
f 127 1387 1391
f 135 1436 1440
f 147 1507 1511
f 150 1525 1529
f 153 1543 1547
f 140 1465 1469
f 138 1454 1458
f 159 1580 1584
f 122 1358 1362
f 107 1267 1269
f 103 1243 1245
f 104 1250 1252
f 110 1286 1288
f 113 1304 1306
f 118 1334 1336
f 154 1549 1551
f 141 1471 1473
f 162 1597 1599
f 121 1352 1354
f 142 1477 1479
f 129 1399 1401
f 130 1406 1408
f 144 1490 1492
f 146 1502 1504
f 151 1531 1533
f 131 1412 1414
f 136 1442 1444
f 161 1592 1594
f 126 1381 1383
f 116 1321 1323
f 108 1273 1275
f 106 1261 1263
f 112 1297 1299
f 115 1315 1317
f 119 1339 1341
f 156 1562 1564
f 139 1460 1462
f 160 1586 1588
f 120 1345 1347
f 149 1519 1521
f 132 1418 1420
f 128 1393 1395
f 145 1495 1497
f 148 1513 1515
f 155 1555 1557
f 133 1423 1425
f 134 1429 1431
f 157 1568 1570
f 124 1370 1372
f 109 1280 1282
f 105 1256 1258
f 111 1292 1294
f 114 1310 1312
f 117 1328 1330
f 125 1376 1378
f 152 1538 1540
f 137 1447 1449
f 158 1573 1575
f 123 1363 1365
f 143 1484 1486
f 127 1388 1390
f 135 1435 1437
f 147 1508 1510
f 150 1526 1528
f 153 1544 1546
f 140 1466 1468
f 138 1453 1455
f 159 1579 1581
f 122 1357 1359
f 107 1268 1272
f 103 1244 1248
f 104 1249 1253
f 110 1285 1289
f 113 1303 1307
f 118 1333 1337
f 154 1550 1554
f 141 1472 1476
f 162 1598 1602
f 121 1351 1355
f 142 1478 1482
f 129 1400 1404
f 130 1405 1409
f 144 1489 1493
f 146 1501 1505
f 151 1532 1536
f 131 1411 1415
f 136 1441 1445
f 161 1591 1595
f 126 1382 1386
f 47 911 909
f 44 893 891
f 43 888 886
f 45 900 898
f 46 906 904
f 49 924 922
f 72 1062 1060
f 102 1242 1240
f 96 1206 1204
f 79 1104 1102
f 62 1001 999
f 59 983 981
f 58 978 976
f 60 990 988
f 61 996 994
f 66 1026 1024
f 54 954 952
f 73 1068 1066
f 85 1140 1138
f 92 1181 1179
f 101 1235 1233
f 69 1043 1041
f 50 929 927
f 82 1121 1119
f 97 1211 1209
f 71 1055 1053
f 100 1230 1228
f 94 1194 1192
f 80 1110 1108
f 51 935 933
f 90 1169 1167
f 63 1007 1005
f 55 959 957
f 76 1085 1083
f 87 1152 1150
f 91 1176 1174
f 67 1031 1029
f 56 965 963
f 75 1079 1077
f 83 1128 1126
f 68 1038 1036
f 48 917 915
f 78 1097 1095
f 93 1187 1185
f 98 1218 1216
f 88 1157 1155
f 65 1020 1018
f 57 972 970
f 77 1092 1090
f 86 1145 1143
f 64 1014 1012
f 53 947 945
f 74 1073 1071
f 84 1133 1131
f 89 1164 1162
f 70 1049 1047
f 99 1223 1221
f 95 1199 1197
f 81 1116 1114
f 52 942 940
f 109 1283 1284
f 105 1259 1260
f 111 1295 1296
f 114 1313 1314
f 117 1331 1332
f 125 1379 1380
f 152 1541 1542
f 137 1452 1451
f 158 1578 1577
f 123 1368 1367
f 143 1487 1488
f 127 1391 1392
f 135 1440 1439
f 147 1511 1512
f 150 1529 1530
f 153 1547 1548
f 140 1469 1470
f 138 1458 1457
f 159 1584 1583
f 122 1362 1361
f 407 1609 1616
f 403 1605 1608
f 404 1611 1606
f 410 1614 1612
f 413 1617 1615
f 422 1631 1624
f 486 1688 1692
f 573 1775 1782
f 561 1763 1765
f 512 1719 1714
f 452 1654 1661
f 448 1650 1653
f 449 1656 1651
f 455 1659 1657
f 458 1662 1660
f 470 1672 1675
f 437 1646 1639
f 494 1706 1696
f 531 1735 1733
f 539 1741 1751
f 568 1770 1779
f 478 1680 1683
f 419 1621 1626
f 509 1711 1721
f 554 1756 1766
f 482 1684 1689
f 576 1780 1778
f 558 1767 1760
f 516 1722 1718
f 425 1627 1629
f 542 1744 1747
f 463 1668 1665
f 434 1636 1641
f 497 1699 1704
f 528 1730 1737
f 546 1748 1750
f 464 1666 1676
f 440 1642 1644
f 500 1705 1702
f 524 1736 1726
f 479 1691 1681
f 418 1623 1620
f 508 1713 1710
f 553 1764 1755
f 569 1781 1771
f 538 1749 1740
f 471 1677 1673
f 443 1645 1647
f 501 1703 1707
f 523 1725 1734
f 467 1674 1669
f 433 1638 1635
f 493 1695 1698
f 527 1732 1729
f 543 1752 1745
f 485 1690 1687
f 572 1777 1774
f 557 1759 1762
f 515 1717 1720
f 428 1630 1632
f 591 2191 2189
f 587 1885 1883
f 588 1901 1903
f 594 2279 2281
f 597 2315 2317
f 600 2171 2173
f 634 2160 2158
f 619 2016 2012
f 639 2214 2210
f 602 1919 1924
f 624 2137 2135
f 608 1978 1973
f 610 1991 1996
f 627 2225 2227
f 630 2302 2304
f 635 2178 2176
f 615 2153 2155
f 617 2009 2014
f 637 2207 2212
f 604 1926 1922
f 416 1857 1864
f 408 1803 1810
f 406 1786 1795
f 412 1822 1831
f 415 1840 1849
f 424 1876 1887
f 492 2182 2193
f 582 2312 2321
f 565 2276 2285
f 514 1898 1907
f 461 2091 2098
f 453 2037 2044
f 451 1952 1961
f 457 2056 2067
f 460 2074 2083
f 475 2128 2139
f 439 1966 1975
f 496 1988 1997
f 533 2222 2231
f 551 2293 2298
f 579 2185 2190
f 483 1879 1884
f 426 1893 1900
f 521 2271 2278
f 566 2307 2314
f 489 2163 2170
f 578 2150 2159
f 560 2006 2015
f 518 2204 2213
f 429 1911 1918
f 547 2131 2136
f 465 1969 1977
f 441 1983 1990
f 504 2217 2224
f 537 2290 2301
f 550 2168 2177
f 476 2145 2152
f 444 2001 2008
f 502 2199 2206
f 526 1916 1925
f 481 1808 1817
f 420 1789 1797
f 510 1825 1833
f 555 1843 1851
f 571 1862 1871
f 540 1933 1941
f 473 2110 2119
f 447 2020 2029
f 507 2236 2247
f 534 2257 2262
f 469 2042 2051
f 435 1947 1954
f 498 2059 2064
f 529 2077 2085
f 545 2096 2105
f 487 2113 2121
f 574 2023 2031
f 562 2239 2244
f 520 2254 2265
f 432 1930 1939
f 589 1818 1814
f 583 1798 1793
f 586 1834 1829
f 593 1852 1847
f 596 1872 1868
f 599 1942 1937
f 633 2120 2124
f 620 2030 2034
f 640 2248 2250
f 603 2263 2261
f 622 2052 2050
f 607 1955 1960
f 612 2065 2063
f 626 2086 2081
f 629 2106 2102
f 631 2122 2117
f 614 2032 2027
f 618 2245 2243
f 641 2266 2268
f 605 1940 1944
f 409 1813 1804
f 405 1792 1785
f 411 1828 1821
f 414 1846 1839
f 417 1867 1858
f 431 1936 1929
f 488 2123 2114
f 575 2033 2024
f 563 2249 2240
f 519 2260 2253
f 454 2049 2038
f 450 1959 1951
f 456 2062 2055
f 459 2080 2073
f 462 2101 2092
f 472 2116 2109
f 446 2026 2019
f 506 2242 2235
f 535 2267 2258
f 541 1943 1934
f 570 1869 1861
f 480 1815 1807
f 421 1799 1790
f 511 1835 1826
f 556 1853 1844
f 484 1889 1880
f 580 2195 2186
f 567 2319 2308
f 522 2283 2272
f 427 1905 1894
f 544 2103 2095
f 468 2046 2041
f 436 1957 1948
f 499 2069 2060
f 530 2087 2078
f 548 2141 2132
f 466 1979 1970
f 442 1993 1984
f 505 2229 2218
f 536 2296 2289
f 491 2188 2181
f 423 1882 1875
f 513 1902 1897
f 564 2280 2275
f 581 2316 2311
f 549 2172 2167
f 477 2157 2146
f 445 2011 2002
f 503 2209 2200
f 525 1923 1915
f 474 2134 2127
f 438 1972 1965
f 495 1995 1987
f 532 2226 2221
f 552 2303 2294
f 490 2175 2164
f 577 2154 2149
f 559 2013 2005
f 517 2211 2203
f 430 1921 1912
f 590 1865 1870
f 584 1811 1816
f 585 1796 1800
f 592 1832 1836
f 595 1850 1854
f 598 1888 1890
f 636 2194 2196
f 621 2322 2320
f 642 2286 2284
f 601 1908 1906
f 623 2099 2104
f 611 2045 2047
f 609 1962 1958
f 625 2068 2070
f 628 2084 2088
f 632 2140 2142
f 613 1976 1980
f 616 1998 1994
f 638 2232 2230
f 606 2299 2297
f 407 2330 2329
f 403 2324 2323
f 404 2325 2326
f 410 2332 2333
f 413 2335 2336
f 422 2344 2345
f 486 2410 2409
f 573 2497 2496
f 561 2486 2485
f 512 2434 2435
f 452 2375 2374
f 448 2369 2368
f 449 2370 2371
f 455 2377 2378
f 458 2380 2381
f 470 2393 2392
f 437 2359 2360
f 494 2415 2416
f 531 2455 2456
f 539 2461 2460
f 568 2489 2488
f 478 2399 2398
f 419 2341 2340
f 509 2431 2430
f 554 2476 2475
f 482 2405 2404
f 576 2500 2501
f 558 2481 2482
f 516 2439 2440
f 425 2348 2347
f 542 2465 2464
f 463 2383 2384
f 434 2356 2355
f 497 2420 2419
f 528 2452 2451
f 546 2471 2470
f 464 2386 2385
f 440 2363 2362
f 500 2422 2423
f 524 2445 2446
f 479 2400 2401
f 418 2338 2339
f 508 2428 2429
f 553 2473 2474
f 569 2490 2491
f 538 2458 2459
f 471 2394 2395
f 443 2366 2365
f 501 2425 2424
f 523 2444 2443
f 467 2389 2390
f 433 2353 2354
f 493 2414 2413
f 527 2449 2450
f 543 2466 2467
f 485 2407 2408
f 572 2494 2495
f 557 2480 2479
f 515 2438 2437
f 428 2351 2350
f 591 2510 2511
f 587 2504 2505
f 588 2508 2507
f 594 2514 2513
f 597 2517 2516
f 600 2520 2519
f 634 2554 2556
f 619 2539 2540
f 639 2560 2561
f 602 2523 2521
f 624 2543 2544
f 608 2527 2529
f 610 2532 2530
f 627 2547 2546
f 630 2550 2549
f 635 2552 2553
f 615 2535 2534
f 617 2538 2536
f 637 2558 2557
f 604 2524 2525
f 167 1607 647
f 164 1603 644
f 163 1604 643
f 165 1610 645
f 166 1613 646
f 169 1622 649
f 192 1686 672
f 222 1773 702
f 216 1761 696
f 199 1712 679
f 182 1652 662
f 179 1648 659
f 178 1649 658
f 180 1655 660
f 181 1658 661
f 186 1670 666
f 174 1637 654
f 193 1694 673
f 205 1731 685
f 212 1739 692
f 221 1768 701
f 189 1678 669
f 170 1619 650
f 202 1709 682
f 217 1754 697
f 191 1682 671
f 220 1776 700
f 214 1758 694
f 200 1716 680
f 171 1625 651
f 210 1742 690
f 183 1663 663
f 175 1634 655
f 196 1697 676
f 207 1728 687
f 211 1746 691
f 187 1664 667
f 176 1640 656
f 195 1700 675
f 203 1724 683
f 188 1679 668
f 168 1618 648
f 198 1708 678
f 213 1753 693
f 218 1769 698
f 208 1738 688
f 185 1671 665
f 177 1643 657
f 197 1701 677
f 206 1723 686
f 184 1667 664
f 173 1633 653
f 194 1693 674
f 204 1727 684
f 209 1743 689
f 190 1685 670
f 219 1772 699
f 215 1757 695
f 201 1715 681
f 172 1628 652
f 357 2187 837
f 255 1881 735
f 262 1899 742
f 388 2277 868
f 400 2313 880
f 352 2169 832
f 347 2156 827
f 298 2010 778
f 364 2208 844
f 269 1917 749
f 339 2133 819
f 285 1971 765
f 293 1989 773
f 370 2223 850
f 396 2300 876
f 353 2174 833
f 346 2151 826
f 299 2007 779
f 365 2205 845
f 268 1920 748
f 249 1855 729
f 231 1801 711
f 226 1784 706
f 238 1820 718
f 244 1838 724
f 257 1874 737
f 359 2180 839
f 402 2310 882
f 390 2274 870
f 264 1896 744
f 327 2089 807
f 309 2035 789
f 282 1950 762
f 317 2054 797
f 322 2072 802
f 341 2126 821
f 286 1964 766
f 294 1986 774
f 372 2220 852
f 394 2291 874
f 358 2183 838
f 256 1877 736
f 261 1891 741
f 387 2269 867
f 399 2305 879
f 351 2161 831
f 348 2148 828
f 300 2004 780
f 366 2202 846
f 267 1909 747
f 340 2129 820
f 287 1967 767
f 291 1981 771
f 369 2215 849
f 395 2288 875
f 354 2166 834
f 345 2143 825
f 297 1999 777
f 363 2197 843
f 270 1914 750
f 234 1806 714
f 227 1787 707
f 239 1823 719
f 245 1841 725
f 252 1860 732
f 275 1931 755
f 334 2108 814
f 304 2018 784
f 377 2234 857
f 382 2255 862
f 312 2040 792
f 279 1945 759
f 316 2057 796
f 323 2075 803
f 330 2094 810
f 335 2111 815
f 305 2021 785
f 376 2237 856
f 383 2252 863
f 274 1928 754
f 232 1812 712
f 225 1791 705
f 237 1827 717
f 243 1845 723
f 250 1866 730
f 273 1935 753
f 336 2118 816
f 306 2028 786
f 378 2246 858
f 381 2259 861
f 311 2048 791
f 281 1953 761
f 315 2061 795
f 321 2079 801
f 328 2100 808
f 333 2115 813
f 303 2025 783
f 375 2241 855
f 384 2264 864
f 276 1938 756
f 229 1802 709
f 223 1783 703
f 235 1819 715
f 241 1837 721
f 247 1856 727
f 271 1927 751
f 332 2112 812
f 302 2022 782
f 374 2238 854
f 379 2251 859
f 307 2036 787
f 278 1949 758
f 313 2053 793
f 319 2071 799
f 325 2090 805
f 331 2107 811
f 301 2017 781
f 373 2233 853
f 380 2256 860
f 272 1932 752
f 248 1859 728
f 230 1805 710
f 224 1788 704
f 236 1824 716
f 242 1842 722
f 254 1878 734
f 356 2184 836
f 397 2306 877
f 385 2270 865
f 259 1892 739
f 326 2093 806
f 308 2039 788
f 277 1946 757
f 314 2058 794
f 320 2076 800
f 338 2130 818
f 284 1968 764
f 289 1982 769
f 367 2216 847
f 391 2287 871
f 355 2179 835
f 253 1873 733
f 260 1895 740
f 386 2273 866
f 398 2309 878
f 350 2165 830
f 343 2144 823
f 295 2000 775
f 361 2198 841
f 266 1913 746
f 337 2125 817
f 283 1963 763
f 290 1985 770
f 368 2219 848
f 392 2292 872
f 349 2162 829
f 344 2147 824
f 296 2003 776
f 362 2201 842
f 265 1910 745
f 251 1863 731
f 233 1809 713
f 228 1794 708
f 240 1830 720
f 246 1848 726
f 258 1886 738
f 360 2192 840
f 401 2318 881
f 389 2282 869
f 263 1904 743
f 329 2097 809
f 310 2043 790
f 280 1956 760
f 318 2066 798
f 324 2082 804
f 342 2138 822
f 288 1974 768
f 292 1992 772
f 371 2228 851
f 393 2295 873
f 409 2331 1269
f 405 2327 1245
f 411 2328 1252
f 414 2334 1288
f 417 2337 1306
f 431 2346 1336
f 488 2412 1551
f 575 2499 1473
f 563 2487 1599
f 519 2436 1354
f 454 2376 1479
f 450 2372 1401
f 456 2373 1408
f 459 2379 1492
f 462 2382 1504
f 472 2396 1533
f 446 2361 1414
f 506 2418 1444
f 535 2457 1594
f 541 2463 1383
f 570 2492 1323
f 480 2402 1275
f 421 2343 1263
f 511 2433 1299
f 556 2478 1317
f 484 2406 1341
f 580 2502 1564
f 567 2484 1462
f 522 2442 1588
f 427 2349 1347
f 544 2468 1521
f 468 2387 1420
f 436 2358 1395
f 499 2421 1497
f 530 2454 1515
f 548 2472 1557
f 466 2388 1425
f 442 2364 1431
f 505 2426 1570
f 536 2448 1372
f 491 2403 1282
f 423 2342 1258
f 513 2432 1294
f 564 2477 1312
f 581 2493 1330
f 549 2462 1378
f 477 2397 1540
f 445 2367 1449
f 503 2427 1575
f 525 2447 1365
f 474 2391 1486
f 438 2357 1390
f 495 2417 1437
f 532 2453 1510
f 552 2469 1528
f 490 2411 1546
f 577 2498 1468
f 559 2483 1455
f 517 2441 1581
f 430 2352 1359
f 590 2509 1272
f 584 2503 1248
f 585 2506 1253
f 592 2512 1289
f 595 2515 1307
f 598 2518 1337
f 636 2555 1554
f 621 2541 1476
f 642 2562 1602
f 601 2522 1355
f 623 2542 1482
f 611 2528 1404
f 609 2531 1409
f 625 2545 1493
f 628 2548 1505
f 632 2551 1536
f 613 2533 1415
f 616 2537 1445
f 638 2559 1595
f 606 2526 1386
f 407 1616 909
f 403 1608 891
f 404 1606 886
f 410 1612 898
f 413 1615 904
f 422 1624 922
f 486 1692 1060
f 573 1782 1240
f 561 1765 1204
f 512 1714 1102
f 452 1661 999
f 448 1653 981
f 449 1651 976
f 455 1657 988
f 458 1660 994
f 470 1675 1024
f 437 1639 952
f 494 1696 1066
f 531 1733 1138
f 539 1751 1179
f 568 1779 1233
f 478 1683 1041
f 419 1626 927
f 509 1721 1119
f 554 1766 1209
f 482 1689 1053
f 576 1778 1228
f 558 1760 1192
f 516 1718 1108
f 425 1629 933
f 542 1747 1167
f 463 1665 1005
f 434 1641 957
f 497 1704 1083
f 528 1737 1150
f 546 1750 1174
f 464 1676 1029
f 440 1644 963
f 500 1702 1077
f 524 1726 1126
f 479 1681 1036
f 418 1620 915
f 508 1710 1095
f 553 1755 1185
f 569 1771 1216
f 538 1740 1155
f 471 1673 1018
f 443 1647 970
f 501 1707 1090
f 523 1734 1143
f 467 1669 1012
f 433 1635 945
f 493 1698 1071
f 527 1729 1131
f 543 1745 1162
f 485 1687 1047
f 572 1774 1221
f 557 1762 1197
f 515 1720 1114
f 428 1632 940
f 591 2189 1284
f 587 1883 1260
f 588 1903 1296
f 594 2281 1314
f 597 2317 1332
f 600 2173 1380
f 634 2158 1542
f 619 2012 1451
f 639 2210 1577
f 602 1924 1367
f 624 2135 1488
f 608 1973 1392
f 610 1996 1439
f 627 2227 1512
f 630 2304 1530
f 635 2176 1548
f 615 2155 1470
f 617 2014 1457
f 637 2212 1583
f 604 1922 1361
f 416 1864 1270
f 408 1810 1246
f 406 1795 1251
f 412 1831 1287
f 415 1849 1305
f 424 1887 1335
f 492 2193 1552
f 582 2321 1474
f 565 2285 1600
f 514 1907 1353
f 461 2098 1480
f 453 2044 1402
f 451 1961 1407
f 457 2067 1491
f 460 2083 1503
f 475 2139 1534
f 439 1975 1413
f 496 1997 1443
f 533 2231 1593
f 551 2298 1384
f 579 2190 1324
f 483 1884 1276
f 426 1900 1264
f 521 2278 1300
f 566 2314 1318
f 489 2170 1342
f 578 2159 1563
f 560 2015 1461
f 518 2213 1587
f 429 1918 1348
f 547 2136 1522
f 465 1977 1419
f 441 1990 1396
f 504 2224 1498
f 537 2301 1516
f 550 2177 1558
f 476 2152 1426
f 444 2008 1432
f 502 2206 1569
f 526 1925 1371
f 481 1817 1281
f 420 1797 1257
f 510 1833 1293
f 555 1851 1311
f 571 1871 1329
f 540 1941 1377
f 473 2119 1539
f 447 2029 1450
f 507 2247 1576
f 534 2262 1366
f 469 2051 1485
f 435 1954 1389
f 498 2064 1438
f 529 2085 1509
f 545 2105 1527
f 487 2121 1545
f 574 2031 1467
f 562 2244 1456
f 520 2265 1582
f 432 1939 1360
f 589 1814 1271
f 583 1793 1247
f 586 1829 1254
f 593 1847 1290
f 596 1868 1308
f 599 1937 1338
f 633 2124 1553
f 620 2034 1475
f 640 2250 1601
f 603 2261 1356
f 622 2050 1481
f 607 1960 1403
f 612 2063 1410
f 626 2081 1494
f 629 2102 1506
f 631 2117 1535
f 614 2027 1416
f 618 2243 1446
f 641 2268 1596
f 605 1944 1385
f 409 1804 894
f 405 1785 887
f 411 1821 899
f 414 1839 905
f 417 1858 912
f 431 1929 941
f 488 2114 1050
f 575 2024 1224
f 563 2240 1200
f 519 2253 1115
f 454 2038 984
f 450 1951 977
f 456 2055 989
f 459 2073 995
f 462 2092 1002
f 472 2109 1019
f 446 2019 971
f 506 2235 1091
f 535 2258 1146
f 541 1934 1158
f 570 1861 1217
f 480 1807 1037
f 421 1790 918
f 511 1826 1098
f 556 1844 1188
f 484 1880 1044
f 580 2186 1236
f 567 2308 1212
f 522 2272 1122
f 427 1894 930
f 544 2095 1163
f 468 2041 1013
f 436 1948 948
f 499 2060 1074
f 530 2078 1134
f 548 2132 1170
f 466 1970 1008
f 442 1984 960
f 505 2218 1086
f 536 2289 1151
f 491 2181 1061
f 423 1875 923
f 513 1897 1103
f 564 2275 1205
f 581 2311 1241
f 549 2167 1175
f 477 2146 1032
f 445 2002 966
f 503 2200 1080
f 525 1915 1127
f 474 2127 1025
f 438 1965 953
f 495 1987 1067
f 532 2221 1139
f 552 2294 1182
f 490 2164 1056
f 577 2149 1229
f 559 2005 1193
f 517 2203 1109
f 430 1912 936
f 590 1870 1325
f 584 1816 1277
f 585 1800 1265
f 592 1836 1301
f 595 1854 1319
f 598 1890 1343
f 636 2196 1566
f 621 2320 1464
f 642 2284 1590
f 601 1906 1349
f 623 2104 1523
f 611 2047 1422
f 609 1958 1397
f 625 2070 1499
f 628 2088 1517
f 632 2142 1559
f 613 1980 1427
f 616 1994 1433
f 638 2230 1572
f 606 2297 1374
f 407 2329 892
f 403 2323 885
f 404 2326 897
f 410 2333 903
f 413 2336 910
f 422 2345 939
f 486 2409 1048
f 573 2496 1222
f 561 2485 1198
f 512 2435 1113
f 452 2374 982
f 448 2368 975
f 449 2371 987
f 455 2378 993
f 458 2381 1000
f 470 2392 1017
f 437 2360 969
f 494 2416 1089
f 531 2456 1144
f 539 2460 1156
f 568 2488 1215
f 478 2398 1035
f 419 2340 916
f 509 2430 1096
f 554 2475 1186
f 482 2404 1042
f 576 2501 1234
f 558 2482 1210
f 516 2440 1120
f 425 2347 928
f 542 2464 1161
f 463 2384 1011
f 434 2355 946
f 497 2419 1072
f 528 2451 1132
f 546 2470 1168
f 464 2385 1006
f 440 2362 958
f 500 2423 1084
f 524 2446 1149
f 479 2401 1059
f 418 2339 921
f 508 2429 1101
f 553 2474 1203
f 569 2491 1239
f 538 2459 1173
f 471 2395 1030
f 443 2365 964
f 501 2424 1078
f 523 2443 1125
f 467 2390 1023
f 433 2354 951
f 493 2413 1065
f 527 2450 1137
f 543 2467 1180
f 485 2408 1054
f 572 2495 1227
f 557 2479 1191
f 515 2437 1107
f 428 2350 934
f 591 2511 1326
f 587 2505 1278
f 588 2507 1266
f 594 2513 1302
f 597 2516 1320
f 600 2519 1344
f 634 2556 1565
f 619 2540 1463
f 639 2561 1589
f 602 2521 1350
f 624 2544 1524
f 608 2529 1421
f 610 2530 1398
f 627 2546 1500
f 630 2549 1518
f 635 2553 1560
f 615 2534 1428
f 617 2536 1434
f 637 2557 1571
f 604 2525 1373
f 164 1609 889
f 163 1605 883
f 165 1611 895
f 166 1614 901
f 167 1617 907
f 172 1631 937
f 190 1688 1045
f 219 1775 1219
f 215 1763 1195
f 201 1719 1111
f 179 1654 979
f 178 1650 973
f 180 1656 985
f 181 1659 991
f 182 1662 997
f 185 1672 1015
f 177 1646 967
f 197 1706 1087
f 206 1735 1141
f 208 1741 1153
f 218 1770 1213
f 188 1680 1033
f 168 1621 913
f 198 1711 1093
f 213 1756 1183
f 189 1684 1039
f 221 1780 1231
f 217 1767 1207
f 202 1722 1117
f 170 1627 925
f 209 1744 1159
f 184 1668 1009
f 173 1636 943
f 194 1699 1069
f 204 1730 1129
f 210 1748 1165
f 183 1666 1003
f 175 1642 955
f 196 1705 1081
f 207 1736 1147
f 192 1691 1057
f 169 1623 919
f 199 1713 1099
f 216 1764 1201
f 222 1781 1237
f 211 1749 1171
f 187 1677 1027
f 176 1645 961
f 195 1703 1075
f 203 1725 1123
f 186 1674 1021
f 174 1638 949
f 193 1695 1063
f 205 1732 1135
f 212 1752 1177
f 191 1690 1051
f 220 1777 1225
f 214 1759 1189
f 200 1717 1105
f 171 1630 931
f 358 2191 1322
f 256 1885 1274
f 261 1901 1262
f 387 2279 1298
f 399 2315 1316
f 351 2171 1340
f 348 2160 1561
f 300 2016 1459
f 366 2214 1585
f 267 1919 1346
f 340 2137 1520
f 287 1978 1417
f 291 1991 1394
f 369 2225 1496
f 395 2302 1514
f 354 2178 1556
f 345 2153 1424
f 297 2009 1430
f 363 2207 1567
f 270 1926 1369
f 247 1857 908
f 229 1803 890
f 223 1786 884
f 235 1822 896
f 241 1840 902
f 253 1876 920
f 355 2182 1058
f 398 2312 1238
f 386 2276 1202
f 260 1898 1100
f 325 2091 998
f 307 2037 980
f 278 1952 974
f 313 2056 986
f 319 2074 992
f 337 2128 1022
f 283 1966 950
f 290 1988 1064
f 368 2222 1136
f 392 2293 1178
f 356 2185 1232
f 254 1879 1040
f 259 1893 926
f 385 2271 1118
f 397 2307 1208
f 349 2163 1052
f 344 2150 1226
f 296 2006 1190
f 362 2204 1106
f 265 1911 932
f 338 2131 1166
f 284 1969 1004
f 289 1983 956
f 367 2217 1082
f 391 2290 1148
f 350 2168 1172
f 343 2145 1028
f 295 2001 962
f 361 2199 1076
f 266 1916 1124
f 230 1808 1034
f 224 1789 914
f 236 1825 1094
f 242 1843 1184
f 248 1862 1214
f 272 1933 1154
f 331 2110 1016
f 301 2020 968
f 373 2236 1088
f 380 2257 1142
f 308 2042 1010
f 277 1947 944
f 314 2059 1070
f 320 2077 1130
f 326 2096 1160
f 332 2113 1046
f 302 2023 1220
f 374 2239 1196
f 379 2254 1112
f 271 1930 938
f 234 1818 1279
f 227 1798 1255
f 239 1834 1291
f 245 1852 1309
f 252 1872 1327
f 275 1942 1375
f 334 2120 1537
f 304 2030 1448
f 377 2248 1574
f 382 2263 1364
f 312 2052 1483
f 279 1955 1387
f 316 2065 1436
f 323 2086 1507
f 330 2106 1525
f 335 2122 1543
f 305 2032 1465
f 376 2245 1454
f 383 2266 1580
f 274 1940 1358
f 232 1813 1267
f 225 1792 1243
f 237 1828 1250
f 243 1846 1286
f 250 1867 1304
f 273 1936 1334
f 336 2123 1549
f 306 2033 1471
f 378 2249 1597
f 381 2260 1352
f 311 2049 1477
f 281 1959 1399
f 315 2062 1406
f 321 2080 1490
f 328 2101 1502
f 333 2116 1531
f 303 2026 1412
f 375 2242 1442
f 384 2267 1592
f 276 1943 1381
f 251 1869 1321
f 233 1815 1273
f 228 1799 1261
f 240 1835 1297
f 246 1853 1315
f 258 1889 1339
f 360 2195 1562
f 401 2319 1460
f 389 2283 1586
f 263 1905 1345
f 329 2103 1519
f 310 2046 1418
f 280 1957 1393
f 318 2069 1495
f 324 2087 1513
f 342 2141 1555
f 288 1979 1423
f 292 1993 1429
f 371 2229 1568
f 393 2296 1370
f 357 2188 1280
f 255 1882 1256
f 262 1902 1292
f 388 2280 1310
f 400 2316 1328
f 352 2172 1376
f 347 2157 1538
f 298 2011 1447
f 364 2209 1573
f 269 1923 1363
f 339 2134 1484
f 285 1972 1388
f 293 1995 1435
f 370 2226 1508
f 396 2303 1526
f 353 2175 1544
f 346 2154 1466
f 299 2013 1453
f 365 2211 1579
f 268 1921 1357
f 249 1865 1268
f 231 1811 1244
f 226 1796 1249
f 238 1832 1285
f 244 1850 1303
f 257 1888 1333
f 359 2194 1550
f 402 2322 1472
f 390 2286 1598
f 264 1908 1351
f 327 2099 1478
f 309 2045 1400
f 282 1962 1405
f 317 2068 1489
f 322 2084 1501
f 341 2140 1532
f 286 1976 1411
f 294 1998 1441
f 372 2232 1591
f 394 2299 1382
f 416 2330 911
f 408 2324 893
f 406 2325 888
f 412 2332 900
f 415 2335 906
f 424 2344 924
f 492 2410 1062
f 582 2497 1242
f 565 2486 1206
f 514 2434 1104
f 461 2375 1001
f 453 2369 983
f 451 2370 978
f 457 2377 990
f 460 2380 996
f 475 2393 1026
f 439 2359 954
f 496 2415 1068
f 533 2455 1140
f 551 2461 1181
f 579 2489 1235
f 483 2399 1043
f 426 2341 929
f 521 2431 1121
f 566 2476 1211
f 489 2405 1055
f 578 2500 1230
f 560 2481 1194
f 518 2439 1110
f 429 2348 935
f 547 2465 1169
f 465 2383 1007
f 441 2356 959
f 504 2420 1085
f 537 2452 1152
f 550 2471 1176
f 476 2386 1031
f 444 2363 965
f 502 2422 1079
f 526 2445 1128
f 481 2400 1038
f 420 2338 917
f 510 2428 1097
f 555 2473 1187
f 571 2490 1218
f 540 2458 1157
f 473 2394 1020
f 447 2366 972
f 507 2425 1092
f 534 2444 1145
f 469 2389 1014
f 435 2353 947
f 498 2414 1073
f 529 2449 1133
f 545 2466 1164
f 487 2407 1049
f 574 2494 1223
f 562 2480 1199
f 520 2438 1116
f 432 2351 942
f 589 2510 1283
f 583 2504 1259
f 586 2508 1295
f 593 2514 1313
f 596 2517 1331
f 599 2520 1379
f 633 2554 1541
f 620 2539 1452
f 640 2560 1578
f 603 2523 1368
f 622 2543 1487
f 607 2527 1391
f 612 2532 1440
f 626 2547 1511
f 629 2550 1529
f 631 2552 1547
f 614 2535 1469
f 618 2538 1458
f 641 2558 1584
f 605 2524 1362
f 164 1607 1609
f 163 1603 1605
f 165 1604 1611
f 166 1610 1614
f 167 1613 1617
f 172 1622 1631
f 190 1686 1688
f 219 1773 1775
f 215 1761 1763
f 201 1712 1719
f 179 1652 1654
f 178 1648 1650
f 180 1649 1656
f 181 1655 1659
f 182 1658 1662
f 185 1670 1672
f 177 1637 1646
f 197 1694 1706
f 206 1731 1735
f 208 1739 1741
f 218 1768 1770
f 188 1678 1680
f 168 1619 1621
f 198 1709 1711
f 213 1754 1756
f 189 1682 1684
f 221 1776 1780
f 217 1758 1767
f 202 1716 1722
f 170 1625 1627
f 209 1742 1744
f 184 1663 1668
f 173 1634 1636
f 194 1697 1699
f 204 1728 1730
f 210 1746 1748
f 183 1664 1666
f 175 1640 1642
f 196 1700 1705
f 207 1724 1736
f 192 1679 1691
f 169 1618 1623
f 199 1708 1713
f 216 1753 1764
f 222 1769 1781
f 211 1738 1749
f 187 1671 1677
f 176 1643 1645
f 195 1701 1703
f 203 1723 1725
f 186 1667 1674
f 174 1633 1638
f 193 1693 1695
f 205 1727 1732
f 212 1743 1752
f 191 1685 1690
f 220 1772 1777
f 214 1757 1759
f 200 1715 1717
f 171 1628 1630
f 358 2187 2191
f 256 1881 1885
f 261 1899 1901
f 387 2277 2279
f 399 2313 2315
f 351 2169 2171
f 348 2156 2160
f 300 2010 2016
f 366 2208 2214
f 267 1917 1919
f 340 2133 2137
f 287 1971 1978
f 291 1989 1991
f 369 2223 2225
f 395 2300 2302
f 354 2174 2178
f 345 2151 2153
f 297 2007 2009
f 363 2205 2207
f 270 1920 1926
f 247 1855 1857
f 229 1801 1803
f 223 1784 1786
f 235 1820 1822
f 241 1838 1840
f 253 1874 1876
f 355 2180 2182
f 398 2310 2312
f 386 2274 2276
f 260 1896 1898
f 325 2089 2091
f 307 2035 2037
f 278 1950 1952
f 313 2054 2056
f 319 2072 2074
f 337 2126 2128
f 283 1964 1966
f 290 1986 1988
f 368 2220 2222
f 392 2291 2293
f 356 2183 2185
f 254 1877 1879
f 259 1891 1893
f 385 2269 2271
f 397 2305 2307
f 349 2161 2163
f 344 2148 2150
f 296 2004 2006
f 362 2202 2204
f 265 1909 1911
f 338 2129 2131
f 284 1967 1969
f 289 1981 1983
f 367 2215 2217
f 391 2288 2290
f 350 2166 2168
f 343 2143 2145
f 295 1999 2001
f 361 2197 2199
f 266 1914 1916
f 230 1806 1808
f 224 1787 1789
f 236 1823 1825
f 242 1841 1843
f 248 1860 1862
f 272 1931 1933
f 331 2108 2110
f 301 2018 2020
f 373 2234 2236
f 380 2255 2257
f 308 2040 2042
f 277 1945 1947
f 314 2057 2059
f 320 2075 2077
f 326 2094 2096
f 332 2111 2113
f 302 2021 2023
f 374 2237 2239
f 379 2252 2254
f 271 1928 1930
f 234 1812 1818
f 227 1791 1798
f 239 1827 1834
f 245 1845 1852
f 252 1866 1872
f 275 1935 1942
f 334 2118 2120
f 304 2028 2030
f 377 2246 2248
f 382 2259 2263
f 312 2048 2052
f 279 1953 1955
f 316 2061 2065
f 323 2079 2086
f 330 2100 2106
f 335 2115 2122
f 305 2025 2032
f 376 2241 2245
f 383 2264 2266
f 274 1938 1940
f 232 1802 1813
f 225 1783 1792
f 237 1819 1828
f 243 1837 1846
f 250 1856 1867
f 273 1927 1936
f 336 2112 2123
f 306 2022 2033
f 378 2238 2249
f 381 2251 2260
f 311 2036 2049
f 281 1949 1959
f 315 2053 2062
f 321 2071 2080
f 328 2090 2101
f 333 2107 2116
f 303 2017 2026
f 375 2233 2242
f 384 2256 2267
f 276 1932 1943
f 251 1859 1869
f 233 1805 1815
f 228 1788 1799
f 240 1824 1835
f 246 1842 1853
f 258 1878 1889
f 360 2184 2195
f 401 2306 2319
f 389 2270 2283
f 263 1892 1905
f 329 2093 2103
f 310 2039 2046
f 280 1946 1957
f 318 2058 2069
f 324 2076 2087
f 342 2130 2141
f 288 1968 1979
f 292 1982 1993
f 371 2216 2229
f 393 2287 2296
f 357 2179 2188
f 255 1873 1882
f 262 1895 1902
f 388 2273 2280
f 400 2309 2316
f 352 2165 2172
f 347 2144 2157
f 298 2000 2011
f 364 2198 2209
f 269 1913 1923
f 339 2125 2134
f 285 1963 1972
f 293 1985 1995
f 370 2219 2226
f 396 2292 2303
f 353 2162 2175
f 346 2147 2154
f 299 2003 2013
f 365 2201 2211
f 268 1910 1921
f 249 1863 1865
f 231 1809 1811
f 226 1794 1796
f 238 1830 1832
f 244 1848 1850
f 257 1886 1888
f 359 2192 2194
f 402 2318 2322
f 390 2282 2286
f 264 1904 1908
f 327 2097 2099
f 309 2043 2045
f 282 1956 1962
f 317 2066 2068
f 322 2082 2084
f 341 2138 2140
f 286 1974 1976
f 294 1992 1998
f 372 2228 2232
f 394 2295 2299
f 416 2331 2330
f 408 2327 2324
f 406 2328 2325
f 412 2334 2332
f 415 2337 2335
f 424 2346 2344
f 492 2412 2410
f 582 2499 2497
f 565 2487 2486
f 514 2436 2434
f 461 2376 2375
f 453 2372 2369
f 451 2373 2370
f 457 2379 2377
f 460 2382 2380
f 475 2396 2393
f 439 2361 2359
f 496 2418 2415
f 533 2457 2455
f 551 2463 2461
f 579 2492 2489
f 483 2402 2399
f 426 2343 2341
f 521 2433 2431
f 566 2478 2476
f 489 2406 2405
f 578 2502 2500
f 560 2484 2481
f 518 2442 2439
f 429 2349 2348
f 547 2468 2465
f 465 2387 2383
f 441 2358 2356
f 504 2421 2420
f 537 2454 2452
f 550 2472 2471
f 476 2388 2386
f 444 2364 2363
f 502 2426 2422
f 526 2448 2445
f 481 2403 2400
f 420 2342 2338
f 510 2432 2428
f 555 2477 2473
f 571 2493 2490
f 540 2462 2458
f 473 2397 2394
f 447 2367 2366
f 507 2427 2425
f 534 2447 2444
f 469 2391 2389
f 435 2357 2353
f 498 2417 2414
f 529 2453 2449
f 545 2469 2466
f 487 2411 2407
f 574 2498 2494
f 562 2483 2480
f 520 2441 2438
f 432 2352 2351
f 589 2509 2510
f 583 2503 2504
f 586 2506 2508
f 593 2512 2514
f 596 2515 2517
f 599 2518 2520
f 633 2555 2554
f 620 2541 2539
f 640 2562 2560
f 603 2522 2523
f 622 2542 2543
f 607 2528 2527
f 612 2531 2532
f 626 2545 2547
f 629 2548 2550
f 631 2551 2552
f 614 2533 2535
f 618 2537 2538
f 641 2559 2558
f 605 2526 2524
f 164 644 1607
f 163 643 1603
f 165 645 1604
f 166 646 1610
f 167 647 1613
f 172 652 1622
f 190 670 1686
f 219 699 1773
f 215 695 1761
f 201 681 1712
f 179 659 1652
f 178 658 1648
f 180 660 1649
f 181 661 1655
f 182 662 1658
f 185 665 1670
f 177 657 1637
f 197 677 1694
f 206 686 1731
f 208 688 1739
f 218 698 1768
f 188 668 1678
f 168 648 1619
f 198 678 1709
f 213 693 1754
f 189 669 1682
f 221 701 1776
f 217 697 1758
f 202 682 1716
f 170 650 1625
f 209 689 1742
f 184 664 1663
f 173 653 1634
f 194 674 1697
f 204 684 1728
f 210 690 1746
f 183 663 1664
f 175 655 1640
f 196 676 1700
f 207 687 1724
f 192 672 1679
f 169 649 1618
f 199 679 1708
f 216 696 1753
f 222 702 1769
f 211 691 1738
f 187 667 1671
f 176 656 1643
f 195 675 1701
f 203 683 1723
f 186 666 1667
f 174 654 1633
f 193 673 1693
f 205 685 1727
f 212 692 1743
f 191 671 1685
f 220 700 1772
f 214 694 1757
f 200 680 1715
f 171 651 1628
f 358 838 2187
f 256 736 1881
f 261 741 1899
f 387 867 2277
f 399 879 2313
f 351 831 2169
f 348 828 2156
f 300 780 2010
f 366 846 2208
f 267 747 1917
f 340 820 2133
f 287 767 1971
f 291 771 1989
f 369 849 2223
f 395 875 2300
f 354 834 2174
f 345 825 2151
f 297 777 2007
f 363 843 2205
f 270 750 1920
f 247 727 1855
f 229 709 1801
f 223 703 1784
f 235 715 1820
f 241 721 1838
f 253 733 1874
f 355 835 2180
f 398 878 2310
f 386 866 2274
f 260 740 1896
f 325 805 2089
f 307 787 2035
f 278 758 1950
f 313 793 2054
f 319 799 2072
f 337 817 2126
f 283 763 1964
f 290 770 1986
f 368 848 2220
f 392 872 2291
f 356 836 2183
f 254 734 1877
f 259 739 1891
f 385 865 2269
f 397 877 2305
f 349 829 2161
f 344 824 2148
f 296 776 2004
f 362 842 2202
f 265 745 1909
f 338 818 2129
f 284 764 1967
f 289 769 1981
f 367 847 2215
f 391 871 2288
f 350 830 2166
f 343 823 2143
f 295 775 1999
f 361 841 2197
f 266 746 1914
f 230 710 1806
f 224 704 1787
f 236 716 1823
f 242 722 1841
f 248 728 1860
f 272 752 1931
f 331 811 2108
f 301 781 2018
f 373 853 2234
f 380 860 2255
f 308 788 2040
f 277 757 1945
f 314 794 2057
f 320 800 2075
f 326 806 2094
f 332 812 2111
f 302 782 2021
f 374 854 2237
f 379 859 2252
f 271 751 1928
f 234 714 1812
f 227 707 1791
f 239 719 1827
f 245 725 1845
f 252 732 1866
f 275 755 1935
f 334 814 2118
f 304 784 2028
f 377 857 2246
f 382 862 2259
f 312 792 2048
f 279 759 1953
f 316 796 2061
f 323 803 2079
f 330 810 2100
f 335 815 2115
f 305 785 2025
f 376 856 2241
f 383 863 2264
f 274 754 1938
f 232 712 1802
f 225 705 1783
f 237 717 1819
f 243 723 1837
f 250 730 1856
f 273 753 1927
f 336 816 2112
f 306 786 2022
f 378 858 2238
f 381 861 2251
f 311 791 2036
f 281 761 1949
f 315 795 2053
f 321 801 2071
f 328 808 2090
f 333 813 2107
f 303 783 2017
f 375 855 2233
f 384 864 2256
f 276 756 1932
f 251 731 1859
f 233 713 1805
f 228 708 1788
f 240 720 1824
f 246 726 1842
f 258 738 1878
f 360 840 2184
f 401 881 2306
f 389 869 2270
f 263 743 1892
f 329 809 2093
f 310 790 2039
f 280 760 1946
f 318 798 2058
f 324 804 2076
f 342 822 2130
f 288 768 1968
f 292 772 1982
f 371 851 2216
f 393 873 2287
f 357 837 2179
f 255 735 1873
f 262 742 1895
f 388 868 2273
f 400 880 2309
f 352 832 2165
f 347 827 2144
f 298 778 2000
f 364 844 2198
f 269 749 1913
f 339 819 2125
f 285 765 1963
f 293 773 1985
f 370 850 2219
f 396 876 2292
f 353 833 2162
f 346 826 2147
f 299 779 2003
f 365 845 2201
f 268 748 1910
f 249 729 1863
f 231 711 1809
f 226 706 1794
f 238 718 1830
f 244 724 1848
f 257 737 1886
f 359 839 2192
f 402 882 2318
f 390 870 2282
f 264 744 1904
f 327 807 2097
f 309 789 2043
f 282 762 1956
f 317 797 2066
f 322 802 2082
f 341 821 2138
f 286 766 1974
f 294 774 1992
f 372 852 2228
f 394 874 2295
f 416 1270 2331
f 408 1246 2327
f 406 1251 2328
f 412 1287 2334
f 415 1305 2337
f 424 1335 2346
f 492 1552 2412
f 582 1474 2499
f 565 1600 2487
f 514 1353 2436
f 461 1480 2376
f 453 1402 2372
f 451 1407 2373
f 457 1491 2379
f 460 1503 2382
f 475 1534 2396
f 439 1413 2361
f 496 1443 2418
f 533 1593 2457
f 551 1384 2463
f 579 1324 2492
f 483 1276 2402
f 426 1264 2343
f 521 1300 2433
f 566 1318 2478
f 489 1342 2406
f 578 1563 2502
f 560 1461 2484
f 518 1587 2442
f 429 1348 2349
f 547 1522 2468
f 465 1419 2387
f 441 1396 2358
f 504 1498 2421
f 537 1516 2454
f 550 1558 2472
f 476 1426 2388
f 444 1432 2364
f 502 1569 2426
f 526 1371 2448
f 481 1281 2403
f 420 1257 2342
f 510 1293 2432
f 555 1311 2477
f 571 1329 2493
f 540 1377 2462
f 473 1539 2397
f 447 1450 2367
f 507 1576 2427
f 534 1366 2447
f 469 1485 2391
f 435 1389 2357
f 498 1438 2417
f 529 1509 2453
f 545 1527 2469
f 487 1545 2411
f 574 1467 2498
f 562 1456 2483
f 520 1582 2441
f 432 1360 2352
f 589 1271 2509
f 583 1247 2503
f 586 1254 2506
f 593 1290 2512
f 596 1308 2515
f 599 1338 2518
f 633 1553 2555
f 620 1475 2541
f 640 1601 2562
f 603 1356 2522
f 622 1481 2542
f 607 1403 2528
f 612 1410 2531
f 626 1494 2545
f 629 1506 2548
f 631 1535 2551
f 614 1416 2533
f 618 1446 2537
f 641 1596 2559
f 605 1385 2526
f 167 907 1616
f 164 889 1608
f 163 883 1606
f 165 895 1612
f 166 901 1615
f 169 919 1624
f 192 1057 1692
f 222 1237 1782
f 216 1201 1765
f 199 1099 1714
f 182 997 1661
f 179 979 1653
f 178 973 1651
f 180 985 1657
f 181 991 1660
f 186 1021 1675
f 174 949 1639
f 193 1063 1696
f 205 1135 1733
f 212 1177 1751
f 221 1231 1779
f 189 1039 1683
f 170 925 1626
f 202 1117 1721
f 217 1207 1766
f 191 1051 1689
f 220 1225 1778
f 214 1189 1760
f 200 1105 1718
f 171 931 1629
f 210 1165 1747
f 183 1003 1665
f 175 955 1641
f 196 1081 1704
f 207 1147 1737
f 211 1171 1750
f 187 1027 1676
f 176 961 1644
f 195 1075 1702
f 203 1123 1726
f 188 1033 1681
f 168 913 1620
f 198 1093 1710
f 213 1183 1755
f 218 1213 1771
f 208 1153 1740
f 185 1015 1673
f 177 967 1647
f 197 1087 1707
f 206 1141 1734
f 184 1009 1669
f 173 943 1635
f 194 1069 1698
f 204 1129 1729
f 209 1159 1745
f 190 1045 1687
f 219 1219 1774
f 215 1195 1762
f 201 1111 1720
f 172 937 1632
f 357 1280 2189
f 255 1256 1883
f 262 1292 1903
f 388 1310 2281
f 400 1328 2317
f 352 1376 2173
f 347 1538 2158
f 298 1447 2012
f 364 1573 2210
f 269 1363 1924
f 339 1484 2135
f 285 1388 1973
f 293 1435 1996
f 370 1508 2227
f 396 1526 2304
f 353 1544 2176
f 346 1466 2155
f 299 1453 2014
f 365 1579 2212
f 268 1357 1922
f 249 1268 1864
f 231 1244 1810
f 226 1249 1795
f 238 1285 1831
f 244 1303 1849
f 257 1333 1887
f 359 1550 2193
f 402 1472 2321
f 390 1598 2285
f 264 1351 1907
f 327 1478 2098
f 309 1400 2044
f 282 1405 1961
f 317 1489 2067
f 322 1501 2083
f 341 1532 2139
f 286 1411 1975
f 294 1441 1997
f 372 1591 2231
f 394 1382 2298
f 358 1322 2190
f 256 1274 1884
f 261 1262 1900
f 387 1298 2278
f 399 1316 2314
f 351 1340 2170
f 348 1561 2159
f 300 1459 2015
f 366 1585 2213
f 267 1346 1918
f 340 1520 2136
f 287 1417 1977
f 291 1394 1990
f 369 1496 2224
f 395 1514 2301
f 354 1556 2177
f 345 1424 2152
f 297 1430 2008
f 363 1567 2206
f 270 1369 1925
f 234 1279 1817
f 227 1255 1797
f 239 1291 1833
f 245 1309 1851
f 252 1327 1871
f 275 1375 1941
f 334 1537 2119
f 304 1448 2029
f 377 1574 2247
f 382 1364 2262
f 312 1483 2051
f 279 1387 1954
f 316 1436 2064
f 323 1507 2085
f 330 1525 2105
f 335 1543 2121
f 305 1465 2031
f 376 1454 2244
f 383 1580 2265
f 274 1358 1939
f 232 1267 1814
f 225 1243 1793
f 237 1250 1829
f 243 1286 1847
f 250 1304 1868
f 273 1334 1937
f 336 1549 2124
f 306 1471 2034
f 378 1597 2250
f 381 1352 2261
f 311 1477 2050
f 281 1399 1960
f 315 1406 2063
f 321 1490 2081
f 328 1502 2102
f 333 1531 2117
f 303 1412 2027
f 375 1442 2243
f 384 1592 2268
f 276 1381 1944
f 229 890 1804
f 223 884 1785
f 235 896 1821
f 241 902 1839
f 247 908 1858
f 271 938 1929
f 332 1046 2114
f 302 1220 2024
f 374 1196 2240
f 379 1112 2253
f 307 980 2038
f 278 974 1951
f 313 986 2055
f 319 992 2073
f 325 998 2092
f 331 1016 2109
f 301 968 2019
f 373 1088 2235
f 380 1142 2258
f 272 1154 1934
f 248 1214 1861
f 230 1034 1807
f 224 914 1790
f 236 1094 1826
f 242 1184 1844
f 254 1040 1880
f 356 1232 2186
f 397 1208 2308
f 385 1118 2272
f 259 926 1894
f 326 1160 2095
f 308 1010 2041
f 277 944 1948
f 314 1070 2060
f 320 1130 2078
f 338 1166 2132
f 284 1004 1970
f 289 956 1984
f 367 1082 2218
f 391 1148 2289
f 355 1058 2181
f 253 920 1875
f 260 1100 1897
f 386 1202 2275
f 398 1238 2311
f 350 1172 2167
f 343 1028 2146
f 295 962 2002
f 361 1076 2200
f 266 1124 1915
f 337 1022 2127
f 283 950 1965
f 290 1064 1987
f 368 1136 2221
f 392 1178 2294
f 349 1052 2164
f 344 1226 2149
f 296 1190 2005
f 362 1106 2203
f 265 932 1912
f 251 1321 1870
f 233 1273 1816
f 228 1261 1800
f 240 1297 1836
f 246 1315 1854
f 258 1339 1890
f 360 1562 2196
f 401 1460 2320
f 389 1586 2284
f 263 1345 1906
f 329 1519 2104
f 310 1418 2047
f 280 1393 1958
f 318 1495 2070
f 324 1513 2088
f 342 1555 2142
f 288 1423 1980
f 292 1429 1994
f 371 1568 2230
f 393 1370 2297
f 409 894 2329
f 405 887 2323
f 411 899 2326
f 414 905 2333
f 417 912 2336
f 431 941 2345
f 488 1050 2409
f 575 1224 2496
f 563 1200 2485
f 519 1115 2435
f 454 984 2374
f 450 977 2368
f 456 989 2371
f 459 995 2378
f 462 1002 2381
f 472 1019 2392
f 446 971 2360
f 506 1091 2416
f 535 1146 2456
f 541 1158 2460
f 570 1217 2488
f 480 1037 2398
f 421 918 2340
f 511 1098 2430
f 556 1188 2475
f 484 1044 2404
f 580 1236 2501
f 567 1212 2482
f 522 1122 2440
f 427 930 2347
f 544 1163 2464
f 468 1013 2384
f 436 948 2355
f 499 1074 2419
f 530 1134 2451
f 548 1170 2470
f 466 1008 2385
f 442 960 2362
f 505 1086 2423
f 536 1151 2446
f 491 1061 2401
f 423 923 2339
f 513 1103 2429
f 564 1205 2474
f 581 1241 2491
f 549 1175 2459
f 477 1032 2395
f 445 966 2365
f 503 1080 2424
f 525 1127 2443
f 474 1025 2390
f 438 953 2354
f 495 1067 2413
f 532 1139 2450
f 552 1182 2467
f 490 1056 2408
f 577 1229 2495
f 559 1193 2479
f 517 1109 2437
f 430 936 2350
f 590 1325 2511
f 584 1277 2505
f 585 1265 2507
f 592 1301 2513
f 595 1319 2516
f 598 1343 2519
f 636 1566 2556
f 621 1464 2540
f 642 1590 2561
f 601 1349 2521
f 623 1523 2544
f 611 1422 2529
f 609 1397 2530
f 625 1499 2546
f 628 1517 2549
f 632 1559 2553
f 613 1427 2534
f 616 1433 2536
f 638 1572 2557
f 606 1374 2525
f 407 892 1609
f 403 885 1605
f 404 897 1611
f 410 903 1614
f 413 910 1617
f 422 939 1631
f 486 1048 1688
f 573 1222 1775
f 561 1198 1763
f 512 1113 1719
f 452 982 1654
f 448 975 1650
f 449 987 1656
f 455 993 1659
f 458 1000 1662
f 470 1017 1672
f 437 969 1646
f 494 1089 1706
f 531 1144 1735
f 539 1156 1741
f 568 1215 1770
f 478 1035 1680
f 419 916 1621
f 509 1096 1711
f 554 1186 1756
f 482 1042 1684
f 576 1234 1780
f 558 1210 1767
f 516 1120 1722
f 425 928 1627
f 542 1161 1744
f 463 1011 1668
f 434 946 1636
f 497 1072 1699
f 528 1132 1730
f 546 1168 1748
f 464 1006 1666
f 440 958 1642
f 500 1084 1705
f 524 1149 1736
f 479 1059 1691
f 418 921 1623
f 508 1101 1713
f 553 1203 1764
f 569 1239 1781
f 538 1173 1749
f 471 1030 1677
f 443 964 1645
f 501 1078 1703
f 523 1125 1725
f 467 1023 1674
f 433 951 1638
f 493 1065 1695
f 527 1137 1732
f 543 1180 1752
f 485 1054 1690
f 572 1227 1777
f 557 1191 1759
f 515 1107 1717
f 428 934 1630
f 591 1326 2191
f 587 1278 1885
f 588 1266 1901
f 594 1302 2279
f 597 1320 2315
f 600 1344 2171
f 634 1565 2160
f 619 1463 2016
f 639 1589 2214
f 602 1350 1919
f 624 1524 2137
f 608 1421 1978
f 610 1398 1991
f 627 1500 2225
f 630 1518 2302
f 635 1560 2178
f 615 1428 2153
f 617 1434 2009
f 637 1571 2207
f 604 1373 1926
f 416 911 1857
f 408 893 1803
f 406 888 1786
f 412 900 1822
f 415 906 1840
f 424 924 1876
f 492 1062 2182
f 582 1242 2312
f 565 1206 2276
f 514 1104 1898
f 461 1001 2091
f 453 983 2037
f 451 978 1952
f 457 990 2056
f 460 996 2074
f 475 1026 2128
f 439 954 1966
f 496 1068 1988
f 533 1140 2222
f 551 1181 2293
f 579 1235 2185
f 483 1043 1879
f 426 929 1893
f 521 1121 2271
f 566 1211 2307
f 489 1055 2163
f 578 1230 2150
f 560 1194 2006
f 518 1110 2204
f 429 935 1911
f 547 1169 2131
f 465 1007 1969
f 441 959 1983
f 504 1085 2217
f 537 1152 2290
f 550 1176 2168
f 476 1031 2145
f 444 965 2001
f 502 1079 2199
f 526 1128 1916
f 481 1038 1808
f 420 917 1789
f 510 1097 1825
f 555 1187 1843
f 571 1218 1862
f 540 1157 1933
f 473 1020 2110
f 447 972 2020
f 507 1092 2236
f 534 1145 2257
f 469 1014 2042
f 435 947 1947
f 498 1073 2059
f 529 1133 2077
f 545 1164 2096
f 487 1049 2113
f 574 1223 2023
f 562 1199 2239
f 520 1116 2254
f 432 942 1930
f 589 1283 1818
f 583 1259 1798
f 586 1295 1834
f 593 1313 1852
f 596 1331 1872
f 599 1379 1942
f 633 1541 2120
f 620 1452 2030
f 640 1578 2248
f 603 1368 2263
f 622 1487 2052
f 607 1391 1955
f 612 1440 2065
f 626 1511 2086
f 629 1529 2106
f 631 1547 2122
f 614 1469 2032
f 618 1458 2245
f 641 1584 2266
f 605 1362 1940
f 409 1269 1813
f 405 1245 1792
f 411 1252 1828
f 414 1288 1846
f 417 1306 1867
f 431 1336 1936
f 488 1551 2123
f 575 1473 2033
f 563 1599 2249
f 519 1354 2260
f 454 1479 2049
f 450 1401 1959
f 456 1408 2062
f 459 1492 2080
f 462 1504 2101
f 472 1533 2116
f 446 1414 2026
f 506 1444 2242
f 535 1594 2267
f 541 1383 1943
f 570 1323 1869
f 480 1275 1815
f 421 1263 1799
f 511 1299 1835
f 556 1317 1853
f 484 1341 1889
f 580 1564 2195
f 567 1462 2319
f 522 1588 2283
f 427 1347 1905
f 544 1521 2103
f 468 1420 2046
f 436 1395 1957
f 499 1497 2069
f 530 1515 2087
f 548 1557 2141
f 466 1425 1979
f 442 1431 1993
f 505 1570 2229
f 536 1372 2296
f 491 1282 2188
f 423 1258 1882
f 513 1294 1902
f 564 1312 2280
f 581 1330 2316
f 549 1378 2172
f 477 1540 2157
f 445 1449 2011
f 503 1575 2209
f 525 1365 1923
f 474 1486 2134
f 438 1390 1972
f 495 1437 1995
f 532 1510 2226
f 552 1528 2303
f 490 1546 2175
f 577 1468 2154
f 559 1455 2013
f 517 1581 2211
f 430 1359 1921
f 590 1272 1865
f 584 1248 1811
f 585 1253 1796
f 592 1289 1832
f 595 1307 1850
f 598 1337 1888
f 636 1554 2194
f 621 1476 2322
f 642 1602 2286
f 601 1355 1908
f 623 1482 2099
f 611 1404 2045
f 609 1409 1962
f 625 1493 2068
f 628 1505 2084
f 632 1536 2140
f 613 1415 1976
f 616 1445 1998
f 638 1595 2232
f 606 1386 2299
f 407 909 2330
f 403 891 2324
f 404 886 2325
f 410 898 2332
f 413 904 2335
f 422 922 2344
f 486 1060 2410
f 573 1240 2497
f 561 1204 2486
f 512 1102 2434
f 452 999 2375
f 448 981 2369
f 449 976 2370
f 455 988 2377
f 458 994 2380
f 470 1024 2393
f 437 952 2359
f 494 1066 2415
f 531 1138 2455
f 539 1179 2461
f 568 1233 2489
f 478 1041 2399
f 419 927 2341
f 509 1119 2431
f 554 1209 2476
f 482 1053 2405
f 576 1228 2500
f 558 1192 2481
f 516 1108 2439
f 425 933 2348
f 542 1167 2465
f 463 1005 2383
f 434 957 2356
f 497 1083 2420
f 528 1150 2452
f 546 1174 2471
f 464 1029 2386
f 440 963 2363
f 500 1077 2422
f 524 1126 2445
f 479 1036 2400
f 418 915 2338
f 508 1095 2428
f 553 1185 2473
f 569 1216 2490
f 538 1155 2458
f 471 1018 2394
f 443 970 2366
f 501 1090 2425
f 523 1143 2444
f 467 1012 2389
f 433 945 2353
f 493 1071 2414
f 527 1131 2449
f 543 1162 2466
f 485 1047 2407
f 572 1221 2494
f 557 1197 2480
f 515 1114 2438
f 428 940 2351
f 591 1284 2510
f 587 1260 2504
f 588 1296 2508
f 594 1314 2514
f 597 1332 2517
f 600 1380 2520
f 634 1542 2554
f 619 1451 2539
f 639 1577 2560
f 602 1367 2523
f 624 1488 2543
f 608 1392 2527
f 610 1439 2532
f 627 1512 2547
f 630 1530 2550
f 635 1548 2552
f 615 1470 2535
f 617 1457 2538
f 637 1583 2558
f 604 1361 2524
f 167 1616 1607
f 164 1608 1603
f 163 1606 1604
f 165 1612 1610
f 166 1615 1613
f 169 1624 1622
f 192 1692 1686
f 222 1782 1773
f 216 1765 1761
f 199 1714 1712
f 182 1661 1652
f 179 1653 1648
f 178 1651 1649
f 180 1657 1655
f 181 1660 1658
f 186 1675 1670
f 174 1639 1637
f 193 1696 1694
f 205 1733 1731
f 212 1751 1739
f 221 1779 1768
f 189 1683 1678
f 170 1626 1619
f 202 1721 1709
f 217 1766 1754
f 191 1689 1682
f 220 1778 1776
f 214 1760 1758
f 200 1718 1716
f 171 1629 1625
f 210 1747 1742
f 183 1665 1663
f 175 1641 1634
f 196 1704 1697
f 207 1737 1728
f 211 1750 1746
f 187 1676 1664
f 176 1644 1640
f 195 1702 1700
f 203 1726 1724
f 188 1681 1679
f 168 1620 1618
f 198 1710 1708
f 213 1755 1753
f 218 1771 1769
f 208 1740 1738
f 185 1673 1671
f 177 1647 1643
f 197 1707 1701
f 206 1734 1723
f 184 1669 1667
f 173 1635 1633
f 194 1698 1693
f 204 1729 1727
f 209 1745 1743
f 190 1687 1685
f 219 1774 1772
f 215 1762 1757
f 201 1720 1715
f 172 1632 1628
f 357 2189 2187
f 255 1883 1881
f 262 1903 1899
f 388 2281 2277
f 400 2317 2313
f 352 2173 2169
f 347 2158 2156
f 298 2012 2010
f 364 2210 2208
f 269 1924 1917
f 339 2135 2133
f 285 1973 1971
f 293 1996 1989
f 370 2227 2223
f 396 2304 2300
f 353 2176 2174
f 346 2155 2151
f 299 2014 2007
f 365 2212 2205
f 268 1922 1920
f 249 1864 1855
f 231 1810 1801
f 226 1795 1784
f 238 1831 1820
f 244 1849 1838
f 257 1887 1874
f 359 2193 2180
f 402 2321 2310
f 390 2285 2274
f 264 1907 1896
f 327 2098 2089
f 309 2044 2035
f 282 1961 1950
f 317 2067 2054
f 322 2083 2072
f 341 2139 2126
f 286 1975 1964
f 294 1997 1986
f 372 2231 2220
f 394 2298 2291
f 358 2190 2183
f 256 1884 1877
f 261 1900 1891
f 387 2278 2269
f 399 2314 2305
f 351 2170 2161
f 348 2159 2148
f 300 2015 2004
f 366 2213 2202
f 267 1918 1909
f 340 2136 2129
f 287 1977 1967
f 291 1990 1981
f 369 2224 2215
f 395 2301 2288
f 354 2177 2166
f 345 2152 2143
f 297 2008 1999
f 363 2206 2197
f 270 1925 1914
f 234 1817 1806
f 227 1797 1787
f 239 1833 1823
f 245 1851 1841
f 252 1871 1860
f 275 1941 1931
f 334 2119 2108
f 304 2029 2018
f 377 2247 2234
f 382 2262 2255
f 312 2051 2040
f 279 1954 1945
f 316 2064 2057
f 323 2085 2075
f 330 2105 2094
f 335 2121 2111
f 305 2031 2021
f 376 2244 2237
f 383 2265 2252
f 274 1939 1928
f 232 1814 1812
f 225 1793 1791
f 237 1829 1827
f 243 1847 1845
f 250 1868 1866
f 273 1937 1935
f 336 2124 2118
f 306 2034 2028
f 378 2250 2246
f 381 2261 2259
f 311 2050 2048
f 281 1960 1953
f 315 2063 2061
f 321 2081 2079
f 328 2102 2100
f 333 2117 2115
f 303 2027 2025
f 375 2243 2241
f 384 2268 2264
f 276 1944 1938
f 229 1804 1802
f 223 1785 1783
f 235 1821 1819
f 241 1839 1837
f 247 1858 1856
f 271 1929 1927
f 332 2114 2112
f 302 2024 2022
f 374 2240 2238
f 379 2253 2251
f 307 2038 2036
f 278 1951 1949
f 313 2055 2053
f 319 2073 2071
f 325 2092 2090
f 331 2109 2107
f 301 2019 2017
f 373 2235 2233
f 380 2258 2256
f 272 1934 1932
f 248 1861 1859
f 230 1807 1805
f 224 1790 1788
f 236 1826 1824
f 242 1844 1842
f 254 1880 1878
f 356 2186 2184
f 397 2308 2306
f 385 2272 2270
f 259 1894 1892
f 326 2095 2093
f 308 2041 2039
f 277 1948 1946
f 314 2060 2058
f 320 2078 2076
f 338 2132 2130
f 284 1970 1968
f 289 1984 1982
f 367 2218 2216
f 391 2289 2287
f 355 2181 2179
f 253 1875 1873
f 260 1897 1895
f 386 2275 2273
f 398 2311 2309
f 350 2167 2165
f 343 2146 2144
f 295 2002 2000
f 361 2200 2198
f 266 1915 1913
f 337 2127 2125
f 283 1965 1963
f 290 1987 1985
f 368 2221 2219
f 392 2294 2292
f 349 2164 2162
f 344 2149 2147
f 296 2005 2003
f 362 2203 2201
f 265 1912 1910
f 251 1870 1863
f 233 1816 1809
f 228 1800 1794
f 240 1836 1830
f 246 1854 1848
f 258 1890 1886
f 360 2196 2192
f 401 2320 2318
f 389 2284 2282
f 263 1906 1904
f 329 2104 2097
f 310 2047 2043
f 280 1958 1956
f 318 2070 2066
f 324 2088 2082
f 342 2142 2138
f 288 1980 1974
f 292 1994 1992
f 371 2230 2228
f 393 2297 2295
f 409 2329 2331
f 405 2323 2327
f 411 2326 2328
f 414 2333 2334
f 417 2336 2337
f 431 2345 2346
f 488 2409 2412
f 575 2496 2499
f 563 2485 2487
f 519 2435 2436
f 454 2374 2376
f 450 2368 2372
f 456 2371 2373
f 459 2378 2379
f 462 2381 2382
f 472 2392 2396
f 446 2360 2361
f 506 2416 2418
f 535 2456 2457
f 541 2460 2463
f 570 2488 2492
f 480 2398 2402
f 421 2340 2343
f 511 2430 2433
f 556 2475 2478
f 484 2404 2406
f 580 2501 2502
f 567 2482 2484
f 522 2440 2442
f 427 2347 2349
f 544 2464 2468
f 468 2384 2387
f 436 2355 2358
f 499 2419 2421
f 530 2451 2454
f 548 2470 2472
f 466 2385 2388
f 442 2362 2364
f 505 2423 2426
f 536 2446 2448
f 491 2401 2403
f 423 2339 2342
f 513 2429 2432
f 564 2474 2477
f 581 2491 2493
f 549 2459 2462
f 477 2395 2397
f 445 2365 2367
f 503 2424 2427
f 525 2443 2447
f 474 2390 2391
f 438 2354 2357
f 495 2413 2417
f 532 2450 2453
f 552 2467 2469
f 490 2408 2411
f 577 2495 2498
f 559 2479 2483
f 517 2437 2441
f 430 2350 2352
f 590 2511 2509
f 584 2505 2503
f 585 2507 2506
f 592 2513 2512
f 595 2516 2515
f 598 2519 2518
f 636 2556 2555
f 621 2540 2541
f 642 2561 2562
f 601 2521 2522
f 623 2544 2542
f 611 2529 2528
f 609 2530 2531
f 625 2546 2545
f 628 2549 2548
f 632 2553 2551
f 613 2534 2533
f 616 2536 2537
f 638 2557 2559
f 606 2525 2526
f 1607 644 647
f 1603 643 644
f 1604 645 643
f 1610 646 645
f 1613 647 646
f 1622 652 649
f 1686 670 672
f 1773 699 702
f 1761 695 696
f 1712 681 679
f 1652 659 662
f 1648 658 659
f 1649 660 658
f 1655 661 660
f 1658 662 661
f 1670 665 666
f 1637 657 654
f 1694 677 673
f 1731 686 685
f 1739 688 692
f 1768 698 701
f 1678 668 669
f 1619 648 650
f 1709 678 682
f 1754 693 697
f 1682 669 671
f 1776 701 700
f 1758 697 694
f 1716 682 680
f 1625 650 651
f 1742 689 690
f 1663 664 663
f 1634 653 655
f 1697 674 676
f 1728 684 687
f 1746 690 691
f 1664 663 667
f 1640 655 656
f 1700 676 675
f 1724 687 683
f 1679 672 668
f 1618 649 648
f 1708 679 678
f 1753 696 693
f 1769 702 698
f 1738 691 688
f 1671 667 665
f 1643 656 657
f 1701 675 677
f 1723 683 686
f 1667 666 664
f 1633 654 653
f 1693 673 674
f 1727 685 684
f 1743 692 689
f 1685 671 670
f 1772 700 699
f 1757 694 695
f 1715 680 681
f 1628 651 652
f 2187 838 837
f 1881 736 735
f 1899 741 742
f 2277 867 868
f 2313 879 880
f 2169 831 832
f 2156 828 827
f 2010 780 778
f 2208 846 844
f 1917 747 749
f 2133 820 819
f 1971 767 765
f 1989 771 773
f 2223 849 850
f 2300 875 876
f 2174 834 833
f 2151 825 826
f 2007 777 779
f 2205 843 845
f 1920 750 748
f 1855 727 729
f 1801 709 711
f 1784 703 706
f 1820 715 718
f 1838 721 724
f 1874 733 737
f 2180 835 839
f 2310 878 882
f 2274 866 870
f 1896 740 744
f 2089 805 807
f 2035 787 789
f 1950 758 762
f 2054 793 797
f 2072 799 802
f 2126 817 821
f 1964 763 766
f 1986 770 774
f 2220 848 852
f 2291 872 874
f 2183 836 838
f 1877 734 736
f 1891 739 741
f 2269 865 867
f 2305 877 879
f 2161 829 831
f 2148 824 828
f 2004 776 780
f 2202 842 846
f 1909 745 747
f 2129 818 820
f 1967 764 767
f 1981 769 771
f 2215 847 849
f 2288 871 875
f 2166 830 834
f 2143 823 825
f 1999 775 777
f 2197 841 843
f 1914 746 750
f 1806 710 714
f 1787 704 707
f 1823 716 719
f 1841 722 725
f 1860 728 732
f 1931 752 755
f 2108 811 814
f 2018 781 784
f 2234 853 857
f 2255 860 862
f 2040 788 792
f 1945 757 759
f 2057 794 796
f 2075 800 803
f 2094 806 810
f 2111 812 815
f 2021 782 785
f 2237 854 856
f 2252 859 863
f 1928 751 754
f 1812 714 712
f 1791 707 705
f 1827 719 717
f 1845 725 723
f 1866 732 730
f 1935 755 753
f 2118 814 816
f 2028 784 786
f 2246 857 858
f 2259 862 861
f 2048 792 791
f 1953 759 761
f 2061 796 795
f 2079 803 801
f 2100 810 808
f 2115 815 813
f 2025 785 783
f 2241 856 855
f 2264 863 864
f 1938 754 756
f 1802 712 709
f 1783 705 703
f 1819 717 715
f 1837 723 721
f 1856 730 727
f 1927 753 751
f 2112 816 812
f 2022 786 782
f 2238 858 854
f 2251 861 859
f 2036 791 787
f 1949 761 758
f 2053 795 793
f 2071 801 799
f 2090 808 805
f 2107 813 811
f 2017 783 781
f 2233 855 853
f 2256 864 860
f 1932 756 752
f 1859 731 728
f 1805 713 710
f 1788 708 704
f 1824 720 716
f 1842 726 722
f 1878 738 734
f 2184 840 836
f 2306 881 877
f 2270 869 865
f 1892 743 739
f 2093 809 806
f 2039 790 788
f 1946 760 757
f 2058 798 794
f 2076 804 800
f 2130 822 818
f 1968 768 764
f 1982 772 769
f 2216 851 847
f 2287 873 871
f 2179 837 835
f 1873 735 733
f 1895 742 740
f 2273 868 866
f 2309 880 878
f 2165 832 830
f 2144 827 823
f 2000 778 775
f 2198 844 841
f 1913 749 746
f 2125 819 817
f 1963 765 763
f 1985 773 770
f 2219 850 848
f 2292 876 872
f 2162 833 829
f 2147 826 824
f 2003 779 776
f 2201 845 842
f 1910 748 745
f 1863 729 731
f 1809 711 713
f 1794 706 708
f 1830 718 720
f 1848 724 726
f 1886 737 738
f 2192 839 840
f 2318 882 881
f 2282 870 869
f 1904 744 743
f 2097 807 809
f 2043 789 790
f 1956 762 760
f 2066 797 798
f 2082 802 804
f 2138 821 822
f 1974 766 768
f 1992 774 772
f 2228 852 851
f 2295 874 873
f 2331 1270 1269
f 2327 1246 1245
f 2328 1251 1252
f 2334 1287 1288
f 2337 1305 1306
f 2346 1335 1336
f 2412 1552 1551
f 2499 1474 1473
f 2487 1600 1599
f 2436 1353 1354
f 2376 1480 1479
f 2372 1402 1401
f 2373 1407 1408
f 2379 1491 1492
f 2382 1503 1504
f 2396 1534 1533
f 2361 1413 1414
f 2418 1443 1444
f 2457 1593 1594
f 2463 1384 1383
f 2492 1324 1323
f 2402 1276 1275
f 2343 1264 1263
f 2433 1300 1299
f 2478 1318 1317
f 2406 1342 1341
f 2502 1563 1564
f 2484 1461 1462
f 2442 1587 1588
f 2349 1348 1347
f 2468 1522 1521
f 2387 1419 1420
f 2358 1396 1395
f 2421 1498 1497
f 2454 1516 1515
f 2472 1558 1557
f 2388 1426 1425
f 2364 1432 1431
f 2426 1569 1570
f 2448 1371 1372
f 2403 1281 1282
f 2342 1257 1258
f 2432 1293 1294
f 2477 1311 1312
f 2493 1329 1330
f 2462 1377 1378
f 2397 1539 1540
f 2367 1450 1449
f 2427 1576 1575
f 2447 1366 1365
f 2391 1485 1486
f 2357 1389 1390
f 2417 1438 1437
f 2453 1509 1510
f 2469 1527 1528
f 2411 1545 1546
f 2498 1467 1468
f 2483 1456 1455
f 2441 1582 1581
f 2352 1360 1359
f 2509 1271 1272
f 2503 1247 1248
f 2506 1254 1253
f 2512 1290 1289
f 2515 1308 1307
f 2518 1338 1337
f 2555 1553 1554
f 2541 1475 1476
f 2562 1601 1602
f 2522 1356 1355
f 2542 1481 1482
f 2528 1403 1404
f 2531 1410 1409
f 2545 1494 1493
f 2548 1506 1505
f 2551 1535 1536
f 2533 1416 1415
f 2537 1446 1445
f 2559 1596 1595
f 2526 1385 1386
f 1616 907 909
f 1608 889 891
f 1606 883 886
f 1612 895 898
f 1615 901 904
f 1624 919 922
f 1692 1057 1060
f 1782 1237 1240
f 1765 1201 1204
f 1714 1099 1102
f 1661 997 999
f 1653 979 981
f 1651 973 976
f 1657 985 988
f 1660 991 994
f 1675 1021 1024
f 1639 949 952
f 1696 1063 1066
f 1733 1135 1138
f 1751 1177 1179
f 1779 1231 1233
f 1683 1039 1041
f 1626 925 927
f 1721 1117 1119
f 1766 1207 1209
f 1689 1051 1053
f 1778 1225 1228
f 1760 1189 1192
f 1718 1105 1108
f 1629 931 933
f 1747 1165 1167
f 1665 1003 1005
f 1641 955 957
f 1704 1081 1083
f 1737 1147 1150
f 1750 1171 1174
f 1676 1027 1029
f 1644 961 963
f 1702 1075 1077
f 1726 1123 1126
f 1681 1033 1036
f 1620 913 915
f 1710 1093 1095
f 1755 1183 1185
f 1771 1213 1216
f 1740 1153 1155
f 1673 1015 1018
f 1647 967 970
f 1707 1087 1090
f 1734 1141 1143
f 1669 1009 1012
f 1635 943 945
f 1698 1069 1071
f 1729 1129 1131
f 1745 1159 1162
f 1687 1045 1047
f 1774 1219 1221
f 1762 1195 1197
f 1720 1111 1114
f 1632 937 940
f 2189 1280 1284
f 1883 1256 1260
f 1903 1292 1296
f 2281 1310 1314
f 2317 1328 1332
f 2173 1376 1380
f 2158 1538 1542
f 2012 1447 1451
f 2210 1573 1577
f 1924 1363 1367
f 2135 1484 1488
f 1973 1388 1392
f 1996 1435 1439
f 2227 1508 1512
f 2304 1526 1530
f 2176 1544 1548
f 2155 1466 1470
f 2014 1453 1457
f 2212 1579 1583
f 1922 1357 1361
f 1864 1268 1270
f 1810 1244 1246
f 1795 1249 1251
f 1831 1285 1287
f 1849 1303 1305
f 1887 1333 1335
f 2193 1550 1552
f 2321 1472 1474
f 2285 1598 1600
f 1907 1351 1353
f 2098 1478 1480
f 2044 1400 1402
f 1961 1405 1407
f 2067 1489 1491
f 2083 1501 1503
f 2139 1532 1534
f 1975 1411 1413
f 1997 1441 1443
f 2231 1591 1593
f 2298 1382 1384
f 2190 1322 1324
f 1884 1274 1276
f 1900 1262 1264
f 2278 1298 1300
f 2314 1316 1318
f 2170 1340 1342
f 2159 1561 1563
f 2015 1459 1461
f 2213 1585 1587
f 1918 1346 1348
f 2136 1520 1522
f 1977 1417 1419
f 1990 1394 1396
f 2224 1496 1498
f 2301 1514 1516
f 2177 1556 1558
f 2152 1424 1426
f 2008 1430 1432
f 2206 1567 1569
f 1925 1369 1371
f 1817 1279 1281
f 1797 1255 1257
f 1833 1291 1293
f 1851 1309 1311
f 1871 1327 1329
f 1941 1375 1377
f 2119 1537 1539
f 2029 1448 1450
f 2247 1574 1576
f 2262 1364 1366
f 2051 1483 1485
f 1954 1387 1389
f 2064 1436 1438
f 2085 1507 1509
f 2105 1525 1527
f 2121 1543 1545
f 2031 1465 1467
f 2244 1454 1456
f 2265 1580 1582
f 1939 1358 1360
f 1814 1267 1271
f 1793 1243 1247
f 1829 1250 1254
f 1847 1286 1290
f 1868 1304 1308
f 1937 1334 1338
f 2124 1549 1553
f 2034 1471 1475
f 2250 1597 1601
f 2261 1352 1356
f 2050 1477 1481
f 1960 1399 1403
f 2063 1406 1410
f 2081 1490 1494
f 2102 1502 1506
f 2117 1531 1535
f 2027 1412 1416
f 2243 1442 1446
f 2268 1592 1596
f 1944 1381 1385
f 1804 890 894
f 1785 884 887
f 1821 896 899
f 1839 902 905
f 1858 908 912
f 1929 938 941
f 2114 1046 1050
f 2024 1220 1224
f 2240 1196 1200
f 2253 1112 1115
f 2038 980 984
f 1951 974 977
f 2055 986 989
f 2073 992 995
f 2092 998 1002
f 2109 1016 1019
f 2019 968 971
f 2235 1088 1091
f 2258 1142 1146
f 1934 1154 1158
f 1861 1214 1217
f 1807 1034 1037
f 1790 914 918
f 1826 1094 1098
f 1844 1184 1188
f 1880 1040 1044
f 2186 1232 1236
f 2308 1208 1212
f 2272 1118 1122
f 1894 926 930
f 2095 1160 1163
f 2041 1010 1013
f 1948 944 948
f 2060 1070 1074
f 2078 1130 1134
f 2132 1166 1170
f 1970 1004 1008
f 1984 956 960
f 2218 1082 1086
f 2289 1148 1151
f 2181 1058 1061
f 1875 920 923
f 1897 1100 1103
f 2275 1202 1205
f 2311 1238 1241
f 2167 1172 1175
f 2146 1028 1032
f 2002 962 966
f 2200 1076 1080
f 1915 1124 1127
f 2127 1022 1025
f 1965 950 953
f 1987 1064 1067
f 2221 1136 1139
f 2294 1178 1182
f 2164 1052 1056
f 2149 1226 1229
f 2005 1190 1193
f 2203 1106 1109
f 1912 932 936
f 1870 1321 1325
f 1816 1273 1277
f 1800 1261 1265
f 1836 1297 1301
f 1854 1315 1319
f 1890 1339 1343
f 2196 1562 1566
f 2320 1460 1464
f 2284 1586 1590
f 1906 1345 1349
f 2104 1519 1523
f 2047 1418 1422
f 1958 1393 1397
f 2070 1495 1499
f 2088 1513 1517
f 2142 1555 1559
f 1980 1423 1427
f 1994 1429 1433
f 2230 1568 1572
f 2297 1370 1374
f 2329 894 892
f 2323 887 885
f 2326 899 897
f 2333 905 903
f 2336 912 910
f 2345 941 939
f 2409 1050 1048
f 2496 1224 1222
f 2485 1200 1198
f 2435 1115 1113
f 2374 984 982
f 2368 977 975
f 2371 989 987
f 2378 995 993
f 2381 1002 1000
f 2392 1019 1017
f 2360 971 969
f 2416 1091 1089
f 2456 1146 1144
f 2460 1158 1156
f 2488 1217 1215
f 2398 1037 1035
f 2340 918 916
f 2430 1098 1096
f 2475 1188 1186
f 2404 1044 1042
f 2501 1236 1234
f 2482 1212 1210
f 2440 1122 1120
f 2347 930 928
f 2464 1163 1161
f 2384 1013 1011
f 2355 948 946
f 2419 1074 1072
f 2451 1134 1132
f 2470 1170 1168
f 2385 1008 1006
f 2362 960 958
f 2423 1086 1084
f 2446 1151 1149
f 2401 1061 1059
f 2339 923 921
f 2429 1103 1101
f 2474 1205 1203
f 2491 1241 1239
f 2459 1175 1173
f 2395 1032 1030
f 2365 966 964
f 2424 1080 1078
f 2443 1127 1125
f 2390 1025 1023
f 2354 953 951
f 2413 1067 1065
f 2450 1139 1137
f 2467 1182 1180
f 2408 1056 1054
f 2495 1229 1227
f 2479 1193 1191
f 2437 1109 1107
f 2350 936 934
f 2511 1325 1326
f 2505 1277 1278
f 2507 1265 1266
f 2513 1301 1302
f 2516 1319 1320
f 2519 1343 1344
f 2556 1566 1565
f 2540 1464 1463
f 2561 1590 1589
f 2521 1349 1350
f 2544 1523 1524
f 2529 1422 1421
f 2530 1397 1398
f 2546 1499 1500
f 2549 1517 1518
f 2553 1559 1560
f 2534 1427 1428
f 2536 1433 1434
f 2557 1572 1571
f 2525 1374 1373
f 1609 892 889
f 1605 885 883
f 1611 897 895
f 1614 903 901
f 1617 910 907
f 1631 939 937
f 1688 1048 1045
f 1775 1222 1219
f 1763 1198 1195
f 1719 1113 1111
f 1654 982 979
f 1650 975 973
f 1656 987 985
f 1659 993 991
f 1662 1000 997
f 1672 1017 1015
f 1646 969 967
f 1706 1089 1087
f 1735 1144 1141
f 1741 1156 1153
f 1770 1215 1213
f 1680 1035 1033
f 1621 916 913
f 1711 1096 1093
f 1756 1186 1183
f 1684 1042 1039
f 1780 1234 1231
f 1767 1210 1207
f 1722 1120 1117
f 1627 928 925
f 1744 1161 1159
f 1668 1011 1009
f 1636 946 943
f 1699 1072 1069
f 1730 1132 1129
f 1748 1168 1165
f 1666 1006 1003
f 1642 958 955
f 1705 1084 1081
f 1736 1149 1147
f 1691 1059 1057
f 1623 921 919
f 1713 1101 1099
f 1764 1203 1201
f 1781 1239 1237
f 1749 1173 1171
f 1677 1030 1027
f 1645 964 961
f 1703 1078 1075
f 1725 1125 1123
f 1674 1023 1021
f 1638 951 949
f 1695 1065 1063
f 1732 1137 1135
f 1752 1180 1177
f 1690 1054 1051
f 1777 1227 1225
f 1759 1191 1189
f 1717 1107 1105
f 1630 934 931
f 2191 1326 1322
f 1885 1278 1274
f 1901 1266 1262
f 2279 1302 1298
f 2315 1320 1316
f 2171 1344 1340
f 2160 1565 1561
f 2016 1463 1459
f 2214 1589 1585
f 1919 1350 1346
f 2137 1524 1520
f 1978 1421 1417
f 1991 1398 1394
f 2225 1500 1496
f 2302 1518 1514
f 2178 1560 1556
f 2153 1428 1424
f 2009 1434 1430
f 2207 1571 1567
f 1926 1373 1369
f 1857 911 908
f 1803 893 890
f 1786 888 884
f 1822 900 896
f 1840 906 902
f 1876 924 920
f 2182 1062 1058
f 2312 1242 1238
f 2276 1206 1202
f 1898 1104 1100
f 2091 1001 998
f 2037 983 980
f 1952 978 974
f 2056 990 986
f 2074 996 992
f 2128 1026 1022
f 1966 954 950
f 1988 1068 1064
f 2222 1140 1136
f 2293 1181 1178
f 2185 1235 1232
f 1879 1043 1040
f 1893 929 926
f 2271 1121 1118
f 2307 1211 1208
f 2163 1055 1052
f 2150 1230 1226
f 2006 1194 1190
f 2204 1110 1106
f 1911 935 932
f 2131 1169 1166
f 1969 1007 1004
f 1983 959 956
f 2217 1085 1082
f 2290 1152 1148
f 2168 1176 1172
f 2145 1031 1028
f 2001 965 962
f 2199 1079 1076
f 1916 1128 1124
f 1808 1038 1034
f 1789 917 914
f 1825 1097 1094
f 1843 1187 1184
f 1862 1218 1214
f 1933 1157 1154
f 2110 1020 1016
f 2020 972 968
f 2236 1092 1088
f 2257 1145 1142
f 2042 1014 1010
f 1947 947 944
f 2059 1073 1070
f 2077 1133 1130
f 2096 1164 1160
f 2113 1049 1046
f 2023 1223 1220
f 2239 1199 1196
f 2254 1116 1112
f 1930 942 938
f 1818 1283 1279
f 1798 1259 1255
f 1834 1295 1291
f 1852 1313 1309
f 1872 1331 1327
f 1942 1379 1375
f 2120 1541 1537
f 2030 1452 1448
f 2248 1578 1574
f 2263 1368 1364
f 2052 1487 1483
f 1955 1391 1387
f 2065 1440 1436
f 2086 1511 1507
f 2106 1529 1525
f 2122 1547 1543
f 2032 1469 1465
f 2245 1458 1454
f 2266 1584 1580
f 1940 1362 1358
f 1813 1269 1267
f 1792 1245 1243
f 1828 1252 1250
f 1846 1288 1286
f 1867 1306 1304
f 1936 1336 1334
f 2123 1551 1549
f 2033 1473 1471
f 2249 1599 1597
f 2260 1354 1352
f 2049 1479 1477
f 1959 1401 1399
f 2062 1408 1406
f 2080 1492 1490
f 2101 1504 1502
f 2116 1533 1531
f 2026 1414 1412
f 2242 1444 1442
f 2267 1594 1592
f 1943 1383 1381
f 1869 1323 1321
f 1815 1275 1273
f 1799 1263 1261
f 1835 1299 1297
f 1853 1317 1315
f 1889 1341 1339
f 2195 1564 1562
f 2319 1462 1460
f 2283 1588 1586
f 1905 1347 1345
f 2103 1521 1519
f 2046 1420 1418
f 1957 1395 1393
f 2069 1497 1495
f 2087 1515 1513
f 2141 1557 1555
f 1979 1425 1423
f 1993 1431 1429
f 2229 1570 1568
f 2296 1372 1370
f 2188 1282 1280
f 1882 1258 1256
f 1902 1294 1292
f 2280 1312 1310
f 2316 1330 1328
f 2172 1378 1376
f 2157 1540 1538
f 2011 1449 1447
f 2209 1575 1573
f 1923 1365 1363
f 2134 1486 1484
f 1972 1390 1388
f 1995 1437 1435
f 2226 1510 1508
f 2303 1528 1526
f 2175 1546 1544
f 2154 1468 1466
f 2013 1455 1453
f 2211 1581 1579
f 1921 1359 1357
f 1865 1272 1268
f 1811 1248 1244
f 1796 1253 1249
f 1832 1289 1285
f 1850 1307 1303
f 1888 1337 1333
f 2194 1554 1550
f 2322 1476 1472
f 2286 1602 1598
f 1908 1355 1351
f 2099 1482 1478
f 2045 1404 1400
f 1962 1409 1405
f 2068 1493 1489
f 2084 1505 1501
f 2140 1536 1532
f 1976 1415 1411
f 1998 1445 1441
f 2232 1595 1591
f 2299 1386 1382
f 2330 909 911
f 2324 891 893
f 2325 886 888
f 2332 898 900
f 2335 904 906
f 2344 922 924
f 2410 1060 1062
f 2497 1240 1242
f 2486 1204 1206
f 2434 1102 1104
f 2375 999 1001
f 2369 981 983
f 2370 976 978
f 2377 988 990
f 2380 994 996
f 2393 1024 1026
f 2359 952 954
f 2415 1066 1068
f 2455 1138 1140
f 2461 1179 1181
f 2489 1233 1235
f 2399 1041 1043
f 2341 927 929
f 2431 1119 1121
f 2476 1209 1211
f 2405 1053 1055
f 2500 1228 1230
f 2481 1192 1194
f 2439 1108 1110
f 2348 933 935
f 2465 1167 1169
f 2383 1005 1007
f 2356 957 959
f 2420 1083 1085
f 2452 1150 1152
f 2471 1174 1176
f 2386 1029 1031
f 2363 963 965
f 2422 1077 1079
f 2445 1126 1128
f 2400 1036 1038
f 2338 915 917
f 2428 1095 1097
f 2473 1185 1187
f 2490 1216 1218
f 2458 1155 1157
f 2394 1018 1020
f 2366 970 972
f 2425 1090 1092
f 2444 1143 1145
f 2389 1012 1014
f 2353 945 947
f 2414 1071 1073
f 2449 1131 1133
f 2466 1162 1164
f 2407 1047 1049
f 2494 1221 1223
f 2480 1197 1199
f 2438 1114 1116
f 2351 940 942
f 2510 1284 1283
f 2504 1260 1259
f 2508 1296 1295
f 2514 1314 1313
f 2517 1332 1331
f 2520 1380 1379
f 2554 1542 1541
f 2539 1451 1452
f 2560 1577 1578
f 2523 1367 1368
f 2543 1488 1487
f 2527 1392 1391
f 2532 1439 1440
f 2547 1512 1511
f 2550 1530 1529
f 2552 1548 1547
f 2535 1470 1469
f 2538 1457 1458
f 2558 1583 1584
f 2524 1361 1362
f 1607 1616 1609
f 1603 1608 1605
f 1604 1606 1611
f 1610 1612 1614
f 1613 1615 1617
f 1622 1624 1631
f 1686 1692 1688
f 1773 1782 1775
f 1761 1765 1763
f 1712 1714 1719
f 1652 1661 1654
f 1648 1653 1650
f 1649 1651 1656
f 1655 1657 1659
f 1658 1660 1662
f 1670 1675 1672
f 1637 1639 1646
f 1694 1696 1706
f 1731 1733 1735
f 1739 1751 1741
f 1768 1779 1770
f 1678 1683 1680
f 1619 1626 1621
f 1709 1721 1711
f 1754 1766 1756
f 1682 1689 1684
f 1776 1778 1780
f 1758 1760 1767
f 1716 1718 1722
f 1625 1629 1627
f 1742 1747 1744
f 1663 1665 1668
f 1634 1641 1636
f 1697 1704 1699
f 1728 1737 1730
f 1746 1750 1748
f 1664 1676 1666
f 1640 1644 1642
f 1700 1702 1705
f 1724 1726 1736
f 1679 1681 1691
f 1618 1620 1623
f 1708 1710 1713
f 1753 1755 1764
f 1769 1771 1781
f 1738 1740 1749
f 1671 1673 1677
f 1643 1647 1645
f 1701 1707 1703
f 1723 1734 1725
f 1667 1669 1674
f 1633 1635 1638
f 1693 1698 1695
f 1727 1729 1732
f 1743 1745 1752
f 1685 1687 1690
f 1772 1774 1777
f 1757 1762 1759
f 1715 1720 1717
f 1628 1632 1630
f 2187 2189 2191
f 1881 1883 1885
f 1899 1903 1901
f 2277 2281 2279
f 2313 2317 2315
f 2169 2173 2171
f 2156 2158 2160
f 2010 2012 2016
f 2208 2210 2214
f 1917 1924 1919
f 2133 2135 2137
f 1971 1973 1978
f 1989 1996 1991
f 2223 2227 2225
f 2300 2304 2302
f 2174 2176 2178
f 2151 2155 2153
f 2007 2014 2009
f 2205 2212 2207
f 1920 1922 1926
f 1855 1864 1857
f 1801 1810 1803
f 1784 1795 1786
f 1820 1831 1822
f 1838 1849 1840
f 1874 1887 1876
f 2180 2193 2182
f 2310 2321 2312
f 2274 2285 2276
f 1896 1907 1898
f 2089 2098 2091
f 2035 2044 2037
f 1950 1961 1952
f 2054 2067 2056
f 2072 2083 2074
f 2126 2139 2128
f 1964 1975 1966
f 1986 1997 1988
f 2220 2231 2222
f 2291 2298 2293
f 2183 2190 2185
f 1877 1884 1879
f 1891 1900 1893
f 2269 2278 2271
f 2305 2314 2307
f 2161 2170 2163
f 2148 2159 2150
f 2004 2015 2006
f 2202 2213 2204
f 1909 1918 1911
f 2129 2136 2131
f 1967 1977 1969
f 1981 1990 1983
f 2215 2224 2217
f 2288 2301 2290
f 2166 2177 2168
f 2143 2152 2145
f 1999 2008 2001
f 2197 2206 2199
f 1914 1925 1916
f 1806 1817 1808
f 1787 1797 1789
f 1823 1833 1825
f 1841 1851 1843
f 1860 1871 1862
f 1931 1941 1933
f 2108 2119 2110
f 2018 2029 2020
f 2234 2247 2236
f 2255 2262 2257
f 2040 2051 2042
f 1945 1954 1947
f 2057 2064 2059
f 2075 2085 2077
f 2094 2105 2096
f 2111 2121 2113
f 2021 2031 2023
f 2237 2244 2239
f 2252 2265 2254
f 1928 1939 1930
f 1812 1814 1818
f 1791 1793 1798
f 1827 1829 1834
f 1845 1847 1852
f 1866 1868 1872
f 1935 1937 1942
f 2118 2124 2120
f 2028 2034 2030
f 2246 2250 2248
f 2259 2261 2263
f 2048 2050 2052
f 1953 1960 1955
f 2061 2063 2065
f 2079 2081 2086
f 2100 2102 2106
f 2115 2117 2122
f 2025 2027 2032
f 2241 2243 2245
f 2264 2268 2266
f 1938 1944 1940
f 1802 1804 1813
f 1783 1785 1792
f 1819 1821 1828
f 1837 1839 1846
f 1856 1858 1867
f 1927 1929 1936
f 2112 2114 2123
f 2022 2024 2033
f 2238 2240 2249
f 2251 2253 2260
f 2036 2038 2049
f 1949 1951 1959
f 2053 2055 2062
f 2071 2073 2080
f 2090 2092 2101
f 2107 2109 2116
f 2017 2019 2026
f 2233 2235 2242
f 2256 2258 2267
f 1932 1934 1943
f 1859 1861 1869
f 1805 1807 1815
f 1788 1790 1799
f 1824 1826 1835
f 1842 1844 1853
f 1878 1880 1889
f 2184 2186 2195
f 2306 2308 2319
f 2270 2272 2283
f 1892 1894 1905
f 2093 2095 2103
f 2039 2041 2046
f 1946 1948 1957
f 2058 2060 2069
f 2076 2078 2087
f 2130 2132 2141
f 1968 1970 1979
f 1982 1984 1993
f 2216 2218 2229
f 2287 2289 2296
f 2179 2181 2188
f 1873 1875 1882
f 1895 1897 1902
f 2273 2275 2280
f 2309 2311 2316
f 2165 2167 2172
f 2144 2146 2157
f 2000 2002 2011
f 2198 2200 2209
f 1913 1915 1923
f 2125 2127 2134
f 1963 1965 1972
f 1985 1987 1995
f 2219 2221 2226
f 2292 2294 2303
f 2162 2164 2175
f 2147 2149 2154
f 2003 2005 2013
f 2201 2203 2211
f 1910 1912 1921
f 1863 1870 1865
f 1809 1816 1811
f 1794 1800 1796
f 1830 1836 1832
f 1848 1854 1850
f 1886 1890 1888
f 2192 2196 2194
f 2318 2320 2322
f 2282 2284 2286
f 1904 1906 1908
f 2097 2104 2099
f 2043 2047 2045
f 1956 1958 1962
f 2066 2070 2068
f 2082 2088 2084
f 2138 2142 2140
f 1974 1980 1976
f 1992 1994 1998
f 2228 2230 2232
f 2295 2297 2299
f 2331 2329 2330
f 2327 2323 2324
f 2328 2326 2325
f 2334 2333 2332
f 2337 2336 2335
f 2346 2345 2344
f 2412 2409 2410
f 2499 2496 2497
f 2487 2485 2486
f 2436 2435 2434
f 2376 2374 2375
f 2372 2368 2369
f 2373 2371 2370
f 2379 2378 2377
f 2382 2381 2380
f 2396 2392 2393
f 2361 2360 2359
f 2418 2416 2415
f 2457 2456 2455
f 2463 2460 2461
f 2492 2488 2489
f 2402 2398 2399
f 2343 2340 2341
f 2433 2430 2431
f 2478 2475 2476
f 2406 2404 2405
f 2502 2501 2500
f 2484 2482 2481
f 2442 2440 2439
f 2349 2347 2348
f 2468 2464 2465
f 2387 2384 2383
f 2358 2355 2356
f 2421 2419 2420
f 2454 2451 2452
f 2472 2470 2471
f 2388 2385 2386
f 2364 2362 2363
f 2426 2423 2422
f 2448 2446 2445
f 2403 2401 2400
f 2342 2339 2338
f 2432 2429 2428
f 2477 2474 2473
f 2493 2491 2490
f 2462 2459 2458
f 2397 2395 2394
f 2367 2365 2366
f 2427 2424 2425
f 2447 2443 2444
f 2391 2390 2389
f 2357 2354 2353
f 2417 2413 2414
f 2453 2450 2449
f 2469 2467 2466
f 2411 2408 2407
f 2498 2495 2494
f 2483 2479 2480
f 2441 2437 2438
f 2352 2350 2351
f 2509 2511 2510
f 2503 2505 2504
f 2506 2507 2508
f 2512 2513 2514
f 2515 2516 2517
f 2518 2519 2520
f 2555 2556 2554
f 2541 2540 2539
f 2562 2561 2560
f 2522 2521 2523
f 2542 2544 2543
f 2528 2529 2527
f 2531 2530 2532
f 2545 2546 2547
f 2548 2549 2550
f 2551 2553 2552
f 2533 2534 2535
f 2537 2536 2538
f 2559 2557 2558
f 2526 2525 2524