v -0.293874 0.379703 -0.043668
v 0.294177 0.379635 -0.043838
v -0.339509 -0.542050 0.004950
v 0.340089 -0.542162 0.004372
v -0.000013 -0.445876 0.705620
v 0.000008 0.228837 0.581348
v 0.000036 -0.225924 -0.566463
v 0.000115 0.421846 -0.706801
v 0.548688 0.002343 -0.351315
v 0.571114 0.004529 0.346650
v -0.548615 0.002251 -0.351241
v -0.571131 0.004663 0.346660
v 0.000044 0.457861 -0.077777
v -0.185187 0.291241 0.283122
v -0.215168 0.657122 -0.448005
v -0.458663 0.246824 -0.197108
v -0.501272 0.217330 0.200425
v 0.184776 0.291486 0.283119
v 0.215057 0.657209 -0.448050
v 0.458812 0.247011 -0.196881
v 0.501276 0.217294 0.200431
v -0.000073 -0.608458 0.011494
v -0.243279 -0.669218 0.455725
v -0.197819 -0.486618 -0.309875
v -0.459390 -0.222530 -0.174067
v -0.474366 -0.260685 0.209072
v 0.242713 -0.669190 0.454954
v 0.197602 -0.487001 -0.310247
v 0.459013 -0.222869 -0.173781
v 0.474758 -0.260701 0.208732
v 0.000039 -0.003194 0.690368
v 0.328753 -0.215364 0.566678
v -0.329155 -0.215223 0.566637
v 0.316393 0.165048 0.512773
v -0.316303 0.164928 0.512789
v -0.000164 0.025643 -0.699132
v 0.305631 -0.149320 -0.507787
v -0.305547 -0.149415 -0.507795
v 0.347215 0.214980 -0.610916
v -0.347524 0.214842 -0.611009
v 0.647233 0.000638 0.016751
v -0.647243 0.000607 0.016753
v -0.163957 0.433743 -0.067725
v -0.254737 0.340396 0.101382
v -0.255992 0.487450 -0.218693
v -0.377067 0.347522 -0.114522
v -0.399725 0.295449 0.075933
v 0.164436 0.433971 -0.067278
v 0.253728 0.340407 0.101400
v 0.255781 0.487940 -0.219009
v 0.376975 0.347300 -0.114528
v 0.399988 0.295407 0.075961
v -0.208959 -0.650749 -0.000629
v -0.285513 -0.532248 0.188095
v -0.354672 -0.675739 -0.186271
v -0.389711 -0.402670 -0.070783
v -0.402688 -0.410149 0.114340
v 0.208191 -0.651022 -0.000345
v 0.284796 -0.532353 0.188240
v 0.354438 -0.676056 -0.186165
v 0.389979 -0.402890 -0.070877
v 0.402712 -0.410637 0.114402
v -0.135266 -0.648286 0.680449
v 0.135018 -0.649218 0.679854
v -0.000072 -0.230489 0.763678
v 0.187241 -0.365915 0.697702
v -0.186723 -0.365764 0.697236
v -0.092374 0.245448 0.472523
v 0.092527 0.245123 0.472538
v 0.000275 0.178855 0.602524
v 0.149090 0.223241 0.567883
v -0.149165 0.223460 0.567694
v -0.081929 -0.299685 -0.428638
v 0.081926 -0.299642 -0.428754
v 0.000020 -0.175356 -0.592813
v 0.140537 -0.211731 -0.554553
v -0.140462 -0.211707 -0.554571
v -0.125057 0.573811 -0.634526
v 0.125416 0.573534 -0.634604
v -0.000097 0.240498 -0.789960
v 0.188641 0.351546 -0.719735
v -0.188696 0.351755 -0.720295
v 0.538574 0.099457 -0.292855
v 0.532978 -0.093138 -0.285801
v 0.453580 -0.060671 -0.435883
v 0.470959 0.079165 -0.461952
v 0.596891 0.000007 -0.188975
v 0.549274 0.102577 0.288352
v 0.543758 -0.106379 0.286019
v 0.466323 -0.073023 0.438152
v 0.467441 0.071831 0.432689
v 0.631004 0.002532 0.205615
v -0.538442 0.099516 -0.292747
v -0.533120 -0.093113 -0.285913
v -0.453595 -0.060471 -0.436038
v -0.469838 0.079741 -0.461554
v -0.596911 -0.000018 -0.188997
v -0.549696 0.102300 0.288366
v -0.544066 -0.106059 0.286092
v -0.466532 -0.073523 0.438154
v -0.468319 0.071986 0.433050
v -0.631003 0.002526 0.205620
v -0.086991 0.370539 0.100103
v -0.090311 0.578889 -0.257134
v 0.086975 0.371128 0.099953
v 0.090622 0.578931 -0.257448
v -0.363089 0.263441 0.261286
v -0.000152 0.302626 0.284196
v -0.279104 0.234680 0.451915
v -0.372927 0.468886 -0.327127
v 0.000315 0.700630 -0.456428
v -0.295023 0.440772 -0.540772
v -0.512482 0.230728 0.014607
v -0.404803 0.249809 -0.407899
v -0.583141 0.111700 -0.083481
v -0.433010 0.199366 0.379836
v -0.592530 0.113672 0.112566
v 0.363184 0.263440 0.261394
v 0.279113 0.234622 0.451947
v 0.372983 0.468899 -0.327256
v 0.294723 0.440732 -0.540369
v 0.512448 0.230751 0.014668
v 0.404607 0.250395 -0.407896
v 0.583443 0.111532 -0.083410
v 0.432895 0.199428 0.379640
v 0.592201 0.113603 0.112444
v -0.096130 -0.584422 0.230410
v -0.107524 -0.676936 -0.187869
v 0.096631 -0.584267 0.229944
v 0.106297 -0.675391 -0.187662
v -0.372121 -0.439445 0.330985
v -0.000181 -0.650018 0.470374
v -0.328289 -0.478606 0.568241
v -0.337877 -0.357403 -0.249490
v 0.000197 -0.480925 -0.305219
v -0.247572 -0.259854 -0.413001
v -0.489349 -0.245233 0.021538
v -0.406813 -0.183298 -0.368157
v -0.578116 -0.105725 -0.083010
v -0.418585 -0.260978 0.397401
v -0.587188 -0.112093 0.110027
v 0.372169 -0.439495 0.331021
v 0.328341 -0.478893 0.568034
v 0.337926 -0.357444 -0.249736
v 0.247537 -0.260016 -0.412803
v 0.489060 -0.245473 0.021271
v 0.407008 -0.183363 -0.368228
v 0.578013 -0.105747 -0.083054
v 0.418956 -0.260958 0.397281
v 0.587180 -0.112101 0.110104
v 0.193014 -0.111104 0.696451
v -0.193158 -0.111126 0.696200
v 0.168667 0.087893 0.601852
v -0.168468 0.087933 0.602381
v 0.337961 -0.003475 0.550521
v -0.338067 -0.003424 0.550572
v 0.168226 -0.071475 -0.601908
v -0.168416 -0.071833 -0.602216
v 0.225865 0.120127 -0.780329
v -0.226202 0.120532 -0.780851
v 0.341565 0.019199 -0.575686
v -0.341339 0.019138 -0.575232
v -0.238204 0.406443 -0.055543
v -0.278975 0.361879 0.020634
v -0.274361 0.419550 -0.118836
v -0.333311 0.369610 -0.075528
v -0.340226 0.340027 0.009608
v 0.238444 0.407093 -0.055774
v 0.278602 0.361740 0.020552
v 0.274320 0.420105 -0.118538
v 0.333480 0.369433 -0.075769
v 0.340418 0.340070 0.009472
v -0.292953 -0.603980 -0.003583
v -0.317286 -0.533408 0.076996
v -0.342282 -0.600510 -0.070762
v -0.368797 -0.491179 -0.030688
v -0.370833 -0.481208 0.056293
v 0.292639 -0.604293 -0.003673
v 0.316945 -0.533252 0.076867
v 0.342147 -0.600906 -0.070576
v 0.368856 -0.491614 -0.030799
v 0.371185 -0.481239 0.056229
v -0.056834 -0.523750 0.690931
v 0.056568 -0.524066 0.690899
v 0.000010 -0.350419 0.724604
v 0.085698 -0.415441 0.707967
v -0.085799 -0.415480 0.709102
v -0.041826 0.232957 0.550423
v 0.041764 0.232933 0.550429
v -0.000051 0.225338 0.592554
v 0.066270 0.228080 0.579761
v -0.066245 0.228181 0.579686
v -0.037280 -0.248993 -0.511892
v 0.037282 -0.248992 -0.511899
v 0.000005 -0.216892 -0.582311
v 0.062262 -0.222187 -0.568643
v -0.062209 -0.222178 -0.568595
v -0.052931 0.488251 -0.675518
v 0.052851 0.487701 -0.675126
v 0.000335 0.341592 -0.746952
v 0.084055 0.393852 -0.716583
v -0.084572 0.394477 -0.716759
v 0.555926 0.042183 -0.332034
v 0.547314 -0.039467 -0.325297
v 0.512920 -0.023791 -0.392873
v 0.519334 0.031489 -0.400134
v 0.573902 0.000725 -0.285136
v 0.571710 0.043839 0.326239
v 0.571962 -0.036518 0.322942
v 0.533688 -0.021744 0.388428
v 0.532857 0.031407 0.389118
v 0.601277 0.003602 0.286272
v -0.555884 0.042171 -0.331963
v -0.547447 -0.039470 -0.325376
v -0.512998 -0.023917 -0.392894
v -0.519235 0.031498 -0.400050
v -0.573848 0.000705 -0.285074
v -0.571685 0.043987 0.326273
v -0.571948 -0.036617 0.322985
v -0.533598 -0.021750 0.388475
v -0.532925 0.031455 0.389247
v -0.601297 0.003621 0.286298
v -0.082943 0.451796 -0.074521
v 0.083492 0.451721 -0.074493
v -0.042326 0.412679 0.010718
v -0.041815 0.511235 -0.165098
v 0.042408 0.412662 0.010446
v 0.041774 0.512040 -0.165227
v -0.223195 0.316649 0.189677
v -0.140565 0.266570 0.378251
v -0.134403 0.329831 0.190966
v -0.276963 0.279306 0.276852
v -0.092211 0.299377 0.284596
v -0.236489 0.258651 0.373958
v -0.247103 0.589835 -0.332917
v -0.182460 0.638531 -0.542882
v -0.158221 0.672491 -0.357206
v -0.402355 0.632199 -0.409542
v -0.153793 0.811676 -0.458310
v -0.283964 0.565884 -0.501264
v -0.418926 0.307767 -0.153882
v -0.499186 0.173658 -0.244237
v -0.385020 0.336555 -0.260031
v -0.491299 0.238228 -0.088230
v -0.428810 0.253429 -0.303016
v -0.526122 0.174759 -0.137739
v -0.455823 0.255614 0.141538
v -0.527559 0.163879 0.247428
v -0.437707 0.244626 0.234917
v -0.512378 0.223263 0.107783
v -0.473096 0.208947 0.292034
v -0.550391 0.171535 0.158247
v 0.222976 0.316814 0.189684
v 0.140995 0.266468 0.378282
v 0.134565 0.329481 0.191368
v 0.092013 0.299554 0.284327
v 0.276842 0.279518 0.276524
v 0.236295 0.258688 0.373726
v 0.246988 0.589634 -0.332654
v 0.183003 0.638257 -0.542277
v 0.158259 0.672748 -0.357173
v 0.153753 0.811578 -0.458362
v 0.401928 0.632049 -0.409310
v 0.283647 0.565381 -0.500659
v 0.419056 0.307933 -0.154102
v 0.499197 0.173701 -0.244294
v 0.385751 0.337012 -0.259937
v 0.491367 0.238277 -0.088101
v 0.428989 0.253087 -0.302860
v 0.525320 0.175203 -0.138069
v 0.455841 0.255609 0.141526
v 0.527641 0.163619 0.247359
v 0.437780 0.244639 0.234937
v 0.512416 0.223211 0.107748
v 0.473155 0.208821 0.292051
v 0.550562 0.171491 0.158266
v -0.105441 -0.629292 0.005706
v 0.105302 -0.628645 0.004976
v -0.048786 -0.594440 0.112540
v -0.066311 -0.616213 -0.081117
v 0.048738 -0.594423 0.112435
v 0.065601 -0.615481 -0.081300
v -0.251224 -0.551222 0.329369
v -0.207394 -0.797679 0.613128
v -0.147406 -0.583189 0.367117
v -0.312556 -0.536759 0.402817
v -0.118213 -0.703547 0.469363
v -0.312797 -0.619582 0.536775
v -0.292230 -0.628533 -0.292358
v -0.132184 -0.376867 -0.353024
v -0.163368 -0.629726 -0.277685
v -0.283226 -0.437206 -0.291035
v -0.099034 -0.488469 -0.309046
v -0.215067 -0.347732 -0.339289
v -0.416650 -0.305043 -0.116438
v -0.503558 -0.151673 -0.234837
v -0.394780 -0.285904 -0.211405
v -0.476964 -0.234342 -0.074102
v -0.437737 -0.203941 -0.273547
v -0.521553 -0.162606 -0.130619
v -0.437551 -0.336638 0.165168
v -0.512404 -0.182715 0.247905
v -0.421319 -0.346620 0.266115
v -0.488008 -0.253723 0.115004
v -0.451451 -0.264284 0.303651
v -0.533143 -0.181436 0.157380
v 0.251587 -0.551247 0.329178
v 0.206144 -0.799185 0.610091
v 0.147956 -0.583481 0.367421
v 0.117773 -0.702724 0.468521
v 0.312646 -0.537180 0.402365
v 0.312641 -0.620857 0.536531
v 0.291964 -0.629014 -0.292393
v 0.132117 -0.376994 -0.353155
v 0.162987 -0.629316 -0.277794
v 0.098652 -0.488571 -0.308880
v 0.283318 -0.437483 -0.290625
v 0.214938 -0.347753 -0.339399
v 0.416544 -0.305208 -0.116484
v 0.503725 -0.151716 -0.234988
v 0.394461 -0.285420 -0.211270
v 0.477038 -0.233931 -0.074091
v 0.437898 -0.204142 -0.273753
v 0.521571 -0.162638 -0.130425
v 0.437159 -0.336305 0.165181
v 0.512020 -0.182968 0.248188
v 0.421538 -0.346764 0.265655
v 0.487760 -0.254082 0.114771
v 0.451174 -0.264239 0.303976
v 0.534507 -0.180980 0.157408
v -0.000037 -0.105832 0.775975
v -0.000031 0.087987 0.630210
v 0.094851 -0.057852 0.704272
v -0.094646 -0.058117 0.704289
v 0.087331 0.040898 0.645470
v -0.087523 0.040581 0.645563
v 0.267111 -0.294715 0.645149
v 0.395134 -0.139898 0.496965
v 0.325963 -0.339640 0.568907
v 0.378966 -0.246175 0.487134
v 0.265001 -0.169045 0.633964
v 0.336222 -0.102676 0.563415
v -0.267591 -0.294672 0.645511
v -0.394941 -0.139962 0.496731
v -0.326155 -0.339485 0.569051
v -0.379289 -0.246244 0.486917
v -0.265408 -0.168576 0.634996
v -0.335921 -0.102958 0.562902
v 0.234333 0.205319 0.546076
v 0.394710 0.117687 0.474572
v 0.301461 0.215514 0.493970
v 0.378830 0.184662 0.453892
v 0.245046 0.132451 0.559254
v 0.327378 0.083828 0.529254
v -0.234294 0.205457 0.545968
v -0.394613 0.117846 0.474425
v -0.301485 0.215535 0.493916
v -0.378855 0.184778 0.454041
v -0.245163 0.132975 0.559060
v -0.327883 0.084394 0.529563
v -0.000090 -0.074597 -0.620630
v 0.000037 0.129079 -0.776692
v 0.090768 -0.023881 -0.652504
v -0.091155 -0.023745 -0.652775
v 0.106889 0.070288 -0.748480
v -0.107201 0.071149 -0.747741
v 0.224122 -0.187721 -0.534850
v 0.381884 -0.102200 -0.474197
v 0.283136 -0.200812 -0.478966
v 0.362783 -0.166623 -0.448052
v 0.240115 -0.115916 -0.557899
v 0.321320 -0.067916 -0.536062
v -0.224087 -0.187655 -0.534903
v -0.382402 -0.102880 -0.474444
v -0.283133 -0.200900 -0.478962
v -0.362764 -0.166753 -0.448049
v -0.240043 -0.116336 -0.557898
v -0.321676 -0.068368 -0.536140
v 0.278603 0.289337 -0.685284
v 0.413913 0.142829 -0.534180
v 0.315732 0.321839 -0.577319
v 0.383716 0.238188 -0.511703
v 0.306520 0.179161 -0.720686
v 0.358603 0.112683 -0.613078
v -0.279022 0.289365 -0.686050
v -0.413754 0.142893 -0.534133
v -0.315756 0.321500 -0.577945
v -0.383560 0.238467 -0.512102
v -0.306351 0.178744 -0.720865
v -0.358226 0.112410 -0.612679
v 0.624794 0.000040 -0.084763
v 0.640751 0.001466 0.113182
v 0.629596 0.053164 -0.031768
v 0.630569 0.055219 0.065768
v 0.622030 -0.052119 -0.033739
v 0.627785 -0.052655 0.063778
v -0.624733 0.000029 -0.084749
v -0.640823 0.001437 0.113163
v -0.629605 0.053137 -0.031788
v -0.630705 0.055115 0.065835
v -0.622054 -0.052190 -0.033817
v -0.627812 -0.052666 0.063720
v -0.206549 0.384108 0.019087
v -0.205129 0.463628 -0.145411
v -0.126304 0.402472 0.014698
v -0.124936 0.494725 -0.160203
v -0.330266 0.319317 0.093378
v -0.172463 0.358366 0.102344
v -0.308248 0.299804 0.182442
v -0.316665 0.417046 -0.174034
v -0.174225 0.542224 -0.249021
v -0.324368 0.501424 -0.282291
v -0.393484 0.316994 -0.016699
v -0.352970 0.393162 -0.221027
v -0.445646 0.284609 -0.048889
v -0.387036 0.279115 0.166304
v -0.458106 0.268134 0.048463
v 0.206253 0.384105 0.019240
v 0.205032 0.463602 -0.145151
v 0.126701 0.402785 0.014207
v 0.124999 0.495066 -0.160298
v 0.330424 0.319322 0.093236
v 0.172444 0.358039 0.102295
v 0.308318 0.299759 0.182446
v 0.316659 0.417498 -0.173579
v 0.174141 0.542213 -0.249019
v 0.324343 0.501426 -0.282692
v 0.394120 0.316776 -0.016369
v 0.352906 0.393171 -0.221294
v 0.445036 0.285089 -0.048897
v 0.386628 0.279137 0.166284
v 0.458008 0.268072 0.048413
v -0.238118 -0.559989 0.078373
v -0.298369 -0.747900 -0.083542
v -0.143269 -0.576812 0.091340
v -0.160956 -0.768155 -0.074466
v -0.366847 -0.487416 0.155382
v -0.193372 -0.563543 0.214385
v -0.336393 -0.497239 0.272901
v -0.365036 -0.512671 -0.125910
v -0.229384 -0.784841 -0.222619
v -0.358314 -0.509343 -0.233121
v -0.401791 -0.405637 0.019767
v -0.372788 -0.393162 -0.165588
v -0.433694 -0.317250 -0.022354
v -0.392051 -0.421214 0.217683
v -0.442765 -0.327911 0.069415
v 0.238511 -0.559965 0.078903
v 0.297297 -0.748874 -0.083444
v 0.143151 -0.576724 0.091608
v 0.159323 -0.767509 -0.076096
v 0.367143 -0.487042 0.155297
v 0.193524 -0.563444 0.214860
v 0.336430 -0.497339 0.272954
v 0.365052 -0.513132 -0.126322
v 0.228270 -0.784949 -0.222723
v 0.358267 -0.509509 -0.233325
v 0.401565 -0.405406 0.019926
v 0.372704 -0.392711 -0.165248
v 0.433652 -0.317292 -0.022516
v 0.392082 -0.421184 0.217867
v 0.442536 -0.328092 0.069349
v -0.000336 -0.603025 0.653960
v -0.177253 -0.508097 0.696317
v -0.060744 -0.676125 0.585392
v -0.283790 -0.625207 0.676766
v 0.177010 -0.508695 0.695988
v 0.060484 -0.675278 0.584627
v 0.284108 -0.626462 0.676360
v 0.095639 -0.294897 0.728705
v -0.095550 -0.294841 0.728574
v 0.100206 -0.170897 0.745760
v -0.099574 -0.171273 0.743916
v 0.282644 -0.441496 0.665815
v 0.190910 -0.234331 0.703615
v -0.282376 -0.441378 0.665811
v -0.190936 -0.234279 0.703724
v -0.000004 0.247226 0.471598
v -0.128664 0.231252 0.543297
v -0.046779 0.270315 0.379028
v -0.187522 0.240704 0.469576
v 0.128756 0.231278 0.543252
v 0.046477 0.270443 0.379115
v 0.187543 0.240601 0.469838
v 0.076490 0.220581 0.589033
v -0.076561 0.220519 0.588981
v 0.082478 0.134144 0.606028
v -0.082285 0.133372 0.607029
v 0.216604 0.226992 0.522804
v 0.161241 0.177579 0.580290
v -0.216638 0.227038 0.522852
v -0.160764 0.176171 0.580144
v -0.000086 -0.304498 -0.430140
v -0.116119 -0.240833 -0.511181
v -0.044634 -0.387503 -0.361256
v -0.164553 -0.285505 -0.422370
v 0.116134 -0.240809 -0.511160
v 0.044741 -0.387534 -0.361589
v 0.164579 -0.285458 -0.422390
v 0.074260 -0.205802 -0.581802
v -0.074228 -0.205848 -0.581812
v 0.081633 -0.125327 -0.600537
v -0.081732 -0.125552 -0.600127
v 0.199589 -0.225818 -0.500718
v 0.155436 -0.165975 -0.571538
v -0.199601 -0.225976 -0.500534
v -0.155588 -0.166296 -0.571333
v 0.000057 0.584426 -0.635522
v -0.161821 0.462074 -0.673671
v -0.067925 0.665167 -0.560144
v -0.225113 0.522139 -0.600520
v 0.161890 0.462492 -0.674032
v 0.067860 0.665443 -0.560256
v 0.224924 0.521434 -0.600355
v 0.105712 0.296003 -0.773805
v -0.104975 0.296487 -0.772648
v 0.119900 0.185550 -0.821207
v -0.120117 0.186243 -0.820908
v 0.250243 0.402386 -0.640134
v 0.222986 0.245268 -0.788829
v -0.249979 0.402448 -0.640327
v -0.222826 0.245462 -0.788735
v 0.514197 0.091332 -0.385268
v 0.578197 0.047493 -0.240266
v 0.476920 0.167697 -0.347825
v 0.559714 0.106940 -0.189256
v 0.495934 -0.080983 -0.365248
v 0.572426 -0.046875 -0.238128
v 0.477142 -0.138917 -0.330444
v 0.555202 -0.100992 -0.186711
v 0.472141 0.006603 -0.459137
v 0.435213 -0.125312 -0.409201
v 0.399298 -0.025990 -0.502486
v 0.457244 0.157170 -0.448126
v 0.418133 0.053561 -0.530366
v 0.602915 0.051153 -0.136415
v 0.595987 -0.050589 -0.136725
v 0.514302 0.090391 0.365277
v 0.602128 0.050431 0.248305
v 0.494312 0.154051 0.333005
v 0.577854 0.110034 0.203620
v 0.511298 -0.093533 0.366354
v 0.601604 -0.045265 0.244373
v 0.480890 -0.177562 0.335469
v 0.574607 -0.110356 0.199887
v 0.482387 0.006132 0.447831
v 0.442343 -0.164527 0.420227
v 0.413423 -0.039787 0.504080
v 0.448851 0.138154 0.408318
v 0.412074 0.043225 0.494932
v 0.622955 0.054071 0.160737
v 0.620963 -0.050440 0.157415
v -0.514035 0.091383 -0.385253
v -0.578186 0.047472 -0.240267
v -0.476476 0.168036 -0.347822
v -0.559416 0.107108 -0.189239
v -0.495826 -0.080923 -0.365176
v -0.572487 -0.046865 -0.238116
v -0.477123 -0.138871 -0.330489
v -0.555227 -0.101027 -0.186771
v -0.472239 0.006546 -0.459020
v -0.435281 -0.125264 -0.409227
v -0.399480 -0.026001 -0.502450
v -0.457522 0.157024 -0.448202
v -0.418475 0.053445 -0.530535
v -0.602883 0.051173 -0.136413
v -0.596043 -0.050610 -0.136713
v -0.513865 0.090307 0.365136
v -0.601949 0.050576 0.248321
v -0.494350 0.154159 0.333078
v -0.577426 0.109993 0.203556
v -0.511116 -0.093722 0.366134
v -0.601538 -0.045409 0.244344
v -0.480413 -0.178167 0.336196
v -0.574461 -0.110590 0.199942
v -0.482429 0.006124 0.447919
v -0.442721 -0.164647 0.420015
v -0.413490 -0.039796 0.504046
v -0.448614 0.138068 0.407787
v -0.412203 0.043431 0.494944
v -0.623073 0.053994 0.160754
v -0.621004 -0.050385 0.157363
v 0.000144 0.377000 0.097195
v -0.045251 0.337092 0.190743
v -0.000137 0.587769 -0.258033
v -0.058524 0.673702 -0.356197
v 0.044627 0.337294 0.190355
v 0.058341 0.673824 -0.356201
v -0.329425 0.247421 0.360560
v -0.405763 0.233847 0.329799
v -0.360211 0.223784 0.419764
v -0.358342 0.482441 -0.443393
v -0.352407 0.352457 -0.364627
v -0.334773 0.343075 -0.473186
v -0.551771 0.176308 -0.031685
v -0.556940 0.173779 0.064912
v -0.597506 0.113976 0.017600
v 0.329434 0.247452 0.360735
v 0.405802 0.233876 0.329849
v 0.360234 0.223870 0.419772
v 0.358217 0.482338 -0.443526
v 0.352291 0.352725 -0.364904
v 0.335096 0.342934 -0.473657
v 0.551878 0.176035 -0.031719
v 0.557031 0.173984 0.065002
v 0.597556 0.114201 0.017567
v 0.000151 -0.593205 0.234074
v -0.048529 -0.604413 0.361111
v -0.000396 -0.573100 -0.162463
v -0.054590 -0.565820 -0.247825
v 0.049107 -0.604463 0.361097
v 0.053857 -0.565399 -0.247528
v -0.348668 -0.465253 0.447383
v -0.396897 -0.356426 0.369513
v -0.365326 -0.357966 0.472296
v -0.290180 -0.302655 -0.324144
v -0.364077 -0.256471 -0.302518
v -0.328531 -0.225231 -0.395601
v -0.542731 -0.167876 -0.028816
v -0.543896 -0.176672 0.065907
v -0.594896 -0.109120 0.016505
v 0.348812 -0.465283 0.447264
v 0.396798 -0.356186 0.369574
v 0.365281 -0.358078 0.472543
v 0.290152 -0.302310 -0.324128
v 0.364082 -0.255653 -0.302684
v 0.328523 -0.225519 -0.395010
v 0.542781 -0.167964 -0.028693
v 0.544018 -0.176583 0.065564
v 0.594846 -0.109136 0.016604
v 0.177070 -0.008771 0.640846
v 0.262104 -0.057952 0.613015
v -0.177199 -0.009226 0.641555
v -0.262366 -0.057893 0.612985
v 0.253503 0.039790 0.582572
v -0.253650 0.039938 0.582685
v 0.190052 0.022748 -0.676032
v 0.257879 -0.024060 -0.600101
v -0.190045 0.022920 -0.676182
v -0.257656 -0.023601 -0.600456
v 0.284427 0.070048 -0.666886
v -0.284306 0.070029 -0.666743
v -0.269743 0.391717 -0.049138
v -0.288048 0.371300 -0.015097
v -0.285200 0.396022 -0.076146
v -0.312111 0.375426 -0.057607
v -0.314239 0.361637 -0.020113
v 0.269634 0.392434 -0.049385
v 0.287677 0.371430 -0.015250
v 0.285226 0.396375 -0.076473
v 0.312124 0.375752 -0.057706
v 0.314332 0.361741 -0.020313
v -0.320788 -0.570389 -0.000101
v -0.330285 -0.538613 0.035034
v -0.338719 -0.565136 -0.027973
v -0.354677 -0.523236 -0.011271
v -0.352838 -0.513290 0.027653
v 0.320706 -0.570702 -0.000008
v 0.330192 -0.538581 0.034802
v 0.338843 -0.565495 -0.028188
v 0.354617 -0.523098 -0.011058
v 0.352984 -0.513418 0.027852
v -0.024550 -0.479958 0.699618
v 0.024490 -0.480243 0.699906
v 0.000154 -0.403899 0.713806
v 0.038093 -0.433078 0.707661
v -0.038261 -0.433057 0.707884
v -0.018282 0.230152 0.573085
v 0.018314 0.230137 0.573053
v -0.000035 0.227465 0.588714
v 0.029278 0.228471 0.582749
v -0.029269 0.228505 0.582772
v -0.016784 -0.231214 -0.550477
v 0.016823 -0.231209 -0.550486
v 0.000025 -0.221721 -0.576574
v 0.027503 -0.223747 -0.571539
v -0.027441 -0.223721 -0.571545
v -0.023100 0.450649 -0.692423
v 0.023136 0.450497 -0.693026
v -0.000059 0.386376 -0.724347
v 0.037385 0.409787 -0.711600
v -0.037219 0.410545 -0.711796
v 0.554595 0.019939 -0.344500
v 0.550492 -0.015790 -0.341214
v 0.534613 -0.008712 -0.370681
v 0.537549 0.014463 -0.373355
v 0.562788 0.001705 -0.324736
v 0.574593 0.021133 0.339253
v 0.575125 -0.012292 0.337605
v 0.557620 -0.005707 0.365994
v 0.557143 0.015633 0.366772
v 0.586027 0.004007 0.321069
v -0.554489 0.019837 -0.344393
v -0.550512 -0.015895 -0.341218
v -0.534568 -0.008790 -0.370657
v -0.537420 0.014359 -0.373314
v -0.562726 0.001610 -0.324645
v -0.574694 0.021146 0.339293
v -0.575094 -0.012277 0.337596
v -0.557708 -0.005602 0.366021
v -0.557168 0.015765 0.366798
v -0.586022 0.004152 0.321084
v -0.041459 0.456534 -0.076675
v 0.041330 0.456447 -0.076530
v -0.021055 0.434537 -0.033018
v -0.020663 0.483565 -0.121399
v 0.020882 0.434579 -0.033112
v 0.020957 0.484067 -0.121192
v -0.204822 0.303956 0.235454
v -0.163215 0.279004 0.330493
v -0.159484 0.310010 0.237196
v -0.231438 0.285734 0.281098
v -0.138687 0.296098 0.283981
v -0.210824 0.274399 0.328583
v -0.233589 0.635721 -0.394305
v -0.203685 0.664773 -0.496519
v -0.198509 0.698901 -0.404833
v -0.290021 0.628932 -0.427458
v -0.218169 0.793583 -0.469995
v -0.259126 0.618493 -0.475952
v -0.439071 0.280034 -0.174638
v -0.479029 0.210767 -0.220245
v -0.422518 0.288284 -0.227760
v -0.474855 0.242269 -0.142967
v -0.443453 0.250689 -0.250099
v -0.494033 0.209075 -0.166582
v -0.480582 0.236935 0.172214
v -0.516726 0.193274 0.225356
v -0.471210 0.232601 0.218739
v -0.509104 0.220647 0.154385
v -0.488921 0.213313 0.246262
v -0.527874 0.197140 0.180308
v 0.204716 0.304448 0.235743
v 0.163774 0.278615 0.330573
v 0.159575 0.310027 0.237266
v 0.138500 0.295739 0.284287
v 0.230638 0.285788 0.280460
v 0.210743 0.274172 0.328692
v 0.233574 0.635825 -0.394187
v 0.203450 0.665097 -0.496542
v 0.198308 0.698786 -0.405205
v 0.218221 0.793623 -0.469745
v 0.289686 0.628959 -0.427278
v 0.258865 0.618432 -0.475779
v 0.439222 0.279621 -0.174563
v 0.478841 0.211129 -0.220611
v 0.422744 0.288640 -0.228068
v 0.475071 0.242316 -0.142645
v 0.443386 0.250840 -0.250039
v 0.493460 0.209640 -0.166814
v 0.480596 0.237065 0.172245
v 0.516727 0.193218 0.225366
v 0.471147 0.232677 0.218723
v 0.509102 0.220713 0.154359
v 0.488935 0.213150 0.246297
v 0.527802 0.197149 0.180201
v -0.053679 -0.615072 0.009599
v 0.053546 -0.614477 0.009702
v -0.025606 -0.603375 0.060974
v -0.030141 -0.611157 -0.035178
v 0.025155 -0.603226 0.060661
v 0.029314 -0.610836 -0.035146
v -0.240707 -0.581304 0.406798
v -0.252574 -0.781609 0.519261
v -0.193098 -0.632631 0.411782
v -0.280340 -0.592624 0.440095
v -0.192288 -0.751789 0.456297
v -0.298498 -0.673713 0.499441
v -0.239832 -0.555397 -0.299316
v -0.162858 -0.428015 -0.328417
v -0.185359 -0.562689 -0.298270
v -0.243705 -0.468809 -0.303532
v -0.148850 -0.491945 -0.311188
v -0.206291 -0.413925 -0.320605
v -0.437407 -0.262675 -0.144442
v -0.481864 -0.185393 -0.204339
v -0.427192 -0.253863 -0.193202
v -0.468504 -0.229419 -0.123848
v -0.449747 -0.213494 -0.224268
v -0.491081 -0.191743 -0.153085
v -0.455734 -0.298684 0.187979
v -0.494065 -0.221931 0.228669
v -0.447462 -0.302744 0.236567
v -0.482835 -0.257790 0.161612
v -0.464144 -0.263241 0.256153
v -0.503373 -0.220218 0.182656
v 0.240353 -0.581203 0.406757
v 0.249959 -0.781950 0.517064
v 0.192985 -0.631932 0.411480
v 0.191729 -0.749830 0.455515
v 0.279816 -0.592923 0.440045
v 0.297641 -0.675220 0.498557
v 0.239658 -0.555395 -0.299158
v 0.162627 -0.427688 -0.328088
v 0.184741 -0.562925 -0.298093
v 0.148416 -0.491990 -0.310902
v 0.243549 -0.468690 -0.303145
v 0.206378 -0.414089 -0.320859
v 0.437441 -0.262374 -0.144522
v 0.481902 -0.185794 -0.204343
v 0.427008 -0.253830 -0.193117
v 0.468520 -0.228343 -0.123655
v 0.449394 -0.214287 -0.224173
v 0.490509 -0.192106 -0.152948
v 0.455469 -0.298795 0.187735
v 0.494628 -0.221893 0.228654
v 0.447185 -0.303041 0.236389
v 0.482696 -0.257547 0.161556
v 0.464595 -0.262795 0.256271
v 0.504061 -0.220086 0.182726
v 0.000144 -0.049431 0.734116
v -0.000301 0.041542 0.655858
v 0.046620 -0.028796 0.703011
v -0.046847 -0.028977 0.703061
v 0.044708 0.018168 0.668265
v -0.044229 0.017440 0.668008
v 0.298182 -0.254526 0.605686
v 0.361210 -0.176741 0.530322
v 0.326538 -0.275891 0.568018
v 0.355687 -0.232982 0.528316
v 0.298520 -0.193700 0.601895
v 0.332172 -0.157800 0.565076
v -0.298585 -0.255058 0.605471
v -0.361158 -0.176947 0.530427
v -0.326611 -0.275559 0.567688
v -0.355717 -0.232738 0.528164
v -0.298501 -0.193664 0.601751
v -0.332295 -0.157937 0.565754
v 0.275411 0.184859 0.529701
v 0.356089 0.142048 0.494304
v 0.309830 0.197567 0.505859
v 0.349249 0.177841 0.486423
v 0.281084 0.149468 0.536569
v 0.321863 0.126031 0.520255
v -0.275406 0.184841 0.529761
v -0.356083 0.142125 0.494269
v -0.309867 0.197637 0.505820
v -0.349347 0.177861 0.486425
v -0.280859 0.148374 0.536475
v -0.321669 0.124792 0.520421
v -0.000153 -0.023740 -0.656499
v -0.000150 0.075660 -0.741669
v 0.047394 0.000334 -0.676750
v -0.047508 0.000726 -0.676939
v 0.051484 0.049326 -0.721657
v -0.051306 0.049841 -0.721231
v 0.265521 -0.170566 -0.522145
v 0.344211 -0.125000 -0.491803
v 0.295085 -0.177086 -0.494619
v 0.334894 -0.158001 -0.479187
v 0.274856 -0.138673 -0.533469
v 0.313814 -0.111099 -0.520402
v -0.265536 -0.170443 -0.522175
v -0.344132 -0.124794 -0.491795
v -0.295081 -0.177081 -0.494590
v -0.334849 -0.158038 -0.479196
v -0.274747 -0.138722 -0.533484
v -0.313706 -0.110864 -0.520547
v 0.313798 0.252436 -0.650241
v 0.381864 0.178274 -0.572566
v 0.331919 0.267538 -0.595938
v 0.368563 0.228298 -0.562235
v 0.325558 0.198513 -0.662358
v 0.355873 0.163023 -0.616688
v -0.313577 0.252158 -0.649903
v -0.382678 0.178350 -0.573314
v -0.332973 0.267587 -0.597043
v -0.369012 0.228444 -0.562598
v -0.325371 0.198195 -0.662406
v -0.355905 0.162971 -0.616888
v 0.639059 0.000244 -0.033081
v 0.644605 0.001061 0.065199
v 0.643072 0.026252 -0.007074
v 0.643772 0.027028 0.041551
v 0.639247 -0.025443 -0.008377
v 0.641576 -0.025353 0.040396
v -0.639165 0.000238 -0.033032
v -0.644588 0.001013 0.065190
v -0.643058 0.026305 -0.007088
v -0.643791 0.027070 0.041607
v -0.639254 -0.025500 -0.008373
v -0.641573 -0.025376 0.040348
v -0.202324 0.421320 -0.062074
v -0.123761 0.444142 -0.071447
v -0.184861 0.408316 -0.023183
v -0.183964 0.449315 -0.106873
v -0.144859 0.418008 -0.026800
v -0.144815 0.462833 -0.113122
v -0.267982 0.351373 0.060008
v -0.239844 0.329085 0.144731
v -0.229833 0.362135 0.060707
v -0.292954 0.330040 0.098436
v -0.214214 0.349931 0.102683
v -0.280278 0.319617 0.141919
v -0.263657 0.449603 -0.167052
v -0.251608 0.535118 -0.273766
v -0.228746 0.476633 -0.182889
v -0.288016 0.453520 -0.198565
v -0.217753 0.517589 -0.235381
v -0.287496 0.496788 -0.252180
v -0.355024 0.360304 -0.094990
v -0.398306 0.330136 -0.133956
v -0.345537 0.381385 -0.145454
v -0.386532 0.330486 -0.064535
v -0.365840 0.368022 -0.166927
v -0.410555 0.314751 -0.082090
v -0.369426 0.317443 0.042188
v -0.428991 0.274773 0.109437
v -0.365729 0.307655 0.085827
v -0.398078 0.305478 0.029888
v -0.395116 0.286906 0.120888
v -0.429152 0.282702 0.062890
v 0.202721 0.421365 -0.061885
v 0.123770 0.444398 -0.071506
v 0.184627 0.408063 -0.023333
v 0.183765 0.449261 -0.106572
v 0.145590 0.418270 -0.027032
v 0.144523 0.462420 -0.113095
v 0.267287 0.351415 0.059867
v 0.239374 0.328730 0.144526
v 0.229398 0.361938 0.060540
v 0.293136 0.330193 0.098456
v 0.213951 0.349662 0.102582
v 0.280440 0.319479 0.141505
v 0.263713 0.450292 -0.166604
v 0.251434 0.535159 -0.273716
v 0.229045 0.476672 -0.182834
v 0.288080 0.453463 -0.198705
v 0.217711 0.517651 -0.235564
v 0.287043 0.496264 -0.253260
v 0.355020 0.360295 -0.094652
v 0.398458 0.330201 -0.133994
v 0.345829 0.381775 -0.145349
v 0.386603 0.330683 -0.064976
v 0.365663 0.368071 -0.166995
v 0.410182 0.314856 -0.082237
v 0.369476 0.317537 0.041867
v 0.429075 0.274777 0.109446
v 0.365503 0.307737 0.085621
v 0.397980 0.305662 0.029706
v 0.395354 0.287007 0.120899
v 0.429203 0.282849 0.062716
v -0.256660 -0.635807 -0.002763
v -0.156560 -0.644662 0.001155
v -0.221062 -0.593073 0.029996
v -0.256564 -0.723154 -0.028694
v -0.173010 -0.599586 0.034768
v -0.192191 -0.708564 -0.036587
v -0.301871 -0.530602 0.128611
v -0.267558 -0.538854 0.255104
v -0.260493 -0.547037 0.136877
v -0.326804 -0.511100 0.172323
v -0.240352 -0.549423 0.202169
v -0.311127 -0.516226 0.233621
v -0.347647 -0.640538 -0.123167
v -0.333166 -0.671976 -0.251645
v -0.331634 -0.735430 -0.142452
v -0.358144 -0.584318 -0.155300
v -0.309819 -0.747504 -0.210923
v -0.362200 -0.595395 -0.216833
v -0.380421 -0.450355 -0.051208
v -0.398681 -0.351767 -0.090750
v -0.375377 -0.453459 -0.098143
v -0.397029 -0.404408 -0.025270
v -0.381188 -0.399781 -0.117494
v -0.408906 -0.357130 -0.045473
v -0.386795 -0.446383 0.086123
v -0.419599 -0.373733 0.140943
v -0.384367 -0.449822 0.135494
v -0.403761 -0.407301 0.065932
v -0.399220 -0.415051 0.164966
v -0.422114 -0.369815 0.092163
v 0.255656 -0.636271 -0.002786
v 0.155935 -0.643916 0.000818
v 0.220628 -0.593084 0.030037
v 0.255401 -0.724751 -0.028822
v 0.172511 -0.599619 0.034903
v 0.190992 -0.708425 -0.037400
v 0.301470 -0.530670 0.128655
v 0.267497 -0.538926 0.254933
v 0.260078 -0.546653 0.136751
v 0.326621 -0.511395 0.172756
v 0.240594 -0.549359 0.202276
v 0.311618 -0.516272 0.233592
v 0.347178 -0.640679 -0.123094
v 0.333066 -0.672196 -0.251709
v 0.331266 -0.736313 -0.142121
v 0.358510 -0.584842 -0.155306
v 0.309436 -0.748042 -0.210885
v 0.362157 -0.595685 -0.216716
v 0.380796 -0.450315 -0.051500
v 0.398713 -0.351693 -0.090698
v 0.375861 -0.453974 -0.098036
v 0.396790 -0.404195 -0.025831
v 0.381259 -0.399737 -0.117551
v 0.409253 -0.357697 -0.045640
v 0.386898 -0.446197 0.085780
v 0.419614 -0.373778 0.140762
v 0.384744 -0.449771 0.135489
v 0.403759 -0.407270 0.065998
v 0.398634 -0.414655 0.164865
v 0.421835 -0.369619 0.092139
v -0.094496 -0.577003 0.683247
v -0.174720 -0.752077 0.678948
v -0.065365 -0.616893 0.660503
v -0.162694 -0.582941 0.693962
v -0.096775 -0.681975 0.642580
v -0.216113 -0.671397 0.702129
v 0.094490 -0.577545 0.683396
v 0.173985 -0.753308 0.678317
v 0.065141 -0.617042 0.660980
v 0.162441 -0.583864 0.693735
v 0.096249 -0.681717 0.641545
v 0.216395 -0.673446 0.701818
v -0.000180 -0.291996 0.739636
v 0.000003 -0.166332 0.825549
v 0.048402 -0.262244 0.744553
v -0.048608 -0.262218 0.744775
v 0.049505 -0.200590 0.764247
v -0.049212 -0.200547 0.764049
v 0.136730 -0.393347 0.705698
v 0.233448 -0.332833 0.680869
v 0.183663 -0.435456 0.696072
v 0.141857 -0.329380 0.713963
v 0.234952 -0.404440 0.684085
v 0.189781 -0.299151 0.702790
v -0.136392 -0.393190 0.705845
v -0.233373 -0.332729 0.680580
v -0.183931 -0.435180 0.696467
v -0.141077 -0.329092 0.712842
v -0.235040 -0.404109 0.683820
v -0.190406 -0.299070 0.702820
v -0.067222 0.237195 0.516819
v -0.117047 0.255126 0.426266
v -0.046041 0.246705 0.472051
v -0.113112 0.236242 0.515668
v -0.069886 0.256472 0.426367
v -0.140144 0.242942 0.473073
v 0.067145 0.237332 0.516673
v 0.117155 0.255199 0.426130
v 0.045942 0.246280 0.472414
v 0.112981 0.236319 0.515679
v 0.070090 0.256757 0.426233
v 0.139952 0.242972 0.473256
v -0.000050 0.219166 0.597548
v 0.000142 0.134436 0.613006
v 0.038930 0.201184 0.597994
v -0.039026 0.202415 0.597795
v 0.040606 0.156585 0.605686
v -0.040312 0.156143 0.605998
v 0.106675 0.226444 0.574052
v 0.191864 0.216636 0.558404
v 0.140148 0.227805 0.558011
v 0.113573 0.221024 0.581039
v 0.183259 0.224683 0.548410
v 0.156477 0.214510 0.575166
v -0.106676 0.226574 0.573970
v -0.191946 0.216799 0.558210
v -0.140114 0.227884 0.558010
v -0.113708 0.221151 0.580956
v -0.183299 0.224787 0.548288
v -0.156776 0.214879 0.575031
v -0.059117 -0.271769 -0.470683
v -0.105871 -0.334593 -0.388385
v -0.040963 -0.303451 -0.429906
v -0.099470 -0.267266 -0.469642
v -0.063921 -0.340435 -0.391943
v -0.123156 -0.293617 -0.426056
v 0.059190 -0.271731 -0.470675
v 0.105810 -0.334371 -0.388503
v 0.040890 -0.303460 -0.430022
v 0.099461 -0.267317 -0.469611
v 0.063728 -0.340277 -0.391993
v 0.123084 -0.293619 -0.426124
v -0.000006 -0.209140 -0.587335
v -0.000113 -0.126774 -0.603421
v 0.038885 -0.202887 -0.587846
v -0.038923 -0.202930 -0.587902
v 0.040144 -0.151827 -0.597028
v -0.040180 -0.152422 -0.596524
v 0.100319 -0.218441 -0.562443
v 0.182122 -0.201358 -0.545463
v 0.130324 -0.223762 -0.542431
v 0.108015 -0.207816 -0.570311
v 0.171355 -0.217579 -0.532270
v 0.148917 -0.195389 -0.563353
v -0.100278 -0.218422 -0.562400
v -0.182044 -0.201336 -0.545510
v -0.130270 -0.223709 -0.542432
v -0.107958 -0.207850 -0.570368
v -0.171298 -0.217574 -0.532227
v -0.148852 -0.195361 -0.563417
v -0.087209 0.529345 -0.655486
v -0.159887 0.612235 -0.601006
v -0.062774 0.581541 -0.635003
v -0.145446 0.517793 -0.654362
v -0.098937 0.624782 -0.605345
v -0.185688 0.559151 -0.630680
v 0.087345 0.529297 -0.655661
v 0.159948 0.612634 -0.601459
v 0.062935 0.581530 -0.635070
v 0.145595 0.517776 -0.654305
v 0.099001 0.624652 -0.605299
v 0.185917 0.559411 -0.631011
v -0.000299 0.292416 -0.770666
v -0.000126 0.185155 -0.794813
v 0.055024 0.267953 -0.784532
v -0.055158 0.268416 -0.785419
v 0.058347 0.213528 -0.800824
v -0.058681 0.213997 -0.800239
v 0.135891 0.374279 -0.719778
v 0.239792 0.324653 -0.713111
v 0.174766 0.405788 -0.693881
v 0.149508 0.323275 -0.749686
v 0.224531 0.380099 -0.685912
v 0.206113 0.299485 -0.754332
v -0.136796 0.375130 -0.720770
v -0.239208 0.324591 -0.712851
v -0.175077 0.406284 -0.694452
v -0.149600 0.324229 -0.750077
v -0.223922 0.379970 -0.685567
v -0.205615 0.299718 -0.754503
v 0.551047 0.068327 -0.314592
v 0.519357 0.136034 -0.268617
v 0.529242 0.094225 -0.341710
v 0.561153 0.072099 -0.266310
v 0.509576 0.131319 -0.319824
v 0.548760 0.103532 -0.241703
v 0.541052 -0.065673 -0.306319
v 0.521257 -0.121388 -0.262603
v 0.515600 -0.087853 -0.327173
v 0.554598 -0.069943 -0.262156
v 0.507048 -0.116244 -0.308695
v 0.544570 -0.097401 -0.237686
v 0.485617 -0.041488 -0.415172
v 0.418379 -0.080765 -0.455752
v 0.475958 -0.072303 -0.401742
v 0.462876 -0.027314 -0.448368
v 0.444532 -0.093835 -0.422994
v 0.427615 -0.044976 -0.468946
v 0.495855 0.053485 -0.429433
v 0.442984 0.109394 -0.496874
v 0.492493 0.087407 -0.424223
v 0.473639 0.041968 -0.463162
v 0.466643 0.117865 -0.457343
v 0.445294 0.068076 -0.496963
v 0.584973 0.000172 -0.238906
v 0.610198 -0.000020 -0.137111
v 0.590037 0.023808 -0.214582
v 0.586775 -0.023653 -0.213951
v 0.602523 0.024737 -0.163090
v 0.599082 -0.024663 -0.163052
v 0.560402 0.072392 0.307547
v 0.538716 0.133226 0.268231
v 0.533042 0.096973 0.328026
v 0.575838 0.076408 0.267514
v 0.521960 0.128219 0.309894
v 0.564187 0.106609 0.246737
v 0.558651 -0.069888 0.305019
v 0.528251 -0.144248 0.267086
v 0.528374 -0.100986 0.327139
v 0.573652 -0.074589 0.264237
v 0.512456 -0.140500 0.309545
v 0.559484 -0.109272 0.243700
v 0.501449 -0.045222 0.412649
v 0.430167 -0.105138 0.466275
v 0.490665 -0.084217 0.403392
v 0.476651 -0.031200 0.444777
v 0.454968 -0.118127 0.429952
v 0.441059 -0.058080 0.471989
v 0.501872 0.050826 0.411155
v 0.432434 0.094488 0.454244
v 0.491839 0.082031 0.399561
v 0.478081 0.039217 0.443043
v 0.457856 0.105036 0.421088
v 0.442669 0.059545 0.465348
v 0.618110 0.003119 0.247602
v 0.636716 0.001911 0.160266
v 0.621996 0.025908 0.227981
v 0.621334 -0.020352 0.225371
v 0.631655 0.026700 0.184178
v 0.630285 -0.022455 0.181769
v -0.551024 0.068180 -0.314555
v -0.519570 0.135670 -0.268702
v -0.529171 0.094211 -0.341651
v -0.561112 0.072120 -0.266270
v -0.509613 0.131352 -0.319780
v -0.548516 0.103684 -0.241690
v -0.541212 -0.065619 -0.306444
v -0.521207 -0.121381 -0.262646
v -0.515767 -0.087740 -0.327377
v -0.554693 -0.069945 -0.262213
v -0.507138 -0.116232 -0.308813
v -0.544641 -0.097437 -0.237765
v -0.485799 -0.041599 -0.415269
v -0.418174 -0.080466 -0.455598
v -0.476226 -0.072446 -0.401957
v -0.463183 -0.027039 -0.448435
v -0.444724 -0.093705 -0.423198
v -0.427065 -0.044823 -0.468700
v -0.495943 0.053460 -0.429404
v -0.442201 0.109701 -0.496381
v -0.492684 0.087451 -0.424139
v -0.473818 0.041886 -0.463224
v -0.466051 0.117925 -0.456906
v -0.445830 0.068058 -0.497309
v -0.584919 0.000147 -0.238879
v -0.610208 -0.000029 -0.137137
v -0.590013 0.023809 -0.214590
v -0.586812 -0.023692 -0.213948
v -0.602452 0.024748 -0.163086
v -0.599091 -0.024663 -0.163077
v -0.560678 0.072378 0.307567
v -0.538548 0.133195 0.268217
v -0.533171 0.097029 0.328256
v -0.576319 0.076426 0.267775
v -0.522052 0.128017 0.309787
v -0.564524 0.106336 0.246517
v -0.558893 -0.069875 0.304833
v -0.528866 -0.143629 0.266881
v -0.528710 -0.100266 0.326895
v -0.573760 -0.074417 0.264242
v -0.512540 -0.140707 0.309853
v -0.559307 -0.109291 0.243687
v -0.501676 -0.045037 0.412492
v -0.429930 -0.105333 0.466106
v -0.490742 -0.084542 0.403218
v -0.476663 -0.031297 0.444930
v -0.454499 -0.118010 0.429916
v -0.440510 -0.058537 0.472024
v -0.501965 0.050718 0.411188
v -0.432522 0.094505 0.454350
v -0.491757 0.081929 0.399586
v -0.477999 0.039326 0.443172
v -0.457818 0.104861 0.420803
v -0.442488 0.059719 0.465302
v -0.618055 0.003135 0.247616
v -0.636782 0.001917 0.160274
v -0.622088 0.025867 0.227925
v -0.621309 -0.020366 0.225432
v -0.631676 0.026726 0.184163
v -0.630304 -0.022503 0.181837
v -0.064357 0.391720 0.055135
v -0.110442 0.349788 0.145604
v -0.106932 0.386670 0.056729
v -0.130288 0.365325 0.101295
v -0.043246 0.375323 0.098285
v -0.066334 0.354274 0.144764
v -0.063988 0.543126 -0.210013
v -0.121970 0.621592 -0.306328
v -0.105758 0.532499 -0.208386
v -0.131100 0.562596 -0.255533
v -0.046133 0.585931 -0.258139
v -0.075753 0.629567 -0.306848
v 0.064850 0.391664 0.055041
v 0.109759 0.349894 0.145644
v 0.107151 0.386921 0.056721
v 0.130057 0.365625 0.101442
v 0.043335 0.375527 0.098002
v 0.066262 0.354672 0.144227
v 0.063996 0.543099 -0.210044
v 0.122022 0.621861 -0.306372
v 0.105982 0.532521 -0.208429
v 0.131256 0.562691 -0.255590
v 0.046302 0.586008 -0.257891
v 0.076224 0.629404 -0.306410
v -0.321718 0.271583 0.270950
v -0.401314 0.254543 0.248991
v -0.335409 0.281037 0.222065
v -0.376750 0.271224 0.213326
v -0.347475 0.255481 0.310490
v -0.386747 0.248087 0.297619
v -0.045795 0.301029 0.284144
v 0.045884 0.301441 0.284498
v -0.023145 0.285981 0.332139
v 0.023370 0.286086 0.331851
v -0.022687 0.319585 0.237036
v 0.022616 0.319915 0.237313
v -0.261420 0.244488 0.417959
v -0.291003 0.225883 0.475224
v -0.234136 0.237946 0.462253
v -0.248536 0.230189 0.489839
v -0.306518 0.240304 0.408399
v -0.320303 0.230171 0.436322
v -0.457650 0.583088 -0.354549
v -0.346910 0.396674 -0.292500
v -0.364135 0.498214 -0.306390
v -0.343704 0.427110 -0.275966
v -0.384789 0.491704 -0.387190
v -0.345199 0.414817 -0.346558
v -0.074231 0.715499 -0.453633
v 0.074144 0.715312 -0.453540
v -0.035563 0.692418 -0.509900
v 0.035466 0.692424 -0.510084
v -0.033335 0.696298 -0.405376
v 0.033302 0.696282 -0.405517
v -0.292038 0.504253 -0.521883
v -0.302692 0.379482 -0.559403
v -0.262926 0.482852 -0.571675
v -0.272262 0.422081 -0.591050
v -0.322059 0.460319 -0.491258
v -0.319451 0.394209 -0.508009
v -0.506213 0.235015 -0.033982
v -0.513780 0.226725 0.061487
v -0.481194 0.257175 -0.015361
v -0.486599 0.251044 0.032895
v -0.535259 0.206323 -0.006306
v -0.537511 0.203573 0.040996
v -0.415849 0.253268 -0.355546
v -0.394538 0.245385 -0.460098
v -0.441337 0.207962 -0.377232
v -0.430993 0.203268 -0.428481
v -0.378190 0.299486 -0.386578
v -0.368272 0.295325 -0.439915
v -0.555157 0.142673 -0.110517
v -0.608605 0.081641 -0.057084
v -0.571124 0.109682 -0.136292
v -0.596495 0.080026 -0.109527
v -0.567387 0.144019 -0.057807
v -0.595051 0.113029 -0.031334
v -0.455175 0.205178 0.337478
v -0.406911 0.191770 0.418253
v -0.465411 0.179418 0.357316
v -0.440831 0.170630 0.395173
v -0.421594 0.219189 0.357865
v -0.397868 0.213916 0.400823
v -0.571796 0.142849 0.135530
v -0.611646 0.084216 0.089232
v -0.586529 0.112491 0.158711
v -0.607620 0.083586 0.136295
v -0.575321 0.143904 0.088711
v -0.595314 0.114217 0.065287
v 0.320780 0.271663 0.270093
v 0.401353 0.254522 0.249018
v 0.335705 0.281085 0.222211
v 0.376577 0.271364 0.213200
v 0.347616 0.255477 0.310779
v 0.386801 0.248017 0.297674
v 0.261549 0.244553 0.418055
v 0.291052 0.225884 0.475218
v 0.234109 0.237978 0.462345
v 0.248563 0.230130 0.489852
v 0.306559 0.240278 0.408534
v 0.320361 0.230187 0.436337
v 0.457726 0.583282 -0.354663
v 0.347323 0.396468 -0.292812
v 0.364690 0.498352 -0.306226
v 0.344050 0.427139 -0.276189
v 0.384938 0.491941 -0.387477
v 0.345772 0.414619 -0.346825
v 0.291857 0.504101 -0.522229
v 0.302072 0.379313 -0.558605
v 0.262092 0.482545 -0.570615
v 0.272312 0.421710 -0.590183
v 0.321852 0.460234 -0.491192
v 0.319252 0.394278 -0.507703
v 0.506564 0.234958 -0.033830
v 0.513826 0.226671 0.061438
v 0.481306 0.257021 -0.015351
v 0.486554 0.250979 0.032967
v 0.535334 0.206272 -0.006269
v 0.537465 0.203538 0.041001
v 0.416119 0.252571 -0.355504
v 0.394573 0.245375 -0.460162
v 0.441158 0.207483 -0.377171
v 0.430637 0.203540 -0.428449
v 0.378155 0.299360 -0.386559
v 0.368195 0.295346 -0.440144
v 0.555018 0.142626 -0.110609
v 0.608603 0.081606 -0.057088
v 0.571563 0.109473 -0.136162
v 0.596519 0.080027 -0.109493
v 0.567506 0.144066 -0.057729
v 0.595118 0.112923 -0.031343
v 0.455101 0.205168 0.337467
v 0.406858 0.191779 0.418054
v 0.465343 0.179463 0.357153
v 0.440963 0.170609 0.395240
v 0.421527 0.219138 0.357912
v 0.397784 0.213937 0.400741
v 0.571461 0.142947 0.135395
v 0.612421 0.084179 0.089371
v 0.586454 0.112208 0.158710
v 0.607919 0.083467 0.136391
v 0.574703 0.143652 0.088624
v 0.595299 0.114028 0.065271
v -0.072307 -0.587260 0.168586
v -0.121478 -0.583293 0.296020
v -0.120181 -0.579837 0.161403
v -0.144675 -0.575229 0.224400
v -0.048266 -0.590814 0.233343
v -0.072458 -0.592339 0.297557
v -0.087669 -0.651259 -0.132116
v -0.133613 -0.671934 -0.241440
v -0.120055 -0.753931 -0.147278
v -0.153822 -0.768152 -0.217642
v -0.065121 -0.602968 -0.169903
v -0.083722 -0.613922 -0.218783
v 0.072134 -0.587243 0.168853
v 0.121682 -0.582785 0.295603
v 0.120079 -0.579685 0.161656
v 0.145310 -0.575347 0.224059
v 0.048207 -0.590633 0.233863
v 0.072966 -0.592171 0.297685
v 0.087284 -0.649503 -0.132190
v 0.132684 -0.670278 -0.240289
v 0.119310 -0.750313 -0.147017
v 0.150758 -0.765857 -0.217470
v 0.064697 -0.601963 -0.169834
v 0.082466 -0.612972 -0.218463
v -0.344124 -0.487353 0.365679
v -0.396897 -0.392610 0.297065
v -0.361800 -0.474757 0.307289
v -0.383546 -0.429385 0.273940
v -0.359497 -0.451694 0.388390
v -0.384765 -0.400229 0.351875
v -0.057556 -0.665104 0.471095
v 0.057657 -0.664720 0.470945
v -0.031196 -0.651928 0.524844
v 0.031341 -0.651279 0.524426
v -0.026689 -0.634059 0.415778
v 0.026563 -0.633722 0.415500
v -0.324800 -0.550769 0.558540
v -0.327197 -0.407384 0.569873
v -0.318940 -0.553597 0.628542
v -0.313990 -0.469002 0.626094
v -0.339212 -0.475893 0.507491
v -0.344612 -0.414450 0.517426
v -0.314152 -0.398747 -0.272243
v -0.361816 -0.316878 -0.227798
v -0.342970 -0.428499 -0.238427
v -0.358696 -0.379403 -0.209641
v -0.312555 -0.328998 -0.284581
v -0.344428 -0.297690 -0.270635
v -0.049431 -0.482827 -0.306388
v 0.049417 -0.483013 -0.306704
v -0.023712 -0.434945 -0.333119
v 0.023287 -0.435156 -0.333299
v -0.026128 -0.523962 -0.276944
v 0.025856 -0.524043 -0.276956
v -0.229310 -0.298050 -0.373941
v -0.267508 -0.224592 -0.453775
v -0.205997 -0.274674 -0.417878
v -0.224177 -0.241844 -0.456907
v -0.269363 -0.280356 -0.368174
v -0.288514 -0.242765 -0.406078
v -0.484329 -0.240409 -0.025902
v -0.490616 -0.249934 0.068070
v -0.461124 -0.280832 -0.000622
v -0.464991 -0.286106 0.045858
v -0.515376 -0.205821 -0.003536
v -0.517551 -0.210500 0.043797
v -0.423630 -0.193496 -0.321738
v -0.386874 -0.174791 -0.411191
v -0.443549 -0.161283 -0.350432
v -0.423098 -0.154174 -0.391700
v -0.385127 -0.218095 -0.335393
v -0.367944 -0.204905 -0.382943
v -0.551930 -0.133232 -0.107178
v -0.600692 -0.078897 -0.058632
v -0.566524 -0.103735 -0.134875
v -0.588766 -0.077666 -0.110032
v -0.563583 -0.135200 -0.055632
v -0.589648 -0.107163 -0.032088
v -0.435775 -0.263685 0.350910
v -0.399775 -0.255864 0.443273
v -0.448909 -0.217914 0.364938
v -0.430459 -0.212308 0.409125
v -0.407537 -0.309718 0.384352
v -0.390388 -0.307723 0.433194
v -0.561968 -0.145194 0.133479
v -0.608964 -0.081530 0.086946
v -0.583445 -0.111320 0.155600
v -0.605522 -0.080819 0.133327
v -0.566809 -0.144095 0.087705
v -0.591566 -0.111170 0.063671
v 0.344846 -0.487521 0.366117
v 0.396167 -0.392300 0.297293
v 0.360770 -0.474069 0.306776
v 0.383304 -0.429425 0.274009
v 0.359874 -0.451653 0.388760
v 0.384841 -0.399912 0.351713
v 0.324838 -0.552106 0.558363
v 0.327414 -0.407627 0.570136
v 0.319327 -0.554419 0.628124
v 0.314333 -0.469020 0.625656
v 0.338701 -0.476558 0.507758
v 0.344533 -0.414816 0.516934
v 0.314270 -0.399026 -0.271912
v 0.361953 -0.316701 -0.227908
v 0.342932 -0.428330 -0.238200
v 0.358789 -0.379260 -0.210054
v 0.312660 -0.328690 -0.284724
v 0.344565 -0.297485 -0.270821
v 0.229418 -0.297891 -0.374067
v 0.267556 -0.224550 -0.453923
v 0.206069 -0.274521 -0.417933
v 0.224222 -0.241584 -0.457068
v 0.269179 -0.280259 -0.367780
v 0.288291 -0.243266 -0.405567
v 0.484452 -0.240178 -0.026109
v 0.490458 -0.249841 0.068182
v 0.461242 -0.280951 -0.000633
v 0.465007 -0.286252 0.045687
v 0.515556 -0.205795 -0.003391
v 0.517429 -0.210634 0.043523
v 0.423965 -0.193481 -0.321875
v 0.386981 -0.174771 -0.411243
v 0.443586 -0.161331 -0.350439
v 0.423149 -0.154189 -0.391722
v 0.385204 -0.217708 -0.335773
v 0.368346 -0.204815 -0.383473
v 0.552225 -0.133360 -0.107140
v 0.600627 -0.078866 -0.058654
v 0.566443 -0.103766 -0.134861
v 0.588693 -0.077576 -0.110079
v 0.563683 -0.135368 -0.055698
v 0.589559 -0.107187 -0.032211
v 0.436122 -0.263769 0.350961
v 0.399835 -0.255408 0.442976
v 0.449026 -0.217999 0.365201
v 0.430432 -0.212219 0.409257
v 0.407769 -0.309325 0.384488
v 0.390536 -0.307425 0.432880
v 0.561655 -0.145451 0.133556
v 0.608906 -0.081450 0.087038
v 0.583423 -0.111280 0.155469
v 0.605402 -0.080737 0.133354
v 0.566732 -0.144169 0.087654
v 0.591503 -0.111188 0.063839
v 0.144498 -0.084692 0.703641
v 0.229278 -0.141359 0.664667
v 0.152360 -0.140408 0.732373
v 0.193137 -0.171527 0.704769
v 0.183611 -0.059181 0.666674
v 0.226962 -0.084987 0.651509
v -0.144928 -0.084537 0.704306
v -0.229508 -0.141228 0.664826
v -0.152566 -0.140237 0.732458
v -0.193357 -0.171226 0.705175
v -0.183527 -0.059318 0.666491
v -0.226682 -0.085073 0.651326
v 0.128484 0.064029 0.622999
v 0.207519 0.112068 0.580923
v 0.125288 0.111172 0.605318
v 0.164890 0.133879 0.588954
v 0.172241 0.040279 0.619378
v 0.211232 0.064294 0.594081
v -0.128839 0.064132 0.623464
v -0.207670 0.112037 0.581012
v -0.125352 0.110670 0.606010
v -0.164852 0.133667 0.588984
v -0.172540 0.039999 0.620037
v -0.211239 0.064074 0.594426
v 0.341203 -0.049787 0.560590
v 0.332882 0.040543 0.539595
v 0.380637 -0.020654 0.531556
v 0.375608 0.021170 0.522295
v 0.299659 -0.030317 0.580272
v 0.295686 0.017345 0.567828
v -0.340955 -0.049719 0.560406
v -0.333062 0.040892 0.539761
v -0.380645 -0.020534 0.531432
v -0.375944 0.021559 0.522374
v -0.299914 -0.030366 0.580398
v -0.295601 0.017042 0.567535
v 0.130229 -0.047172 -0.625821
v 0.204693 -0.094109 -0.580627
v 0.124344 -0.097779 -0.602455
v 0.161720 -0.119722 -0.583989
v 0.177316 -0.022853 -0.631643
v 0.213321 -0.046983 -0.602385
v -0.130734 -0.047615 -0.626001
v -0.204818 -0.094461 -0.580318
v -0.124385 -0.098045 -0.602100
v -0.161585 -0.119649 -0.584371
v -0.177687 -0.022513 -0.631966
v -0.213431 -0.046801 -0.602413
v 0.167582 0.086686 -0.779759
v 0.274653 0.151347 -0.763706
v 0.175813 0.151710 -0.810978
v 0.230724 0.184001 -0.800057
v 0.206267 0.068275 -0.727363
v 0.262046 0.092615 -0.729583
v -0.168235 0.088061 -0.780014
v -0.274611 0.151444 -0.763726
v -0.176349 0.152390 -0.811274
v -0.230781 0.184222 -0.799923
v -0.206637 0.068935 -0.727245
v -0.262006 0.092814 -0.729850
v 0.331107 -0.024605 -0.554701
v 0.351213 0.064707 -0.596094
v 0.370967 -0.004723 -0.537386
v 0.380809 0.037766 -0.554973
v 0.300863 -0.001853 -0.591077
v 0.312207 0.044532 -0.617224
v -0.330973 -0.024973 -0.554648
v -0.351002 0.064973 -0.595712
v -0.370596 -0.004684 -0.537391
v -0.380405 0.037782 -0.554931
v -0.299849 -0.001639 -0.590994
v -0.311781 0.044402 -0.617390
v -0.257093 0.383582 -0.016396
v -0.255352 0.414805 -0.088787
v -0.222325 0.396183 -0.019629
v -0.221505 0.432930 -0.098606
v -0.310549 0.350827 0.017225
v -0.244380 0.373397 0.021027
v -0.303430 0.340628 0.056970
v -0.304159 0.395299 -0.099722
v -0.241493 0.442828 -0.133852
v -0.295580 0.419989 -0.146925
v -0.338413 0.353043 -0.032245
v -0.324918 0.390260 -0.122962
v -0.362337 0.343185 -0.047855
v -0.337451 0.329081 0.051087
v -0.367850 0.329421 -0.002207
v 0.257452 0.383439 -0.016213
v 0.254936 0.414875 -0.088665
v 0.222379 0.396098 -0.019403
v 0.220875 0.432779 -0.098783
v 0.310930 0.350811 0.017495
v 0.243937 0.373317 0.020769
v 0.303484 0.340579 0.056815
v 0.304360 0.395428 -0.099726
v 0.241521 0.442911 -0.133703
v 0.295416 0.420869 -0.146782
v 0.338490 0.353313 -0.032128
v 0.325239 0.390660 -0.122596
v 0.362698 0.343097 -0.047871
v 0.337111 0.329261 0.050930
v 0.367391 0.329282 -0.002460
v -0.301844 -0.560591 0.032859
v -0.320204 -0.613916 -0.037379
v -0.264752 -0.577502 0.027033
v -0.293177 -0.667063 -0.039867
v -0.348091 -0.510238 0.068989
v -0.280881 -0.550954 0.079466
v -0.339303 -0.509293 0.117298
v -0.354778 -0.541207 -0.053029
v -0.333027 -0.676432 -0.081979
v -0.356308 -0.563926 -0.101038
v -0.370439 -0.483556 0.012418
v -0.366911 -0.502258 -0.076655
v -0.384375 -0.446938 -0.006014
v -0.370787 -0.482871 0.103406
v -0.387115 -0.445089 0.039235
v 0.301712 -0.560651 0.033345
v 0.320129 -0.614261 -0.037593
v 0.264600 -0.577610 0.027242
v 0.292314 -0.667727 -0.039665
v 0.347012 -0.509913 0.069651
v 0.280637 -0.550462 0.079356
v 0.339244 -0.509198 0.117690
v 0.354945 -0.541519 -0.053097
v 0.333005 -0.677527 -0.081613
v 0.356454 -0.564262 -0.100520
v 0.370856 -0.484043 0.012755
v 0.367344 -0.502660 -0.076605
v 0.384486 -0.446902 -0.005969
v 0.370850 -0.483111 0.103445
v 0.386839 -0.445473 0.039417
v -0.000278 -0.524396 0.689335
v -0.075265 -0.471868 0.700999
v -0.030900 -0.568835 0.676389
v -0.115678 -0.520313 0.694887
v 0.075109 -0.471817 0.700849
v 0.030706 -0.569070 0.676336
v 0.116063 -0.520786 0.695128
v 0.043790 -0.380019 0.716947
v -0.043768 -0.380477 0.717427
v 0.046647 -0.322590 0.728536
v -0.046724 -0.322688 0.729050
v 0.129003 -0.457508 0.700464
v 0.091570 -0.355936 0.717233
v -0.128903 -0.457409 0.700681
v -0.091570 -0.356149 0.717464
v -0.000012 0.233166 0.551320
v -0.056567 0.230052 0.570152
v -0.022169 0.238225 0.515791
v -0.084689 0.232461 0.547911
v 0.056556 0.230020 0.570138
v 0.022248 0.238296 0.515716
v 0.084644 0.232432 0.547851
v 0.034146 0.226464 0.587547
v -0.034191 0.226543 0.587535
v 0.036922 0.222193 0.592713
v -0.037045 0.222300 0.592699
v 0.097533 0.229295 0.565190
v 0.072483 0.225422 0.585511
v -0.097508 0.229346 0.565258
v -0.072498 0.225511 0.585393
v 0.000030 -0.250977 -0.511321
v -0.052052 -0.229923 -0.550373
v -0.019578 -0.274201 -0.470817
v -0.075904 -0.245877 -0.512076
v 0.052102 -0.229919 -0.550367
v 0.019654 -0.274125 -0.470817
v 0.075843 -0.245925 -0.512043
v 0.032507 -0.219503 -0.578230
v -0.032488 -0.219512 -0.578250
v 0.035847 -0.213522 -0.583582
v -0.035846 -0.213563 -0.583622
v 0.090545 -0.226666 -0.550848
v 0.068975 -0.215561 -0.575750
v -0.090480 -0.226643 -0.550809
v -0.068936 -0.215599 -0.575800
v 0.000277 0.491860 -0.675419
v -0.071424 0.441521 -0.694956
v -0.028970 0.535545 -0.655967
v -0.106977 0.477510 -0.675076
v 0.071650 0.441259 -0.694808
v 0.029118 0.535613 -0.656028
v 0.107725 0.477980 -0.675117
v 0.044565 0.366617 -0.733661
v -0.044413 0.366279 -0.733109
v 0.050071 0.318348 -0.759045
v -0.049989 0.318545 -0.758915
v 0.122711 0.425574 -0.695904
v 0.095035 0.345611 -0.742234
v -0.122798 0.426141 -0.696192
v -0.095286 0.345827 -0.742053
v 0.538876 0.038552 -0.367873
v 0.567727 0.021759 -0.308088
v 0.537596 0.064895 -0.357503
v 0.567156 0.045187 -0.288491
v 0.529813 -0.033289 -0.359661
v 0.564591 -0.019502 -0.306039
v 0.522875 -0.059932 -0.344316
v 0.561384 -0.043726 -0.285036
v 0.518291 0.003631 -0.400034
v 0.504358 -0.052049 -0.380209
v 0.494823 -0.010774 -0.426044
v 0.517455 0.060938 -0.394517
v 0.498589 0.020281 -0.431090
v 0.578452 0.022921 -0.263493
v 0.575566 -0.022067 -0.262332
v 0.554487 0.038592 0.359630
v 0.589867 0.023752 0.306064
v 0.545239 0.066549 0.345674
v 0.586649 0.047863 0.288310
v 0.556036 -0.029317 0.357539
v 0.589973 -0.016208 0.303935
v 0.545425 -0.061345 0.343538
v 0.585964 -0.042216 0.284784
v 0.535573 0.005475 0.392188
v 0.527016 -0.053311 0.379306
v 0.509221 -0.009956 0.418575
v 0.524875 0.059926 0.379432
v 0.509011 0.020754 0.418327
v 0.605964 0.025217 0.268407
v 0.605638 -0.018737 0.266028
v -0.538783 0.038610 -0.367879
v -0.567648 0.021747 -0.308007
v -0.537557 0.064960 -0.357547
v -0.567124 0.045086 -0.288453
v -0.529893 -0.033321 -0.359716
v -0.564645 -0.019583 -0.306013
v -0.522957 -0.059912 -0.344394
v -0.561460 -0.043737 -0.285095
v -0.518200 0.003623 -0.399980
v -0.504328 -0.052075 -0.380143
v -0.494782 -0.010910 -0.426040
v -0.517478 0.061021 -0.394547
v -0.498539 0.020308 -0.430963
v -0.578408 0.022923 -0.263483
v -0.575561 -0.022125 -0.262299
v -0.554554 0.038615 0.359685
v -0.589939 0.023741 0.306021
v -0.545015 0.066495 0.345589
v -0.586382 0.048020 0.288334
v -0.556085 -0.029386 0.357635
v -0.589923 -0.016261 0.303948
v -0.545273 -0.061513 0.343570
v -0.585885 -0.042276 0.284702
v -0.535592 0.005533 0.392216
v -0.526860 -0.053263 0.379355
v -0.509197 -0.009974 0.418523
v -0.525073 0.059771 0.379409
v -0.509097 0.020922 0.418492
v -0.606106 0.025163 0.268356
v -0.605579 -0.018799 0.266042
v -0.062752 0.431687 -0.031955
v -0.062308 0.480241 -0.119739
v -0.104547 0.426320 -0.030000
v -0.103432 0.472804 -0.117268
v 0.062628 0.431565 -0.032175
v 0.062164 0.479996 -0.119802
v 0.104781 0.425993 -0.029935
v 0.103695 0.472882 -0.117163
v 0.000071 0.414029 0.009954
v -0.084267 0.408871 0.012273
v -0.021322 0.394369 0.054002
v 0.000059 0.514395 -0.165597
v -0.083558 0.505110 -0.163324
v -0.021603 0.548054 -0.211333
v 0.084635 0.408696 0.012137
v 0.021498 0.394229 0.053626
v 0.083266 0.505065 -0.163526
v 0.021758 0.547994 -0.211381
v -0.178793 0.323588 0.190973
v -0.249610 0.297530 0.233463
v -0.197126 0.337255 0.145983
v -0.266013 0.308478 0.187093
v -0.116341 0.282437 0.331373
v -0.188246 0.263255 0.376492
v -0.093405 0.268920 0.378854
v -0.165023 0.252108 0.425528
v -0.113924 0.314398 0.237493
v -0.154111 0.344104 0.146137
v -0.089427 0.334461 0.190834
v -0.258776 0.268746 0.326128
v -0.293809 0.289895 0.229101
v -0.304068 0.262503 0.320050
v -0.069654 0.284619 0.331769
v -0.068304 0.318484 0.237627
v -0.212324 0.249346 0.421361
v -0.285344 0.252962 0.370276
v -0.195720 0.624591 -0.351908
v -0.300620 0.623797 -0.375214
v -0.207838 0.567626 -0.291442
v -0.294673 0.552070 -0.309403
v -0.166148 0.712144 -0.504508
v -0.230604 0.601775 -0.523827
v -0.130562 0.659984 -0.553136
v -0.206052 0.579951 -0.575232
v -0.171955 0.810471 -0.407496
v -0.162060 0.596697 -0.303544
v -0.114409 0.690062 -0.356906
v -0.334006 0.593992 -0.456541
v -0.357317 0.565346 -0.339558
v -0.431306 0.584749 -0.446372
v -0.107364 0.704995 -0.505220
v -0.100602 0.732795 -0.406372
v -0.250090 0.542698 -0.549149
v -0.337081 0.531916 -0.476940
v -0.403058 0.322050 -0.207237
v -0.455090 0.271157 -0.121123
v -0.384419 0.348354 -0.187205
v -0.433453 0.295333 -0.100863
v -0.465460 0.211138 -0.272971
v -0.512135 0.174688 -0.191243
v -0.487517 0.171342 -0.296484
v -0.530582 0.139131 -0.216381
v -0.406141 0.296081 -0.280760
v -0.368205 0.370422 -0.240633
v -0.366899 0.348237 -0.311433
v -0.508878 0.207823 -0.112562
v -0.471101 0.264061 -0.065971
v -0.523054 0.206882 -0.059040
v -0.452683 0.210494 -0.325626
v -0.390677 0.299930 -0.333439
v -0.542863 0.141039 -0.163377
v -0.538846 0.175572 -0.084889
v -0.449250 0.250157 0.188214
v -0.486049 0.241354 0.125908
v -0.423912 0.267922 0.155367
v -0.458998 0.261492 0.095215
v -0.501817 0.188598 0.270044
v -0.541804 0.169072 0.203502
v -0.511671 0.158939 0.290714
v -0.552586 0.137307 0.225090
v -0.457772 0.228083 0.265317
v -0.413779 0.261092 0.201593
v -0.422755 0.239085 0.282013
v -0.533288 0.198921 0.134026
v -0.487267 0.245676 0.079319
v -0.536090 0.200879 0.087458
v -0.484881 0.184370 0.314547
v -0.440976 0.223510 0.311889
v -0.564390 0.141179 0.181052
v -0.554280 0.172077 0.111609
v 0.178813 0.323711 0.191012
v 0.249437 0.297436 0.233522
v 0.197079 0.336962 0.146102
v 0.266292 0.308957 0.186815
v 0.116683 0.282004 0.331053
v 0.188626 0.263053 0.376758
v 0.093471 0.268853 0.379131
v 0.164853 0.252594 0.424824
v 0.113767 0.314570 0.237000
v 0.153903 0.344024 0.146316
v 0.089872 0.334058 0.191187
v 0.069636 0.284709 0.331839
v 0.068492 0.317843 0.237656
v 0.258037 0.268743 0.325411
v 0.294448 0.289650 0.229134
v 0.304750 0.262332 0.320423
v 0.212429 0.249463 0.421272
v 0.285755 0.253000 0.370570
v 0.195806 0.624700 -0.351703
v 0.300650 0.623527 -0.374887
v 0.207481 0.567180 -0.291371
v 0.294405 0.551833 -0.309959
v 0.166101 0.712449 -0.504611
v 0.231076 0.601433 -0.523611
v 0.130322 0.659617 -0.553308
v 0.205819 0.579297 -0.574568
v 0.171862 0.810787 -0.407417
v 0.162189 0.596800 -0.303531
v 0.114502 0.690122 -0.356988
v 0.107439 0.704943 -0.505186
v 0.100653 0.732641 -0.406247
v 0.333993 0.593655 -0.456436
v 0.357414 0.565290 -0.339627
v 0.430957 0.584575 -0.446267
v 0.250128 0.542373 -0.548705
v 0.336815 0.531889 -0.476933
v 0.403322 0.321866 -0.207149
v 0.455280 0.271116 -0.120701
v 0.384511 0.348447 -0.187451
v 0.433217 0.295627 -0.101020
v 0.465343 0.211555 -0.273163
v 0.511944 0.174885 -0.191516
v 0.487622 0.171308 -0.296542
v 0.530468 0.139218 -0.216387
v 0.406159 0.295969 -0.281021
v 0.368217 0.370167 -0.240139
v 0.367201 0.348294 -0.311557
v 0.508573 0.207976 -0.112630
v 0.471446 0.263995 -0.065962
v 0.523022 0.206831 -0.058940
v 0.452857 0.210007 -0.325454
v 0.390961 0.299974 -0.333461
v 0.542402 0.141474 -0.163575
v 0.538815 0.175528 -0.084851
v 0.449279 0.250174 0.188149
v 0.486093 0.241330 0.125971
v 0.423946 0.267799 0.155347
v 0.458881 0.261537 0.095283
v 0.501748 0.188532 0.270035
v 0.541903 0.169117 0.203539
v 0.511908 0.158955 0.290821
v 0.552704 0.137401 0.225011
v 0.457739 0.228125 0.265370
v 0.413844 0.261144 0.201567
v 0.422751 0.239083 0.282031
v 0.533263 0.198939 0.133990
v 0.487188 0.245661 0.079357
v 0.536144 0.200773 0.087464
v 0.484943 0.184294 0.314388
v 0.440920 0.223535 0.311928
v 0.564538 0.141158 0.181105
v 0.554298 0.172385 0.111594
v -0.075637 -0.604074 0.055487
v -0.086291 -0.634621 -0.038491
v -0.124220 -0.601306 0.044259
v -0.135145 -0.678118 -0.038267
v 0.075496 -0.603768 0.055170
v 0.085618 -0.634278 -0.038631
v 0.123719 -0.601490 0.044364
v 0.134577 -0.677465 -0.038776
v -0.000053 -0.596039 0.115453
v -0.096190 -0.586111 0.102979
v -0.024090 -0.591510 0.172806
v -0.000340 -0.594757 -0.077652
v -0.109731 -0.683460 -0.085465
v -0.037712 -0.588218 -0.121022
v 0.096166 -0.586365 0.103508
v 0.024079 -0.591584 0.172582
v 0.108668 -0.682439 -0.085499
v 0.036790 -0.587925 -0.121046
v -0.200073 -0.564810 0.359430
v -0.284142 -0.547162 0.372872
v -0.220617 -0.556140 0.275128
v -0.295870 -0.526992 0.300454
v -0.151693 -0.798813 0.523801
v -0.296201 -0.736938 0.584753
v -0.113349 -0.773271 0.615336
v -0.261017 -0.732887 0.661468
v -0.138127 -0.650816 0.414860
v -0.171499 -0.571195 0.289501
v -0.096502 -0.594558 0.366653
v -0.310434 -0.576462 0.467877
v -0.322691 -0.511524 0.337030
v -0.334090 -0.508695 0.427300
v -0.088561 -0.711352 0.531527
v -0.080638 -0.641955 0.416630
v -0.317176 -0.644855 0.618514
v -0.328962 -0.533285 0.491506
v -0.230842 -0.660554 -0.301628
v -0.287736 -0.524509 -0.288086
v -0.271622 -0.732023 -0.272036
v -0.338267 -0.576651 -0.270158
v -0.117088 -0.434067 -0.331754
v -0.174363 -0.364573 -0.345415
v -0.089088 -0.384590 -0.359523
v -0.147597 -0.325165 -0.383405
v -0.130162 -0.550587 -0.289679
v -0.192567 -0.736648 -0.274680
v -0.107623 -0.594381 -0.259392
v -0.246833 -0.391802 -0.312279
v -0.326065 -0.479992 -0.269906
v -0.281764 -0.362105 -0.299397
v -0.070365 -0.435128 -0.333308
v -0.077852 -0.534057 -0.281685
v -0.188892 -0.313150 -0.378893
v -0.253043 -0.325643 -0.332045
v -0.407001 -0.297257 -0.164551
v -0.446098 -0.268390 -0.095339
v -0.389172 -0.344971 -0.138039
v -0.425359 -0.311052 -0.068462
v -0.473310 -0.176947 -0.256508
v -0.512401 -0.157541 -0.182469
v -0.494226 -0.144964 -0.286461
v -0.530814 -0.126193 -0.211227
v -0.415219 -0.242623 -0.241418
v -0.377828 -0.333905 -0.184484
v -0.379997 -0.271160 -0.256882
v -0.499685 -0.197659 -0.102211
v -0.454250 -0.274462 -0.047307
v -0.508613 -0.201786 -0.052169
v -0.462391 -0.168176 -0.307224
v -0.400968 -0.230492 -0.288892
v -0.540933 -0.130274 -0.159222
v -0.531503 -0.166165 -0.079332
v -0.430420 -0.341743 0.214921
v -0.461719 -0.294860 0.139910
v -0.414122 -0.378726 0.191021
v -0.441573 -0.332022 0.116846
v -0.481029 -0.222529 0.275101
v -0.525009 -0.182650 0.202893
v -0.496870 -0.181512 0.292707
v -0.544794 -0.145278 0.222795
v -0.436453 -0.306404 0.285802
v -0.406231 -0.385022 0.243589
v -0.410001 -0.352068 0.317814
v -0.510129 -0.217804 0.136725
v -0.465671 -0.290665 0.092691
v -0.515678 -0.214285 0.090116
v -0.465902 -0.221310 0.320378
v -0.422901 -0.309045 0.334986
v -0.556737 -0.144916 0.178277
v -0.538807 -0.179738 0.111700
v 0.200301 -0.565266 0.359586
v 0.283765 -0.547134 0.372711
v 0.220602 -0.556372 0.275120
v 0.295959 -0.526871 0.300317
v 0.150306 -0.797501 0.522264
v 0.294703 -0.739807 0.582995
v 0.111147 -0.771872 0.613071
v 0.260936 -0.735421 0.659825
v 0.137841 -0.650650 0.414730
v 0.171335 -0.570165 0.289159
v 0.097186 -0.594693 0.366910
v 0.088035 -0.710631 0.530620
v 0.080656 -0.641483 0.416208
v 0.309552 -0.577190 0.467859
v 0.322692 -0.511511 0.337211
v 0.334085 -0.508984 0.427469
v 0.316878 -0.646924 0.617720
v 0.328462 -0.533630 0.490769
v 0.230561 -0.660979 -0.301750
v 0.287554 -0.524667 -0.288344
v 0.271190 -0.732343 -0.272056
v 0.338204 -0.576993 -0.270260
v 0.116997 -0.434332 -0.332339
v 0.174206 -0.364594 -0.345469
v 0.088707 -0.384768 -0.358982
v 0.147491 -0.325051 -0.383454
v 0.129859 -0.550541 -0.289402
v 0.191745 -0.736503 -0.274377
v 0.106705 -0.594132 -0.259295
v 0.070482 -0.435571 -0.333297
v 0.077184 -0.534302 -0.281370
v 0.246834 -0.391865 -0.312697
v 0.326226 -0.479902 -0.270159
v 0.281796 -0.361894 -0.299628
v 0.188899 -0.313118 -0.378905
v 0.253162 -0.325566 -0.332120
v 0.406873 -0.297358 -0.164348
v 0.446147 -0.268550 -0.095489
v 0.389494 -0.344986 -0.138078
v 0.425355 -0.310957 -0.068456
v 0.473813 -0.176885 -0.256912
v 0.511960 -0.157908 -0.182448
v 0.494312 -0.144952 -0.286441
v 0.531051 -0.126236 -0.211353
v 0.414936 -0.242623 -0.241246
v 0.378132 -0.334099 -0.184655
v 0.379901 -0.270826 -0.256987
v 0.499730 -0.197188 -0.102192
v 0.454308 -0.274517 -0.047361
v 0.508798 -0.201552 -0.052142
v 0.462516 -0.168151 -0.307281
v 0.401115 -0.230455 -0.288632
v 0.541194 -0.130504 -0.159252
v 0.531675 -0.165752 -0.079283
v 0.431037 -0.341557 0.215115
v 0.462331 -0.294248 0.139946
v 0.414215 -0.378885 0.191198
v 0.441432 -0.332283 0.116550
v 0.481140 -0.222573 0.274887
v 0.524937 -0.182778 0.202869
v 0.496863 -0.181576 0.292480
v 0.543944 -0.145314 0.223178
v 0.436105 -0.306228 0.286234
v 0.406295 -0.385068 0.243540
v 0.409939 -0.351959 0.317616
v 0.510799 -0.217451 0.136222
v 0.465046 -0.290956 0.092716
v 0.515249 -0.214506 0.090098
v 0.465974 -0.221090 0.320339
v 0.423005 -0.308793 0.335297
v 0.556665 -0.145031 0.178233
v 0.539280 -0.179614 0.111710
v 0.048653 -0.081017 0.738352
v -0.048667 -0.081406 0.737448
v 0.049434 -0.139451 0.764413
v -0.049579 -0.139332 0.764118
v 0.042961 0.064785 0.639648
v -0.042940 0.064419 0.639675
v 0.041957 0.111163 0.619119
v -0.041568 0.110910 0.619074
v 0.090660 -0.007273 0.673470
v 0.098372 -0.112169 0.732372
v 0.137486 -0.033446 0.672904
v -0.090468 -0.007535 0.673324
v -0.098446 -0.112294 0.731481
v -0.137583 -0.033423 0.673442
v 0.084979 0.088117 0.621556
v 0.132406 0.015961 0.645817
v -0.084579 0.087715 0.622809
v -0.132434 0.016330 0.646429
v 0.299824 -0.320475 0.610940
v 0.265114 -0.230025 0.639371
v 0.275633 -0.364883 0.657178
v 0.230591 -0.265579 0.675339
v 0.386698 -0.192209 0.492439
v 0.367276 -0.122805 0.531553
v 0.420140 -0.153968 0.459625
v 0.403832 -0.088958 0.500472
v 0.351036 -0.291791 0.525774
v 0.304428 -0.390755 0.616656
v 0.347695 -0.352383 0.522583
v 0.410006 -0.204211 0.451657
v 0.371540 -0.301963 0.480401
v 0.299672 -0.136060 0.596886
v 0.230247 -0.201783 0.672373
v 0.264498 -0.111625 0.625807
v 0.373857 -0.070695 0.531914
v 0.301402 -0.080976 0.591015
v -0.299844 -0.320186 0.610761
v -0.265116 -0.229848 0.639293
v -0.275249 -0.365142 0.657157
v -0.230324 -0.265565 0.675290
v -0.386806 -0.192205 0.492431
v -0.367417 -0.122925 0.531555
v -0.419935 -0.154133 0.459578
v -0.403440 -0.089378 0.500588
v -0.350902 -0.291346 0.525911
v -0.304042 -0.390318 0.616671
v -0.347323 -0.352093 0.522225
v -0.409676 -0.203996 0.452019
v -0.371786 -0.301617 0.480366
v -0.299777 -0.135754 0.597250
v -0.229362 -0.201693 0.670850
v -0.264845 -0.111436 0.625805
v -0.373906 -0.070569 0.531856
v -0.301521 -0.080632 0.590821
v 0.268580 0.210631 0.522421
v 0.240220 0.172987 0.551740
v 0.226169 0.219128 0.536434
v 0.199434 0.198262 0.565813
v 0.386357 0.152921 0.464273
v 0.362552 0.102742 0.502954
v 0.422669 0.128799 0.442591
v 0.403382 0.080843 0.485018
v 0.341343 0.203874 0.475833
v 0.259574 0.222426 0.509179
v 0.331943 0.219324 0.459030
v 0.414240 0.161420 0.430661
v 0.370627 0.208535 0.440101
v 0.286270 0.107560 0.545215
v 0.203946 0.158048 0.571498
v 0.249201 0.087195 0.569630
v 0.369177 0.062236 0.512368
v 0.290786 0.062980 0.555643
v -0.268534 0.210627 0.522312
v -0.240207 0.173054 0.551675
v -0.226228 0.219210 0.536244
v -0.199516 0.198986 0.565725
v -0.386328 0.153080 0.464160
v -0.362624 0.102730 0.502804
v -0.422302 0.128301 0.442111
v -0.403407 0.080920 0.484818
v -0.341440 0.203950 0.475802
v -0.259582 0.222477 0.509175
v -0.331930 0.219366 0.459039
v -0.413997 0.161324 0.430432
v -0.370688 0.208562 0.440158
v -0.286159 0.107028 0.545138
v -0.204223 0.158626 0.571443
v -0.249459 0.087028 0.569878
v -0.369411 0.062522 0.512662
v -0.291074 0.062903 0.555914
v 0.044304 -0.048543 -0.635569
v -0.044526 -0.048488 -0.635781
v 0.042119 -0.100485 -0.610439
v -0.042105 -0.100753 -0.610894
v 0.055648 0.100409 -0.766050
v -0.055890 0.100824 -0.764262
v 0.058519 0.156123 -0.797081
v -0.058655 0.156652 -0.794932
v 0.097688 0.023530 -0.697128
v 0.085449 -0.073857 -0.620512
v 0.139523 -0.000513 -0.666110
v -0.098356 0.024036 -0.696869
v -0.085763 -0.073811 -0.620283
v -0.140052 -0.000019 -0.666317
v 0.116579 0.122277 -0.803403
v 0.151288 0.045163 -0.715858
v -0.116871 0.123710 -0.801280
v -0.151685 0.045632 -0.715892
v 0.254617 -0.193964 -0.509130
v 0.233205 -0.159513 -0.545010
v 0.213167 -0.207547 -0.521788
v 0.190837 -0.178180 -0.554700
v 0.373293 -0.136961 -0.461922
v 0.352111 -0.086338 -0.505058
v 0.410003 -0.115442 -0.443104
v 0.389947 -0.064243 -0.488145
v 0.323451 -0.184767 -0.464228
v 0.241994 -0.214478 -0.491991
v 0.309040 -0.209833 -0.443432
v 0.400300 -0.146700 -0.429624
v 0.348898 -0.193521 -0.428968
v 0.281324 -0.091960 -0.548485
v 0.197713 -0.140039 -0.565076
v 0.248038 -0.070463 -0.575459
v 0.360867 -0.045764 -0.520656
v 0.290148 -0.046968 -0.567469
v -0.254596 -0.193868 -0.509202
v -0.233143 -0.159375 -0.544901
v -0.213100 -0.207499 -0.521851
v -0.190784 -0.178228 -0.554726
v -0.373155 -0.136723 -0.461884
v -0.352369 -0.086501 -0.505494
v -0.409888 -0.115242 -0.443099
v -0.390214 -0.064606 -0.488239
v -0.323432 -0.184901 -0.464235
v -0.241962 -0.214481 -0.492032
v -0.308849 -0.209881 -0.443163
v -0.400323 -0.146674 -0.429615
v -0.348813 -0.193609 -0.428853
v -0.281307 -0.092123 -0.548555
v -0.197702 -0.139586 -0.565334
v -0.247983 -0.070286 -0.576003
v -0.361163 -0.046584 -0.520713
v -0.290200 -0.047081 -0.567870
v 0.298051 0.306366 -0.630366
v 0.297003 0.235866 -0.711132
v 0.262812 0.344306 -0.660898
v 0.257189 0.270404 -0.743567
v 0.408945 0.189759 -0.530216
v 0.386151 0.129305 -0.573591
v 0.440152 0.152086 -0.493747
v 0.416306 0.097473 -0.534216
v 0.348301 0.279778 -0.544385
v 0.283665 0.362675 -0.609833
v 0.329529 0.334372 -0.525863
v 0.419990 0.197242 -0.479258
v 0.359575 0.289114 -0.492642
v 0.330089 0.144765 -0.661779
v 0.272164 0.213354 -0.767132
v 0.298277 0.121589 -0.699259
v 0.389126 0.081947 -0.570434
v 0.323150 0.093112 -0.643964
v -0.298045 0.306467 -0.630796
v -0.296612 0.235491 -0.710938
v -0.262880 0.344649 -0.661638
v -0.257417 0.270614 -0.744388
v -0.409078 0.189677 -0.530281
v -0.386399 0.129283 -0.573926
v -0.440760 0.152193 -0.493720
v -0.416157 0.097533 -0.533953
v -0.348387 0.279842 -0.544897
v -0.283649 0.362929 -0.610501
v -0.328977 0.334174 -0.526136
v -0.420067 0.197435 -0.479272
v -0.359409 0.289218 -0.492668
v -0.329680 0.144516 -0.661521
v -0.272210 0.213088 -0.767514
v -0.297941 0.121416 -0.699188
v -0.389115 0.081684 -0.570313
v -0.322401 0.093110 -0.642630
v 0.630884 0.026033 -0.058117
v 0.626752 -0.025472 -0.059147
v 0.616518 0.025401 -0.110474
v 0.612482 -0.025281 -0.110997
v 0.639712 0.027555 0.089742
v 0.637944 -0.025030 0.088415
v 0.635769 0.027408 0.137502
v 0.634304 -0.024168 0.135733
v 0.634675 0.054046 0.017696
v 0.616532 0.052245 -0.083533
v 0.617591 0.082846 -0.006553
v 0.626620 0.055156 0.113534
v 0.615343 0.084102 0.041579
v 0.630184 -0.052309 0.015760
v 0.608983 -0.051550 -0.084896
v 0.611909 -0.079774 -0.008419
v 0.624187 -0.052161 0.111062
v 0.612979 -0.080851 0.039739
v -0.630895 0.025994 -0.058117
v -0.626701 -0.025501 -0.059188
v -0.616390 0.025418 -0.110508
v -0.612506 -0.025251 -0.111018
v -0.639728 0.027541 0.089786
v -0.637995 -0.025017 0.088370
v -0.635816 0.027411 0.137536
v -0.634345 -0.024158 0.135746
v -0.634685 0.054073 0.017752
v -0.616520 0.052252 -0.083556
v -0.617545 0.082859 -0.006548
v -0.626710 0.055039 0.113598
v -0.615426 0.084086 0.041627
v -0.630221 -0.052286 0.015698
v -0.609114 -0.051606 -0.084894
v -0.612020 -0.079732 -0.008529
v -0.624211 -0.052185 0.111064
v -0.613000 -0.080912 0.039690
v -0.166683 0.394158 0.016693
v -0.190017 0.371598 0.060100
v -0.165859 0.481179 -0.154657
v -0.189625 0.499535 -0.195847
v -0.149115 0.379853 0.058377
v -0.148135 0.518143 -0.203907
v -0.319867 0.309535 0.137046
v -0.358167 0.298631 0.129862
v -0.347956 0.289789 0.175269
v -0.311572 0.451783 -0.229271
v -0.336665 0.408210 -0.199177
v -0.331534 0.444169 -0.256593
v -0.419829 0.302329 -0.032203
v -0.425675 0.291895 0.015667
v -0.453465 0.275783 0.000615
v 0.167196 0.394177 0.016857
v 0.190036 0.371802 0.060078
v 0.166042 0.480981 -0.154311
v 0.189540 0.499381 -0.195329
v 0.149052 0.380024 0.058419
v 0.148067 0.518138 -0.203887
v 0.320542 0.309549 0.137099
v 0.358175 0.298725 0.129888
v 0.348261 0.289834 0.175236
v 0.311943 0.451752 -0.228974
v 0.336519 0.408192 -0.199408
v 0.331995 0.444201 -0.256539
v 0.420053 0.302128 -0.032434
v 0.425680 0.291764 0.015425
v 0.453547 0.275792 0.000619
v -0.191295 -0.568454 0.082279
v -0.215274 -0.559707 0.144407
v -0.233292 -0.785067 -0.080804
v -0.273304 -0.787901 -0.153916
v -0.167984 -0.570194 0.153067
v -0.189206 -0.799556 -0.149826
v -0.354087 -0.491254 0.212331
v -0.378595 -0.455012 0.188777
v -0.369632 -0.462604 0.246455
v -0.362829 -0.517390 -0.179211
v -0.369525 -0.454234 -0.146991
v -0.360811 -0.446939 -0.195721
v -0.417077 -0.362407 -0.000686
v -0.421468 -0.366023 0.045122
v -0.440076 -0.323564 0.023187
v 0.191078 -0.568381 0.082903
v 0.215338 -0.559130 0.144372
v 0.231287 -0.785893 -0.081637
v 0.272232 -0.788395 -0.153976
v 0.167917 -0.570012 0.152621
v 0.185723 -0.799148 -0.150413
v 0.354326 -0.490819 0.212337
v 0.378715 -0.454691 0.189037
v 0.369518 -0.462499 0.245985
v 0.362603 -0.517347 -0.179140
v 0.369479 -0.453861 -0.146891
v 0.360763 -0.447160 -0.195519
v 0.417021 -0.362118 -0.000873
v 0.421201 -0.366157 0.045139
v 0.440018 -0.323315 0.022998
v -0.034535 -0.622564 0.624429
v 0.034218 -0.622294 0.623846
v -0.232780 -0.569660 0.698223
v -0.236463 -0.482122 0.690478
v 0.000143 -0.616816 0.573812
v -0.286526 -0.527966 0.673170
v 0.233141 -0.570710 0.698328
v 0.236732 -0.482767 0.690534
v 0.286775 -0.528570 0.673113
v 0.098134 -0.232694 0.739858
v 0.145616 -0.265743 0.723237
v -0.098425 -0.232879 0.740495
v -0.145642 -0.265586 0.723260
v 0.148554 -0.202456 0.729210
v -0.148710 -0.202270 0.729397
v -0.023355 0.257950 0.425734
v 0.023220 0.256869 0.426502
v -0.159036 0.234933 0.510679
v -0.172787 0.229628 0.534303
v 0.000065 0.271000 0.379051
v -0.204264 0.233027 0.501484
v 0.159036 0.234883 0.510684
v 0.172857 0.229601 0.534223
v 0.204241 0.233028 0.501436
v 0.079886 0.177635 0.596263
v 0.118644 0.196974 0.586031
v -0.079747 0.177616 0.596515
v -0.118580 0.196587 0.586117
v 0.122170 0.155923 0.593805
v -0.122042 0.155154 0.594035
v -0.021449 -0.341916 -0.392069
v 0.021089 -0.341858 -0.392066
v -0.140502 -0.262170 -0.466571
v -0.157529 -0.234321 -0.507243
v 0.000238 -0.387991 -0.361792
v -0.182028 -0.253916 -0.461975
v 0.140475 -0.262160 -0.466574
v 0.157489 -0.234303 -0.507236
v 0.182104 -0.253721 -0.462118
v 0.078454 -0.178303 -0.587443
v 0.114132 -0.191244 -0.577164
v -0.078599 -0.178818 -0.587413
v -0.114167 -0.191340 -0.577227
v 0.119359 -0.147965 -0.586533
v -0.119285 -0.147635 -0.586545
v -0.033677 0.632738 -0.611090
v 0.033705 0.632690 -0.611168
v -0.203587 0.501564 -0.651395
v -0.214303 0.440290 -0.667652
v 0.000048 0.675875 -0.574338
v -0.239571 0.463074 -0.622327
v 0.203917 0.501529 -0.651230
v 0.214619 0.440301 -0.667512
v 0.239340 0.462637 -0.621299
v 0.115781 0.244525 -0.807452
v 0.165139 0.272940 -0.788125
v -0.115601 0.245266 -0.807141
v -0.164772 0.273228 -0.788040
v 0.175738 0.216146 -0.814988
v -0.175755 0.216831 -0.814928
v 0.500880 0.125660 -0.369549
v 0.487366 0.122178 -0.415679
v 0.572305 0.075287 -0.215287
v 0.590186 0.049490 -0.189138
v 0.465858 0.163885 -0.397898
v 0.584239 0.077911 -0.162616
v 0.487231 -0.110069 -0.348710
v 0.466878 -0.102945 -0.387289
v 0.565445 -0.073281 -0.212901
v 0.583914 -0.049042 -0.188244
v 0.456587 -0.132446 -0.370554
v 0.576877 -0.075762 -0.161878
v 0.437662 -0.008972 -0.481746
v 0.445890 0.028172 -0.493327
v 0.409110 0.013310 -0.517118
v 0.503991 0.122309 0.349687
v 0.482637 0.114630 0.386732
v 0.590940 0.079490 0.226033
v 0.616042 0.052366 0.206081
v 0.473124 0.146984 0.372109
v 0.602197 0.082010 0.182429
v 0.495465 -0.134924 0.351480
v 0.476273 -0.128010 0.391662
v 0.589498 -0.076915 0.222079
v 0.614870 -0.047662 0.202037
v 0.462525 -0.172438 0.378541
v 0.600715 -0.078798 0.178525
v 0.451544 -0.013028 0.477055
v 0.451404 0.024596 0.474406
v 0.418669 0.004828 0.503368
v -0.501114 0.125606 -0.369507
v -0.487442 0.122148 -0.415704
v -0.572266 0.075267 -0.215246
v -0.590118 0.049465 -0.189101
v -0.466040 0.163804 -0.398076
v -0.584170 0.077887 -0.162572
v -0.487370 -0.110061 -0.348921
v -0.466979 -0.102962 -0.387246
v -0.565506 -0.073357 -0.212920
v -0.583986 -0.049051 -0.188244
v -0.456596 -0.132345 -0.370644
v -0.576984 -0.075886 -0.161866
v -0.436793 -0.008607 -0.481785
v -0.446154 0.028203 -0.493378
v -0.409035 0.013155 -0.516704
v -0.503644 0.122034 0.349582
v -0.481808 0.114415 0.386172
v -0.590325 0.079491 0.225895
v -0.616101 0.052225 0.206048
v -0.473143 0.147248 0.372237
v -0.602307 0.081924 0.182468
v -0.495431 -0.135208 0.351318
v -0.476221 -0.128014 0.391501
v -0.589499 -0.076877 0.221973
v -0.614861 -0.047685 0.202030
v -0.462520 -0.172468 0.378797
v -0.600775 -0.078815 0.178401
v -0.451522 -0.013048 0.477060
v -0.451469 0.024634 0.474591
v -0.418585 0.004749 0.503455
v -0.021874 0.356836 0.143593
v 0.022162 0.356647 0.143862
v 0.000258 0.337969 0.190365
v -0.025619 0.628657 -0.306778
v 0.025865 0.628269 -0.306266
v 0.000083 0.665576 -0.355903
v -0.368665 0.241599 0.346201
v -0.346273 0.235521 0.392690
v -0.385050 0.228705 0.376243
v -0.340956 0.417479 -0.402437
v -0.332137 0.408122 -0.456536
v -0.342980 0.349718 -0.419614
v -0.558484 0.176003 0.018208
v -0.576756 0.145050 -0.006542
v -0.577653 0.144778 0.041636
v 0.368698 0.241586 0.346259
v 0.346227 0.235512 0.392676
v 0.385090 0.228791 0.376333
v 0.341564 0.417430 -0.402659
v 0.332706 0.407962 -0.456196
v 0.343092 0.350120 -0.419669
v 0.558527 0.176046 0.018290
v 0.576831 0.144943 -0.006527
v 0.577364 0.144669 0.041553
v -0.023971 -0.597966 0.296882
v 0.024426 -0.597995 0.297092
v 0.000377 -0.610893 0.358270
v -0.030872 -0.574470 -0.206768
v 0.030584 -0.574244 -0.206636
v -0.000550 -0.554320 -0.244469
v -0.371872 -0.407885 0.406269
v -0.358915 -0.413308 0.462261
v -0.381625 -0.358808 0.421540
v -0.327552 -0.280735 -0.314805
v -0.308293 -0.261057 -0.359570
v -0.346959 -0.240785 -0.348625
v -0.547843 -0.171314 0.019463
v -0.572313 -0.137403 -0.005931
v -0.572323 -0.140807 0.041227
v 0.372025 -0.408067 0.407025
v 0.358648 -0.413439 0.462291
v 0.381899 -0.358728 0.421330
v 0.327532 -0.280383 -0.314861
v 0.308463 -0.261889 -0.359355
v 0.347056 -0.240526 -0.348673
v 0.548040 -0.171296 0.019622
v 0.572403 -0.137494 -0.005940
v 0.572318 -0.140813 0.041399
v 0.220804 -0.033987 0.630185
v 0.215638 0.015649 0.611091
v 0.258217 -0.008048 0.597611
v -0.220844 -0.034014 0.630208
v -0.215428 0.015445 0.611116
v -0.257639 -0.008192 0.597464
v 0.224749 -0.000379 -0.636091
v 0.239710 0.046055 -0.678053
v 0.269825 0.022541 -0.631684
v -0.224668 0.000318 -0.635908
v -0.239538 0.046378 -0.677644
v -0.269917 0.022774 -0.631411
f 1 647 644
f 1 644 643
f 1 643 645
f 1 645 646
f 1 646 647
f 2 649 652
f 6 672 670
f 12 702 699
f 11 696 695
f 8 679 681
f 4 662 659
f 4 659 658
f 4 658 660
f 4 660 661
f 4 661 662
f 5 666 665
f 3 654 657
f 7 673 677
f 9 685 686
f 10 692 688
f 12 701 698
f 6 669 668
f 2 650 648
f 8 682 678
f 11 697 693
f 6 671 669
f 12 700 701
f 11 694 697
f 8 680 682
f 2 651 650
f 10 690 689
f 5 663 664
f 3 655 653
f 7 676 674
f 9 687 684
f 10 691 690
f 5 667 663
f 3 656 655
f 7 675 676
f 9 683 687
f 6 668 672
f 2 648 649
f 8 678 679
f 11 693 696
f 12 698 702
f 10 688 691
f 5 665 667
f 3 657 656
f 7 677 675
f 9 686 683
f 5 664 666
f 3 653 654
f 7 674 673
f 9 684 685
f 10 689 692
f 6 670 671
f 12 699 700
f 11 695 694
f 8 681 680
f 2 652 651
f 35 837 838
f 18 735 736
f 19 742 741
f 40 868 867
f 42 880 879
f 34 832 831
f 33 827 828
f 25 778 780
f 36 844 846
f 20 749 747
f 32 819 820
f 23 765 767
f 24 773 771
f 37 850 849
f 41 876 875
f 34 833 834
f 33 826 825
f 25 779 777
f 36 845 843
f 20 748 750
f 17 729 727
f 14 711 709
f 13 706 703
f 15 718 715
f 16 724 721
f 18 737 733
f 35 839 835
f 42 882 878
f 40 870 866
f 19 744 740
f 30 807 805
f 27 789 787
f 22 762 758
f 28 797 793
f 29 802 799
f 32 821 817
f 23 766 763
f 24 774 770
f 37 852 848
f 41 874 872
f 35 838 836
f 18 736 734
f 19 741 739
f 40 867 865
f 42 879 877
f 34 831 829
f 33 828 824
f 25 780 776
f 36 846 842
f 20 747 745
f 32 820 818
f 23 767 764
f 24 771 769
f 37 849 847
f 41 875 871
f 34 834 830
f 33 825 823
f 25 777 775
f 36 843 841
f 20 750 746
f 14 714 710
f 13 707 704
f 15 719 716
f 16 725 722
f 17 732 728
f 21 755 752
f 31 814 811
f 26 784 781
f 38 857 853
f 39 862 860
f 27 792 788
f 22 759 757
f 28 796 794
f 29 803 800
f 30 810 806
f 31 815 812
f 26 785 782
f 38 856 854
f 39 863 859
f 21 754 751
f 14 712 714
f 13 705 707
f 15 717 719
f 16 723 725
f 17 730 732
f 21 753 755
f 31 816 814
f 26 786 784
f 38 858 857
f 39 861 862
f 27 791 792
f 22 761 759
f 28 795 796
f 29 801 803
f 30 808 810
f 31 813 815
f 26 783 785
f 38 855 856
f 39 864 863
f 21 756 754
f 14 709 712
f 13 703 705
f 15 715 717
f 16 721 723
f 17 727 730
f 21 751 753
f 31 812 816
f 26 782 786
f 38 854 858
f 39 859 861
f 27 787 791
f 22 758 761
f 28 793 795
f 29 799 801
f 30 805 808
f 31 811 813
f 26 781 783
f 38 853 855
f 39 860 864
f 21 752 756
f 17 728 731
f 14 710 713
f 13 704 708
f 15 716 720
f 16 722 726
f 18 734 738
f 35 836 840
f 42 877 881
f 40 865 869
f 19 739 743
f 30 806 809
f 27 788 790
f 22 757 760
f 28 794 798
f 29 800 804
f 32 818 822
f 23 764 768
f 24 769 772
f 37 847 851
f 41 871 873
f 35 835 837
f 18 733 735
f 19 740 742
f 40 866 868
f 42 878 880
f 34 830 832
f 33 823 827
f 25 775 778
f 36 841 844
f 20 746 749
f 32 817 819
f 23 763 765
f 24 770 773
f 37 848 850
f 41 872 876
f 34 829 833
f 33 824 826
f 25 776 779
f 36 842 845
f 20 745 748
f 17 731 729
f 14 713 711
f 13 708 706
f 15 720 718
f 16 726 724
f 18 738 737
f 35 840 839
f 42 881 882
f 40 869 870
f 19 743 744
f 30 809 807
f 27 790 789
f 22 760 762
f 28 798 797
f 29 804 802
f 32 822 821
f 23 768 766
f 24 772 774
f 37 851 852
f 41 873 874
f 107 1269 1270
f 103 1245 1246
f 104 1252 1251
f 110 1288 1287
f 113 1306 1305
f 118 1336 1335
f 154 1551 1552
f 141 1473 1474
f 162 1599 1600
f 121 1354 1353
f 142 1479 1480
f 129 1401 1402
f 130 1408 1407
f 144 1492 1491
f 146 1504 1503
f 151 1533 1534
f 131 1414 1413
f 136 1444 1443
f 161 1594 1593
f 126 1383 1384
f 116 1323 1324
f 108 1275 1276
f 106 1263 1264
f 112 1299 1300
f 115 1317 1318
f 119 1341 1342
f 156 1564 1563
f 139 1462 1461
f 160 1588 1587
f 120 1347 1348
f 149 1521 1522
f 132 1420 1419
f 128 1395 1396
f 145 1497 1498
f 148 1515 1516
f 155 1557 1558
f 133 1425 1426
f 134 1431 1432
f 157 1570 1569
f 124 1372 1371
f 109 1282 1281
f 105 1258 1257
f 111 1294 1293
f 114 1312 1311
f 117 1330 1329
f 125 1378 1377
f 152 1540 1539
f 137 1449 1450
f 158 1575 1576
f 123 1365 1366
f 143 1486 1485
f 127 1390 1389
f 135 1437 1438
f 147 1510 1509
f 150 1528 1527
f 153 1546 1545
f 140 1468 1467
f 138 1455 1456
f 159 1581 1582
f 122 1359 1360
f 107 1272 1271
f 103 1248 1247
f 104 1253 1254
f 110 1289 1290
f 113 1307 1308
f 118 1337 1338
f 154 1554 1553
f 141 1476 1475
f 162 1602 1601
f 121 1355 1356
f 142 1482 1481
f 129 1404 1403
f 130 1409 1410
f 144 1493 1494
f 146 1505 1506
f 151 1536 1535
f 131 1415 1416
f 136 1445 1446
f 161 1595 1596
f 126 1386 1385
f 47 909 907
f 44 891 889
f 43 886 883
f 45 898 895
f 46 904 901
f 49 922 919
f 72 1060 1057
f 102 1240 1237
f 96 1204 1201
f 79 1102 1099
f 62 999 997
f 59 981 979
f 58 976 973
f 60 988 985
f 61 994 991
f 66 1024 1021
f 54 952 949
f 73 1066 1063
f 85 1138 1135
f 92 1179 1177
f 101 1233 1231
f 69 1041 1039
f 50 927 925
f 82 1119 1117
f 97 1209 1207
f 71 1053 1051
f 100 1228 1225
f 94 1192 1189
f 80 1108 1105
f 51 933 931
f 90 1167 1165
f 63 1005 1003
f 55 957 955
f 76 1083 1081
f 87 1150 1147
f 91 1174 1171
f 67 1029 1027
f 56 963 961
f 75 1077 1075
f 83 1126 1123
f 68 1036 1033
f 48 915 913
f 78 1095 1093
f 93 1185 1183
f 98 1216 1213
f 88 1155 1153
f 65 1018 1015
f 57 970 967
f 77 1090 1087
f 86 1143 1141
f 64 1012 1009
f 53 945 943
f 74 1071 1069
f 84 1131 1129
f 89 1162 1159
f 70 1047 1045
f 99 1221 1219
f 95 1197 1195
f 81 1114 1111
f 52 940 937
f 109 1284 1280
f 105 1260 1256
f 111 1296 1292
f 114 1314 1310
f 117 1332 1328
f 125 1380 1376
f 152 1542 1538
f 137 1451 1447
f 158 1577 1573
f 123 1367 1363
f 143 1488 1484
f 127 1392 1388
f 135 1439 1435
f 147 1512 1508
f 150 1530 1526
f 153 1548 1544
f 140 1470 1466
f 138 1457 1453
f 159 1583 1579
f 122 1361 1357
f 107 1270 1268
f 103 1246 1244
f 104 1251 1249
f 110 1287 1285
f 113 1305 1303
f 118 1335 1333
f 154 1552 1550
f 141 1474 1472
f 162 1600 1598
f 121 1353 1351
f 142 1480 1478
f 129 1402 1400
f 130 1407 1405
f 144 1491 1489
f 146 1503 1501
f 151 1534 1532
f 131 1413 1411
f 136 1443 1441
f 161 1593 1591
f 126 1384 1382
f 116 1324 1322
f 108 1276 1274
f 106 1264 1262
f 112 1300 1298
f 115 1318 1316
f 119 1342 1340
f 156 1563 1561
f 139 1461 1459
f 160 1587 1585
f 120 1348 1346
f 149 1522 1520
f 132 1419 1417
f 128 1396 1394
f 145 1498 1496
f 148 1516 1514
f 155 1558 1556
f 133 1426 1424
f 134 1432 1430
f 157 1569 1567
f 124 1371 1369
f 109 1281 1279
f 105 1257 1255
f 111 1293 1291
f 114 1311 1309
f 117 1329 1327
f 125 1377 1375
f 152 1539 1537
f 137 1450 1448
f 158 1576 1574
f 123 1366 1364
f 143 1485 1483
f 127 1389 1387
f 135 1438 1436
f 147 1509 1507
f 150 1527 1525
f 153 1545 1543
f 140 1467 1465
f 138 1456 1454
f 159 1582 1580
f 122 1360 1358
f 107 1271 1267
f 103 1247 1243
f 104 1254 1250
f 110 1290 1286
f 113 1308 1304
f 118 1338 1334
f 154 1553 1549
f 141 1475 1471
f 162 1601 1597
f 121 1356 1352
f 142 1481 1477
f 129 1403 1399
f 130 1410 1406
f 144 1494 1490
f 146 1506 1502
f 151 1535 1531
f 131 1416 1412
f 136 1446 1442
f 161 1596 1592
f 126 1385 1381
f 44 894 890
f 43 887 884
f 45 899 896
f 46 905 902
f 47 912 908
f 52 941 938
f 70 1050 1046
f 99 1224 1220
f 95 1200 1196
f 81 1115 1112
f 59 984 980
f 58 977 974
f 60 989 986
f 61 995 992
f 62 1002 998
f 65 1019 1016
f 57 971 968
f 77 1091 1088
f 86 1146 1142
f 88 1158 1154
f 98 1217 1214
f 68 1037 1034
f 48 918 914
f 78 1098 1094
f 93 1188 1184
f 69 1044 1040
f 101 1236 1232
f 97 1212 1208
f 82 1122 1118
f 50 930 926
f 89 1163 1160
f 64 1013 1010
f 53 948 944
f 74 1074 1070
f 84 1134 1130
f 90 1170 1166
f 63 1008 1004
f 55 960 956
f 76 1086 1082
f 87 1151 1148
f 72 1061 1058
f 49 923 920
f 79 1103 1100
f 96 1205 1202
f 102 1241 1238
f 91 1175 1172
f 67 1032 1028
f 56 966 962
f 75 1080 1076
f 83 1127 1124
f 66 1025 1022
f 54 953 950
f 73 1067 1064
f 85 1139 1136
f 92 1182 1178
f 71 1056 1052
f 100 1229 1226
f 94 1193 1190
f 80 1109 1106
f 51 936 932
f 116 1325 1321
f 108 1277 1273
f 106 1265 1261
f 112 1301 1297
f 115 1319 1315
f 119 1343 1339
f 156 1566 1562
f 139 1464 1460
f 160 1590 1586
f 120 1349 1345
f 149 1523 1519
f 132 1422 1418
f 128 1397 1393
f 145 1499 1495
f 148 1517 1513
f 155 1559 1555
f 133 1427 1423
f 134 1433 1429
f 157 1572 1568
f 124 1374 1370
f 44 892 894
f 43 885 887
f 45 897 899
f 46 903 905
f 47 910 912
f 52 939 941
f 70 1048 1050
f 99 1222 1224
f 95 1198 1200
f 81 1113 1115
f 59 982 984
f 58 975 977
f 60 987 989
f 61 993 995
f 62 1000 1002
f 65 1017 1019
f 57 969 971
f 77 1089 1091
f 86 1144 1146
f 88 1156 1158
f 98 1215 1217
f 68 1035 1037
f 48 916 918
f 78 1096 1098
f 93 1186 1188
f 69 1042 1044
f 101 1234 1236
f 97 1210 1212
f 82 1120 1122
f 50 928 930
f 89 1161 1163
f 64 1011 1013
f 53 946 948
f 74 1072 1074
f 84 1132 1134
f 90 1168 1170
f 63 1006 1008
f 55 958 960
f 76 1084 1086
f 87 1149 1151
f 72 1059 1061
f 49 921 923
f 79 1101 1103
f 96 1203 1205
f 102 1239 1241
f 91 1173 1175
f 67 1030 1032
f 56 964 966
f 75 1078 1080
f 83 1125 1127
f 66 1023 1025
f 54 951 953
f 73 1065 1067
f 85 1137 1139
f 92 1180 1182
f 71 1054 1056
f 100 1227 1229
f 94 1191 1193
f 80 1107 1109
f 51 934 936
f 116 1326 1325
f 108 1278 1277
f 106 1266 1265
f 112 1302 1301
f 115 1320 1319
f 119 1344 1343
f 156 1565 1566
f 139 1463 1464
f 160 1589 1590
f 120 1350 1349
f 149 1524 1523
f 132 1421 1422
f 128 1398 1397
f 145 1500 1499
f 148 1518 1517
f 155 1560 1559
f 133 1428 1427
f 134 1434 1433
f 157 1571 1572
f 124 1373 1374
f 44 889 892
f 43 883 885
f 45 895 897
f 46 901 903
f 47 907 910
f 52 937 939
f 70 1045 1048
f 99 1219 1222
f 95 1195 1198
f 81 1111 1113
f 59 979 982
f 58 973 975
f 60 985 987
f 61 991 993
f 62 997 1000
f 65 1015 1017
f 57 967 969
f 77 1087 1089
f 86 1141 1144
f 88 1153 1156
f 98 1213 1215
f 68 1033 1035
f 48 913 916
f 78 1093 1096
f 93 1183 1186
f 69 1039 1042
f 101 1231 1234
f 97 1207 1210
f 82 1117 1120
f 50 925 928
f 89 1159 1161
f 64 1009 1011
f 53 943 946
f 74 1069 1072
f 84 1129 1132
f 90 1165 1168
f 63 1003 1006
f 55 955 958
f 76 1081 1084
f 87 1147 1149
f 72 1057 1059
f 49 919 921
f 79 1099 1101
f 96 1201 1203
f 102 1237 1239
f 91 1171 1173
f 67 1027 1030
f 56 961 964
f 75 1075 1078
f 83 1123 1125
f 66 1021 1023
f 54 949 951
f 73 1063 1065
f 85 1135 1137
f 92 1177 1180
f 71 1051 1054
f 100 1225 1227
f 94 1189 1191
f 80 1105 1107
f 51 931 934
f 116 1322 1326
f 108 1274 1278
f 106 1262 1266
f 112 1298 1302
f 115 1316 1320
f 119 1340 1344
f 156 1561 1565
f 139 1459 1463
f 160 1585 1589
f 120 1346 1350
f 149 1520 1524
f 132 1417 1421
f 128 1394 1398
f 145 1496 1500
f 148 1514 1518
f 155 1556 1560
f 133 1424 1428
f 134 1430 1434
f 157 1567 1571
f 124 1369 1373
f 47 908 911
f 44 890 893
f 43 884 888
f 45 896 900
f 46 902 906
f 49 920 924
f 72 1058 1062
f 102 1238 1242
f 96 1202 1206
f 79 1100 1104
f 62 998 1001
f 59 980 983
f 58 974 978
f 60 986 990
f 61 992 996
f 66 1022 1026
f 54 950 954
f 73 1064 1068
f 85 1136 1140
f 92 1178 1181
f 101 1232 1235
f 69 1040 1043
f 50 926 929
f 82 1118 1121
f 97 1208 1211
f 71 1052 1055
f 100 1226 1230
f 94 1190 1194
f 80 1106 1110
f 51 932 935
f 90 1166 1169
f 63 1004 1007
f 55 956 959
f 76 1082 1085
f 87 1148 1152
f 91 1172 1176
f 67 1028 1031
f 56 962 965
f 75 1076 1079
f 83 1124 1128
f 68 1034 1038
f 48 914 917
f 78 1094 1097
f 93 1184 1187
f 98 1214 1218
f 88 1154 1157
f 65 1016 1020
f 57 968 972
f 77 1088 1092
f 86 1142 1145
f 64 1010 1014
f 53 944 947
f 74 1070 1073
f 84 1130 1133
f 89 1160 1164
f 70 1046 1049
f 99 1220 1223
f 95 1196 1199
f 81 1112 1116
f 52 938 942
f 109 1279 1283
f 105 1255 1259
f 111 1291 1295
f 114 1309 1313
f 117 1327 1331
f 125 1375 1379
f 152 1537 1541
f 137 1448 1452
f 158 1574 1578
f 123 1364 1368
f 143 1483 1487
f 127 1387 1391
f 135 1436 1440
f 147 1507 1511
f 150 1525 1529
f 153 1543 1547
f 140 1465 1469
f 138 1454 1458
f 159 1580 1584
f 122 1358 1362
f 107 1267 1269
f 103 1243 1245
f 104 1250 1252
f 110 1286 1288
f 113 1304 1306
f 118 1334 1336
f 154 1549 1551
f 141 1471 1473
f 162 1597 1599
f 121 1352 1354
f 142 1477 1479
f 129 1399 1401
f 130 1406 1408
f 144 1490 1492
f 146 1502 1504
f 151 1531 1533
f 131 1412 1414
f 136 1442 1444
f 161 1592 1594
f 126 1381 1383
f 116 1321 1323
f 108 1273 1275
f 106 1261 1263
f 112 1297 1299
f 115 1315 1317
f 119 1339 1341
f 156 1562 1564
f 139 1460 1462
f 160 1586 1588
f 120 1345 1347
f 149 1519 1521
f 132 1418 1420
f 128 1393 1395
f 145 1495 1497
f 148 1513 1515
f 155 1555 1557
f 133 1423 1425
f 134 1429 1431
f 157 1568 1570
f 124 1370 1372
f 109 1280 1282
f 105 1256 1258
f 111 1292 1294
f 114 1310 1312
f 117 1328 1330
f 125 1376 1378
f 152 1538 1540
f 137 1447 1449
f 158 1573 1575
f 123 1363 1365
f 143 1484 1486
f 127 1388 1390
f 135 1435 1437
f 147 1508 1510
f 150 1526 1528
f 153 1544 1546
f 140 1466 1468
f 138 1453 1455
f 159 1579 1581
f 122 1357 1359
f 107 1268 1272
f 103 1244 1248
f 104 1249 1253
f 110 1285 1289
f 113 1303 1307
f 118 1333 1337
f 154 1550 1554
f 141 1472 1476
f 162 1598 1602
f 121 1351 1355
f 142 1478 1482
f 129 1400 1404
f 130 1405 1409
f 144 1489 1493
f 146 1501 1505
f 151 1532 1536
f 131 1411 1415
f 136 1441 1445
f 161 1591 1595
f 126 1382 1386
f 47 911 909
f 44 893 891
f 43 888 886
f 45 900 898
f 46 906 904
f 49 924 922
f 72 1062 1060
f 102 1242 1240
f 96 1206 1204
f 79 1104 1102
f 62 1001 999
f 59 983 981
f 58 978 976
f 60 990 988
f 61 996 994
f 66 1026 1024
f 54 954 952
f 73 1068 1066
f 85 1140 1138
f 92 1181 1179
f 101 1235 1233
f 69 1043 1041
f 50 929 927
f 82 1121 1119
f 97 1211 1209
f 71 1055 1053
f 100 1230 1228
f 94 1194 1192
f 80 1110 1108
f 51 935 933
f 90 1169 1167
f 63 1007 1005
f 55 959 957
f 76 1085 1083
f 87 1152 1150
f 91 1176 1174
f 67 1031 1029
f 56 965 963
f 75 1079 1077
f 83 1128 1126
f 68 1038 1036
f 48 917 915
f 78 1097 1095
f 93 1187 1185
f 98 1218 1216
f 88 1157 1155
f 65 1020 1018
f 57 972 970
f 77 1092 1090
f 86 1145 1143
f 64 1014 1012
f 53 947 945
f 74 1073 1071
f 84 1133 1131
f 89 1164 1162
f 70 1049 1047
f 99 1223 1221
f 95 1199 1197
f 81 1116 1114
f 52 942 940
f 109 1283 1284
f 105 1259 1260
f 111 1295 1296
f 114 1313 1314
f 117 1331 1332
f 125 1379 1380
f 152 1541 1542
f 137 1452 1451
f 158 1578 1577
f 123 1368 1367
f 143 1487 1488
f 127 1391 1392
f 135 1440 1439
f 147 1511 1512
f 150 1529 1530
f 153 1547 1548
f 140 1469 1470
f 138 1458 1457
f 159 1584 1583
f 122 1362 1361
f 407 1609 1616
f 403 1605 1608
f 404 1611 1606
f 410 1614 1612
f 413 1617 1615
f 422 1631 1624
f 486 1688 1692
f 573 1775 1782
f 561 1763 1765
f 512 1719 1714
f 452 1654 1661
f 448 1650 1653
f 449 1656 1651
f 455 1659 1657
f 458 1662 1660
f 470 1672 1675
f 437 1646 1639
f 494 1706 1696
f 531 1735 1733
f 539 1741 1751
f 568 1770 1779
f 478 1680 1683
f 419 1621 1626
f 509 1711 1721
f 554 1756 1766
f 482 1684 1689
f 576 1780 1778
f 558 1767 1760
f 516 1722 1718
f 425 1627 1629
f 542 1744 1747
f 463 1668 1665
f 434 1636 1641
f 497 1699 1704
f 528 1730 1737
f 546 1748 1750
f 464 1666 1676
f 440 1642 1644
f 500 1705 1702
f 524 1736 1726
f 479 1691 1681
f 418 1623 1620
f 508 1713 1710
f 553 1764 1755
f 569 1781 1771
f 538 1749 1740
f 471 1677 1673
f 443 1645 1647
f 501 1703 1707
f 523 1725 1734
f 467 1674 1669
f 433 1638 1635
f 493 1695 1698
f 527 1732 1729
f 543 1752 1745
f 485 1690 1687
f 572 1777 1774
f 557 1759 1762
f 515 1717 1720
f 428 1630 1632
f 591 2191 2189
f 587 1885 1883
f 588 1901 1903
f 594 2279 2281
f 597 2315 2317
f 600 2171 2173
f 634 2160 2158
f 619 2016 2012
f 639 2214 2210
f 602 1919 1924
f 624 2137 2135
f 608 1978 1973
f 610 1991 1996
f 627 2225 2227
f 630 2302 2304
f 635 2178 2176
f 615 2153 2155
f 617 2009 2014
f 637 2207 2212
f 604 1926 1922
f 416 1857 1864
f 408 1803 1810
f 406 1786 1795
f 412 1822 1831
f 415 1840 1849
f 424 1876 1887
f 492 2182 2193
f 582 2312 2321
f 565 2276 2285
f 514 1898 1907
f 461 2091 2098
f 453 2037 2044
f 451 1952 1961
f 457 2056 2067
f 460 2074 2083
f 475 2128 2139
f 439 1966 1975
f 496 1988 1997
f 533 2222 2231
f 551 2293 2298
f 579 2185 2190
f 483 1879 1884
f 426 1893 1900
f 521 2271 2278
f 566 2307 2314
f 489 2163 2170
f 578 2150 2159
f 560 2006 2015
f 518 2204 2213
f 429 1911 1918
f 547 2131 2136
f 465 1969 1977
f 441 1983 1990
f 504 2217 2224
f 537 2290 2301
f 550 2168 2177
f 476 2145 2152
f 444 2001 2008
f 502 2199 2206
f 526 1916 1925
f 481 1808 1817
f 420 1789 1797
f 510 1825 1833
f 555 1843 1851
f 571 1862 1871
f 540 1933 1941
f 473 2110 2119
f 447 2020 2029
f 507 2236 2247
f 534 2257 2262
f 469 2042 2051
f 435 1947 1954
f 498 2059 2064
f 529 2077 2085
f 545 2096 2105
f 487 2113 2121
f 574 2023 2031
f 562 2239 2244
f 520 2254 2265
f 432 1930 1939
f 589 1818 1814
f 583 1798 1793
f 586 1834 1829
f 593 1852 1847
f 596 1872 1868
f 599 1942 1937
f 633 2120 2124
f 620 2030 2034
f 640 2248 2250
f 603 2263 2261
f 622 2052 2050
f 607 1955 1960
f 612 2065 2063
f 626 2086 2081
f 629 2106 2102
f 631 2122 2117
f 614 2032 2027
f 618 2245 2243
f 641 2266 2268
f 605 1940 1944
f 409 1813 1804
f 405 1792 1785
f 411 1828 1821
f 414 1846 1839
f 417 1867 1858
f 431 1936 1929
f 488 2123 2114
f 575 2033 2024
f 563 2249 2240
f 519 2260 2253
f 454 2049 2038
f 450 1959 1951
f 456 2062 2055
f 459 2080 2073
f 462 2101 2092
f 472 2116 2109
f 446 2026 2019
f 506 2242 2235
f 535 2267 2258
f 541 1943 1934
f 570 1869 1861
f 480 1815 1807
f 421 1799 1790
f 511 1835 1826
f 556 1853 1844
f 484 1889 1880
f 580 2195 2186
f 567 2319 2308
f 522 2283 2272
f 427 1905 1894
f 544 2103 2095
f 468 2046 2041
f 436 1957 1948
f 499 2069 2060
f 530 2087 2078
f 548 2141 2132
f 466 1979 1970
f 442 1993 1984
f 505 2229 2218
f 536 2296 2289
f 491 2188 2181
f 423 1882 1875
f 513 1902 1897
f 564 2280 2275
f 581 2316 2311
f 549 2172 2167
f 477 2157 2146
f 445 2011 2002
f 503 2209 2200
f 525 1923 1915
f 474 2134 2127
f 438 1972 1965
f 495 1995 1987
f 532 2226 2221
f 552 2303 2294
f 490 2175 2164
f 577 2154 2149
f 559 2013 2005
f 517 2211 2203
f 430 1921 1912
f 590 1865 1870
f 584 1811 1816
f 585 1796 1800
f 592 1832 1836
f 595 1850 1854
f 598 1888 1890
f 636 2194 2196
f 621 2322 2320
f 642 2286 2284
f 601 1908 1906
f 623 2099 2104
f 611 2045 2047
f 609 1962 1958
f 625 2068 2070
f 628 2084 2088
f 632 2140 2142
f 613 1976 1980
f 616 1998 1994
f 638 2232 2230
f 606 2299 2297
f 407 2330 2329
f 403 2324 2323
f 404 2325 2326
f 410 2332 2333
f 413 2335 2336
f 422 2344 2345
f 486 2410 2409
f 573 2497 2496
f 561 2486 2485
f 512 2434 2435
f 452 2375 2374
f 448 2369 2368
f 449 2370 2371
f 455 2377 2378
f 458 2380 2381
f 470 2393 2392
f 437 2359 2360
f 494 2415 2416
f 531 2455 2456
f 539 2461 2460
f 568 2489 2488
f 478 2399 2398
f 419 2341 2340
f 509 2431 2430
f 554 2476 2475
f 482 2405 2404
f 576 2500 2501
f 558 2481 2482
f 516 2439 2440
f 425 2348 2347
f 542 2465 2464
f 463 2383 2384
f 434 2356 2355
f 497 2420 2419
f 528 2452 2451
f 546 2471 2470
f 464 2386 2385
f 440 2363 2362
f 500 2422 2423
f 524 2445 2446
f 479 2400 2401
f 418 2338 2339
f 508 2428 2429
f 553 2473 2474
f 569 2490 2491
f 538 2458 2459
f 471 2394 2395
f 443 2366 2365
f 501 2425 2424
f 523 2444 2443
f 467 2389 2390
f 433 2353 2354
f 493 2414 2413
f 527 2449 2450
f 543 2466 2467
f 485 2407 2408
f 572 2494 2495
f 557 2480 2479
f 515 2438 2437
f 428 2351 2350
f 591 2510 2511
f 587 2504 2505
f 588 2508 2507
f 594 2514 2513
f 597 2517 2516
f 600 2520 2519
f 634 2554 2556
f 619 2539 2540
f 639 2560 2561
f 602 2523 2521
f 624 2543 2544
f 608 2527 2529
f 610 2532 2530
f 627 2547 2546
f 630 2550 2549
f 635 2552 2553
f 615 2535 2534
f 617 2538 2536
f 637 2558 2557
f 604 2524 2525
f 167 1607 647
f 164 1603 644
f 163 1604 643
f 165 1610 645
f 166 1613 646
f 169 1622 649
f 192 1686 672
f 222 1773 702
f 216 1761 696
f 199 1712 679
f 182 1652 662
f 179 1648 659
f 178 1649 658
f 180 1655 660
f 181 1658 661
f 186 1670 666
f 174 1637 654
f 193 1694 673
f 205 1731 685
f 212 1739 692
f 221 1768 701
f 189 1678 669
f 170 1619 650
f 202 1709 682
f 217 1754 697
f 191 1682 671
f 220 1776 700
f 214 1758 694
f 200 1716 680
f 171 1625 651
f 210 1742 690
f 183 1663 663
f 175 1634 655
f 196 1697 676
f 207 1728 687
f 211 1746 691
f 187 1664 667
f 176 1640 656
f 195 1700 675
f 203 1724 683
f 188 1679 668
f 168 1618 648
f 198 1708 678
f 213 1753 693
f 218 1769 698
f 208 1738 688
f 185 1671 665
f 177 1643 657
f 197 1701 677
f 206 1723 686
f 184 1667 664
f 173 1633 653
f 194 1693 674
f 204 1727 684
f 209 1743 689
f 190 1685 670
f 219 1772 699
f 215 1757 695
f 201 1715 681
f 172 1628 652
f 357 2187 837
f 255 1881 735
f 262 1899 742
f 388 2277 868
f 400 2313 880
f 352 2169 832
f 347 2156 827
f 298 2010 778
f 364 2208 844
f 269 1917 749
f 339 2133 819
f 285 1971 765
f 293 1989 773
f 370 2223 850
f 396 2300 876
f 353 2174 833
f 346 2151 826
f 299 2007 779
f 365 2205 845
f 268 1920 748
f 249 1855 729
f 231 1801 711
f 226 1784 706
f 238 1820 718
f 244 1838 724
f 257 1874 737
f 359 2180 839
f 402 2310 882
f 390 2274 870
f 264 1896 744
f 327 2089 807
f 309 2035 789
f 282 1950 762
f 317 2054 797
f 322 2072 802
f 341 2126 821
f 286 1964 766
f 294 1986 774
f 372 2220 852
f 394 2291 874
f 358 2183 838
f 256 1877 736
f 261 1891 741
f 387 2269 867
f 399 2305 879
f 351 2161 831
f 348 2148 828
f 300 2004 780
f 366 2202 846
f 267 1909 747
f 340 2129 820
f 287 1967 767
f 291 1981 771
f 369 2215 849
f 395 2288 875
f 354 2166 834
f 345 2143 825
f 297 1999 777
f 363 2197 843
f 270 1914 750
f 234 1806 714
f 227 1787 707
f 239 1823 719
f 245 1841 725
f 252 1860 732
f 275 1931 755
f 334 2108 814
f 304 2018 784
f 377 2234 857
f 382 2255 862
f 312 2040 792
f 279 1945 759
f 316 2057 796
f 323 2075 803
f 330 2094 810
f 335 2111 815
f 305 2021 785
f 376 2237 856
f 383 2252 863
f 274 1928 754
f 232 1812 712
f 225 1791 705
f 237 1827 717
f 243 1845 723
f 250 1866 730
f 273 1935 753
f 336 2118 816
f 306 2028 786
f 378 2246 858
f 381 2259 861
f 311 2048 791
f 281 1953 761
f 315 2061 795
f 321 2079 801
f 328 2100 808
f 333 2115 813
f 303 2025 783
f 375 2241 855
f 384 2264 864
f 276 1938 756
f 229 1802 709
f 223 1783 703
f 235 1819 715
f 241 1837 721
f 247 1856 727
f 271 1927 751
f 332 2112 812
f 302 2022 782
f 374 2238 854
f 379 2251 859
f 307 2036 787
f 278 1949 758
f 313 2053 793
f 319 2071 799
f 325 2090 805
f 331 2107 811
f 301 2017 781
f 373 2233 853
f 380 2256 860
f 272 1932 752
f 248 1859 728
f 230 1805 710
f 224 1788 704
f 236 1824 716
f 242 1842 722
f 254 1878 734
f 356 2184 836
f 397 2306 877
f 385 2270 865
f 259 1892 739
f 326 2093 806
f 308 2039 788
f 277 1946 757
f 314 2058 794
f 320 2076 800
f 338 2130 818
f 284 1968 764
f 289 1982 769
f 367 2216 847
f 391 2287 871
f 355 2179 835
f 253 1873 733
f 260 1895 740
f 386 2273 866
f 398 2309 878
f 350 2165 830
f 343 2144 823
f 295 2000 775
f 361 2198 841
f 266 1913 746
f 337 2125 817
f 283 1963 763
f 290 1985 770
f 368 2219 848
f 392 2292 872
f 349 2162 829
f 344 2147 824
f 296 2003 776
f 362 2201 842
f 265 1910 745
f 251 1863 731
f 233 1809 713
f 228 1794 708
f 240 1830 720
f 246 1848 726
f 258 1886 738
f 360 2192 840
f 401 2318 881
f 389 2282 869
f 263 1904 743
f 329 2097 809
f 310 2043 790
f 280 1956 760
f 318 2066 798
f 324 2082 804
f 342 2138 822
f 288 1974 768
f 292 1992 772
f 371 2228 851
f 393 2295 873
f 409 2331 1269
f 405 2327 1245
f 411 2328 1252
f 414 2334 1288
f 417 2337 1306
f 431 2346 1336
f 488 2412 1551
f 575 2499 1473
f 563 2487 1599
f 519 2436 1354
f 454 2376 1479
f 450 2372 1401
f 456 2373 1408
f 459 2379 1492
f 462 2382 1504
f 472 2396 1533
f 446 2361 1414
f 506 2418 1444
f 535 2457 1594
f 541 2463 1383
f 570 2492 1323
f 480 2402 1275
f 421 2343 1263
f 511 2433 1299
f 556 2478 1317
f 484 2406 1341
f 580 2502 1564
f 567 2484 1462
f 522 2442 1588
f 427 2349 1347
f 544 2468 1521
f 468 2387 1420
f 436 2358 1395
f 499 2421 1497
f 530 2454 1515
f 548 2472 1557
f 466 2388 1425
f 442 2364 1431
f 505 2426 1570
f 536 2448 1372
f 491 2403 1282
f 423 2342 1258
f 513 2432 1294
f 564 2477 1312
f 581 2493 1330
f 549 2462 1378
f 477 2397 1540
f 445 2367 1449
f 503 2427 1575
f 525 2447 1365
f 474 2391 1486
f 438 2357 1390
f 495 2417 1437
f 532 2453 1510
f 552 2469 1528
f 490 2411 1546
f 577 2498 1468
f 559 2483 1455
f 517 2441 1581
f 430 2352 1359
f 590 2509 1272
f 584 2503 1248
f 585 2506 1253
f 592 2512 1289
f 595 2515 1307
f 598 2518 1337
f 636 2555 1554
f 621 2541 1476
f 642 2562 1602
f 601 2522 1355
f 623 2542 1482
f 611 2528 1404
f 609 2531 1409
f 625 2545 1493
f 628 2548 1505
f 632 2551 1536
f 613 2533 1415
f 616 2537 1445
f 638 2559 1595
f 606 2526 1386
f 407 1616 909
f 403 1608 891
f 404 1606 886
f 410 1612 898
f 413 1615 904
f 422 1624 922
f 486 1692 1060
f 573 1782 1240
f 561 1765 1204
f 512 1714 1102
f 452 1661 999
f 448 1653 981
f 449 1651 976
f 455 1657 988
f 458 1660 994
f 470 1675 1024
f 437 1639 952
f 494 1696 1066
f 531 1733 1138
f 539 1751 1179
f 568 1779 1233
f 478 1683 1041
f 419 1626 927
f 509 1721 1119
f 554 1766 1209
f 482 1689 1053
f 576 1778 1228
f 558 1760 1192
f 516 1718 1108
f 425 1629 933
f 542 1747 1167
f 463 1665 1005
f 434 1641 957
f 497 1704 1083
f 528 1737 1150
f 546 1750 1174
f 464 1676 1029
f 440 1644 963
f 500 1702 1077
f 524 1726 1126
f 479 1681 1036
f 418 1620 915
f 508 1710 1095
f 553 1755 1185
f 569 1771 1216
f 538 1740 1155
f 471 1673 1018
f 443 1647 970
f 501 1707 1090
f 523 1734 1143
f 467 1669 1012
f 433 1635 945
f 493 1698 1071
f 527 1729 1131
f 543 1745 1162
f 485 1687 1047
f 572 1774 1221
f 557 1762 1197
f 515 1720 1114
f 428 1632 940
f 591 2189 1284
f 587 1883 1260
f 588 1903 1296
f 594 2281 1314
f 597 2317 1332
f 600 2173 1380
f 634 2158 1542
f 619 2012 1451
f 639 2210 1577
f 602 1924 1367
f 624 2135 1488
f 608 1973 1392
f 610 1996 1439
f 627 2227 1512
f 630 2304 1530
f 635 2176 1548
f 615 2155 1470
f 617 2014 1457
f 637 2212 1583
f 604 1922 1361
f 416 1864 1270
f 408 1810 1246
f 406 1795 1251
f 412 1831 1287
f 415 1849 1305
f 424 1887 1335
f 492 2193 1552
f 582 2321 1474
f 565 2285 1600
f 514 1907 1353
f 461 2098 1480
f 453 2044 1402
f 451 1961 1407
f 457 2067 1491
f 460 2083 1503
f 475 2139 1534
f 439 1975 1413
f 496 1997 1443
f 533 2231 1593
f 551 2298 1384
f 579 2190 1324
f 483 1884 1276
f 426 1900 1264
f 521 2278 1300
f 566 2314 1318
f 489 2170 1342
f 578 2159 1563
f 560 2015 1461
f 518 2213 1587
f 429 1918 1348
f 547 2136 1522
f 465 1977 1419
f 441 1990 1396
f 504 2224 1498
f 537 2301 1516
f 550 2177 1558
f 476 2152 1426
f 444 2008 1432
f 502 2206 1569
f 526 1925 1371
f 481 1817 1281
f 420 1797 1257
f 510 1833 1293
f 555 1851 1311
f 571 1871 1329
f 540 1941 1377
f 473 2119 1539
f 447 2029 1450
f 507 2247 1576
f 534 2262 1366
f 469 2051 1485
f 435 1954 1389
f 498 2064 1438
f 529 2085 1509
f 545 2105 1527
f 487 2121 1545
f 574 2031 1467
f 562 2244 1456
f 520 2265 1582
f 432 1939 1360
f 589 1814 1271
f 583 1793 1247
f 586 1829 1254
f 593 1847 1290
f 596 1868 1308
f 599 1937 1338
f 633 2124 1553
f 620 2034 1475
f 640 2250 1601
f 603 2261 1356
f 622 2050 1481
f 607 1960 1403
f 612 2063 1410
f 626 2081 1494
f 629 2102 1506
f 631 2117 1535
f 614 2027 1416
f 618 2243 1446
f 641 2268 1596
f 605 1944 1385
f 409 1804 894
f 405 1785 887
f 411 1821 899
f 414 1839 905
f 417 1858 912
f 431 1929 941
f 488 2114 1050
f 575 2024 1224
f 563 2240 1200
f 519 2253 1115
f 454 2038 984
f 450 1951 977
f 456 2055 989
f 459 2073 995
f 462 2092 1002
f 472 2109 1019
f 446 2019 971
f 506 2235 1091
f 535 2258 1146
f 541 1934 1158
f 570 1861 1217
f 480 1807 1037
f 421 1790 918
f 511 1826 1098
f 556 1844 1188
f 484 1880 1044
f 580 2186 1236
f 567 2308 1212
f 522 2272 1122
f 427 1894 930
f 544 2095 1163
f 468 2041 1013
f 436 1948 948
f 499 2060 1074
f 530 2078 1134
f 548 2132 1170
f 466 1970 1008
f 442 1984 960
f 505 2218 1086
f 536 2289 1151
f 491 2181 1061
f 423 1875 923
f 513 1897 1103
f 564 2275 1205
f 581 2311 1241
f 549 2167 1175
f 477 2146 1032
f 445 2002 966
f 503 2200 1080
f 525 1915 1127
f 474 2127 1025
f 438 1965 953
f 495 1987 1067
f 532 2221 1139
f 552 2294 1182
f 490 2164 1056
f 577 2149 1229
f 559 2005 1193
f 517 2203 1109
f 430 1912 936
f 590 1870 1325
f 584 1816 1277
f 585 1800 1265
f 592 1836 1301
f 595 1854 1319
f 598 1890 1343
f 636 2196 1566
f 621 2320 1464
f 642 2284 1590
f 601 1906 1349
f 623 2104 1523
f 611 2047 1422
f 609 1958 1397
f 625 2070 1499
f 628 2088 1517
f 632 2142 1559
f 613 1980 1427
f 616 1994 1433
f 638 2230 1572
f 606 2297 1374
f 407 2329 892
f 403 2323 885
f 404 2326 897
f 410 2333 903
f 413 2336 910
f 422 2345 939
f 486 2409 1048
f 573 2496 1222
f 561 2485 1198
f 512 2435 1113
f 452 2374 982
f 448 2368 975
f 449 2371 987
f 455 2378 993
f 458 2381 1000
f 470 2392 1017
f 437 2360 969
f 494 2416 1089
f 531 2456 1144
f 539 2460 1156
f 568 2488 1215
f 478 2398 1035
f 419 2340 916
f 509 2430 1096
f 554 2475 1186
f 482 2404 1042
f 576 2501 1234
f 558 2482 1210
f 516 2440 1120
f 425 2347 928
f 542 2464 1161
f 463 2384 1011
f 434 2355 946
f 497 2419 1072
f 528 2451 1132
f 546 2470 1168
f 464 2385 1006
f 440 2362 958
f 500 2423 1084
f 524 2446 1149
f 479 2401 1059
f 418 2339 921
f 508 2429 1101
f 553 2474 1203
f 569 2491 1239
f 538 2459 1173
f 471 2395 1030
f 443 2365 964
f 501 2424 1078
f 523 2443 1125
f 467 2390 1023
f 433 2354 951
f 493 2413 1065
f 527 2450 1137
f 543 2467 1180
f 485 2408 1054
f 572 2495 1227
f 557 2479 1191
f 515 2437 1107
f 428 2350 934
f 591 2511 1326
f 587 2505 1278
f 588 2507 1266
f 594 2513 1302
f 597 2516 1320
f 600 2519 1344
f 634 2556 1565
f 619 2540 1463
f 639 2561 1589
f 602 2521 1350
f 624 2544 1524
f 608 2529 1421
f 610 2530 1398
f 627 2546 1500
f 630 2549 1518
f 635 2553 1560
f 615 2534 1428
f 617 2536 1434
f 637 2557 1571
f 604 2525 1373
f 164 1609 889
f 163 1605 883
f 165 1611 895
f 166 1614 901
f 167 1617 907
f 172 1631 937
f 190 1688 1045
f 219 1775 1219
f 215 1763 1195
f 201 1719 1111
f 179 1654 979
f 178 1650 973
f 180 1656 985
f 181 1659 991
f 182 1662 997
f 185 1672 1015
f 177 1646 967
f 197 1706 1087
f 206 1735 1141
f 208 1741 1153
f 218 1770 1213
f 188 1680 1033
f 168 1621 913
f 198 1711 1093
f 213 1756 1183
f 189 1684 1039
f 221 1780 1231
f 217 1767 1207
f 202 1722 1117
f 170 1627 925
f 209 1744 1159
f 184 1668 1009
f 173 1636 943
f 194 1699 1069
f 204 1730 1129
f 210 1748 1165
f 183 1666 1003
f 175 1642 955
f 196 1705 1081
f 207 1736 1147
f 192 1691 1057
f 169 1623 919
f 199 1713 1099
f 216 1764 1201
f 222 1781 1237
f 211 1749 1171
f 187 1677 1027
f 176 1645 961
f 195 1703 1075
f 203 1725 1123
f 186 1674 1021
f 174 1638 949
f 193 1695 1063
f 205 1732 1135
f 212 1752 1177
f 191 1690 1051
f 220 1777 1225
f 214 1759 1189
f 200 1717 1105
f 171 1630 931
f 358 2191 1322
f 256 1885 1274
f 261 1901 1262
f 387 2279 1298
f 399 2315 1316
f 351 2171 1340
f 348 2160 1561
f 300 2016 1459
f 366 2214 1585
f 267 1919 1346
f 340 2137 1520
f 287 1978 1417
f 291 1991 1394
f 369 2225 1496
f 395 2302 1514
f 354 2178 1556
f 345 2153 1424
f 297 2009 1430
f 363 2207 1567
f 270 1926 1369
f 247 1857 908
f 229 1803 890
f 223 1786 884
f 235 1822 896
f 241 1840 902
f 253 1876 920
f 355 2182 1058
f 398 2312 1238
f 386 2276 1202
f 260 1898 1100
f 325 2091 998
f 307 2037 980
f 278 1952 974
f 313 2056 986
f 319 2074 992
f 337 2128 1022
f 283 1966 950
f 290 1988 1064
f 368 2222 1136
f 392 2293 1178
f 356 2185 1232
f 254 1879 1040
f 259 1893 926
f 385 2271 1118
f 397 2307 1208
f 349 2163 1052
f 344 2150 1226
f 296 2006 1190
f 362 2204 1106
f 265 1911 932
f 338 2131 1166
f 284 1969 1004
f 289 1983 956
f 367 2217 1082
f 391 2290 1148
f 350 2168 1172
f 343 2145 1028
f 295 2001 962
f 361 2199 1076
f 266 1916 1124
f 230 1808 1034
f 224 1789 914
f 236 1825 1094
f 242 1843 1184
f 248 1862 1214
f 272 1933 1154
f 331 2110 1016
f 301 2020 968
f 373 2236 1088
f 380 2257 1142
f 308 2042 1010
f 277 1947 944
f 314 2059 1070
f 320 2077 1130
f 326 2096 1160
f 332 2113 1046
f 302 2023 1220
f 374 2239 1196
f 379 2254 1112
f 271 1930 938
f 234 1818 1279
f 227 1798 1255
f 239 1834 1291
f 245 1852 1309
f 252 1872 1327
f 275 1942 1375
f 334 2120 1537
f 304 2030 1448
f 377 2248 1574
f 382 2263 1364
f 312 2052 1483
f 279 1955 1387
f 316 2065 1436
f 323 2086 1507
f 330 2106 1525
f 335 2122 1543
f 305 2032 1465
f 376 2245 1454
f 383 2266 1580
f 274 1940 1358
f 232 1813 1267
f 225 1792 1243
f 237 1828 1250
f 243 1846 1286
f 250 1867 1304
f 273 1936 1334
f 336 2123 1549
f 306 2033 1471
f 378 2249 1597
f 381 2260 1352
f 311 2049 1477
f 281 1959 1399
f 315 2062 1406
f 321 2080 1490
f 328 2101 1502
f 333 2116 1531
f 303 2026 1412
f 375 2242 1442
f 384 2267 1592
f 276 1943 1381
f 251 1869 1321
f 233 1815 1273
f 228 1799 1261
f 240 1835 1297
f 246 1853 1315
f 258 1889 1339
f 360 2195 1562
f 401 2319 1460
f 389 2283 1586
f 263 1905 1345
f 329 2103 1519
f 310 2046 1418
f 280 1957 1393
f 318 2069 1495
f 324 2087 1513
f 342 2141 1555
f 288 1979 1423
f 292 1993 1429
f 371 2229 1568
f 393 2296 1370
f 357 2188 1280
f 255 1882 1256
f 262 1902 1292
f 388 2280 1310
f 400 2316 1328
f 352 2172 1376
f 347 2157 1538
f 298 2011 1447
f 364 2209 1573
f 269 1923 1363
f 339 2134 1484
f 285 1972 1388
f 293 1995 1435
f 370 2226 1508
f 396 2303 1526
f 353 2175 1544
f 346 2154 1466
f 299 2013 1453
f 365 2211 1579
f 268 1921 1357
f 249 1865 1268
f 231 1811 1244
f 226 1796 1249
f 238 1832 1285
f 244 1850 1303
f 257 1888 1333
f 359 2194 1550
f 402 2322 1472
f 390 2286 1598
f 264 1908 1351
f 327 2099 1478
f 309 2045 1400
f 282 1962 1405
f 317 2068 1489
f 322 2084 1501
f 341 2140 1532
f 286 1976 1411
f 294 1998 1441
f 372 2232 1591
f 394 2299 1382
f 416 2330 911
f 408 2324 893
f 406 2325 888
f 412 2332 900
f 415 2335 906
f 424 2344 924
f 492 2410 1062
f 582 2497 1242
f 565 2486 1206
f 514 2434 1104
f 461 2375 1001
f 453 2369 983
f 451 2370 978
f 457 2377 990
f 460 2380 996
f 475 2393 1026
f 439 2359 954
f 496 2415 1068
f 533 2455 1140
f 551 2461 1181
f 579 2489 1235
f 483 2399 1043
f 426 2341 929
f 521 2431 1121
f 566 2476 1211
f 489 2405 1055
f 578 2500 1230
f 560 2481 1194
f 518 2439 1110
f 429 2348 935
f 547 2465 1169
f 465 2383 1007
f 441 2356 959
f 504 2420 1085
f 537 2452 1152
f 550 2471 1176
f 476 2386 1031
f 444 2363 965
f 502 2422 1079
f 526 2445 1128
f 481 2400 1038
f 420 2338 917
f 510 2428 1097
f 555 2473 1187
f 571 2490 1218
f 540 2458 1157
f 473 2394 1020
f 447 2366 972
f 507 2425 1092
f 534 2444 1145
f 469 2389 1014
f 435 2353 947
f 498 2414 1073
f 529 2449 1133
f 545 2466 1164
f 487 2407 1049
f 574 2494 1223
f 562 2480 1199
f 520 2438 1116
f 432 2351 942
f 589 2510 1283
f 583 2504 1259
f 586 2508 1295
f 593 2514 1313
f 596 2517 1331
f 599 2520 1379
f 633 2554 1541
f 620 2539 1452
f 640 2560 1578
f 603 2523 1368
f 622 2543 1487
f 607 2527 1391
f 612 2532 1440
f 626 2547 1511
f 629 2550 1529
f 631 2552 1547
f 614 2535 1469
f 618 2538 1458
f 641 2558 1584
f 605 2524 1362
f 164 1607 1609
f 163 1603 1605
f 165 1604 1611
f 166 1610 1614
f 167 1613 1617
f 172 1622 1631
f 190 1686 1688
f 219 1773 1775
f 215 1761 1763
f 201 1712 1719
f 179 1652 1654
f 178 1648 1650
f 180 1649 1656
f 181 1655 1659
f 182 1658 1662
f 185 1670 1672
f 177 1637 1646
f 197 1694 1706
f 206 1731 1735
f 208 1739 1741
f 218 1768 1770
f 188 1678 1680
f 168 1619 1621
f 198 1709 1711
f 213 1754 1756
f 189 1682 1684
f 221 1776 1780
f 217 1758 1767
f 202 1716 1722
f 170 1625 1627
f 209 1742 1744
f 184 1663 1668
f 173 1634 1636
f 194 1697 1699
f 204 1728 1730
f 210 1746 1748
f 183 1664 1666
f 175 1640 1642
f 196 1700 1705
f 207 1724 1736
f 192 1679 1691
f 169 1618 1623
f 199 1708 1713
f 216 1753 1764
f 222 1769 1781
f 211 1738 1749
f 187 1671 1677
f 176 1643 1645
f 195 1701 1703
f 203 1723 1725
f 186 1667 1674
f 174 1633 1638
f 193 1693 1695
f 205 1727 1732
f 212 1743 1752
f 191 1685 1690
f 220 1772 1777
f 214 1757 1759
f 200 1715 1717
f 171 1628 1630
f 358 2187 2191
f 256 1881 1885
f 261 1899 1901
f 387 2277 2279
f 399 2313 2315
f 351 2169 2171
f 348 2156 2160
f 300 2010 2016
f 366 2208 2214
f 267 1917 1919
f 340 2133 2137
f 287 1971 1978
f 291 1989 1991
f 369 2223 2225
f 395 2300 2302
f 354 2174 2178
f 345 2151 2153
f 297 2007 2009
f 363 2205 2207
f 270 1920 1926
f 247 1855 1857
f 229 1801 1803
f 223 1784 1786
f 235 1820 1822
f 241 1838 1840
f 253 1874 1876
f 355 2180 2182
f 398 2310 2312
f 386 2274 2276
f 260 1896 1898
f 325 2089 2091
f 307 2035 2037
f 278 1950 1952
f 313 2054 2056
f 319 2072 2074
f 337 2126 2128
f 283 1964 1966
f 290 1986 1988
f 368 2220 2222
f 392 2291 2293
f 356 2183 2185
f 254 1877 1879
f 259 1891 1893
f 385 2269 2271
f 397 2305 2307
f 349 2161 2163
f 344 2148 2150
f 296 2004 2006
f 362 2202 2204
f 265 1909 1911
f 338 2129 2131
f 284 1967 1969
f 289 1981 1983
f 367 2215 2217
f 391 2288 2290
f 350 2166 2168
f 343 2143 2145
f 295 1999 2001
f 361 2197 2199
f 266 1914 1916
f 230 1806 1808
f 224 1787 1789
f 236 1823 1825
f 242 1841 1843
f 248 1860 1862
f 272 1931 1933
f 331 2108 2110
f 301 2018 2020
f 373 2234 2236
f 380 2255 2257
f 308 2040 2042
f 277 1945 1947
f 314 2057 2059
f 320 2075 2077
f 326 2094 2096
f 332 2111 2113
f 302 2021 2023
f 374 2237 2239
f 379 2252 2254
f 271 1928 1930
f 234 1812 1818
f 227 1791 1798
f 239 1827 1834
f 245 1845 1852
f 252 1866 1872
f 275 1935 1942
f 334 2118 2120
f 304 2028 2030
f 377 2246 2248
f 382 2259 2263
f 312 2048 2052
f 279 1953 1955
f 316 2061 2065
f 323 2079 2086
f 330 2100 2106
f 335 2115 2122
f 305 2025 2032
f 376 2241 2245
f 383 2264 2266
f 274 1938 1940
f 232 1802 1813
f 225 1783 1792
f 237 1819 1828
f 243 1837 1846
f 250 1856 1867
f 273 1927 1936
f 336 2112 2123
f 306 2022 2033
f 378 2238 2249
f 381 2251 2260
f 311 2036 2049
f 281 1949 1959
f 315 2053 2062
f 321 2071 2080
f 328 2090 2101
f 333 2107 2116
f 303 2017 2026
f 375 2233 2242
f 384 2256 2267
f 276 1932 1943
f 251 1859 1869
f 233 1805 1815
f 228 1788 1799
f 240 1824 1835
f 246 1842 1853
f 258 1878 1889
f 360 2184 2195
f 401 2306 2319
f 389 2270 2283
f 263 1892 1905
f 329 2093 2103
f 310 2039 2046
f 280 1946 1957
f 318 2058 2069
f 324 2076 2087
f 342 2130 2141
f 288 1968 1979
f 292 1982 1993
f 371 2216 2229
f 393 2287 2296
f 357 2179 2188
f 255 1873 1882
f 262 1895 1902
f 388 2273 2280
f 400 2309 2316
f 352 2165 2172
f 347 2144 2157
f 298 2000 2011
f 364 2198 2209
f 269 1913 1923
f 339 2125 2134
f 285 1963 1972
f 293 1985 1995
f 370 2219 2226
f 396 2292 2303
f 353 2162 2175
f 346 2147 2154
f 299 2003 2013
f 365 2201 2211
f 268 1910 1921
f 249 1863 1865
f 231 1809 1811
f 226 1794 1796
f 238 1830 1832
f 244 1848 1850
f 257 1886 1888
f 359 2192 2194
f 402 2318 2322
f 390 2282 2286
f 264 1904 1908
f 327 2097 2099
f 309 2043 2045
f 282 1956 1962
f 317 2066 2068
f 322 2082 2084
f 341 2138 2140
f 286 1974 1976
f 294 1992 1998
f 372 2228 2232
f 394 2295 2299
f 416 2331 2330
f 408 2327 2324
f 406 2328 2325
f 412 2334 2332
f 415 2337 2335
f 424 2346 2344
f 492 2412 2410
f 582 2499 2497
f 565 2487 2486
f 514 2436 2434
f 461 2376 2375
f 453 2372 2369
f 451 2373 2370
f 457 2379 2377
f 460 2382 2380
f 475 2396 2393
f 439 2361 2359
f 496 2418 2415
f 533 2457 2455
f 551 2463 2461
f 579 2492 2489
f 483 2402 2399
f 426 2343 2341
f 521 2433 2431
f 566 2478 2476
f 489 2406 2405
f 578 2502 2500
f 560 2484 2481
f 518 2442 2439
f 429 2349 2348
f 547 2468 2465
f 465 2387 2383
f 441 2358 2356
f 504 2421 2420
f 537 2454 2452
f 550 2472 2471
f 476 2388 2386
f 444 2364 2363
f 502 2426 2422
f 526 2448 2445
f 481 2403 2400
f 420 2342 2338
f 510 2432 2428
f 555 2477 2473
f 571 2493 2490
f 540 2462 2458
f 473 2397 2394
f 447 2367 2366
f 507 2427 2425
f 534 2447 2444
f 469 2391 2389
f 435 2357 2353
f 498 2417 2414
f 529 2453 2449
f 545 2469 2466
f 487 2411 2407
f 574 2498 2494
f 562 2483 2480
f 520 2441 2438
f 432 2352 2351
f 589 2509 2510
f 583 2503 2504
f 586 2506 2508
f 593 2512 2514
f 596 2515 2517
f 599 2518 2520
f 633 2555 2554
f 620 2541 2539
f 640 2562 2560
f 603 2522 2523
f 622 2542 2543
f 607 2528 2527
f 612 2531 2532
f 626 2545 2547
f 629 2548 2550
f 631 2551 2552
f 614 2533 2535
f 618 2537 2538
f 641 2559 2558
f 605 2526 2524
f 164 644 1607
f 163 643 1603
f 165 645 1604
f 166 646 1610
f 167 647 1613
f 172 652 1622
f 190 670 1686
f 219 699 1773
f 215 695 1761
f 201 681 1712
f 179 659 1652
f 178 658 1648
f 180 660 1649
f 181 661 1655
f 182 662 1658
f 185 665 1670
f 177 657 1637
f 197 677 1694
f 206 686 1731
f 208 688 1739
f 218 698 1768
f 188 668 1678
f 168 648 1619
f 198 678 1709
f 213 693 1754
f 189 669 1682
f 221 701 1776
f 217 697 1758
f 202 682 1716
f 170 650 1625
f 209 689 1742
f 184 664 1663
f 173 653 1634
f 194 674 1697
f 204 684 1728
f 210 690 1746
f 183 663 1664
f 175 655 1640
f 196 676 1700
f 207 687 1724
f 192 672 1679
f 169 649 1618
f 199 679 1708
f 216 696 1753
f 222 702 1769
f 211 691 1738
f 187 667 1671
f 176 656 1643
f 195 675 1701
f 203 683 1723
f 186 666 1667
f 174 654 1633
f 193 673 1693
f 205 685 1727
f 212 692 1743
f 191 671 1685
f 220 700 1772
f 214 694 1757
f 200 680 1715
f 171 651 1628
f 358 838 2187
f 256 736 1881
f 261 741 1899
f 387 867 2277
f 399 879 2313
f 351 831 2169
f 348 828 2156
f 300 780 2010
f 366 846 2208
f 267 747 1917
f 340 820 2133
f 287 767 1971
f 291 771 1989
f 369 849 2223
f 395 875 2300
f 354 834 2174
f 345 825 2151
f 297 777 2007
f 363 843 2205
f 270 750 1920
f 247 727 1855
f 229 709 1801
f 223 703 1784
f 235 715 1820
f 241 721 1838
f 253 733 1874
f 355 835 2180
f 398 878 2310
f 386 866 2274
f 260 740 1896
f 325 805 2089
f 307 787 2035
f 278 758 1950
f 313 793 2054
f 319 799 2072
f 337 817 2126
f 283 763 1964
f 290 770 1986
f 368 848 2220
f 392 872 2291
f 356 836 2183
f 254 734 1877
f 259 739 1891
f 385 865 2269
f 397 877 2305
f 349 829 2161
f 344 824 2148
f 296 776 2004
f 362 842 2202
f 265 745 1909
f 338 818 2129
f 284 764 1967
f 289 769 1981
f 367 847 2215
f 391 871 2288
f 350 830 2166
f 343 823 2143
f 295 775 1999
f 361 841 2197
f 266 746 1914
f 230 710 1806
f 224 704 1787
f 236 716 1823
f 242 722 1841
f 248 728 1860
f 272 752 1931
f 331 811 2108
f 301 781 2018
f 373 853 2234
f 380 860 2255
f 308 788 2040
f 277 757 1945
f 314 794 2057
f 320 800 2075
f 326 806 2094
f 332 812 2111
f 302 782 2021
f 374 854 2237
f 379 859 2252
f 271 751 1928
f 234 714 1812
f 227 707 1791
f 239 719 1827
f 245 725 1845
f 252 732 1866
f 275 755 1935
f 334 814 2118
f 304 784 2028
f 377 857 2246
f 382 862 2259
f 312 792 2048
f 279 759 1953
f 316 796 2061
f 323 803 2079
f 330 810 2100
f 335 815 2115
f 305 785 2025
f 376 856 2241
f 383 863 2264
f 274 754 1938
f 232 712 1802
f 225 705 1783
f 237 717 1819
f 243 723 1837
f 250 730 1856
f 273 753 1927
f 336 816 2112
f 306 786 2022
f 378 858 2238
f 381 861 2251
f 311 791 2036
f 281 761 1949
f 315 795 2053
f 321 801 2071
f 328 808 2090
f 333 813 2107
f 303 783 2017
f 375 855 2233
f 384 864 2256
f 276 756 1932
f 251 731 1859
f 233 713 1805
f 228 708 1788
f 240 720 1824
f 246 726 1842
f 258 738 1878
f 360 840 2184
f 401 881 2306
f 389 869 2270
f 263 743 1892
f 329 809 2093
f 310 790 2039
f 280 760 1946
f 318 798 2058
f 324 804 2076
f 342 822 2130
f 288 768 1968
f 292 772 1982
f 371 851 2216
f 393 873 2287
f 357 837 2179
f 255 735 1873
f 262 742 1895
f 388 868 2273
f 400 880 2309
f 352 832 2165
f 347 827 2144
f 298 778 2000
f 364 844 2198
f 269 749 1913
f 339 819 2125
f 285 765 1963
f 293 773 1985
f 370 850 2219
f 396 876 2292
f 353 833 2162
f 346 826 2147
f 299 779 2003
f 365 845 2201
f 268 748 1910
f 249 729 1863
f 231 711 1809
f 226 706 1794
f 238 718 1830
f 244 724 1848
f 257 737 1886
f 359 839 2192
f 402 882 2318
f 390 870 2282
f 264 744 1904
f 327 807 2097
f 309 789 2043
f 282 762 1956
f 317 797 2066
f 322 802 2082
f 341 821 2138
f 286 766 1974
f 294 774 1992
f 372 852 2228
f 394 874 2295
f 416 1270 2331
f 408 1246 2327
f 406 1251 2328
f 412 1287 2334
f 415 1305 2337
f 424 1335 2346
f 492 1552 2412
f 582 1474 2499
f 565 1600 2487
f 514 1353 2436
f 461 1480 2376
f 453 1402 2372
f 451 1407 2373
f 457 1491 2379
f 460 1503 2382
f 475 1534 2396
f 439 1413 2361
f 496 1443 2418
f 533 1593 2457
f 551 1384 2463
f 579 1324 2492
f 483 1276 2402
f 426 1264 2343
f 521 1300 2433
f 566 1318 2478
f 489 1342 2406
f 578 1563 2502
f 560 1461 2484
f 518 1587 2442
f 429 1348 2349
f 547 1522 2468
f 465 1419 2387
f 441 1396 2358
f 504 1498 2421
f 537 1516 2454
f 550 1558 2472
f 476 1426 2388
f 444 1432 2364
f 502 1569 2426
f 526 1371 2448
f 481 1281 2403
f 420 1257 2342
f 510 1293 2432
f 555 1311 2477
f 571 1329 2493
f 540 1377 2462
f 473 1539 2397
f 447 1450 2367
f 507 1576 2427
f 534 1366 2447
f 469 1485 2391
f 435 1389 2357
f 498 1438 2417
f 529 1509 2453
f 545 1527 2469
f 487 1545 2411
f 574 1467 2498
f 562 1456 2483
f 520 1582 2441
f 432 1360 2352
f 589 1271 2509
f 583 1247 2503
f 586 1254 2506
f 593 1290 2512
f 596 1308 2515
f 599 1338 2518
f 633 1553 2555
f 620 1475 2541
f 640 1601 2562
f 603 1356 2522
f 622 1481 2542
f 607 1403 2528
f 612 1410 2531
f 626 1494 2545
f 629 1506 2548
f 631 1535 2551
f 614 1416 2533
f 618 1446 2537
f 641 1596 2559
f 605 1385 2526
f 167 907 1616
f 164 889 1608
f 163 883 1606
f 165 895 1612
f 166 901 1615
f 169 919 1624
f 192 1057 1692
f 222 1237 1782
f 216 1201 1765
f 199 1099 1714
f 182 997 1661
f 179 979 1653
f 178 973 1651
f 180 985 1657
f 181 991 1660
f 186 1021 1675
f 174 949 1639
f 193 1063 1696
f 205 1135 1733
f 212 1177 1751
f 221 1231 1779
f 189 1039 1683
f 170 925 1626
f 202 1117 1721
f 217 1207 1766
f 191 1051 1689
f 220 1225 1778
f 214 1189 1760
f 200 1105 1718
f 171 931 1629
f 210 1165 1747
f 183 1003 1665
f 175 955 1641
f 196 1081 1704
f 207 1147 1737
f 211 1171 1750
f 187 1027 1676
f 176 961 1644
f 195 1075 1702
f 203 1123 1726
f 188 1033 1681
f 168 913 1620
f 198 1093 1710
f 213 1183 1755
f 218 1213 1771
f 208 1153 1740
f 185 1015 1673
f 177 967 1647
f 197 1087 1707
f 206 1141 1734
f 184 1009 1669
f 173 943 1635
f 194 1069 1698
f 204 1129 1729
f 209 1159 1745
f 190 1045 1687
f 219 1219 1774
f 215 1195 1762
f 201 1111 1720
f 172 937 1632
f 357 1280 2189
f 255 1256 1883
f 262 1292 1903
f 388 1310 2281
f 400 1328 2317
f 352 1376 2173
f 347 1538 2158
f 298 1447 2012
f 364 1573 2210
f 269 1363 1924
f 339 1484 2135
f 285 1388 1973
f 293 1435 1996
f 370 1508 2227
f 396 1526 2304
f 353 1544 2176
f 346 1466 2155
f 299 1453 2014
f 365 1579 2212
f 268 1357 1922
f 249 1268 1864
f 231 1244 1810
f 226 1249 1795
f 238 1285 1831
f 244 1303 1849
f 257 1333 1887
f 359 1550 2193
f 402 1472 2321
f 390 1598 2285
f 264 1351 1907
f 327 1478 2098
f 309 1400 2044
f 282 1405 1961
f 317 1489 2067
f 322 1501 2083
f 341 1532 2139
f 286 1411 1975
f 294 1441 1997
f 372 1591 2231
f 394 1382 2298
f 358 1322 2190
f 256 1274 1884
f 261 1262 1900
f 387 1298 2278
f 399 1316 2314
f 351 1340 2170
f 348 1561 2159
f 300 1459 2015
f 366 1585 2213
f 267 1346 1918
f 340 1520 2136
f 287 1417 1977
f 291 1394 1990
f 369 1496 2224
f 395 1514 2301
f 354 1556 2177
f 345 1424 2152
f 297 1430 2008
f 363 1567 2206
f 270 1369 1925
f 234 1279 1817
f 227 1255 1797
f 239 1291 1833
f 245 1309 1851
f 252 1327 1871
f 275 1375 1941
f 334 1537 2119
f 304 1448 2029
f 377 1574 2247
f 382 1364 2262
f 312 1483 2051
f 279 1387 1954
f 316 1436 2064
f 323 1507 2085
f 330 1525 2105
f 335 1543 2121
f 305 1465 2031
f 376 1454 2244
f 383 1580 2265
f 274 1358 1939
f 232 1267 1814
f 225 1243 1793
f 237 1250 1829
f 243 1286 1847
f 250 1304 1868
f 273 1334 1937
f 336 1549 2124
f 306 1471 2034
f 378 1597 2250
f 381 1352 2261
f 311 1477 2050
f 281 1399 1960
f 315 1406 2063
f 321 1490 2081
f 328 1502 2102
f 333 1531 2117
f 303 1412 2027
f 375 1442 2243
f 384 1592 2268
f 276 1381 1944
f 229 890 1804
f 223 884 1785
f 235 896 1821
f 241 902 1839
f 247 908 1858
f 271 938 1929
f 332 1046 2114
f 302 1220 2024
f 374 1196 2240
f 379 1112 2253
f 307 980 2038
f 278 974 1951
f 313 986 2055
f 319 992 2073
f 325 998 2092
f 331 1016 2109
f 301 968 2019
f 373 1088 2235
f 380 1142 2258
f 272 1154 1934
f 248 1214 1861
f 230 1034 1807
f 224 914 1790
f 236 1094 1826
f 242 1184 1844
f 254 1040 1880
f 356 1232 2186
f 397 1208 2308
f 385 1118 2272
f 259 926 1894
f 326 1160 2095
f 308 1010 2041
f 277 944 1948
f 314 1070 2060
f 320 1130 2078
f 338 1166 2132
f 284 1004 1970
f 289 956 1984
f 367 1082 2218
f 391 1148 2289
f 355 1058 2181
f 253 920 1875
f 260 1100 1897
f 386 1202 2275
f 398 1238 2311
f 350 1172 2167
f 343 1028 2146
f 295 962 2002
f 361 1076 2200
f 266 1124 1915
f 337 1022 2127
f 283 950 1965
f 290 1064 1987
f 368 1136 2221
f 392 1178 2294
f 349 1052 2164
f 344 1226 2149
f 296 1190 2005
f 362 1106 2203
f 265 932 1912
f 251 1321 1870
f 233 1273 1816
f 228 1261 1800
f 240 1297 1836
f 246 1315 1854
f 258 1339 1890
f 360 1562 2196
f 401 1460 2320
f 389 1586 2284
f 263 1345 1906
f 329 1519 2104
f 310 1418 2047
f 280 1393 1958
f 318 1495 2070
f 324 1513 2088
f 342 1555 2142
f 288 1423 1980
f 292 1429 1994
f 371 1568 2230
f 393 1370 2297
f 409 894 2329
f 405 887 2323
f 411 899 2326
f 414 905 2333
f 417 912 2336
f 431 941 2345
f 488 1050 2409
f 575 1224 2496
f 563 1200 2485
f 519 1115 2435
f 454 984 2374
f 450 977 2368
f 456 989 2371
f 459 995 2378
f 462 1002 2381
f 472 1019 2392
f 446 971 2360
f 506 1091 2416
f 535 1146 2456
f 541 1158 2460
f 570 1217 2488
f 480 1037 2398
f 421 918 2340
f 511 1098 2430
f 556 1188 2475
f 484 1044 2404
f 580 1236 2501
f 567 1212 2482
f 522 1122 2440
f 427 930 2347
f 544 1163 2464
f 468 1013 2384
f 436 948 2355
f 499 1074 2419
f 530 1134 2451
f 548 1170 2470
f 466 1008 2385
f 442 960 2362
f 505 1086 2423
f 536 1151 2446
f 491 1061 2401
f 423 923 2339
f 513 1103 2429
f 564 1205 2474
f 581 1241 2491
f 549 1175 2459
f 477 1032 2395
f 445 966 2365
f 503 1080 2424
f 525 1127 2443
f 474 1025 2390
f 438 953 2354
f 495 1067 2413
f 532 1139 2450
f 552 1182 2467
f 490 1056 2408
f 577 1229 2495
f 559 1193 2479
f 517 1109 2437
f 430 936 2350
f 590 1325 2511
f 584 1277 2505
f 585 1265 2507
f 592 1301 2513
f 595 1319 2516
f 598 1343 2519
f 636 1566 2556
f 621 1464 2540
f 642 1590 2561
f 601 1349 2521
f 623 1523 2544
f 611 1422 2529
f 609 1397 2530
f 625 1499 2546
f 628 1517 2549
f 632 1559 2553
f 613 1427 2534
f 616 1433 2536
f 638 1572 2557
f 606 1374 2525
f 407 892 1609
f 403 885 1605
f 404 897 1611
f 410 903 1614
f 413 910 1617
f 422 939 1631
f 486 1048 1688
f 573 1222 1775
f 561 1198 1763
f 512 1113 1719
f 452 982 1654
f 448 975 1650
f 449 987 1656
f 455 993 1659
f 458 1000 1662
f 470 1017 1672
f 437 969 1646
f 494 1089 1706
f 531 1144 1735
f 539 1156 1741
f 568 1215 1770
f 478 1035 1680
f 419 916 1621
f 509 1096 1711
f 554 1186 1756
f 482 1042 1684
f 576 1234 1780
f 558 1210 1767
f 516 1120 1722
f 425 928 1627
f 542 1161 1744
f 463 1011 1668
f 434 946 1636
f 497 1072 1699
f 528 1132 1730
f 546 1168 1748
f 464 1006 1666
f 440 958 1642
f 500 1084 1705
f 524 1149 1736
f 479 1059 1691
f 418 921 1623
f 508 1101 1713
f 553 1203 1764
f 569 1239 1781
f 538 1173 1749
f 471 1030 1677
f 443 964 1645
f 501 1078 1703
f 523 1125 1725
f 467 1023 1674
f 433 951 1638
f 493 1065 1695
f 527 1137 1732
f 543 1180 1752
f 485 1054 1690
f 572 1227 1777
f 557 1191 1759
f 515 1107 1717
f 428 934 1630
f 591 1326 2191
f 587 1278 1885
f 588 1266 1901
f 594 1302 2279
f 597 1320 2315
f 600 1344 2171
f 634 1565 2160
f 619 1463 2016
f 639 1589 2214
f 602 1350 1919
f 624 1524 2137
f 608 1421 1978
f 610 1398 1991
f 627 1500 2225
f 630 1518 2302
f 635 1560 2178
f 615 1428 2153
f 617 1434 2009
f 637 1571 2207
f 604 1373 1926
f 416 911 1857
f 408 893 1803
f 406 888 1786
f 412 900 1822
f 415 906 1840
f 424 924 1876
f 492 1062 2182
f 582 1242 2312
f 565 1206 2276
f 514 1104 1898
f 461 1001 2091
f 453 983 2037
f 451 978 1952
f 457 990 2056
f 460 996 2074
f 475 1026 2128
f 439 954 1966
f 496 1068 1988
f 533 1140 2222
f 551 1181 2293
f 579 1235 2185
f 483 1043 1879
f 426 929 1893
f 521 1121 2271
f 566 1211 2307
f 489 1055 2163
f 578 1230 2150
f 560 1194 2006
f 518 1110 2204
f 429 935 1911
f 547 1169 2131
f 465 1007 1969
f 441 959 1983
f 504 1085 2217
f 537 1152 2290
f 550 1176 2168
f 476 1031 2145
f 444 965 2001
f 502 1079 2199
f 526 1128 1916
f 481 1038 1808
f 420 917 1789
f 510 1097 1825
f 555 1187 1843
f 571 1218 1862
f 540 1157 1933
f 473 1020 2110
f 447 972 2020
f 507 1092 2236
f 534 1145 2257
f 469 1014 2042
f 435 947 1947
f 498 1073 2059
f 529 1133 2077
f 545 1164 2096
f 487 1049 2113
f 574 1223 2023
f 562 1199 2239
f 520 1116 2254
f 432 942 1930
f 589 1283 1818
f 583 1259 1798
f 586 1295 1834
f 593 1313 1852
f 596 1331 1872
f 599 1379 1942
f 633 1541 2120
f 620 1452 2030
f 640 1578 2248
f 603 1368 2263
f 622 1487 2052
f 607 1391 1955
f 612 1440 2065
f 626 1511 2086
f 629 1529 2106
f 631 1547 2122
f 614 1469 2032
f 618 1458 2245
f 641 1584 2266
f 605 1362 1940
f 409 1269 1813
f 405 1245 1792
f 411 1252 1828
f 414 1288 1846
f 417 1306 1867
f 431 1336 1936
f 488 1551 2123
f 575 1473 2033
f 563 1599 2249
f 519 1354 2260
f 454 1479 2049
f 450 1401 1959
f 456 1408 2062
f 459 1492 2080
f 462 1504 2101
f 472 1533 2116
f 446 1414 2026
f 506 1444 2242
f 535 1594 2267
f 541 1383 1943
f 570 1323 1869
f 480 1275 1815
f 421 1263 1799
f 511 1299 1835
f 556 1317 1853
f 484 1341 1889
f 580 1564 2195
f 567 1462 2319
f 522 1588 2283
f 427 1347 1905
f 544 1521 2103
f 468 1420 2046
f 436 1395 1957
f 499 1497 2069
f 530 1515 2087
f 548 1557 2141
f 466 1425 1979
f 442 1431 1993
f 505 1570 2229
f 536 1372 2296
f 491 1282 2188
f 423 1258 1882
f 513 1294 1902
f 564 1312 2280
f 581 1330 2316
f 549 1378 2172
f 477 1540 2157
f 445 1449 2011
f 503 1575 2209
f 525 1365 1923
f 474 1486 2134
f 438 1390 1972
f 495 1437 1995
f 532 1510 2226
f 552 1528 2303
f 490 1546 2175
f 577 1468 2154
f 559 1455 2013
f 517 1581 2211
f 430 1359 1921
f 590 1272 1865
f 584 1248 1811
f 585 1253 1796
f 592 1289 1832
f 595 1307 1850
f 598 1337 1888
f 636 1554 2194
f 621 1476 2322
f 642 1602 2286
f 601 1355 1908
f 623 1482 2099
f 611 1404 2045
f 609 1409 1962
f 625 1493 2068
f 628 1505 2084
f 632 1536 2140
f 613 1415 1976
f 616 1445 1998
f 638 1595 2232
f 606 1386 2299
f 407 909 2330
f 403 891 2324
f 404 886 2325
f 410 898 2332
f 413 904 2335
f 422 922 2344
f 486 1060 2410
f 573 1240 2497
f 561 1204 2486
f 512 1102 2434
f 452 999 2375
f 448 981 2369
f 449 976 2370
f 455 988 2377
f 458 994 2380
f 470 1024 2393
f 437 952 2359
f 494 1066 2415
f 531 1138 2455
f 539 1179 2461
f 568 1233 2489
f 478 1041 2399
f 419 927 2341
f 509 1119 2431
f 554 1209 2476
f 482 1053 2405
f 576 1228 2500
f 558 1192 2481
f 516 1108 2439
f 425 933 2348
f 542 1167 2465
f 463 1005 2383
f 434 957 2356
f 497 1083 2420
f 528 1150 2452
f 546 1174 2471
f 464 1029 2386
f 440 963 2363
f 500 1077 2422
f 524 1126 2445
f 479 1036 2400
f 418 915 2338
f 508 1095 2428
f 553 1185 2473
f 569 1216 2490
f 538 1155 2458
f 471 1018 2394
f 443 970 2366
f 501 1090 2425
f 523 1143 2444
f 467 1012 2389
f 433 945 2353
f 493 1071 2414
f 527 1131 2449
f 543 1162 2466
f 485 1047 2407
f 572 1221 2494
f 557 1197 2480
f 515 1114 2438
f 428 940 2351
f 591 1284 2510
f 587 1260 2504
f 588 1296 2508
f 594 1314 2514
f 597 1332 2517
f 600 1380 2520
f 634 1542 2554
f 619 1451 2539
f 639 1577 2560
f 602 1367 2523
f 624 1488 2543
f 608 1392 2527
f 610 1439 2532
f 627 1512 2547
f 630 1530 2550
f 635 1548 2552
f 615 1470 2535
f 617 1457 2538
f 637 1583 2558
f 604 1361 2524
f 167 1616 1607
f 164 1608 1603
f 163 1606 1604
f 165 1612 1610
f 166 1615 1613
f 169 1624 1622
f 192 1692 1686
f 222 1782 1773
f 216 1765 1761
f 199 1714 1712
f 182 1661 1652
f 179 1653 1648
f 178 1651 1649
f 180 1657 1655
f 181 1660 1658
f 186 1675 1670
f 174 1639 1637
f 193 1696 1694
f 205 1733 1731
f 212 1751 1739
f 221 1779 1768
f 189 1683 1678
f 170 1626 1619
f 202 1721 1709
f 217 1766 1754
f 191 1689 1682
f 220 1778 1776
f 214 1760 1758
f 200 1718 1716
f 171 1629 1625
f 210 1747 1742
f 183 1665 1663
f 175 1641 1634
f 196 1704 1697
f 207 1737 1728
f 211 1750 1746
f 187 1676 1664
f 176 1644 1640
f 195 1702 1700
f 203 1726 1724
f 188 1681 1679
f 168 1620 1618
f 198 1710 1708
f 213 1755 1753
f 218 1771 1769
f 208 1740 1738
f 185 1673 1671
f 177 1647 1643
f 197 1707 1701
f 206 1734 1723
f 184 1669 1667
f 173 1635 1633
f 194 1698 1693
f 204 1729 1727
f 209 1745 1743
f 190 1687 1685
f 219 1774 1772
f 215 1762 1757
f 201 1720 1715
f 172 1632 1628
f 357 2189 2187
f 255 1883 1881
f 262 1903 1899
f 388 2281 2277
f 400 2317 2313
f 352 2173 2169
f 347 2158 2156
f 298 2012 2010
f 364 2210 2208
f 269 1924 1917
f 339 2135 2133
f 285 1973 1971
f 293 1996 1989
f 370 2227 2223
f 396 2304 2300
f 353 2176 2174
f 346 2155 2151
f 299 2014 2007
f 365 2212 2205
f 268 1922 1920
f 249 1864 1855
f 231 1810 1801
f 226 1795 1784
f 238 1831 1820
f 244 1849 1838
f 257 1887 1874
f 359 2193 2180
f 402 2321 2310
f 390 2285 2274
f 264 1907 1896
f 327 2098 2089
f 309 2044 2035
f 282 1961 1950
f 317 2067 2054
f 322 2083 2072
f 341 2139 2126
f 286 1975 1964
f 294 1997 1986
f 372 2231 2220
f 394 2298 2291
f 358 2190 2183
f 256 1884 1877
f 261 1900 1891
f 387 2278 2269
f 399 2314 2305
f 351 2170 2161
f 348 2159 2148
f 300 2015 2004
f 366 2213 2202
f 267 1918 1909
f 340 2136 2129
f 287 1977 1967
f 291 1990 1981
f 369 2224 2215
f 395 2301 2288
f 354 2177 2166
f 345 2152 2143
f 297 2008 1999
f 363 2206 2197
f 270 1925 1914
f 234 1817 1806
f 227 1797 1787
f 239 1833 1823
f 245 1851 1841
f 252 1871 1860
f 275 1941 1931
f 334 2119 2108
f 304 2029 2018
f 377 2247 2234
f 382 2262 2255
f 312 2051 2040
f 279 1954 1945
f 316 2064 2057
f 323 2085 2075
f 330 2105 2094
f 335 2121 2111
f 305 2031 2021
f 376 2244 2237
f 383 2265 2252
f 274 1939 1928
f 232 1814 1812
f 225 1793 1791
f 237 1829 1827
f 243 1847 1845
f 250 1868 1866
f 273 1937 1935
f 336 2124 2118
f 306 2034 2028
f 378 2250 2246
f 381 2261 2259
f 311 2050 2048
f 281 1960 1953
f 315 2063 2061
f 321 2081 2079
f 328 2102 2100
f 333 2117 2115
f 303 2027 2025
f 375 2243 2241
f 384 2268 2264
f 276 1944 1938
f 229 1804 1802
f 223 1785 1783
f 235 1821 1819
f 241 1839 1837
f 247 1858 1856
f 271 1929 1927
f 332 2114 2112
f 302 2024 2022
f 374 2240 2238
f 379 2253 2251
f 307 2038 2036
f 278 1951 1949
f 313 2055 2053
f 319 2073 2071
f 325 2092 2090
f 331 2109 2107
f 301 2019 2017
f 373 2235 2233
f 380 2258 2256
f 272 1934 1932
f 248 1861 1859
f 230 1807 1805
f 224 1790 1788
f 236 1826 1824
f 242 1844 1842
f 254 1880 1878
f 356 2186 2184
f 397 2308 2306
f 385 2272 2270
f 259 1894 1892
f 326 2095 2093
f 308 2041 2039
f 277 1948 1946
f 314 2060 2058
f 320 2078 2076
f 338 2132 2130
f 284 1970 1968
f 289 1984 1982
f 367 2218 2216
f 391 2289 2287
f 355 2181 2179
f 253 1875 1873
f 260 1897 1895
f 386 2275 2273
f 398 2311 2309
f 350 2167 2165
f 343 2146 2144
f 295 2002 2000
f 361 2200 2198
f 266 1915 1913
f 337 2127 2125
f 283 1965 1963
f 290 1987 1985
f 368 2221 2219
f 392 2294 2292
f 349 2164 2162
f 344 2149 2147
f 296 2005 2003
f 362 2203 2201
f 265 1912 1910
f 251 1870 1863
f 233 1816 1809
f 228 1800 1794
f 240 1836 1830
f 246 1854 1848
f 258 1890 1886
f 360 2196 2192
f 401 2320 2318
f 389 2284 2282
f 263 1906 1904
f 329 2104 2097
f 310 2047 2043
f 280 1958 1956
f 318 2070 2066
f 324 2088 2082
f 342 2142 2138
f 288 1980 1974
f 292 1994 1992
f 371 2230 2228
f 393 2297 2295
f 409 2329 2331
f 405 2323 2327
f 411 2326 2328
f 414 2333 2334
f 417 2336 2337
f 431 2345 2346
f 488 2409 2412
f 575 2496 2499
f 563 2485 2487
f 519 2435 2436
f 454 2374 2376
f 450 2368 2372
f 456 2371 2373
f 459 2378 2379
f 462 2381 2382
f 472 2392 2396
f 446 2360 2361
f 506 2416 2418
f 535 2456 2457
f 541 2460 2463
f 570 2488 2492
f 480 2398 2402
f 421 2340 2343
f 511 2430 2433
f 556 2475 2478
f 484 2404 2406
f 580 2501 2502
f 567 2482 2484
f 522 2440 2442
f 427 2347 2349
f 544 2464 2468
f 468 2384 2387
f 436 2355 2358
f 499 2419 2421
f 530 2451 2454
f 548 2470 2472
f 466 2385 2388
f 442 2362 2364
f 505 2423 2426
f 536 2446 2448
f 491 2401 2403
f 423 2339 2342
f 513 2429 2432
f 564 2474 2477
f 581 2491 2493
f 549 2459 2462
f 477 2395 2397
f 445 2365 2367
f 503 2424 2427
f 525 2443 2447
f 474 2390 2391
f 438 2354 2357
f 495 2413 2417
f 532 2450 2453
f 552 2467 2469
f 490 2408 2411
f 577 2495 2498
f 559 2479 2483
f 517 2437 2441
f 430 2350 2352
f 590 2511 2509
f 584 2505 2503
f 585 2507 2506
f 592 2513 2512
f 595 2516 2515
f 598 2519 2518
f 636 2556 2555
f 621 2540 2541
f 642 2561 2562
f 601 2521 2522
f 623 2544 2542
f 611 2529 2528
f 609 2530 2531
f 625 2546 2545
f 628 2549 2548
f 632 2553 2551
f 613 2534 2533
f 616 2536 2537
f 638 2557 2559
f 606 2525 2526
f 1607 644 647
f 1603 643 644
f 1604 645 643
f 1610 646 645
f 1613 647 646
f 1622 652 649
f 1686 670 672
f 1773 699 702
f 1761 695 696
f 1712 681 679
f 1652 659 662
f 1648 658 659
f 1649 660 658
f 1655 661 660
f 1658 662 661
f 1670 665 666
f 1637 657 654
f 1694 677 673
f 1731 686 685
f 1739 688 692
f 1768 698 701
f 1678 668 669
f 1619 648 650
f 1709 678 682
f 1754 693 697
f 1682 669 671
f 1776 701 700
f 1758 697 694
f 1716 682 680
f 1625 650 651
f 1742 689 690
f 1663 664 663
f 1634 653 655
f 1697 674 676
f 1728 684 687
f 1746 690 691
f 1664 663 667
f 1640 655 656
f 1700 676 675
f 1724 687 683
f 1679 672 668
f 1618 649 648
f 1708 679 678
f 1753 696 693
f 1769 702 698
f 1738 691 688
f 1671 667 665
f 1643 656 657
f 1701 675 677
f 1723 683 686
f 1667 666 664
f 1633 654 653
f 1693 673 674
f 1727 685 684
f 1743 692 689
f 1685 671 670
f 1772 700 699
f 1757 694 695
f 1715 680 681
f 1628 651 652
f 2187 838 837
f 1881 736 735
f 1899 741 742
f 2277 867 868
f 2313 879 880
f 2169 831 832
f 2156 828 827
f 2010 780 778
f 2208 846 844
f 1917 747 749
f 2133 820 819
f 1971 767 765
f 1989 771 773
f 2223 849 850
f 2300 875 876
f 2174 834 833
f 2151 825 826
f 2007 777 779
f 2205 843 845
f 1920 750 748
f 1855 727 729
f 1801 709 711
f 1784 703 706
f 1820 715 718
f 1838 721 724
f 1874 733 737
f 2180 835 839
f 2310 878 882
f 2274 866 870
f 1896 740 744
f 2089 805 807
f 2035 787 789
f 1950 758 762
f 2054 793 797
f 2072 799 802
f 2126 817 821
f 1964 763 766
f 1986 770 774
f 2220 848 852
f 2291 872 874
f 2183 836 838
f 1877 734 736
f 1891 739 741
f 2269 865 867
f 2305 877 879
f 2161 829 831
f 2148 824 828
f 2004 776 780
f 2202 842 846
f 1909 745 747
f 2129 818 820
f 1967 764 767
f 1981 769 771
f 2215 847 849
f 2288 871 875
f 2166 830 834
f 2143 823 825
f 1999 775 777
f 2197 841 843
f 1914 746 750
f 1806 710 714
f 1787 704 707
f 1823 716 719
f 1841 722 725
f 1860 728 732
f 1931 752 755
f 2108 811 814
f 2018 781 784
f 2234 853 857
f 2255 860 862
f 2040 788 792
f 1945 757 759
f 2057 794 796
f 2075 800 803
f 2094 806 810
f 2111 812 815
f 2021 782 785
f 2237 854 856
f 2252 859 863
f 1928 751 754
f 1812 714 712
f 1791 707 705
f 1827 719 717
f 1845 725 723
f 1866 732 730
f 1935 755 753
f 2118 814 816
f 2028 784 786
f 2246 857 858
f 2259 862 861
f 2048 792 791
f 1953 759 761
f 2061 796 795
f 2079 803 801
f 2100 810 808
f 2115 815 813
f 2025 785 783
f 2241 856 855
f 2264 863 864
f 1938 754 756
f 1802 712 709
f 1783 705 703
f 1819 717 715
f 1837 723 721
f 1856 730 727
f 1927 753 751
f 2112 816 812
f 2022 786 782
f 2238 858 854
f 2251 861 859
f 2036 791 787
f 1949 761 758
f 2053 795 793
f 2071 801 799
f 2090 808 805
f 2107 813 811
f 2017 783 781
f 2233 855 853
f 2256 864 860
f 1932 756 752
f 1859 731 728
f 1805 713 710
f 1788 708 704
f 1824 720 716
f 1842 726 722
f 1878 738 734
f 2184 840 836
f 2306 881 877
f 2270 869 865
f 1892 743 739
f 2093 809 806
f 2039 790 788
f 1946 760 757
f 2058 798 794
f 2076 804 800
f 2130 822 818
f 1968 768 764
f 1982 772 769
f 2216 851 847
f 2287 873 871
f 2179 837 835
f 1873 735 733
f 1895 742 740
f 2273 868 866
f 2309 880 878
f 2165 832 830
f 2144 827 823
f 2000 778 775
f 2198 844 841
f 1913 749 746
f 2125 819 817
f 1963 765 763
f 1985 773 770
f 2219 850 848
f 2292 876 872
f 2162 833 829
f 2147 826 824
f 2003 779 776
f 2201 845 842
f 1910 748 745
f 1863 729 731
f 1809 711 713
f 1794 706 708
f 1830 718 720
f 1848 724 726
f 1886 737 738
f 2192 839 840
f 2318 882 881
f 2282 870 869
f 1904 744 743
f 2097 807 809
f 2043 789 790
f 1956 762 760
f 2066 797 798
f 2082 802 804
f 2138 821 822
f 1974 766 768
f 1992 774 772
f 2228 852 851
f 2295 874 873
f 2331 1270 1269
f 2327 1246 1245
f 2328 1251 1252
f 2334 1287 1288
f 2337 1305 1306
f 2346 1335 1336
f 2412 1552 1551
f 2499 1474 1473
f 2487 1600 1599
f 2436 1353 1354
f 2376 1480 1479
f 2372 1402 1401
f 2373 1407 1408
f 2379 1491 1492
f 2382 1503 1504
f 2396 1534 1533
f 2361 1413 1414
f 2418 1443 1444
f 2457 1593 1594
f 2463 1384 1383
f 2492 1324 1323
f 2402 1276 1275
f 2343 1264 1263
f 2433 1300 1299
f 2478 1318 1317
f 2406 1342 1341
f 2502 1563 1564
f 2484 1461 1462
f 2442 1587 1588
f 2349 1348 1347
f 2468 1522 1521
f 2387 1419 1420
f 2358 1396 1395
f 2421 1498 1497
f 2454 1516 1515
f 2472 1558 1557
f 2388 1426 1425
f 2364 1432 1431
f 2426 1569 1570
f 2448 1371 1372
f 2403 1281 1282
f 2342 1257 1258
f 2432 1293 1294
f 2477 1311 1312
f 2493 1329 1330
f 2462 1377 1378
f 2397 1539 1540
f 2367 1450 1449
f 2427 1576 1575
f 2447 1366 1365
f 2391 1485 1486
f 2357 1389 1390
f 2417 1438 1437
f 2453 1509 1510
f 2469 1527 1528
f 2411 1545 1546
f 2498 1467 1468
f 2483 1456 1455
f 2441 1582 1581
f 2352 1360 1359
f 2509 1271 1272
f 2503 1247 1248
f 2506 1254 1253
f 2512 1290 1289
f 2515 1308 1307
f 2518 1338 1337
f 2555 1553 1554
f 2541 1475 1476
f 2562 1601 1602
f 2522 1356 1355
f 2542 1481 1482
f 2528 1403 1404
f 2531 1410 1409
f 2545 1494 1493
f 2548 1506 1505
f 2551 1535 1536
f 2533 1416 1415
f 2537 1446 1445
f 2559 1596 1595
f 2526 1385 1386
f 1616 907 909
f 1608 889 891
f 1606 883 886
f 1612 895 898
f 1615 901 904
f 1624 919 922
f 1692 1057 1060
f 1782 1237 1240
f 1765 1201 1204
f 1714 1099 1102
f 1661 997 999
f 1653 979 981
f 1651 973 976
f 1657 985 988
f 1660 991 994
f 1675 1021 1024
f 1639 949 952
f 1696 1063 1066
f 1733 1135 1138
f 1751 1177 1179
f 1779 1231 1233
f 1683 1039 1041
f 1626 925 927
f 1721 1117 1119
f 1766 1207 1209
f 1689 1051 1053
f 1778 1225 1228
f 1760 1189 1192
f 1718 1105 1108
f 1629 931 933
f 1747 1165 1167
f 1665 1003 1005
f 1641 955 957
f 1704 1081 1083
f 1737 1147 1150
f 1750 1171 1174
f 1676 1027 1029
f 1644 961 963
f 1702 1075 1077
f 1726 1123 1126
f 1681 1033 1036
f 1620 913 915
f 1710 1093 1095
f 1755 1183 1185
f 1771 1213 1216
f 1740 1153 1155
f 1673 1015 1018
f 1647 967 970
f 1707 1087 1090
f 1734 1141 1143
f 1669 1009 1012
f 1635 943 945
f 1698 1069 1071
f 1729 1129 1131
f 1745 1159 1162
f 1687 1045 1047
f 1774 1219 1221
f 1762 1195 1197
f 1720 1111 1114
f 1632 937 940
f 2189 1280 1284
f 1883 1256 1260
f 1903 1292 1296
f 2281 1310 1314
f 2317 1328 1332
f 2173 1376 1380
f 2158 1538 1542
f 2012 1447 1451
f 2210 1573 1577
f 1924 1363 1367
f 2135 1484 1488
f 1973 1388 1392
f 1996 1435 1439
f 2227 1508 1512
f 2304 1526 1530
f 2176 1544 1548
f 2155 1466 1470
f 2014 1453 1457
f 2212 1579 1583
f 1922 1357 1361
f 1864 1268 1270
f 1810 1244 1246
f 1795 1249 1251
f 1831 1285 1287
f 1849 1303 1305
f 1887 1333 1335
f 2193 1550 1552
f 2321 1472 1474
f 2285 1598 1600
f 1907 1351 1353
f 2098 1478 1480
f 2044 1400 1402
f 1961 1405 1407
f 2067 1489 1491
f 2083 1501 1503
f 2139 1532 1534
f 1975 1411 1413
f 1997 1441 1443
f 2231 1591 1593
f 2298 1382 1384
f 2190 1322 1324
f 1884 1274 1276
f 1900 1262 1264
f 2278 1298 1300
f 2314 1316 1318
f 2170 1340 1342
f 2159 1561 1563
f 2015 1459 1461
f 2213 1585 1587
f 1918 1346 1348
f 2136 1520 1522
f 1977 1417 1419
f 1990 1394 1396
f 2224 1496 1498
f 2301 1514 1516
f 2177 1556 1558
f 2152 1424 1426
f 2008 1430 1432
f 2206 1567 1569
f 1925 1369 1371
f 1817 1279 1281
f 1797 1255 1257
f 1833 1291 1293
f 1851 1309 1311
f 1871 1327 1329
f 1941 1375 1377
f 2119 1537 1539
f 2029 1448 1450
f 2247 1574 1576
f 2262 1364 1366
f 2051 1483 1485
f 1954 1387 1389
f 2064 1436 1438
f 2085 1507 1509
f 2105 1525 1527
f 2121 1543 1545
f 2031 1465 1467
f 2244 1454 1456
f 2265 1580 1582
f 1939 1358 1360
f 1814 1267 1271
f 1793 1243 1247
f 1829 1250 1254
f 1847 1286 1290
f 1868 1304 1308
f 1937 1334 1338
f 2124 1549 1553
f 2034 1471 1475
f 2250 1597 1601
f 2261 1352 1356
f 2050 1477 1481
f 1960 1399 1403
f 2063 1406 1410
f 2081 1490 1494
f 2102 1502 1506
f 2117 1531 1535
f 2027 1412 1416
f 2243 1442 1446
f 2268 1592 1596
f 1944 1381 1385
f 1804 890 894
f 1785 884 887
f 1821 896 899
f 1839 902 905
f 1858 908 912
f 1929 938 941
f 2114 1046 1050
f 2024 1220 1224
f 2240 1196 1200
f 2253 1112 1115
f 2038 980 984
f 1951 974 977
f 2055 986 989
f 2073 992 995
f 2092 998 1002
f 2109 1016 1019
f 2019 968 971
f 2235 1088 1091
f 2258 1142 1146
f 1934 1154 1158
f 1861 1214 1217
f 1807 1034 1037
f 1790 914 918
f 1826 1094 1098
f 1844 1184 1188
f 1880 1040 1044
f 2186 1232 1236
f 2308 1208 1212
f 2272 1118 1122
f 1894 926 930
f 2095 1160 1163
f 2041 1010 1013
f 1948 944 948
f 2060 1070 1074
f 2078 1130 1134
f 2132 1166 1170
f 1970 1004 1008
f 1984 956 960
f 2218 1082 1086
f 2289 1148 1151
f 2181 1058 1061
f 1875 920 923
f 1897 1100 1103
f 2275 1202 1205
f 2311 1238 1241
f 2167 1172 1175
f 2146 1028 1032
f 2002 962 966
f 2200 1076 1080
f 1915 1124 1127
f 2127 1022 1025
f 1965 950 953
f 1987 1064 1067
f 2221 1136 1139
f 2294 1178 1182
f 2164 1052 1056
f 2149 1226 1229
f 2005 1190 1193
f 2203 1106 1109
f 1912 932 936
f 1870 1321 1325
f 1816 1273 1277
f 1800 1261 1265
f 1836 1297 1301
f 1854 1315 1319
f 1890 1339 1343
f 2196 1562 1566
f 2320 1460 1464
f 2284 1586 1590
f 1906 1345 1349
f 2104 1519 1523
f 2047 1418 1422
f 1958 1393 1397
f 2070 1495 1499
f 2088 1513 1517
f 2142 1555 1559
f 1980 1423 1427
f 1994 1429 1433
f 2230 1568 1572
f 2297 1370 1374
f 2329 894 892
f 2323 887 885
f 2326 899 897
f 2333 905 903
f 2336 912 910
f 2345 941 939
f 2409 1050 1048
f 2496 1224 1222
f 2485 1200 1198
f 2435 1115 1113
f 2374 984 982
f 2368 977 975
f 2371 989 987
f 2378 995 993
f 2381 1002 1000
f 2392 1019 1017
f 2360 971 969
f 2416 1091 1089
f 2456 1146 1144
f 2460 1158 1156
f 2488 1217 1215
f 2398 1037 1035
f 2340 918 916
f 2430 1098 1096
f 2475 1188 1186
f 2404 1044 1042
f 2501 1236 1234
f 2482 1212 1210
f 2440 1122 1120
f 2347 930 928
f 2464 1163 1161
f 2384 1013 1011
f 2355 948 946
f 2419 1074 1072
f 2451 1134 1132
f 2470 1170 1168
f 2385 1008 1006
f 2362 960 958
f 2423 1086 1084
f 2446 1151 1149
f 2401 1061 1059
f 2339 923 921
f 2429 1103 1101
f 2474 1205 1203
f 2491 1241 1239
f 2459 1175 1173
f 2395 1032 1030
f 2365 966 964
f 2424 1080 1078
f 2443 1127 1125
f 2390 1025 1023
f 2354 953 951
f 2413 1067 1065
f 2450 1139 1137
f 2467 1182 1180
f 2408 1056 1054
f 2495 1229 1227
f 2479 1193 1191
f 2437 1109 1107
f 2350 936 934
f 2511 1325 1326
f 2505 1277 1278
f 2507 1265 1266
f 2513 1301 1302
f 2516 1319 1320
f 2519 1343 1344
f 2556 1566 1565
f 2540 1464 1463
f 2561 1590 1589
f 2521 1349 1350
f 2544 1523 1524
f 2529 1422 1421
f 2530 1397 1398
f 2546 1499 1500
f 2549 1517 1518
f 2553 1559 1560
f 2534 1427 1428
f 2536 1433 1434
f 2557 1572 1571
f 2525 1374 1373
f 1609 892 889
f 1605 885 883
f 1611 897 895
f 1614 903 901
f 1617 910 907
f 1631 939 937
f 1688 1048 1045
f 1775 1222 1219
f 1763 1198 1195
f 1719 1113 1111
f 1654 982 979
f 1650 975 973
f 1656 987 985
f 1659 993 991
f 1662 1000 997
f 1672 1017 1015
f 1646 969 967
f 1706 1089 1087
f 1735 1144 1141
f 1741 1156 1153
f 1770 1215 1213
f 1680 1035 1033
f 1621 916 913
f 1711 1096 1093
f 1756 1186 1183
f 1684 1042 1039
f 1780 1234 1231
f 1767 1210 1207
f 1722 1120 1117
f 1627 928 925
f 1744 1161 1159
f 1668 1011 1009
f 1636 946 943
f 1699 1072 1069
f 1730 1132 1129
f 1748 1168 1165
f 1666 1006 1003
f 1642 958 955
f 1705 1084 1081
f 1736 1149 1147
f 1691 1059 1057
f 1623 921 919
f 1713 1101 1099
f 1764 1203 1201
f 1781 1239 1237
f 1749 1173 1171
f 1677 1030 1027
f 1645 964 961
f 1703 1078 1075
f 1725 1125 1123
f 1674 1023 1021
f 1638 951 949
f 1695 1065 1063
f 1732 1137 1135
f 1752 1180 1177
f 1690 1054 1051
f 1777 1227 1225
f 1759 1191 1189
f 1717 1107 1105
f 1630 934 931
f 2191 1326 1322
f 1885 1278 1274
f 1901 1266 1262
f 2279 1302 1298
f 2315 1320 1316
f 2171 1344 1340
f 2160 1565 1561
f 2016 1463 1459
f 2214 1589 1585
f 1919 1350 1346
f 2137 1524 1520
f 1978 1421 1417
f 1991 1398 1394
f 2225 1500 1496
f 2302 1518 1514
f 2178 1560 1556
f 2153 1428 1424
f 2009 1434 1430
f 2207 1571 1567
f 1926 1373 1369
f 1857 911 908
f 1803 893 890
f 1786 888 884
f 1822 900 896
f 1840 906 902
f 1876 924 920
f 2182 1062 1058
f 2312 1242 1238
f 2276 1206 1202
f 1898 1104 1100
f 2091 1001 998
f 2037 983 980
f 1952 978 974
f 2056 990 986
f 2074 996 992
f 2128 1026 1022
f 1966 954 950
f 1988 1068 1064
f 2222 1140 1136
f 2293 1181 1178
f 2185 1235 1232
f 1879 1043 1040
f 1893 929 926
f 2271 1121 1118
f 2307 1211 1208
f 2163 1055 1052
f 2150 1230 1226
f 2006 1194 1190
f 2204 1110 1106
f 1911 935 932
f 2131 1169 1166
f 1969 1007 1004
f 1983 959 956
f 2217 1085 1082
f 2290 1152 1148
f 2168 1176 1172
f 2145 1031 1028
f 2001 965 962
f 2199 1079 1076
f 1916 1128 1124
f 1808 1038 1034
f 1789 917 914
f 1825 1097 1094
f 1843 1187 1184
f 1862 1218 1214
f 1933 1157 1154
f 2110 1020 1016
f 2020 972 968
f 2236 1092 1088
f 2257 1145 1142
f 2042 1014 1010
f 1947 947 944
f 2059 1073 1070
f 2077 1133 1130
f 2096 1164 1160
f 2113 1049 1046
f 2023 1223 1220
f 2239 1199 1196
f 2254 1116 1112
f 1930 942 938
f 1818 1283 1279
f 1798 1259 1255
f 1834 1295 1291
f 1852 1313 1309
f 1872 1331 1327
f 1942 1379 1375
f 2120 1541 1537
f 2030 1452 1448
f 2248 1578 1574
f 2263 1368 1364
f 2052 1487 1483
f 1955 1391 1387
f 2065 1440 1436
f 2086 1511 1507
f 2106 1529 1525
f 2122 1547 1543
f 2032 1469 1465
f 2245 1458 1454
f 2266 1584 1580
f 1940 1362 1358
f 1813 1269 1267
f 1792 1245 1243
f 1828 1252 1250
f 1846 1288 1286
f 1867 1306 1304
f 1936 1336 1334
f 2123 1551 1549
f 2033 1473 1471
f 2249 1599 1597
f 2260 1354 1352
f 2049 1479 1477
f 1959 1401 1399
f 2062 1408 1406
f 2080 1492 1490
f 2101 1504 1502
f 2116 1533 1531
f 2026 1414 1412
f 2242 1444 1442
f 2267 1594 1592
f 1943 1383 1381
f 1869 1323 1321
f 1815 1275 1273
f 1799 1263 1261
f 1835 1299 1297
f 1853 1317 1315
f 1889 1341 1339
f 2195 1564 1562
f 2319 1462 1460
f 2283 1588 1586
f 1905 1347 1345
f 2103 1521 1519
f 2046 1420 1418
f 1957 1395 1393
f 2069 1497 1495
f 2087 1515 1513
f 2141 1557 1555
f 1979 1425 1423
f 1993 1431 1429
f 2229 1570 1568
f 2296 1372 1370
f 2188 1282 1280
f 1882 1258 1256
f 1902 1294 1292
f 2280 1312 1310
f 2316 1330 1328
f 2172 1378 1376
f 2157 1540 1538
f 2011 1449 1447
f 2209 1575 1573
f 1923 1365 1363
f 2134 1486 1484
f 1972 1390 1388
f 1995 1437 1435
f 2226 1510 1508
f 2303 1528 1526
f 2175 1546 1544
f 2154 1468 1466
f 2013 1455 1453
f 2211 1581 1579
f 1921 1359 1357
f 1865 1272 1268
f 1811 1248 1244
f 1796 1253 1249
f 1832 1289 1285
f 1850 1307 1303
f 1888 1337 1333
f 2194 1554 1550
f 2322 1476 1472
f 2286 1602 1598
f 1908 1355 1351
f 2099 1482 1478
f 2045 1404 1400
f 1962 1409 1405
f 2068 1493 1489
f 2084 1505 1501
f 2140 1536 1532
f 1976 1415 1411
f 1998 1445 1441
f 2232 1595 1591
f 2299 1386 1382
f 2330 909 911
f 2324 891 893
f 2325 886 888
f 2332 898 900
f 2335 904 906
f 2344 922 924
f 2410 1060 1062
f 2497 1240 1242
f 2486 1204 1206
f 2434 1102 1104
f 2375 999 1001
f 2369 981 983
f 2370 976 978
f 2377 988 990
f 2380 994 996
f 2393 1024 1026
f 2359 952 954
f 2415 1066 1068
f 2455 1138 1140
f 2461 1179 1181
f 2489 1233 1235
f 2399 1041 1043
f 2341 927 929
f 2431 1119 1121
f 2476 1209 1211
f 2405 1053 1055
f 2500 1228 1230
f 2481 1192 1194
f 2439 1108 1110
f 2348 933 935
f 2465 1167 1169
f 2383 1005 1007
f 2356 957 959
f 2420 1083 1085
f 2452 1150 1152
f 2471 1174 1176
f 2386 1029 1031
f 2363 963 965
f 2422 1077 1079
f 2445 1126 1128
f 2400 1036 1038
f 2338 915 917
f 2428 1095 1097
f 2473 1185 1187
f 2490 1216 1218
f 2458 1155 1157
f 2394 1018 1020
f 2366 970 972
f 2425 1090 1092
f 2444 1143 1145
f 2389 1012 1014
f 2353 945 947
f 2414 1071 1073
f 2449 1131 1133
f 2466 1162 1164
f 2407 1047 1049
f 2494 1221 1223
f 2480 1197 1199
f 2438 1114 1116
f 2351 940 942
f 2510 1284 1283
f 2504 1260 1259
f 2508 1296 1295
f 2514 1314 1313
f 2517 1332 1331
f 2520 1380 1379
f 2554 1542 1541
f 2539 1451 1452
f 2560 1577 1578
f 2523 1367 1368
f 2543 1488 1487
f 2527 1392 1391
f 2532 1439 1440
f 2547 1512 1511
f 2550 1530 1529
f 2552 1548 1547
f 2535 1470 1469
f 2538 1457 1458
f 2558 1583 1584
f 2524 1361 1362
f 1607 1616 1609
f 1603 1608 1605
f 1604 1606 1611
f 1610 1612 1614
f 1613 1615 1617
f 1622 1624 1631
f 1686 1692 1688
f 1773 1782 1775
f 1761 1765 1763
f 1712 1714 1719
f 1652 1661 1654
f 1648 1653 1650
f 1649 1651 1656
f 1655 1657 1659
f 1658 1660 1662
f 1670 1675 1672
f 1637 1639 1646
f 1694 1696 1706
f 1731 1733 1735
f 1739 1751 1741
f 1768 1779 1770
f 1678 1683 1680
f 1619 1626 1621
f 1709 1721 1711
f 1754 1766 1756
f 1682 1689 1684
f 1776 1778 1780
f 1758 1760 1767
f 1716 1718 1722
f 1625 1629 1627
f 1742 1747 1744
f 1663 1665 1668
f 1634 1641 1636
f 1697 1704 1699
f 1728 1737 1730
f 1746 1750 1748
f 1664 1676 1666
f 1640 1644 1642
f 1700 1702 1705
f 1724 1726 1736
f 1679 1681 1691
f 1618 1620 1623
f 1708 1710 1713
f 1753 1755 1764
f 1769 1771 1781
f 1738 1740 1749
f 1671 1673 1677
f 1643 1647 1645
f 1701 1707 1703
f 1723 1734 1725
f 1667 1669 1674
f 1633 1635 1638
f 1693 1698 1695
f 1727 1729 1732
f 1743 1745 1752
f 1685 1687 1690
f 1772 1774 1777
f 1757 1762 1759
f 1715 1720 1717
f 1628 1632 1630
f 2187 2189 2191
f 1881 1883 1885
f 1899 1903 1901
f 2277 2281 2279
f 2313 2317 2315
f 2169 2173 2171
f 2156 2158 2160
f 2010 2012 2016
f 2208 2210 2214
f 1917 1924 1919
f 2133 2135 2137
f 1971 1973 1978
f 1989 1996 1991
f 2223 2227 2225
f 2300 2304 2302
f 2174 2176 2178
f 2151 2155 2153
f 2007 2014 2009
f 2205 2212 2207
f 1920 1922 1926
f 1855 1864 1857
f 1801 1810 1803
f 1784 1795 1786
f 1820 1831 1822
f 1838 1849 1840
f 1874 1887 1876
f 2180 2193 2182
f 2310 2321 2312
f 2274 2285 2276
f 1896 1907 1898
f 2089 2098 2091
f 2035 2044 2037
f 1950 1961 1952
f 2054 2067 2056
f 2072 2083 2074
f 2126 2139 2128
f 1964 1975 1966
f 1986 1997 1988
f 2220 2231 2222
f 2291 2298 2293
f 2183 2190 2185
f 1877 1884 1879
f 1891 1900 1893
f 2269 2278 2271
f 2305 2314 2307
f 2161 2170 2163
f 2148 2159 2150
f 2004 2015 2006
f 2202 2213 2204
f 1909 1918 1911
f 2129 2136 2131
f 1967 1977 1969
f 1981 1990 1983
f 2215 2224 2217
f 2288 2301 2290
f 2166 2177 2168
f 2143 2152 2145
f 1999 2008 2001
f 2197 2206 2199
f 1914 1925 1916
f 1806 1817 1808
f 1787 1797 1789
f 1823 1833 1825
f 1841 1851 1843
f 1860 1871 1862
f 1931 1941 1933
f 2108 2119 2110
f 2018 2029 2020
f 2234 2247 2236
f 2255 2262 2257
f 2040 2051 2042
f 1945 1954 1947
f 2057 2064 2059
f 2075 2085 2077
f 2094 2105 2096
f 2111 2121 2113
f 2021 2031 2023
f 2237 2244 2239
f 2252 2265 2254
f 1928 1939 1930
f 1812 1814 1818
f 1791 1793 1798
f 1827 1829 1834
f 1845 1847 1852
f 1866 1868 1872
f 1935 1937 1942
f 2118 2124 2120
f 2028 2034 2030
f 2246 2250 2248
f 2259 2261 2263
f 2048 2050 2052
f 1953 1960 1955
f 2061 2063 2065
f 2079 2081 2086
f 2100 2102 2106
f 2115 2117 2122
f 2025 2027 2032
f 2241 2243 2245
f 2264 2268 2266
f 1938 1944 1940
f 1802 1804 1813
f 1783 1785 1792
f 1819 1821 1828
f 1837 1839 1846
f 1856 1858 1867
f 1927 1929 1936
f 2112 2114 2123
f 2022 2024 2033
f 2238 2240 2249
f 2251 2253 2260
f 2036 2038 2049
f 1949 1951 1959
f 2053 2055 2062
f 2071 2073 2080
f 2090 2092 2101
f 2107 2109 2116
f 2017 2019 2026
f 2233 2235 2242
f 2256 2258 2267
f 1932 1934 1943
f 1859 1861 1869
f 1805 1807 1815
f 1788 1790 1799
f 1824 1826 1835
f 1842 1844 1853
f 1878 1880 1889
f 2184 2186 2195
f 2306 2308 2319
f 2270 2272 2283
f 1892 1894 1905
f 2093 2095 2103
f 2039 2041 2046
f 1946 1948 1957
f 2058 2060 2069
f 2076 2078 2087
f 2130 2132 2141
f 1968 1970 1979
f 1982 1984 1993
f 2216 2218 2229
f 2287 2289 2296
f 2179 2181 2188
f 1873 1875 1882
f 1895 1897 1902
f 2273 2275 2280
f 2309 2311 2316
f 2165 2167 2172
f 2144 2146 2157
f 2000 2002 2011
f 2198 2200 2209
f 1913 1915 1923
f 2125 2127 2134
f 1963 1965 1972
f 1985 1987 1995
f 2219 2221 2226
f 2292 2294 2303
f 2162 2164 2175
f 2147 2149 2154
f 2003 2005 2013
f 2201 2203 2211
f 1910 1912 1921
f 1863 1870 1865
f 1809 1816 1811
f 1794 1800 1796
f 1830 1836 1832
f 1848 1854 1850
f 1886 1890 1888
f 2192 2196 2194
f 2318 2320 2322
f 2282 2284 2286
f 1904 1906 1908
f 2097 2104 2099
f 2043 2047 2045
f 1956 1958 1962
f 2066 2070 2068
f 2082 2088 2084
f 2138 2142 2140
f 1974 1980 1976
f 1992 1994 1998
f 2228 2230 2232
f 2295 2297 2299
f 2331 2329 2330
f 2327 2323 2324
f 2328 2326 2325
f 2334 2333 2332
f 2337 2336 2335
f 2346 2345 2344
f 2412 2409 2410
f 2499 2496 2497
f 2487 2485 2486
f 2436 2435 2434
f 2376 2374 2375
f 2372 2368 2369
f 2373 2371 2370
f 2379 2378 2377
f 2382 2381 2380
f 2396 2392 2393
f 2361 2360 2359
f 2418 2416 2415
f 2457 2456 2455
f 2463 2460 2461
f 2492 2488 2489
f 2402 2398 2399
f 2343 2340 2341
f 2433 2430 2431
f 2478 2475 2476
f 2406 2404 2405
f 2502 2501 2500
f 2484 2482 2481
f 2442 2440 2439
f 2349 2347 2348
f 2468 2464 2465
f 2387 2384 2383
f 2358 2355 2356
f 2421 2419 2420
f 2454 2451 2452
f 2472 2470 2471
f 2388 2385 2386
f 2364 2362 2363
f 2426 2423 2422
f 2448 2446 2445
f 2403 2401 2400
f 2342 2339 2338
f 2432 2429 2428
f 2477 2474 2473
f 2493 2491 2490
f 2462 2459 2458
f 2397 2395 2394
f 2367 2365 2366
f 2427 2424 2425
f 2447 2443 2444
f 2391 2390 2389
f 2357 2354 2353
f 2417 2413 2414
f 2453 2450 2449
f 2469 2467 2466
f 2411 2408 2407
f 2498 2495 2494
f 2483 2479 2480
f 2441 2437 2438
f 2352 2350 2351
f 2509 2511 2510
f 2503 2505 2504
f 2506 2507 2508
f 2512 2513 2514
f 2515 2516 2517
f 2518 2519 2520
f 2555 2556 2554
f 2541 2540 2539
f 2562 2561 2560
f 2522 2521 2523
f 2542 2544 2543
f 2528 2529 2527
f 2531 2530 2532
f 2545 2546 2547
f 2548 2549 2550
f 2551 2553 2552
f 2533 2534 2535
f 2537 2536 2538
f 2559 2557 2558
f 2526 2525 2524