v -0.336663 0.453825 -0.018480
v 0.336327 0.454025 -0.018554
v -0.357653 -0.557569 0.006424
v 0.357380 -0.557820 0.007171
v 0.000009 -0.448251 0.707447
v -0.000008 0.296946 0.614598
v -0.000057 -0.288839 -0.610985
v 0.000156 0.423236 -0.706667
v 0.603026 0.001879 -0.383529
v 0.625359 0.000620 0.384000
v -0.603047 0.001840 -0.383489
v -0.625354 0.000667 0.384003
v 0.000200 0.523485 -0.049412
v -0.200111 0.377319 0.312309
v -0.213577 0.657695 -0.448276
v -0.516925 0.286270 -0.204642
v -0.549588 0.277422 0.214517
v 0.199632 0.377452 0.311878
v 0.213646 0.657775 -0.448137
v 0.517290 0.286298 -0.204257
v 0.549605 0.277436 0.214531
v -0.000288 -0.638874 0.012994
v -0.249201 -0.672684 0.457524
v -0.205868 -0.506346 -0.326567
v -0.524244 -0.270317 -0.196631
v -0.536840 -0.300982 0.217934
v 0.248278 -0.672565 0.457262
v 0.205826 -0.506581 -0.326687
v 0.524775 -0.270076 -0.196766
v 0.536734 -0.300974 0.217961
v 0.000079 -0.003501 0.710202
v 0.348076 -0.220226 0.583942
v -0.347964 -0.219594 0.584231
v 0.347206 0.194349 0.565671
v -0.347301 0.194251 0.565666
v 0.000093 0.015575 -0.725265
v 0.342614 -0.193032 -0.565091
v -0.342601 -0.192758 -0.565238
v 0.360839 0.217542 -0.620444
v -0.360845 0.217766 -0.620363
v 0.711609 -0.000103 0.013424
v -0.711653 -0.000117 0.013399
v -0.168456 0.502887 -0.037331
v -0.280263 0.426397 0.127376
v -0.279719 0.524791 -0.203032
v -0.432665 0.406415 -0.103419
v -0.444474 0.372333 0.091119
v 0.168172 0.503343 -0.037036
v 0.280175 0.426285 0.127119
v 0.279918 0.525184 -0.203002
v 0.432411 0.406313 -0.103390
v 0.444515 0.372442 0.091091
v -0.205904 -0.665792 0.001386
v -0.295771 -0.547751 0.189349
v -0.355819 -0.669206 -0.184557
v -0.428620 -0.426581 -0.077624
v -0.446950 -0.441215 0.116702
v 0.205146 -0.665901 0.001076
v 0.295846 -0.547418 0.189257
v 0.355729 -0.669712 -0.184687
v 0.428747 -0.426457 -0.077287
v 0.447001 -0.441062 0.116893
v -0.141563 -0.659327 0.697607
v 0.140398 -0.659442 0.696633
v -0.000119 -0.230862 0.763365
v 0.187205 -0.365924 0.696769
v -0.187926 -0.365759 0.697769
v -0.099041 0.329001 0.501720
v 0.099114 0.328951 0.501646
v 0.000018 0.206459 0.669312
v 0.163927 0.273072 0.618069
v -0.163941 0.273038 0.618053
v -0.092301 -0.359283 -0.479424
v 0.092088 -0.359401 -0.479301
v 0.000016 -0.205674 -0.659240
v 0.160073 -0.261752 -0.614294
v -0.159989 -0.261762 -0.614301
v -0.129777 0.575843 -0.633710
v 0.130194 0.575880 -0.633840
v -0.000099 0.243014 -0.794575
v 0.191033 0.352552 -0.719268
v -0.190564 0.352415 -0.718978
v 0.594434 0.126612 -0.314120
v 0.588074 -0.131624 -0.311930
v 0.497200 -0.084094 -0.476563
v 0.511412 0.086844 -0.493911
v 0.661961 -0.000161 -0.207466
v 0.603562 0.133128 0.313150
v 0.601164 -0.134089 0.310101
v 0.511946 -0.083795 0.478978
v 0.511887 0.086159 0.480169
v 0.693096 0.000085 0.221205
v -0.594392 0.126753 -0.314150
v -0.588030 -0.131663 -0.312053
v -0.497099 -0.084200 -0.476506
v -0.511335 0.086897 -0.493915
v -0.662043 -0.000130 -0.207447
v -0.603208 0.133015 0.312914
v -0.601547 -0.134328 0.310245
v -0.511646 -0.084094 0.479094
v -0.511943 0.086107 0.480145
v -0.693097 0.000099 0.221201
v -0.090013 0.461284 0.122223
v -0.083909 0.589588 -0.242363
v 0.090388 0.460606 0.122907
v 0.083887 0.589649 -0.242482
v -0.394976 0.341062 0.286357
v -0.000184 0.391588 0.314123
v -0.298994 0.306762 0.480902
v -0.405469 0.490506 -0.331450
v -0.000046 0.700133 -0.454431
v -0.306263 0.443487 -0.540883
v -0.565645 0.287997 0.013819
v -0.451934 0.272634 -0.420704
v -0.644321 0.144865 -0.093140
v -0.473190 0.252368 0.412536
v -0.652166 0.149292 0.116754
v 0.395032 0.341068 0.286409
v 0.299005 0.306716 0.480879
v 0.406195 0.490218 -0.331832
v 0.305875 0.443780 -0.541220
v 0.565641 0.287970 0.013857
v 0.451833 0.272514 -0.420779
v 0.644334 0.144819 -0.093142
v 0.473148 0.252346 0.412502
v 0.652148 0.149288 0.116753
v -0.086037 -0.594823 0.223618
v -0.110166 -0.690814 -0.186626
v 0.086287 -0.594672 0.223714
v 0.109314 -0.689588 -0.186029
v -0.402855 -0.464171 0.336722
v 0.000140 -0.667648 0.469009
v -0.334947 -0.481906 0.569355
v -0.367475 -0.385353 -0.270683
v -0.000068 -0.512420 -0.329419
v -0.280530 -0.310595 -0.464420
v -0.561207 -0.290828 0.018508
v -0.459353 -0.235929 -0.411869
v -0.641483 -0.148396 -0.093694
v -0.461423 -0.283442 0.414844
v -0.650758 -0.151855 0.115611
v 0.403094 -0.464323 0.335968
v 0.335007 -0.481661 0.568913
v 0.367472 -0.385114 -0.270742
v 0.280465 -0.311991 -0.463641
v 0.561251 -0.290758 0.018480
v 0.459420 -0.236088 -0.411834
v 0.641518 -0.148466 -0.093731
v 0.461640 -0.283555 0.415160
v 0.650700 -0.151876 0.115596
v 0.191925 -0.114221 0.696158
v -0.192122 -0.114304 0.696345
v 0.187288 0.104605 0.658720
v -0.187362 0.105468 0.659315
v 0.371186 0.003368 0.602866
v -0.371259 0.003246 0.602816
v 0.183587 -0.097157 -0.655555
v -0.183827 -0.097229 -0.655528
v 0.225558 0.127082 -0.784675
v -0.225577 0.126691 -0.785153
v 0.365989 0.008458 -0.608493
v -0.365929 0.008630 -0.608680
v -0.263646 0.478756 -0.028778
v -0.315874 0.445960 0.047021
v -0.307987 0.479262 -0.096881
v -0.384770 0.437129 -0.055840
v -0.388290 0.418360 0.030851
v 0.263831 0.478827 -0.028653
v 0.315754 0.446048 0.047078
v 0.308116 0.479243 -0.096622
v 0.384873 0.437198 -0.055518
v 0.388309 0.418484 0.030926
v -0.297267 -0.615265 -0.001307
v -0.334648 -0.553286 0.080305
v -0.348191 -0.603739 -0.069358
v -0.394280 -0.508515 -0.031270
v -0.406295 -0.506672 0.058154
v 0.296640 -0.615427 -0.000974
v 0.334905 -0.553447 0.080963
v 0.347980 -0.603972 -0.069165
v 0.393894 -0.508522 -0.031666
v 0.406352 -0.506701 0.058379
v -0.057883 -0.528173 0.694071
v 0.057714 -0.528494 0.694514
v -0.000019 -0.351079 0.724686
v 0.086293 -0.416909 0.709198
v -0.086084 -0.416587 0.709305
v -0.044552 0.310182 0.574585
v 0.044578 0.310186 0.574594
v 0.000008 0.273982 0.647567
v 0.072290 0.289789 0.622019
v -0.072297 0.289798 0.622020
v -0.042261 -0.313451 -0.559876
v 0.042355 -0.313506 -0.560025
v -0.000014 -0.264223 -0.643378
v 0.070835 -0.279648 -0.618969
v -0.070754 -0.279672 -0.618953
v -0.054587 0.489967 -0.674599
v 0.054869 0.489709 -0.674357
v 0.000254 0.342983 -0.747146
v 0.085940 0.395326 -0.716272
v -0.085942 0.395199 -0.715874
v 0.609755 0.055641 -0.359294
v 0.601387 -0.055642 -0.354841
v 0.562982 -0.033867 -0.429816
v 0.568422 0.036790 -0.434243
v 0.634530 0.000928 -0.312355
v 0.624574 0.056382 0.357232
v 0.625429 -0.054960 0.355430
v 0.584109 -0.032566 0.430789
v 0.583322 0.035903 0.432239
v 0.659705 0.000126 0.313828
v -0.609745 0.055601 -0.359292
v -0.601302 -0.055589 -0.354829
v -0.562898 -0.033981 -0.429707
v -0.568405 0.036869 -0.434260
v -0.634557 0.000947 -0.312404
v -0.624607 0.056393 0.357233
v -0.625454 -0.055063 0.355449
v -0.584123 -0.032624 0.430806
v -0.583390 0.035892 0.432259
v -0.659677 0.000132 0.313821
v -0.074538 0.518088 -0.043174
v 0.074620 0.518263 -0.043308
v -0.040699 0.498588 0.031252
v -0.032424 0.549040 -0.136308
v 0.040489 0.498622 0.031296
v 0.032462 0.549038 -0.136163
v -0.242661 0.402932 0.216851
v -0.151766 0.352216 0.409900
v -0.144069 0.418032 0.218256
v -0.300353 0.361703 0.304819
v -0.099392 0.387653 0.314368
v -0.254065 0.340214 0.403154
v -0.258283 0.600596 -0.324879
v -0.184173 0.638547 -0.541042
v -0.155854 0.670862 -0.358664
v -0.387640 0.633248 -0.416149
v -0.153313 0.811121 -0.458803
v -0.283818 0.566368 -0.502387
v -0.476144 0.356374 -0.152537
v -0.559678 0.206279 -0.259416
v -0.441052 0.370300 -0.263401
v -0.546981 0.287558 -0.092710
v -0.486062 0.283386 -0.314977
v -0.586220 0.214275 -0.147632
v -0.501005 0.325928 0.154505
v -0.582050 0.213324 0.266752
v -0.478588 0.314719 0.255330
v -0.564603 0.283738 0.113745
v -0.518226 0.267253 0.315642
v -0.607357 0.221919 0.167096
v 0.242587 0.403206 0.216471
v 0.151677 0.352301 0.408986
v 0.144359 0.417988 0.218463
v 0.099260 0.387793 0.313950
v 0.300545 0.361376 0.305075
v 0.254233 0.340058 0.403177
v 0.258237 0.600438 -0.324726
v 0.184081 0.638741 -0.541345
v 0.155818 0.670894 -0.358619
v 0.153212 0.811148 -0.458759
v 0.387311 0.633389 -0.415844
v 0.283735 0.566463 -0.502383
v 0.476064 0.356526 -0.152597
v 0.559607 0.206324 -0.259550
v 0.441350 0.370333 -0.263641
v 0.546751 0.287239 -0.092689
v 0.486042 0.283824 -0.314888
v 0.586264 0.214129 -0.147535
v 0.501019 0.325864 0.154503
v 0.581979 0.213356 0.266718
v 0.478576 0.314600 0.255310
v 0.564549 0.283754 0.113788
v 0.518207 0.267262 0.315618
v 0.607342 0.221868 0.167109
v -0.102112 -0.654843 0.006419
v 0.101715 -0.654370 0.007110
v -0.045460 -0.619440 0.109969
v -0.064353 -0.643434 -0.076010
v 0.045278 -0.619253 0.110022
v 0.064007 -0.642951 -0.076093
v -0.257468 -0.559413 0.328353
v -0.223350 -0.790053 0.620094
v -0.145120 -0.601297 0.361153
v -0.325250 -0.548243 0.402199
v -0.122688 -0.716260 0.472185
v -0.317794 -0.614710 0.539063
v -0.293356 -0.624748 -0.287922
v -0.144765 -0.419740 -0.395238
v -0.168535 -0.639974 -0.283168
v -0.293178 -0.453799 -0.301806
v -0.104353 -0.516106 -0.331217
v -0.237246 -0.390529 -0.382837
v -0.474268 -0.344522 -0.133507
v -0.566314 -0.203461 -0.260459
v -0.448368 -0.327197 -0.238545
v -0.547141 -0.281715 -0.086832
v -0.499365 -0.254573 -0.309179
v -0.592429 -0.213178 -0.146917
v -0.491677 -0.373705 0.170463
v -0.573613 -0.219760 0.263498
v -0.470845 -0.381620 0.274330
v -0.554759 -0.297993 0.118115
v -0.503315 -0.296348 0.317952
v -0.603116 -0.226853 0.165352
v 0.257457 -0.559318 0.328003
v 0.221503 -0.791441 0.618409
v 0.145480 -0.601224 0.361193
v 0.122636 -0.715581 0.471969
v 0.325289 -0.547972 0.401925
v 0.317618 -0.615336 0.538550
v 0.292786 -0.625243 -0.287883
v 0.144617 -0.419867 -0.395071
v 0.168094 -0.639921 -0.282959
v 0.103878 -0.516893 -0.331214
v 0.293030 -0.453966 -0.301756
v 0.237175 -0.390658 -0.382716
v 0.474245 -0.344361 -0.133724
v 0.566376 -0.203415 -0.260420
v 0.448077 -0.327169 -0.238437
v 0.547205 -0.281768 -0.086753
v 0.499465 -0.254444 -0.309206
v 0.592483 -0.213154 -0.146916
v 0.491640 -0.373665 0.170341
v 0.573538 -0.219638 0.263516
v 0.471126 -0.381884 0.274734
v 0.554748 -0.298041 0.118180
v 0.503192 -0.296292 0.317936
v 0.603148 -0.226629 0.165342
v -0.000080 -0.108863 0.777067
v -0.000039 0.104982 0.683459
v 0.097106 -0.058204 0.716910
v -0.096697 -0.058367 0.716340
v 0.094644 0.050421 0.686030
v -0.094602 0.050461 0.686233
v 0.271944 -0.295947 0.648108
v 0.430072 -0.147187 0.529016
v 0.339091 -0.345743 0.575324
v 0.409261 -0.258649 0.505276
v 0.276194 -0.170148 0.649022
v 0.363849 -0.103383 0.598521
v -0.271467 -0.296048 0.648056
v -0.429577 -0.147158 0.528721
v -0.339359 -0.345173 0.575622
v -0.409538 -0.258683 0.505573
v -0.275975 -0.170125 0.648956
v -0.363944 -0.103253 0.598741
v 0.257526 0.240450 0.598302
v 0.433016 0.141598 0.526549
v 0.329154 0.267514 0.535269
v 0.415239 0.228929 0.497886
v 0.271397 0.153573 0.619843
v 0.361809 0.100728 0.587675
v -0.257499 0.240453 0.598283
v -0.432987 0.141575 0.526551
v -0.329176 0.267505 0.535291
v -0.415207 0.228816 0.497881
v -0.271323 0.153251 0.619649
v -0.362164 0.100732 0.588017
v -0.000137 -0.098421 -0.677163
v 0.000017 0.129384 -0.785396
v 0.095995 -0.041007 -0.693245
v -0.096104 -0.040888 -0.693497
v 0.106605 0.070941 -0.758942
v -0.106557 0.071897 -0.756725
v 0.253729 -0.233804 -0.595960
v 0.422397 -0.137791 -0.522395
v 0.320682 -0.252626 -0.533924
v 0.406767 -0.216496 -0.499053
v 0.266495 -0.149980 -0.613455
v 0.354340 -0.097395 -0.583268
v -0.253649 -0.233653 -0.596120
v -0.422417 -0.137866 -0.522520
v -0.320602 -0.252872 -0.533895
v -0.406752 -0.216425 -0.499039
v -0.266554 -0.150495 -0.613510
v -0.354370 -0.097623 -0.583351
v 0.280594 0.289121 -0.682553
v 0.440300 0.148204 -0.557341
v 0.330506 0.326159 -0.580519
v 0.409131 0.249156 -0.521540
v 0.308249 0.181099 -0.722625
v 0.383444 0.114169 -0.640315
v -0.280727 0.289553 -0.682968
v -0.440155 0.148178 -0.557133
v -0.330874 0.326105 -0.580587
v -0.408923 0.249304 -0.521379
v -0.308163 0.181184 -0.722850
v -0.383092 0.114243 -0.640184
v 0.691824 -0.000155 -0.094313
v 0.704364 -0.000058 0.118148
v 0.691173 0.073337 -0.039487
v 0.692924 0.074654 0.065400
v 0.684146 -0.075765 -0.039912
v 0.688953 -0.076190 0.065083
v -0.691836 -0.000088 -0.094299
v -0.704398 -0.000063 0.118137
v -0.691179 0.073259 -0.039479
v -0.692913 0.074646 0.065394
v -0.683907 -0.075720 -0.040006
v -0.688956 -0.076189 0.065100
v -0.224078 0.469052 0.047101
v -0.218893 0.514353 -0.120397
v -0.126680 0.490660 0.040132
v -0.114832 0.537027 -0.128437
v -0.367347 0.401433 0.115334
v -0.185157 0.447084 0.128018
v -0.337776 0.382571 0.207170
v -0.360740 0.467768 -0.159323
v -0.182962 0.569035 -0.230589
v -0.354850 0.533261 -0.276618
v -0.448117 0.387473 -0.002335
v -0.407286 0.436862 -0.215267
v -0.502747 0.346516 -0.043280
v -0.425210 0.357250 0.186227
v -0.509424 0.336292 0.056229
v 0.224307 0.469845 0.047210
v 0.218989 0.514758 -0.120526
v 0.126883 0.490462 0.040232
v 0.115756 0.537396 -0.128657
v 0.367480 0.401357 0.115308
v 0.184922 0.446098 0.128383
v 0.337618 0.382620 0.207007
v 0.360846 0.468102 -0.159311
v 0.182881 0.569177 -0.230620
v 0.355016 0.533190 -0.276280
v 0.448138 0.387463 -0.002387
v 0.407087 0.436703 -0.215330
v 0.502684 0.346690 -0.043439
v 0.425178 0.357272 0.186231
v 0.509409 0.336224 0.056263
v -0.239917 -0.582661 0.084477
v -0.298730 -0.747774 -0.079181
v -0.136375 -0.606199 0.092070
v -0.162531 -0.768830 -0.078947
v -0.392575 -0.509171 0.158232
v -0.188642 -0.571153 0.211696
v -0.356051 -0.516370 0.274598
v -0.378496 -0.521287 -0.126951
v -0.233211 -0.784358 -0.222452
v -0.353899 -0.512408 -0.228624
v -0.445567 -0.434228 0.018045
v -0.404058 -0.414951 -0.176326
v -0.493419 -0.356297 -0.031213
v -0.431747 -0.451043 0.223110
v -0.500941 -0.365968 0.069053
v 0.239740 -0.582824 0.084677
v 0.298094 -0.748302 -0.079168
v 0.136512 -0.606157 0.092381
v 0.160760 -0.766785 -0.079813
v 0.392631 -0.508990 0.158254
v 0.188938 -0.571290 0.211819
v 0.356433 -0.516457 0.274087
v 0.378939 -0.521197 -0.127010
v 0.232257 -0.784607 -0.222340
v 0.353977 -0.512675 -0.228542
v 0.445709 -0.434172 0.018020
v 0.404289 -0.414751 -0.176451
v 0.493462 -0.356044 -0.031060
v 0.431733 -0.450878 0.223098
v 0.500739 -0.365836 0.069165
v -0.000087 -0.613437 0.656624
v -0.178570 -0.508904 0.696960
v -0.065020 -0.690097 0.586894
v -0.284456 -0.620785 0.676629
v 0.178386 -0.509421 0.697661
v 0.064516 -0.689481 0.585913
v 0.284484 -0.621908 0.676620
v 0.095365 -0.295162 0.729132
v -0.095328 -0.295029 0.728579
v 0.097718 -0.172868 0.741550
v -0.097921 -0.172753 0.741534
v 0.283200 -0.441267 0.665042
v 0.191121 -0.235331 0.703092
v -0.283208 -0.441308 0.665181
v -0.191139 -0.235214 0.702714
v 0.000035 0.332127 0.501858
v -0.138212 0.303949 0.572369
v -0.050182 0.358729 0.410334
v -0.199794 0.320535 0.496301
v 0.138206 0.303930 0.572355
v 0.050077 0.358647 0.410561
v 0.199761 0.320602 0.496305
v 0.085289 0.243926 0.651367
v -0.085283 0.243914 0.651373
v 0.091256 0.154353 0.666945
v -0.091389 0.154877 0.667116
v 0.235400 0.291067 0.560605
v 0.179290 0.204803 0.642781
v -0.235373 0.291073 0.560611
v -0.179273 0.204785 0.642805
v -0.000109 -0.366067 -0.480800
v -0.132160 -0.300501 -0.563264
v -0.048791 -0.432911 -0.402374
v -0.185938 -0.341928 -0.473489
v 0.132295 -0.300478 -0.563389
v 0.048890 -0.432569 -0.401654
v 0.185682 -0.341529 -0.473557
v 0.084817 -0.244763 -0.648360
v -0.084848 -0.244694 -0.648396
v 0.090586 -0.155590 -0.661851
v -0.090594 -0.155280 -0.661866
v 0.226424 -0.281027 -0.552487
v 0.175138 -0.204150 -0.635295
v -0.226285 -0.281191 -0.552355
v -0.175163 -0.203847 -0.635270
v 0.000176 0.588337 -0.633929
v -0.164982 0.461623 -0.672971
v -0.068643 0.666990 -0.557476
v -0.228201 0.520599 -0.598463
v 0.165147 0.461795 -0.673192
v 0.069287 0.666974 -0.557484
v 0.227729 0.520581 -0.598228
v 0.105345 0.297719 -0.771869
v -0.105083 0.298055 -0.772175
v 0.117380 0.188977 -0.821902
v -0.117681 0.189444 -0.821392
v 0.253947 0.401398 -0.637902
v 0.222658 0.248987 -0.787940
v -0.253629 0.401471 -0.637614
v -0.222625 0.248906 -0.787968
v 0.558650 0.110973 -0.409676
v 0.637593 0.064548 -0.261351
v 0.534455 0.193846 -0.368056
v 0.618925 0.137422 -0.204886
v 0.545443 -0.111709 -0.399850
v 0.630746 -0.066747 -0.259485
v 0.531150 -0.189561 -0.364734
v 0.615659 -0.140791 -0.204908
v 0.512088 0.002532 -0.495012
v 0.482786 -0.169274 -0.453215
v 0.435330 -0.043493 -0.541843
v 0.488276 0.175852 -0.464129
v 0.448144 0.052957 -0.561347
v 0.665170 0.069819 -0.150417
v 0.657789 -0.072223 -0.150199
v 0.563241 0.114636 0.401607
v 0.659405 0.066923 0.267225
v 0.544270 0.199809 0.363832
v 0.636625 0.144808 0.217230
v 0.563661 -0.114585 0.398878
v 0.659276 -0.066574 0.266081
v 0.536587 -0.206182 0.359077
v 0.634720 -0.146262 0.214881
v 0.527962 0.003591 0.498733
v 0.487445 -0.182365 0.447932
v 0.454121 -0.041643 0.553778
v 0.492072 0.173562 0.449293
v 0.452825 0.049916 0.551785
v 0.683811 0.072751 0.169102
v 0.680498 -0.073303 0.168278
v -0.558646 0.110985 -0.409571
v -0.637630 0.064547 -0.261315
v -0.534342 0.193577 -0.367977
v -0.618901 0.137384 -0.204886
v -0.545704 -0.112057 -0.400157
v -0.630723 -0.066702 -0.259385
v -0.531170 -0.189385 -0.364683
v -0.616849 -0.141486 -0.205205
v -0.512322 0.002605 -0.495048
v -0.482824 -0.169295 -0.453243
v -0.435136 -0.043185 -0.541838
v -0.488146 0.175880 -0.464145
v -0.448262 0.052934 -0.561280
v -0.665201 0.069779 -0.150398
v -0.657609 -0.072179 -0.150223
v -0.563314 0.114651 0.401636
v -0.659423 0.066911 0.267252
v -0.544244 0.199760 0.363822
v -0.636640 0.144849 0.217249
v -0.563690 -0.114531 0.398829
v -0.659269 -0.066579 0.266100
v -0.536615 -0.206048 0.359259
v -0.634693 -0.146301 0.214800
v -0.527950 0.003471 0.498780
v -0.487558 -0.182574 0.447641
v -0.454292 -0.041704 0.553601
v -0.492067 0.173309 0.449294
v -0.452763 0.049865 0.551839
v -0.683781 0.072717 0.169090
v -0.680524 -0.073296 0.168252
v -0.000102 0.467187 0.116322
v -0.047992 0.426423 0.216589
v -0.000049 0.594694 -0.243847
v -0.056658 0.672085 -0.352425
v 0.047829 0.426503 0.216536
v 0.056562 0.673211 -0.352120
v -0.353596 0.323590 0.387915
v -0.440957 0.301220 0.356782
v -0.391239 0.286091 0.452998
v -0.371349 0.490652 -0.449537
v -0.408626 0.375598 -0.373644
v -0.376197 0.358414 -0.479966
v -0.609569 0.220828 -0.037359
v -0.616064 0.223735 0.066160
v -0.658954 0.149917 0.014033
v 0.353594 0.323614 0.387894
v 0.441003 0.301133 0.356821
v 0.391239 0.286108 0.452994
v 0.371752 0.490699 -0.449415
v 0.407782 0.375250 -0.373486
v 0.376221 0.358036 -0.480153
v 0.609535 0.220857 -0.037437
v 0.616065 0.223731 0.066148
v 0.658971 0.149942 0.014031
v 0.000044 -0.609480 0.228955
v -0.047029 -0.626125 0.355298
v -0.000424 -0.602283 -0.158053
v -0.056364 -0.588198 -0.256433
v 0.047115 -0.626168 0.355244
v 0.055964 -0.588288 -0.256283
v -0.368063 -0.477304 0.451752
v -0.433346 -0.380584 0.379294
v -0.391147 -0.371671 0.482616
v -0.326601 -0.349947 -0.366350
v -0.414397 -0.302964 -0.342225
v -0.372814 -0.275639 -0.444433
v -0.613008 -0.221514 -0.036499
v -0.614249 -0.226168 0.066165
v -0.657406 -0.153618 0.013358
v 0.367894 -0.477853 0.451659
v 0.433236 -0.380647 0.379375
v 0.390856 -0.372496 0.482487
v 0.326641 -0.349586 -0.366477
v 0.414379 -0.302799 -0.342537
v 0.372824 -0.275414 -0.444433
v 0.613019 -0.221524 -0.036549
v 0.614232 -0.226202 0.066159
v 0.657420 -0.153602 0.013354
v 0.191731 -0.001485 0.678378
v 0.281842 -0.053793 0.648511
v -0.191717 -0.001690 0.678613
v -0.282234 -0.053602 0.648733
v 0.283431 0.054992 0.642131
v -0.283323 0.055041 0.642173
v 0.196799 0.015460 -0.699774
v 0.277351 -0.042193 -0.639832
v -0.196534 0.014856 -0.699747
v -0.277496 -0.042323 -0.639836
v 0.294544 0.068155 -0.684388
v -0.294876 0.068497 -0.684717
v -0.304656 0.465714 -0.023138
v -0.328976 0.451506 0.011237
v -0.323885 0.464221 -0.052374
v -0.359572 0.447556 -0.034470
v -0.361509 0.439054 0.004012
v 0.304947 0.465904 -0.023158
v 0.329026 0.451560 0.011240
v 0.323753 0.464588 -0.052420
v 0.359624 0.447269 -0.034497
v 0.361519 0.439110 0.003951
v -0.331642 -0.584011 0.003372
v -0.349176 -0.556818 0.037800
v -0.351541 -0.575624 -0.026558
v -0.375504 -0.538799 -0.009926
v -0.378020 -0.533338 0.029516
v 0.331711 -0.583894 0.003469
v 0.348859 -0.556718 0.038088
v 0.351196 -0.576347 -0.026424
v 0.375562 -0.539264 -0.010221
v 0.378393 -0.533466 0.029478
v -0.024562 -0.483040 0.701248
v 0.024524 -0.483195 0.701970
v -0.000013 -0.405619 0.714740
v 0.038609 -0.435116 0.709743
v -0.038499 -0.434597 0.709061
v -0.019665 0.303046 0.600280
v 0.019651 0.303064 0.600284
v -0.000004 0.288680 0.631147
v 0.031780 0.294476 0.619704
v -0.031799 0.294476 0.619712
v -0.018953 -0.297610 -0.593695
v 0.019027 -0.297590 -0.593718
v 0.000088 -0.278375 -0.628813
v 0.031164 -0.285099 -0.616398
v -0.030996 -0.285086 -0.616422
v -0.023564 0.452161 -0.692356
v 0.023820 0.452284 -0.692112
v -0.000032 0.387730 -0.724048
v 0.037869 0.411395 -0.710906
v -0.037727 0.411996 -0.711908
v 0.608860 0.025669 -0.374789
v 0.605544 -0.022395 -0.373230
v 0.587702 -0.013146 -0.405623
v 0.589672 0.016967 -0.406830
v 0.620086 0.001831 -0.354952
v 0.628869 0.024040 0.374573
v 0.629029 -0.022947 0.373410
v 0.610238 -0.013437 0.406393
v 0.610047 0.015504 0.407167
v 0.641825 0.000273 0.354180
v -0.608861 0.025589 -0.374773
v -0.605584 -0.022446 -0.373166
v -0.587705 -0.013202 -0.405563
v -0.589660 0.016958 -0.406810
v -0.620137 0.001823 -0.354912
v -0.628857 0.024069 0.374604
v -0.629043 -0.022949 0.373377
v -0.610254 -0.013442 0.406382
v -0.610038 0.015508 0.407160
v -0.641814 0.000318 0.354192
v -0.036225 0.522202 -0.047852
v 0.036631 0.522053 -0.047637
v -0.019236 0.512318 -0.008770
v -0.016918 0.535566 -0.091766
v 0.019410 0.511574 -0.008829
v 0.017043 0.535444 -0.091813
v -0.221974 0.389971 0.264243
v -0.176210 0.364844 0.360619
v -0.171990 0.397081 0.265409
v -0.250459 0.369859 0.309672
v -0.149848 0.383607 0.313913
v -0.227005 0.358228 0.357897
v -0.236640 0.636156 -0.390934
v -0.203307 0.665155 -0.496310
v -0.199526 0.699253 -0.404053
v -0.287906 0.627593 -0.427552
v -0.218332 0.793476 -0.470265
v -0.256406 0.618043 -0.476859
v -0.496162 0.323173 -0.178281
v -0.538096 0.246821 -0.231859
v -0.479892 0.326021 -0.233659
v -0.532085 0.286522 -0.148813
v -0.501253 0.285599 -0.260018
v -0.552410 0.249571 -0.175968
v -0.526893 0.302508 0.185309
v -0.568262 0.248509 0.241740
v -0.516097 0.298166 0.236136
v -0.558995 0.280931 0.163975
v -0.536085 0.273067 0.265289
v -0.580581 0.252645 0.191468
v 0.221822 0.390218 0.264086
v 0.176047 0.364511 0.360405
v 0.171723 0.397129 0.265377
v 0.149385 0.383334 0.313329
v 0.250329 0.369937 0.309386
v 0.226937 0.358291 0.358141
v 0.236519 0.636202 -0.390721
v 0.203292 0.665180 -0.496273
v 0.199208 0.699245 -0.404157
v 0.218443 0.793631 -0.470155
v 0.287859 0.627737 -0.427726
v 0.256279 0.618034 -0.476756
v 0.496230 0.323441 -0.178078
v 0.538534 0.246755 -0.231426
v 0.479724 0.326003 -0.233527
v 0.532326 0.286546 -0.148630
v 0.501333 0.285727 -0.259933
v 0.552554 0.249369 -0.175752
v 0.526903 0.302543 0.185317
v 0.568270 0.248512 0.241741
v 0.516089 0.298140 0.236164
v 0.558987 0.280937 0.163981
v 0.536082 0.273088 0.265269
v 0.580599 0.252626 0.191473
v -0.051884 -0.643323 0.011243
v 0.051253 -0.643103 0.011724
v -0.024314 -0.630950 0.060356
v -0.028982 -0.641917 -0.031668
v 0.023743 -0.631149 0.060091
v 0.028112 -0.641637 -0.031700
v -0.245658 -0.593746 0.401334
v -0.267267 -0.774908 0.527383
v -0.195363 -0.643615 0.410953
v -0.286987 -0.598599 0.439245
v -0.197319 -0.760094 0.462452
v -0.296936 -0.663051 0.503311
v -0.244775 -0.563913 -0.305005
v -0.173098 -0.457866 -0.355737
v -0.191178 -0.575695 -0.307997
v -0.252673 -0.485429 -0.317045
v -0.155834 -0.515589 -0.330665
v -0.219342 -0.441137 -0.347068
v -0.499169 -0.306575 -0.164640
v -0.548024 -0.236544 -0.229372
v -0.487400 -0.298240 -0.218838
v -0.535945 -0.276651 -0.141396
v -0.512156 -0.262812 -0.252723
v -0.560472 -0.242083 -0.172703
v -0.514115 -0.338123 0.194541
v -0.556189 -0.261274 0.240652
v -0.503278 -0.340416 0.245608
v -0.547195 -0.299969 0.167912
v -0.521283 -0.299538 0.267899
v -0.571464 -0.263416 0.191180
v 0.245770 -0.593654 0.401593
v 0.266193 -0.775734 0.526589
v 0.195696 -0.643554 0.411098
v 0.197377 -0.759855 0.462276
v 0.286542 -0.597998 0.439285
v 0.296787 -0.663616 0.502848
v 0.244813 -0.563796 -0.304971
v 0.172928 -0.458053 -0.355778
v 0.190350 -0.575726 -0.307828
v 0.155654 -0.515873 -0.330161
v 0.252474 -0.485853 -0.316883
v 0.219227 -0.441125 -0.347071
v 0.499526 -0.306263 -0.164746
v 0.547888 -0.236400 -0.229358
v 0.487540 -0.298201 -0.218799
v 0.536212 -0.276686 -0.141472
v 0.512332 -0.262951 -0.252696
v 0.560346 -0.242082 -0.172760
v 0.514364 -0.338165 0.194710
v 0.556287 -0.261174 0.240765
v 0.503001 -0.340298 0.245655
v 0.547059 -0.299965 0.168052
v 0.521413 -0.299555 0.268127
v 0.571382 -0.263435 0.191033
v -0.000196 -0.057308 0.734326
v 0.000215 0.050664 0.693919
v 0.048371 -0.030446 0.716675
v -0.048433 -0.030543 0.717164
v 0.047729 0.023578 0.698913
v -0.047765 0.023688 0.699087
v 0.309419 -0.257930 0.615144
v 0.388441 -0.182945 0.555076
v 0.342330 -0.281624 0.578459
v 0.379958 -0.241030 0.546182
v 0.313945 -0.196040 0.618572
v 0.355442 -0.160597 0.590917
v -0.309361 -0.258233 0.615152
v -0.388368 -0.182574 0.555238
v -0.342526 -0.281162 0.578705
v -0.379737 -0.240953 0.546267
v -0.314218 -0.196160 0.618952
v -0.355300 -0.160646 0.590923
v 0.302912 0.218620 0.583016
v 0.391075 0.169313 0.547506
v 0.339630 0.236773 0.553494
v 0.383184 0.214553 0.535213
v 0.309720 0.174271 0.593653
v 0.354793 0.148271 0.576822
v -0.302873 0.218636 0.582984
v -0.391083 0.169242 0.547483
v -0.339597 0.236803 0.553475
v -0.383143 0.214540 0.535235
v -0.309838 0.174244 0.593645
v -0.354628 0.148580 0.576815
v -0.000168 -0.040884 -0.695882
v 0.000424 0.072340 -0.757353
v 0.049494 -0.012096 -0.709057
v -0.049212 -0.012531 -0.709551
v 0.051803 0.043713 -0.741583
v -0.052032 0.043537 -0.740479
v 0.299376 -0.215567 -0.582337
v 0.383261 -0.166128 -0.544436
v 0.332984 -0.225697 -0.552265
v 0.375573 -0.205038 -0.533920
v 0.307279 -0.177664 -0.591719
v 0.349638 -0.149812 -0.574325
v -0.299350 -0.215336 -0.582560
v -0.383343 -0.165993 -0.544589
v -0.332934 -0.225637 -0.552211
v -0.375612 -0.205009 -0.533926
v -0.307233 -0.177225 -0.591766
v -0.349675 -0.149596 -0.574409
v 0.320789 0.253615 -0.652007
v 0.400477 0.182358 -0.588333
v 0.345415 0.270796 -0.601044
v 0.385117 0.234020 -0.570741
v 0.335010 0.199977 -0.670203
v 0.375527 0.165328 -0.636159
v -0.320748 0.253556 -0.652084
v -0.400831 0.182259 -0.588727
v -0.345592 0.270836 -0.601290
v -0.385281 0.234047 -0.570713
v -0.334817 0.200009 -0.670072
v -0.375418 0.165242 -0.635943
v 0.705072 -0.000060 -0.039162
v 0.708377 -0.000120 0.065585
v 0.707027 0.036825 -0.012739
v 0.706675 0.037107 0.039363
v 0.703505 -0.037695 -0.012735
v 0.704344 -0.037925 0.039342
v -0.705176 -0.000034 -0.039189
v -0.708331 -0.000137 0.065558
v -0.707051 0.036782 -0.012766
v -0.706669 0.037108 0.039353
v -0.703523 -0.037635 -0.012700
v -0.704350 -0.037915 0.039356
v -0.217145 0.491721 -0.033326
v -0.118553 0.512164 -0.039617
v -0.195725 0.487127 0.005676
v -0.192584 0.508929 -0.078185
v -0.146571 0.497911 0.002355
v -0.140930 0.519373 -0.081327
v -0.298253 0.436856 0.085724
v -0.261601 0.414960 0.170949
v -0.252354 0.448046 0.087500
v -0.325150 0.414444 0.122771
v -0.233412 0.437480 0.129002
v -0.308255 0.404196 0.167035
v -0.293060 0.498827 -0.147699
v -0.269394 0.560059 -0.261861
v -0.248291 0.520303 -0.162100
v -0.322652 0.497914 -0.183036
v -0.232642 0.548803 -0.218992
v -0.314930 0.529742 -0.241657
v -0.408459 0.423496 -0.079165
v -0.454869 0.384334 -0.127908
v -0.397010 0.437253 -0.132504
v -0.444033 0.396471 -0.050882
v -0.419578 0.419457 -0.158391
v -0.468496 0.376067 -0.073202
v -0.416025 0.395762 0.060143
v -0.473372 0.349076 0.122913
v -0.407099 0.387394 0.104678
v -0.447810 0.379536 0.044503
v -0.436348 0.364886 0.138048
v -0.477449 0.355243 0.074597
v 0.217086 0.491615 -0.033564
v 0.118636 0.512109 -0.039568
v 0.195914 0.486979 0.005655
v 0.192065 0.508735 -0.078241
v 0.146725 0.497824 0.002343
v 0.141017 0.519381 -0.081453
v 0.298357 0.437083 0.085775
v 0.262079 0.415345 0.170947
v 0.252302 0.448595 0.087248
v 0.325292 0.414674 0.122858
v 0.233282 0.437013 0.128947
v 0.308280 0.404111 0.166883
v 0.293309 0.499125 -0.147492
v 0.269654 0.560300 -0.261788
v 0.248538 0.520022 -0.162409
v 0.322447 0.497813 -0.183031
v 0.232958 0.549056 -0.218736
v 0.315162 0.529584 -0.241527
v 0.408801 0.423838 -0.079319
v 0.454818 0.384240 -0.127944
v 0.396871 0.437328 -0.132214
v 0.444144 0.396587 -0.050855
v 0.419884 0.419344 -0.158423
v 0.468613 0.376318 -0.073302
v 0.416129 0.395868 0.060163
v 0.473418 0.349061 0.122894
v 0.407217 0.387426 0.104717
v 0.447824 0.379551 0.044421
v 0.436388 0.364859 0.138129
v 0.477441 0.355233 0.074577
v -0.255218 -0.647944 0.000028
v -0.153194 -0.665187 0.002717
v -0.218732 -0.615761 0.035206
v -0.250382 -0.722676 -0.029719
v -0.167870 -0.627205 0.038337
v -0.189227 -0.718154 -0.037029
v -0.316154 -0.548635 0.131226
v -0.275946 -0.550087 0.254366
v -0.266443 -0.563396 0.139173
v -0.345934 -0.530242 0.174527
v -0.243723 -0.560217 0.202051
v -0.326779 -0.532838 0.234768
v -0.349061 -0.637276 -0.121194
v -0.337020 -0.666913 -0.251145
v -0.334331 -0.727048 -0.139034
v -0.363312 -0.585132 -0.153853
v -0.315169 -0.743820 -0.209896
v -0.358553 -0.590156 -0.212511
v -0.411243 -0.469950 -0.054004
v -0.450084 -0.384209 -0.104510
v -0.400338 -0.468980 -0.101353
v -0.438980 -0.431132 -0.029815
v -0.417039 -0.421916 -0.126834
v -0.460487 -0.389997 -0.054514
v -0.425967 -0.474145 0.087711
v -0.469058 -0.407783 0.144235
v -0.421112 -0.477179 0.138596
v -0.449009 -0.437746 0.066948
v -0.440939 -0.445448 0.168943
v -0.473507 -0.403993 0.093460
v 0.254639 -0.648131 -0.000223
v 0.152419 -0.664773 0.002127
v 0.218704 -0.615851 0.035546
v 0.249532 -0.723312 -0.029309
v 0.167871 -0.627246 0.038523
v 0.188177 -0.717285 -0.037092
v 0.316098 -0.549015 0.131156
v 0.275894 -0.550469 0.254453
v 0.266658 -0.563315 0.139107
v 0.345808 -0.530095 0.174840
v 0.243494 -0.560245 0.201886
v 0.327102 -0.532467 0.234749
v 0.349054 -0.637419 -0.121342
v 0.336794 -0.667322 -0.251352
v 0.334066 -0.727841 -0.139153
v 0.363475 -0.585263 -0.154233
v 0.314695 -0.744306 -0.210044
v 0.358269 -0.590300 -0.212329
v 0.410941 -0.469831 -0.054274
v 0.450187 -0.383557 -0.104091
v 0.400501 -0.469373 -0.101320
v 0.438877 -0.430699 -0.029819
v 0.417633 -0.421929 -0.126649
v 0.460637 -0.389828 -0.054313
v 0.425872 -0.473955 0.088017
v 0.469605 -0.408199 0.144391
v 0.421358 -0.477013 0.138652
v 0.448823 -0.437903 0.066708
v 0.440999 -0.445449 0.168909
v 0.473559 -0.403949 0.093744
v -0.096724 -0.583090 0.688653
v -0.183954 -0.750726 0.680404
v -0.068061 -0.627004 0.665902
v -0.164919 -0.584179 0.697165
v -0.102631 -0.690872 0.646981
v -0.219595 -0.662773 0.700881
v 0.096774 -0.583615 0.689592
v 0.182569 -0.752457 0.679668
v 0.067959 -0.627093 0.665626
v 0.165124 -0.585887 0.698588
v 0.101840 -0.691095 0.645715
v 0.219128 -0.664554 0.700944
v 0.000024 -0.292333 0.739978
v -0.000055 -0.165929 0.825843
v 0.048135 -0.262826 0.743943
v -0.048066 -0.262649 0.744308
v 0.048531 -0.201158 0.762959
v -0.048615 -0.201170 0.763433
v 0.136821 -0.394016 0.706076
v 0.233813 -0.333019 0.679648
v 0.184991 -0.435872 0.696530
v 0.141463 -0.329419 0.712899
v 0.236258 -0.404182 0.684001
v 0.189728 -0.299273 0.700664
v -0.136930 -0.393754 0.705813
v -0.233870 -0.332933 0.679708
v -0.184626 -0.435640 0.696197
v -0.141559 -0.329551 0.712576
v -0.236345 -0.404198 0.683947
v -0.190087 -0.299210 0.701161
v -0.071607 0.318837 0.541842
v -0.125742 0.340302 0.456007
v -0.049219 0.331318 0.501544
v -0.120465 0.315953 0.541066
v -0.075200 0.343450 0.456368
v -0.149647 0.325362 0.501201
v 0.071635 0.318864 0.541840
v 0.125792 0.340226 0.456170
v 0.049370 0.331267 0.501529
v 0.120468 0.315985 0.541040
v 0.075024 0.343527 0.456637
v 0.149689 0.325454 0.501178
v -0.000017 0.246893 0.660390
v -0.000067 0.158512 0.677092
v 0.043309 0.226369 0.662136
v -0.043247 0.226370 0.662131
v 0.044762 0.180961 0.669703
v -0.044763 0.180885 0.669532
v 0.116988 0.282776 0.621507
v 0.211172 0.258910 0.610366
v 0.152375 0.290569 0.597074
v 0.125703 0.261205 0.637885
v 0.200409 0.282476 0.592022
v 0.172876 0.245099 0.632946
v -0.116999 0.282772 0.621516
v -0.211171 0.258924 0.610347
v -0.152367 0.290544 0.597086
v -0.125743 0.261181 0.637886
v -0.200402 0.282449 0.592031
v -0.172895 0.245098 0.632938
v -0.067104 -0.334168 -0.521177
v -0.118080 -0.387919 -0.437287
v -0.046082 -0.364362 -0.480393
v -0.112707 -0.328704 -0.520450
v -0.070917 -0.393879 -0.439729
v -0.138998 -0.351634 -0.477253
v 0.066871 -0.334789 -0.520792
v 0.118068 -0.387687 -0.437196
v 0.045901 -0.363540 -0.480570
v 0.112819 -0.328641 -0.520410
v 0.070869 -0.394246 -0.439790
v 0.138854 -0.352317 -0.477188
v -0.000017 -0.243348 -0.653409
v 0.000041 -0.153597 -0.666414
v 0.043801 -0.229456 -0.655920
v -0.043794 -0.229121 -0.655912
v 0.044883 -0.180705 -0.661411
v -0.045013 -0.182129 -0.661333
v 0.114539 -0.272008 -0.619080
v 0.206748 -0.248889 -0.606235
v 0.148082 -0.280489 -0.594272
v 0.123286 -0.253508 -0.634029
v 0.194651 -0.270547 -0.587490
v 0.169005 -0.238514 -0.627147
v -0.114411 -0.272090 -0.619042
v -0.206680 -0.248806 -0.606345
v -0.148019 -0.280569 -0.594232
v -0.123250 -0.253472 -0.634022
v -0.194599 -0.270631 -0.587460
v -0.168970 -0.238428 -0.627364
v -0.090440 0.531576 -0.654862
v -0.163025 0.612541 -0.598102
v -0.065004 0.584810 -0.633490
v -0.150496 0.518969 -0.654798
v -0.102202 0.627689 -0.603094
v -0.189536 0.558014 -0.628628
v 0.090410 0.531270 -0.654470
v 0.163202 0.612347 -0.598143
v 0.065537 0.585236 -0.633886
v 0.150523 0.519138 -0.654774
v 0.102199 0.627557 -0.603134
v 0.189611 0.557858 -0.628672
v -0.000336 0.295070 -0.772826
v -0.000096 0.187648 -0.802510
v 0.054771 0.270580 -0.787013
v -0.054702 0.270328 -0.786370
v 0.057736 0.216727 -0.806935
v -0.057896 0.217033 -0.807141
v 0.138157 0.375509 -0.719314
v 0.239089 0.323456 -0.707899
v 0.177310 0.405840 -0.693096
v 0.150802 0.325365 -0.749250
v 0.225785 0.378375 -0.682614
v 0.207440 0.301745 -0.753724
v -0.138152 0.375791 -0.719426
v -0.238813 0.323314 -0.707615
v -0.177342 0.405821 -0.693084
v -0.150567 0.325247 -0.748914
v -0.225733 0.378508 -0.682589
v -0.207430 0.301885 -0.754250
v 0.605148 0.089531 -0.338670
v 0.579159 0.165904 -0.287335
v 0.580257 0.119224 -0.364622
v 0.617665 0.095583 -0.287387
v 0.567368 0.159018 -0.341348
v 0.606199 0.132709 -0.260190
v 0.594629 -0.092720 -0.333562
v 0.579416 -0.169307 -0.288171
v 0.567361 -0.122391 -0.357400
v 0.610738 -0.099344 -0.285477
v 0.561516 -0.162035 -0.338404
v 0.602189 -0.136645 -0.259469
v 0.531956 -0.058054 -0.453340
v 0.460262 -0.110536 -0.499411
v 0.522505 -0.099285 -0.439742
v 0.504294 -0.040299 -0.486445
v 0.490108 -0.128128 -0.465631
v 0.467658 -0.065183 -0.509744
v 0.541783 0.060234 -0.463276
v 0.478050 0.116255 -0.526146
v 0.535233 0.100275 -0.452424
v 0.516726 0.044713 -0.499530
v 0.501673 0.130454 -0.481438
v 0.486081 0.071264 -0.533166
v 0.647822 0.000177 -0.261879
v 0.676827 -0.000178 -0.151054
v 0.652860 0.032861 -0.234879
v 0.649051 -0.033610 -0.234172
v 0.667232 0.034190 -0.179190
v 0.663015 -0.035278 -0.178874
v 0.613905 0.093907 0.335304
v 0.592389 0.173035 0.290194
v 0.584853 0.125055 0.358828
v 0.631386 0.100018 0.289581
v 0.573761 0.166021 0.337442
v 0.620449 0.139675 0.265549
v 0.614689 -0.093170 0.333258
v 0.587659 -0.176845 0.286828
v 0.584277 -0.125641 0.355784
v 0.631722 -0.100226 0.287680
v 0.569674 -0.169540 0.333827
v 0.618328 -0.140956 0.263107
v 0.550393 -0.056261 0.455102
v 0.471159 -0.114492 0.503573
v 0.538036 -0.100863 0.439591
v 0.523893 -0.037613 0.493044
v 0.499261 -0.132464 0.463455
v 0.484978 -0.063409 0.518241
v 0.549216 0.060035 0.456510
v 0.473179 0.113303 0.503431
v 0.538628 0.101476 0.441696
v 0.522975 0.043762 0.493869
v 0.501386 0.129532 0.464954
v 0.484725 0.068914 0.518640
v 0.678114 0.000064 0.268871
v 0.699151 -0.000001 0.170315
v 0.682328 0.033445 0.244952
v 0.681488 -0.033240 0.244570
v 0.693085 0.035330 0.195642
v 0.691295 -0.035355 0.195316
v -0.605146 0.089655 -0.338683
v -0.579147 0.165822 -0.287213
v -0.580247 0.119454 -0.364602
v -0.617632 0.095599 -0.287385
v -0.567290 0.158959 -0.341237
v -0.606191 0.132705 -0.260166
v -0.594500 -0.092737 -0.333615
v -0.579226 -0.169083 -0.288114
v -0.567547 -0.122416 -0.357596
v -0.610717 -0.099293 -0.285312
v -0.561537 -0.161991 -0.338529
v -0.602435 -0.136757 -0.259484
v -0.531742 -0.058146 -0.453099
v -0.460262 -0.110542 -0.499550
v -0.522822 -0.099399 -0.440028
v -0.504369 -0.040401 -0.486525
v -0.490267 -0.128112 -0.465696
v -0.467696 -0.065010 -0.509781
v -0.541754 0.060255 -0.463269
v -0.477985 0.116113 -0.525909
v -0.535164 0.100270 -0.452395
v -0.516843 0.044736 -0.499614
v -0.501417 0.130341 -0.481313
v -0.486208 0.071410 -0.533325
v -0.647862 0.000230 -0.261915
v -0.676903 -0.000190 -0.151001
v -0.652893 0.032905 -0.234899
v -0.648872 -0.033615 -0.234105
v -0.667262 0.034179 -0.179209
v -0.662772 -0.035250 -0.178856
v -0.613937 0.093639 0.335211
v -0.592380 0.173270 0.290102
v -0.584881 0.125200 0.358913
v -0.631540 0.100087 0.289534
v -0.573829 0.165900 0.337482
v -0.620334 0.139297 0.265559
v -0.614641 -0.093194 0.333195
v -0.587631 -0.176874 0.286792
v -0.584248 -0.125644 0.355577
v -0.631649 -0.100220 0.287652
v -0.569570 -0.169381 0.333840
v -0.618261 -0.141016 0.263110
v -0.550402 -0.056228 0.455101
v -0.471767 -0.114294 0.503488
v -0.538082 -0.101058 0.439505
v -0.523955 -0.037645 0.493042
v -0.499187 -0.132430 0.463588
v -0.484861 -0.063497 0.518140
v -0.549285 0.060205 0.456585
v -0.473074 0.113370 0.503390
v -0.538401 0.101376 0.441497
v -0.523058 0.043826 0.493945
v -0.501138 0.129619 0.464623
v -0.484653 0.068978 0.518585
v -0.678135 0.000096 0.268879
v -0.699149 0.000004 0.170325
v -0.682333 0.033459 0.244945
v -0.681469 -0.033214 0.244585
v -0.693060 0.035328 0.195617
v -0.691309 -0.035324 0.195337
v -0.064156 0.482238 0.074420
v -0.117011 0.439036 0.170717
v -0.108933 0.476544 0.079903
v -0.137000 0.454351 0.125853
v -0.044495 0.465535 0.118259
v -0.069768 0.443733 0.168181
v -0.054514 0.565771 -0.186336
v -0.116988 0.623319 -0.300693
v -0.098029 0.560463 -0.183311
v -0.131833 0.582446 -0.238646
v -0.040903 0.593234 -0.243509
v -0.071113 0.630327 -0.299707
v 0.064112 0.482541 0.074385
v 0.117225 0.439244 0.170911
v 0.109058 0.476665 0.079869
v 0.136989 0.454622 0.126233
v 0.044475 0.465591 0.117829
v 0.069713 0.444307 0.168598
v 0.054493 0.565654 -0.186365
v 0.116941 0.623259 -0.300640
v 0.098007 0.560597 -0.183161
v 0.131672 0.582181 -0.238757
v 0.040857 0.593321 -0.243485
v 0.071121 0.630024 -0.299700
v -0.349091 0.351762 0.297453
v -0.437701 0.328611 0.271934
v -0.366564 0.361347 0.247023
v -0.411213 0.349297 0.235643
v -0.375717 0.332329 0.337464
v -0.419614 0.321187 0.323156
v -0.049787 0.390536 0.314471
v 0.049703 0.390610 0.314511
v -0.024775 0.374856 0.363181
v 0.025083 0.374844 0.362594
v -0.024671 0.408884 0.265449
v 0.024507 0.408555 0.265296
v -0.279295 0.323030 0.445797
v -0.315392 0.289026 0.510429
v -0.249934 0.314337 0.489989
v -0.268012 0.298801 0.522652
v -0.327947 0.315016 0.436050
v -0.346024 0.297388 0.468164
v -0.456967 0.595504 -0.370769
v -0.400427 0.422949 -0.293891
v -0.394343 0.526245 -0.306819
v -0.395655 0.460378 -0.273246
v -0.402081 0.504368 -0.394971
v -0.387602 0.432435 -0.350607
v -0.073674 0.715178 -0.452816
v 0.073776 0.715058 -0.452775
v -0.035703 0.692679 -0.507526
v 0.035495 0.692818 -0.507987
v -0.033074 0.693549 -0.402943
v 0.033162 0.693306 -0.403089
v -0.297385 0.506607 -0.522965
v -0.316609 0.383299 -0.560068
v -0.267483 0.483030 -0.570030
v -0.279801 0.422262 -0.589299
v -0.335943 0.465590 -0.494439
v -0.340579 0.401376 -0.510268
v -0.558585 0.287992 -0.038178
v -0.567019 0.286128 0.063968
v -0.535114 0.317337 -0.014267
v -0.538874 0.314278 0.036002
v -0.588988 0.256453 -0.010780
v -0.592991 0.257229 0.040563
v -0.469877 0.279697 -0.368581
v -0.431071 0.262334 -0.471438
v -0.493468 0.232272 -0.393897
v -0.471979 0.223386 -0.443648
v -0.430512 0.323247 -0.397362
v -0.412535 0.314501 -0.449759
v -0.617288 0.179738 -0.120059
v -0.669044 0.109456 -0.066344
v -0.631881 0.141403 -0.148889
v -0.656994 0.106779 -0.121689
v -0.628396 0.183228 -0.064891
v -0.654866 0.148021 -0.038511
v -0.497801 0.261238 0.365525
v -0.445323 0.241267 0.456604
v -0.510606 0.229225 0.389170
v -0.483747 0.216398 0.432894
v -0.458935 0.279269 0.386902
v -0.433487 0.271300 0.434158
v -0.630598 0.186413 0.142073
v -0.673694 0.112136 0.091240
v -0.646926 0.148104 0.167553
v -0.668607 0.111033 0.142636
v -0.635412 0.187419 0.091355
v -0.656330 0.149958 0.065562
v 0.349063 0.351785 0.297561
v 0.437757 0.328693 0.271995
v 0.366631 0.361392 0.247138
v 0.411168 0.349264 0.235628
v 0.375789 0.332444 0.337467
v 0.419671 0.321259 0.323167
v 0.279203 0.323112 0.445794
v 0.315406 0.289007 0.510420
v 0.249883 0.314377 0.490029
v 0.268030 0.298764 0.522641
v 0.327950 0.314968 0.436065
v 0.346032 0.297356 0.468159
v 0.456921 0.595454 -0.370648
v 0.400579 0.423093 -0.293931
v 0.394633 0.526337 -0.307065
v 0.395816 0.460339 -0.273185
v 0.402336 0.504502 -0.394830
v 0.388093 0.432317 -0.350573
v 0.297238 0.505974 -0.523204
v 0.316959 0.383361 -0.560525
v 0.267324 0.482603 -0.569800
v 0.280184 0.422545 -0.589903
v 0.335980 0.465876 -0.494336
v 0.340878 0.401569 -0.510433
v 0.558643 0.288046 -0.038344
v 0.566996 0.286141 0.063952
v 0.535208 0.317355 -0.014350
v 0.538862 0.314221 0.036047
v 0.588995 0.256514 -0.010782
v 0.593012 0.257229 0.040574
v 0.469660 0.279252 -0.368535
v 0.431575 0.262596 -0.471696
v 0.493263 0.232032 -0.393742
v 0.472045 0.223289 -0.443734
v 0.430775 0.322823 -0.397209
v 0.413407 0.314696 -0.449906
v 0.617204 0.179761 -0.120154
v 0.669044 0.109446 -0.066338
v 0.631890 0.141409 -0.148851
v 0.657004 0.106781 -0.121715
v 0.628371 0.183214 -0.064921
v 0.654881 0.147969 -0.038503
v 0.497779 0.261265 0.365536
v 0.445322 0.241314 0.456587
v 0.510581 0.229300 0.389158
v 0.483760 0.216437 0.432862
v 0.458944 0.279301 0.386903
v 0.433471 0.271358 0.434169
v 0.630600 0.186411 0.142080
v 0.673685 0.112127 0.091237
v 0.646949 0.148096 0.167553
v 0.668582 0.111022 0.142633
v 0.635381 0.187435 0.091351
v 0.656340 0.149981 0.065560
v -0.064566 -0.605281 0.162760
v -0.111474 -0.590488 0.291016
v -0.109692 -0.595879 0.155608
v -0.134973 -0.583042 0.218797
v -0.042991 -0.605699 0.227575
v -0.064416 -0.602162 0.292000
v -0.087981 -0.670661 -0.128440
v -0.138372 -0.682035 -0.242889
v -0.124735 -0.758739 -0.145111
v -0.158336 -0.771718 -0.216252
v -0.064384 -0.627395 -0.166746
v -0.085881 -0.632667 -0.221173
v 0.064716 -0.605488 0.162683
v 0.111766 -0.590638 0.291086
v 0.109855 -0.595739 0.155706
v 0.135081 -0.583100 0.218844
v 0.042974 -0.605556 0.227515
v 0.064693 -0.602248 0.291950
v 0.087354 -0.669935 -0.128076
v 0.137679 -0.681458 -0.241862
v 0.124308 -0.756970 -0.144156
v 0.156704 -0.770838 -0.215285
v 0.064001 -0.626755 -0.166251
v 0.085313 -0.632249 -0.220440
v -0.363994 -0.503754 0.368034
v -0.438839 -0.423886 0.304916
v -0.381896 -0.494069 0.308037
v -0.419591 -0.457936 0.279331
v -0.384408 -0.469759 0.393326
v -0.419669 -0.425853 0.359486
v -0.059880 -0.681638 0.471196
v 0.059614 -0.681496 0.470814
v -0.032091 -0.669326 0.523525
v 0.032350 -0.669109 0.523197
v -0.026877 -0.652813 0.412563
v 0.027063 -0.653166 0.412689
v -0.330121 -0.551519 0.560116
v -0.336905 -0.412189 0.572739
v -0.318023 -0.552240 0.626819
v -0.311899 -0.468001 0.620915
v -0.352349 -0.483474 0.511140
v -0.360268 -0.422931 0.522593
v -0.329171 -0.417782 -0.285235
v -0.408122 -0.356298 -0.255882
v -0.354185 -0.442034 -0.244499
v -0.386617 -0.401486 -0.223533
v -0.348092 -0.368534 -0.318472
v -0.390064 -0.341843 -0.305609
v -0.052331 -0.513958 -0.329683
v 0.051689 -0.513986 -0.330105
v -0.025362 -0.473179 -0.365902
v 0.025093 -0.473038 -0.365780
v -0.027729 -0.550567 -0.292537
v 0.027130 -0.550414 -0.292851
v -0.258113 -0.348852 -0.422568
v -0.303760 -0.278497 -0.505679
v -0.232941 -0.327781 -0.469251
v -0.255224 -0.294218 -0.511161
v -0.303900 -0.330621 -0.414969
v -0.326830 -0.294307 -0.455173
v -0.556180 -0.286197 -0.033334
v -0.559128 -0.295119 0.068393
v -0.527176 -0.323198 -0.006831
v -0.529670 -0.327910 0.043773
v -0.589515 -0.255621 -0.008474
v -0.589773 -0.259144 0.042376
v -0.481553 -0.245236 -0.362439
v -0.434671 -0.226541 -0.458256
v -0.497309 -0.213941 -0.389711
v -0.472972 -0.204617 -0.435693
v -0.439849 -0.267005 -0.380497
v -0.417394 -0.256226 -0.430102
v -0.618688 -0.182099 -0.120258
v -0.662726 -0.112833 -0.067077
v -0.628552 -0.144493 -0.149217
v -0.650105 -0.109873 -0.121997
v -0.630124 -0.186094 -0.065043
v -0.652667 -0.151953 -0.039245
v -0.483294 -0.291040 0.367135
v -0.436624 -0.272535 0.461314
v -0.498879 -0.243715 0.385834
v -0.475369 -0.233231 0.431566
v -0.447345 -0.332976 0.397607
v -0.424565 -0.325868 0.447172
v -0.629392 -0.189664 0.140492
v -0.670510 -0.114122 0.090513
v -0.645389 -0.149978 0.165740
v -0.665803 -0.112424 0.141502
v -0.634674 -0.190569 0.090443
v -0.655005 -0.153003 0.064775
v 0.364154 -0.504016 0.367866
v 0.439178 -0.424678 0.305063
v 0.381693 -0.493983 0.308063
v 0.419499 -0.457856 0.279314
v 0.384366 -0.470019 0.393014
v 0.419621 -0.425424 0.359280
v 0.330153 -0.551913 0.559617
v 0.336934 -0.412376 0.572423
v 0.318043 -0.552388 0.626710
v 0.312283 -0.468158 0.621026
v 0.352059 -0.483384 0.510686
v 0.360050 -0.423032 0.522026
v 0.329285 -0.417590 -0.285300
v 0.407945 -0.356252 -0.255778
v 0.354148 -0.442115 -0.244381
v 0.386600 -0.401606 -0.223788
v 0.348061 -0.368480 -0.318650
v 0.390136 -0.342275 -0.305724
v 0.257943 -0.348742 -0.422381
v 0.303836 -0.278423 -0.505900
v 0.232979 -0.328163 -0.469094
v 0.255460 -0.293946 -0.511744
v 0.304009 -0.330604 -0.414925
v 0.327082 -0.293819 -0.455708
v 0.556183 -0.286353 -0.033379
v 0.559104 -0.295002 0.068364
v 0.527160 -0.323228 -0.006487
v 0.529654 -0.327934 0.043901
v 0.589502 -0.255572 -0.008492
v 0.589769 -0.259245 0.042347
v 0.481608 -0.245161 -0.362363
v 0.434698 -0.226777 -0.458365
v 0.497260 -0.214123 -0.389807
v 0.472959 -0.204780 -0.435751
v 0.439808 -0.266898 -0.380269
v 0.417397 -0.256101 -0.429925
v 0.618773 -0.182241 -0.120426
v 0.662904 -0.112836 -0.067091
v 0.628659 -0.144758 -0.149154
v 0.650098 -0.110011 -0.122021
v 0.630087 -0.186195 -0.065158
v 0.652798 -0.152005 -0.039236
v 0.483333 -0.291340 0.367172
v 0.436800 -0.272720 0.461418
v 0.499151 -0.243664 0.386126
v 0.475290 -0.233241 0.431720
v 0.447397 -0.332586 0.397657
v 0.424670 -0.325832 0.447072
v 0.629386 -0.189679 0.140425
v 0.670494 -0.114128 0.090513
v 0.645398 -0.149995 0.165720
v 0.665764 -0.112442 0.141505
v 0.634661 -0.190589 0.090484
v 0.655019 -0.153003 0.064800
v 0.145481 -0.086144 0.710364
v 0.235597 -0.142514 0.675106
v 0.147816 -0.143184 0.725092
v 0.192229 -0.173241 0.703081
v 0.192089 -0.057001 0.687853
v 0.237366 -0.083747 0.672354
v -0.145521 -0.086315 0.709664
v -0.235796 -0.142343 0.675498
v -0.147594 -0.143119 0.724689
v -0.192169 -0.173375 0.702857
v -0.192163 -0.056814 0.687997
v -0.237132 -0.083863 0.671840
v 0.141040 0.077370 0.672802
v 0.231458 0.131214 0.642865
v 0.138668 0.129297 0.663354
v 0.183396 0.155654 0.650148
v 0.190250 0.052535 0.668594
v 0.236414 0.080501 0.653299
v -0.141286 0.077687 0.672763
v -0.231385 0.131084 0.642752
v -0.138798 0.129366 0.663561
v -0.183353 0.155395 0.649895
v -0.190650 0.052531 0.669050
v -0.236153 0.080242 0.652849
v 0.368347 -0.049167 0.601593
v 0.368661 0.052823 0.598005
v 0.413615 -0.020343 0.579395
v 0.413690 0.028083 0.578468
v 0.326328 -0.024638 0.625130
v 0.327796 0.028790 0.624188
v -0.368405 -0.049288 0.601553
v -0.368575 0.052834 0.597932
v -0.413701 -0.020490 0.579412
v -0.413697 0.027969 0.578479
v -0.326413 -0.024611 0.625181
v -0.327751 0.028756 0.624217
v 0.140729 -0.069378 -0.675070
v 0.225463 -0.123886 -0.634918
v 0.136838 -0.126633 -0.659923
v 0.179278 -0.152408 -0.643313
v 0.189121 -0.040577 -0.672497
v 0.230618 -0.069322 -0.648783
v -0.140770 -0.069392 -0.675519
v -0.225702 -0.124668 -0.634608
v -0.136825 -0.126975 -0.660152
v -0.179274 -0.152976 -0.643265
v -0.189015 -0.040909 -0.672052
v -0.230782 -0.069855 -0.648216
v 0.164131 0.098506 -0.773815
v 0.274359 0.158420 -0.765811
v 0.173765 0.158165 -0.812238
v 0.229547 0.190292 -0.801421
v 0.207739 0.070632 -0.736013
v 0.259085 0.098670 -0.729836
v -0.163667 0.099461 -0.771334
v -0.274076 0.158150 -0.765830
v -0.174099 0.158359 -0.812710
v -0.229381 0.190104 -0.801453
v -0.207660 0.071103 -0.735708
v -0.259264 0.098376 -0.730117
v 0.359946 -0.044240 -0.595049
v 0.373659 0.061397 -0.623919
v 0.401407 -0.018554 -0.574746
v 0.407722 0.032174 -0.586622
v 0.322857 -0.016484 -0.626562
v 0.330803 0.037937 -0.644597
v -0.359602 -0.044060 -0.594775
v -0.374102 0.061197 -0.623949
v -0.400969 -0.018140 -0.574540
v -0.408001 0.032375 -0.586593
v -0.322878 -0.016297 -0.626606
v -0.330678 0.037912 -0.644750
v -0.289302 0.464074 0.011160
v -0.284635 0.480009 -0.063841
v -0.243716 0.475059 0.008603
v -0.240486 0.495066 -0.072403
v -0.353142 0.431742 0.041165
v -0.271684 0.457950 0.048201
v -0.340565 0.423971 0.080904
v -0.347663 0.459207 -0.078740
v -0.265550 0.497936 -0.110129
v -0.334709 0.475341 -0.128205
v -0.392691 0.427288 -0.010142
v -0.373354 0.450156 -0.105626
v -0.419189 0.413426 -0.029261
v -0.379156 0.409882 0.072247
v -0.420081 0.404011 0.016118
v 0.289324 0.463837 0.011236
v 0.284885 0.480162 -0.064010
v 0.243796 0.475110 0.008384
v 0.240486 0.495440 -0.072447
v 0.353098 0.431802 0.041245
v 0.271370 0.457958 0.048261
v 0.340657 0.423914 0.080916
v 0.347725 0.459162 -0.078885
v 0.265807 0.498296 -0.110562
v 0.333951 0.475612 -0.128341
v 0.392745 0.427418 -0.010192
v 0.372268 0.450393 -0.105760
v 0.419332 0.413439 -0.029278
v 0.379229 0.409905 0.072303
v 0.420162 0.404141 0.016020
v -0.311732 -0.579133 0.039437
v -0.324193 -0.619302 -0.035654
v -0.267808 -0.597285 0.033933
v -0.292059 -0.670314 -0.037408
v -0.377229 -0.533250 0.071125
v -0.289494 -0.569981 0.084260
v -0.363685 -0.531254 0.120231
v -0.370316 -0.551825 -0.052631
v -0.326184 -0.668674 -0.080040
v -0.366301 -0.568812 -0.100517
v -0.400370 -0.505095 0.013460
v -0.387201 -0.514872 -0.077049
v -0.419230 -0.470081 -0.007250
v -0.402927 -0.507764 0.105860
v -0.424733 -0.471539 0.039639
v 0.311705 -0.578862 0.039202
v 0.323941 -0.619725 -0.035540
v 0.267649 -0.597006 0.033850
v 0.291700 -0.670604 -0.037539
v 0.377213 -0.533155 0.071176
v 0.289625 -0.570090 0.084069
v 0.363771 -0.531055 0.120042
v 0.370928 -0.552246 -0.052620
v 0.325911 -0.669066 -0.079858
v 0.366252 -0.569453 -0.100323
v 0.399573 -0.504721 0.013227
v 0.386713 -0.514908 -0.077530
v 0.419140 -0.470117 -0.007131
v 0.403121 -0.507591 0.106040
v 0.424883 -0.471760 0.039533
v 0.000108 -0.529633 0.691835
v -0.075839 -0.473991 0.702039
v -0.031442 -0.576082 0.679569
v -0.117529 -0.523050 0.697565
v 0.075530 -0.474475 0.702756
v 0.032022 -0.576487 0.679886
v 0.117636 -0.523572 0.698042
v 0.043964 -0.381420 0.717618
v -0.043849 -0.381289 0.717567
v 0.047044 -0.322960 0.729565
v -0.046623 -0.323176 0.729318
v 0.130771 -0.459312 0.702284
v 0.091948 -0.356712 0.717457
v -0.130027 -0.458772 0.701528
v -0.091909 -0.356478 0.717450
v 0.000015 0.310937 0.575188
v -0.060887 0.300764 0.600388
v -0.023727 0.320370 0.541827
v -0.090560 0.307846 0.574075
v 0.060867 0.300735 0.600381
v 0.023718 0.320393 0.541836
v 0.090564 0.307806 0.574068
v 0.037564 0.282521 0.637605
v -0.037561 0.282537 0.637595
v 0.040995 0.261815 0.652224
v -0.041007 0.261818 0.652240
v 0.105519 0.296677 0.599997
v 0.080039 0.273738 0.639729
v -0.105526 0.296656 0.600011
v -0.080048 0.273750 0.639724
v 0.000037 -0.315049 -0.559736
v -0.058915 -0.294542 -0.594314
v -0.022200 -0.337954 -0.520733
v -0.086163 -0.308402 -0.561431
v 0.058918 -0.294521 -0.594293
v 0.022219 -0.337719 -0.521029
v 0.086303 -0.308365 -0.561673
v 0.037124 -0.272007 -0.634213
v -0.037089 -0.272046 -0.634207
v 0.040997 -0.255310 -0.647669
v -0.041005 -0.255281 -0.647637
v 0.102540 -0.288461 -0.596503
v 0.078913 -0.264260 -0.636467
v -0.102453 -0.288502 -0.596476
v -0.078882 -0.264331 -0.636404
v -0.000066 0.493400 -0.673745
v -0.073104 0.442717 -0.694117
v -0.030075 0.538946 -0.655356
v -0.109863 0.478940 -0.674897
v 0.073442 0.442558 -0.694322
v 0.030309 0.538001 -0.654584
v 0.110281 0.478644 -0.674834
v 0.045540 0.367769 -0.733820
v -0.044796 0.367507 -0.733316
v 0.050260 0.320293 -0.759017
v -0.050519 0.320632 -0.759816
v 0.125288 0.426625 -0.695231
v 0.096029 0.346950 -0.741555
v -0.125282 0.427031 -0.695673
v -0.095942 0.347130 -0.741560
v 0.589637 0.048141 -0.398224
v 0.626010 0.029386 -0.336069
v 0.586515 0.082398 -0.383491
v 0.624831 0.060751 -0.313283
v 0.582130 -0.046557 -0.393416
v 0.622565 -0.027525 -0.334596
v 0.574174 -0.083508 -0.375761
v 0.618150 -0.062174 -0.310670
v 0.568559 0.002033 -0.436731
v 0.553289 -0.072256 -0.415446
v 0.540449 -0.017472 -0.463608
v 0.564668 0.072915 -0.424363
v 0.544722 0.021452 -0.467879
v 0.639120 0.031415 -0.287776
v 0.635754 -0.031272 -0.286805
v 0.606369 0.047479 0.397123
v 0.646313 0.028552 0.335568
v 0.596358 0.085030 0.379280
v 0.641994 0.062495 0.313504
v 0.607324 -0.045237 0.395173
v 0.646395 -0.027960 0.334566
v 0.597825 -0.083229 0.376958
v 0.642477 -0.061754 0.312065
v 0.586279 0.001735 0.436276
v 0.575567 -0.071465 0.416906
v 0.557486 -0.016175 0.465178
v 0.573940 0.073910 0.418812
v 0.557142 0.021150 0.465984
v 0.664303 0.031443 0.291604
v 0.664116 -0.031098 0.290905
v -0.589625 0.048184 -0.398241
v -0.626020 0.029296 -0.336041
v -0.586485 0.082462 -0.383483
v -0.624845 0.060704 -0.313267
v -0.581928 -0.046607 -0.393262
v -0.622573 -0.027432 -0.334641
v -0.574151 -0.083703 -0.375926
v -0.617971 -0.062166 -0.310648
v -0.568534 0.002039 -0.436710
v -0.553849 -0.072164 -0.415870
v -0.540494 -0.017668 -0.463559
v -0.564637 0.072967 -0.424335
v -0.544720 0.021443 -0.467903
v -0.639083 0.031398 -0.287797
v -0.635690 -0.031232 -0.286791
v -0.606405 0.047455 0.397124
v -0.646317 0.028569 0.335589
v -0.596377 0.085120 0.379343
v -0.641966 0.062549 0.313525
v -0.607328 -0.045367 0.395205
v -0.646410 -0.027951 0.334543
v -0.597761 -0.083315 0.376973
v -0.642513 -0.061759 0.312061
v -0.586319 0.001652 0.436292
v -0.575498 -0.071316 0.416781
v -0.557533 -0.016274 0.465218
v -0.573966 0.073949 0.418900
v -0.557167 0.021101 0.465973
v -0.664305 0.031462 0.291617
v -0.664113 -0.031078 0.290907
v -0.058886 0.508944 -0.005743
v -0.050199 0.532307 -0.086751
v -0.100236 0.505271 -0.001599
v -0.083941 0.526694 -0.078493
v 0.058824 0.509443 -0.005871
v 0.050466 0.532186 -0.087073
v 0.100093 0.505357 -0.001664
v 0.083643 0.526909 -0.078377
v 0.000198 0.500370 0.028891
v -0.082535 0.495543 0.035702
v -0.020759 0.487323 0.066458
v -0.000036 0.551111 -0.139013
v -0.057743 0.540211 -0.124056
v -0.018025 0.569202 -0.189759
v 0.082072 0.495429 0.035622
v 0.020703 0.487457 0.066510
v 0.057618 0.540347 -0.123999
v 0.018204 0.569074 -0.189752
v -0.193437 0.411058 0.218280
v -0.271264 0.381671 0.260854
v -0.213629 0.424780 0.172403
v -0.290802 0.393398 0.213408
v -0.126142 0.369802 0.362319
v -0.202732 0.346866 0.406910
v -0.100729 0.356312 0.409832
v -0.177384 0.335655 0.455916
v -0.122599 0.402875 0.265998
v -0.165317 0.432799 0.172216
v -0.095608 0.422776 0.217662
v -0.278330 0.350762 0.354181
v -0.319747 0.372223 0.255396
v -0.329551 0.342051 0.348853
v -0.075151 0.373085 0.362109
v -0.073188 0.406729 0.265869
v -0.227823 0.330039 0.450940
v -0.306548 0.332251 0.399108
v -0.201577 0.629570 -0.345859
v -0.309751 0.618272 -0.368781
v -0.218195 0.585680 -0.279437
v -0.313738 0.573079 -0.302809
v -0.166422 0.712769 -0.504315
v -0.230978 0.601388 -0.523091
v -0.132073 0.661090 -0.551379
v -0.208116 0.579080 -0.573479
v -0.173019 0.810483 -0.407882
v -0.166812 0.608621 -0.293372
v -0.111825 0.689078 -0.355180
v -0.327842 0.595140 -0.461013
v -0.375482 0.595424 -0.341859
v -0.414047 0.587847 -0.459472
v -0.107582 0.705794 -0.503883
v -0.100301 0.732174 -0.404981
v -0.252758 0.542547 -0.548704
v -0.337946 0.535117 -0.481461
v -0.459321 0.362835 -0.208021
v -0.511891 0.321014 -0.122319
v -0.440380 0.394600 -0.183885
v -0.491331 0.351495 -0.096941
v -0.524064 0.243517 -0.286825
v -0.572673 0.210617 -0.203802
v -0.547681 0.200729 -0.314348
v -0.591392 0.171185 -0.232049
v -0.462856 0.327372 -0.288948
v -0.423686 0.407811 -0.239640
v -0.423081 0.375388 -0.318479
v -0.566994 0.252053 -0.119685
v -0.526210 0.319537 -0.066747
v -0.579495 0.254184 -0.064500
v -0.509719 0.238732 -0.341252
v -0.446392 0.327197 -0.343414
v -0.604174 0.175734 -0.176124
v -0.599472 0.217756 -0.091723
v -0.492319 0.320753 0.204823
v -0.534095 0.306571 0.135036
v -0.465661 0.342780 0.171947
v -0.506717 0.331020 0.105071
v -0.552157 0.243403 0.291907
v -0.597461 0.218988 0.217204
v -0.563891 0.206753 0.315702
v -0.609205 0.179433 0.241667
v -0.500439 0.292613 0.286925
v -0.453391 0.335908 0.221522
v -0.460683 0.307863 0.305833
v -0.587663 0.254592 0.140974
v -0.538304 0.310507 0.085478
v -0.591863 0.256233 0.090735
v -0.532720 0.237028 0.341337
v -0.480936 0.286112 0.337283
v -0.623177 0.184556 0.192360
v -0.612946 0.223073 0.116650
v 0.193150 0.410786 0.218108
v 0.271253 0.381840 0.260624
v 0.213567 0.424372 0.172890
v 0.290974 0.393584 0.213167
v 0.125965 0.369707 0.362093
v 0.203020 0.346925 0.407321
v 0.100981 0.356370 0.410500
v 0.177467 0.335679 0.456128
v 0.122292 0.402701 0.265875
v 0.165177 0.432800 0.172403
v 0.095822 0.423098 0.217589
v 0.075292 0.373017 0.362697
v 0.073488 0.406664 0.265472
v 0.278526 0.350642 0.354477
v 0.319738 0.372151 0.255109
v 0.329575 0.342035 0.348850
v 0.227979 0.330051 0.450975
v 0.306549 0.332312 0.399139
v 0.201464 0.629626 -0.345782
v 0.309383 0.617997 -0.368621
v 0.218478 0.585837 -0.279238
v 0.313796 0.572750 -0.302578
v 0.166823 0.712695 -0.504727
v 0.231366 0.601387 -0.523617
v 0.132258 0.660810 -0.551516
v 0.208306 0.578824 -0.573382
v 0.173072 0.810460 -0.407865
v 0.166684 0.608692 -0.293381
v 0.111895 0.688820 -0.355296
v 0.107614 0.705593 -0.503849
v 0.100115 0.732244 -0.404891
v 0.327684 0.595288 -0.460957
v 0.375074 0.595143 -0.341677
v 0.414230 0.588430 -0.459330
v 0.252901 0.542857 -0.548653
v 0.338561 0.535601 -0.481578
v 0.459410 0.362770 -0.208501
v 0.511853 0.320983 -0.122335
v 0.440387 0.394659 -0.183597
v 0.491449 0.351245 -0.096942
v 0.524006 0.243230 -0.286823
v 0.572532 0.210638 -0.203824
v 0.547490 0.200927 -0.314492
v 0.591467 0.171290 -0.232069
v 0.462826 0.327811 -0.288996
v 0.423881 0.407898 -0.239306
v 0.422975 0.375357 -0.318228
v 0.566744 0.251805 -0.119651
v 0.526091 0.319472 -0.066868
v 0.579542 0.254218 -0.064588
v 0.509481 0.238883 -0.341382
v 0.446696 0.327425 -0.343309
v 0.604192 0.175789 -0.176263
v 0.599526 0.217846 -0.091892
v 0.492355 0.320672 0.204789
v 0.534083 0.306602 0.135073
v 0.465662 0.342783 0.171893
v 0.506702 0.331019 0.105089
v 0.552127 0.243377 0.291892
v 0.597485 0.219019 0.217225
v 0.563856 0.206796 0.315691
v 0.609151 0.179455 0.241608
v 0.500442 0.292556 0.286931
v 0.453368 0.335931 0.221540
v 0.460668 0.307829 0.305809
v 0.587665 0.254611 0.140947
v 0.538226 0.310546 0.085457
v 0.591824 0.256205 0.090725
v 0.532739 0.237048 0.341357
v 0.480958 0.286065 0.337295
v 0.623194 0.184550 0.192365
v 0.612956 0.223120 0.116622
v -0.072138 -0.632836 0.055650
v -0.082839 -0.661876 -0.035931
v -0.120156 -0.632429 0.047505
v -0.133659 -0.694337 -0.038002
v 0.072050 -0.632582 0.056233
v 0.081994 -0.661334 -0.035605
v 0.119737 -0.632619 0.047442
v 0.132483 -0.693730 -0.037867
v 0.000058 -0.620807 0.112735
v -0.090391 -0.614456 0.102225
v -0.021869 -0.611322 0.167825
v -0.000409 -0.626893 -0.072070
v -0.109605 -0.699588 -0.083576
v -0.036106 -0.618240 -0.114521
v 0.090356 -0.614528 0.102367
v 0.021616 -0.611648 0.168305
v 0.108813 -0.698312 -0.083872
v 0.035405 -0.617968 -0.114259
v -0.200658 -0.578174 0.352374
v -0.293664 -0.559902 0.369282
v -0.221313 -0.563589 0.272817
v -0.308051 -0.541145 0.299625
v -0.165257 -0.805402 0.535951
v -0.302611 -0.717825 0.588388
v -0.124919 -0.779595 0.621050
v -0.267230 -0.718403 0.664110
v -0.138877 -0.665712 0.414908
v -0.164844 -0.576866 0.285615
v -0.094056 -0.616832 0.360104
v -0.318834 -0.579804 0.468627
v -0.338327 -0.527032 0.337272
v -0.349881 -0.519552 0.430148
v -0.095027 -0.724150 0.535028
v -0.081441 -0.660046 0.414833
v -0.316819 -0.637987 0.619276
v -0.339533 -0.537955 0.493898
v -0.234564 -0.658281 -0.300757
v -0.291717 -0.531975 -0.291359
v -0.277229 -0.727589 -0.271382
v -0.339164 -0.574391 -0.266128
v -0.124952 -0.468239 -0.362564
v -0.191636 -0.407192 -0.389337
v -0.097192 -0.428610 -0.400273
v -0.165277 -0.378555 -0.433398
v -0.134978 -0.569894 -0.302767
v -0.200573 -0.739225 -0.275435
v -0.111273 -0.611669 -0.266809
v -0.262775 -0.418372 -0.338041
v -0.326647 -0.488874 -0.269721
v -0.305121 -0.393258 -0.329026
v -0.075434 -0.471729 -0.364739
v -0.081118 -0.558621 -0.296551
v -0.211870 -0.365106 -0.428480
v -0.282049 -0.370667 -0.375443
v -0.462145 -0.337141 -0.186230
v -0.510449 -0.312805 -0.111050
v -0.438265 -0.377986 -0.155247
v -0.484764 -0.350439 -0.082166
v -0.535670 -0.230303 -0.286467
v -0.579343 -0.208358 -0.203689
v -0.551743 -0.197755 -0.315261
v -0.592518 -0.173434 -0.232519
v -0.473587 -0.288770 -0.273169
v -0.424395 -0.368800 -0.205882
v -0.432295 -0.315764 -0.290632
v -0.572978 -0.247088 -0.116499
v -0.520337 -0.318066 -0.058340
v -0.583048 -0.251495 -0.061564
v -0.518791 -0.222594 -0.340192
v -0.457893 -0.278337 -0.327341
v -0.605607 -0.177783 -0.176474
v -0.604135 -0.217648 -0.090890
v -0.482475 -0.377743 0.221917
v -0.522947 -0.335378 0.144266
v -0.461399 -0.412445 0.196329
v -0.498989 -0.369993 0.119750
v -0.538903 -0.257282 0.289925
v -0.590551 -0.224193 0.214475
v -0.554713 -0.213483 0.311973
v -0.605246 -0.182754 0.238633
v -0.487134 -0.339924 0.296758
v -0.451558 -0.417903 0.249988
v -0.453626 -0.382774 0.327049
v -0.580257 -0.263249 0.141953
v -0.528031 -0.332053 0.094105
v -0.586222 -0.261759 0.092305
v -0.519593 -0.251569 0.338734
v -0.468498 -0.337535 0.347730
v -0.620579 -0.187340 0.189722
v -0.609748 -0.227063 0.116082
v 0.201071 -0.578166 0.352360
v 0.293829 -0.560179 0.368806
v 0.221551 -0.563586 0.272956
v 0.308299 -0.540774 0.300411
v 0.164578 -0.804810 0.535020
v 0.302175 -0.719330 0.587458
v 0.122785 -0.778484 0.618739
v 0.266819 -0.721214 0.663062
v 0.139077 -0.665616 0.414852
v 0.165069 -0.576931 0.285592
v 0.094316 -0.616866 0.360118
v 0.094085 -0.723801 0.534486
v 0.081677 -0.659424 0.414538
v 0.318856 -0.580059 0.468317
v 0.338454 -0.527280 0.337234
v 0.350186 -0.519735 0.429621
v 0.316688 -0.638895 0.618724
v 0.339290 -0.538298 0.492975
v 0.234335 -0.659189 -0.300803
v 0.291510 -0.531781 -0.291223
v 0.276620 -0.728015 -0.271409
v 0.339249 -0.575037 -0.266319
v 0.125033 -0.468253 -0.362936
v 0.191543 -0.407123 -0.389288
v 0.096950 -0.428575 -0.399821
v 0.165011 -0.378429 -0.433354
v 0.134858 -0.569609 -0.302278
v 0.199523 -0.739453 -0.275329
v 0.111081 -0.611770 -0.266681
v 0.075394 -0.471696 -0.365459
v 0.080949 -0.558727 -0.297041
v 0.262716 -0.418215 -0.338061
v 0.326885 -0.489004 -0.269678
v 0.305300 -0.393161 -0.329071
v 0.211702 -0.365234 -0.428251
v 0.281939 -0.370750 -0.375347
v 0.462222 -0.336830 -0.186137
v 0.510556 -0.312989 -0.111120
v 0.438767 -0.377885 -0.155218
v 0.484839 -0.350475 -0.082092
v 0.535690 -0.230149 -0.286494
v 0.579388 -0.208385 -0.203701
v 0.551765 -0.197884 -0.315300
v 0.592593 -0.173536 -0.232752
v 0.473198 -0.289336 -0.272904
v 0.424662 -0.367898 -0.205487
v 0.432234 -0.315617 -0.290664
v 0.572906 -0.247114 -0.116558
v 0.519997 -0.318135 -0.058402
v 0.582994 -0.251441 -0.061562
v 0.518785 -0.222577 -0.340268
v 0.458156 -0.278482 -0.327453
v 0.605892 -0.177917 -0.176540
v 0.604145 -0.217584 -0.090906
v 0.482628 -0.377559 0.222322
v 0.523243 -0.335632 0.144181
v 0.461596 -0.412458 0.196306
v 0.498518 -0.370038 0.119551
v 0.538888 -0.257073 0.290134
v 0.590477 -0.224157 0.214372
v 0.554739 -0.213574 0.311915
v 0.605188 -0.182732 0.238533
v 0.487526 -0.339858 0.296810
v 0.451648 -0.418267 0.250387
v 0.453729 -0.381934 0.327176
v 0.580248 -0.263172 0.141840
v 0.527855 -0.332206 0.093842
v 0.586259 -0.261755 0.092319
v 0.519386 -0.251462 0.338588
v 0.467844 -0.337336 0.347685
v 0.620571 -0.187253 0.189708
v 0.609783 -0.226964 0.116099
v 0.048633 -0.085117 0.740704
v -0.048370 -0.084988 0.741108
v 0.048806 -0.141521 0.764111
v -0.049456 -0.141438 0.764939
v 0.047082 0.077307 0.686258
v -0.046878 0.077227 0.686032
v 0.046154 0.130229 0.676665
v -0.046121 0.130081 0.676506
v 0.096092 -0.002916 0.699992
v 0.097730 -0.114403 0.733303
v 0.144302 -0.030118 0.696474
v -0.095620 -0.003681 0.700068
v -0.097712 -0.114393 0.733585
v -0.144255 -0.030120 0.696434
v 0.093288 0.103687 0.675490
v 0.143046 0.024275 0.683623
v -0.093245 0.103218 0.675129
v -0.143098 0.024276 0.684020
v 0.307983 -0.323462 0.614503
v 0.273401 -0.231360 0.648303
v 0.274149 -0.365091 0.651801
v 0.233315 -0.266336 0.678311
v 0.418995 -0.202571 0.516370
v 0.398600 -0.126064 0.565691
v 0.459447 -0.166435 0.489188
v 0.442436 -0.093569 0.541355
v 0.373035 -0.300641 0.538548
v 0.309278 -0.392496 0.617226
v 0.366485 -0.362239 0.531085
v 0.448201 -0.219271 0.474802
v 0.400508 -0.315350 0.493953
v 0.318856 -0.136535 0.622576
v 0.234626 -0.203078 0.677960
v 0.279177 -0.111068 0.648955
v 0.409203 -0.071312 0.575745
v 0.323316 -0.079764 0.624441
v -0.307941 -0.323285 0.614584
v -0.273352 -0.231565 0.647952
v -0.273841 -0.365010 0.651326
v -0.232852 -0.266240 0.677261
v -0.419003 -0.202302 0.516226
v -0.398207 -0.126561 0.565230
v -0.459628 -0.166208 0.489261
v -0.442283 -0.093600 0.541710
v -0.372932 -0.300896 0.538033
v -0.308744 -0.392399 0.617152
v -0.366756 -0.361571 0.530993
v -0.448002 -0.219391 0.475349
v -0.400366 -0.315410 0.494359
v -0.319120 -0.136652 0.622516
v -0.234478 -0.202915 0.677877
v -0.279263 -0.110815 0.649526
v -0.409142 -0.071356 0.575715
v -0.323179 -0.079743 0.624687
v 0.294303 0.254953 0.569064
v 0.264815 0.199260 0.609340
v 0.247994 0.270738 0.582577
v 0.219437 0.224648 0.623551
v 0.424107 0.187155 0.513087
v 0.399122 0.122157 0.559043
v 0.463020 0.157739 0.488646
v 0.443298 0.095551 0.540467
v 0.373561 0.251055 0.518545
v 0.283005 0.280761 0.549479
v 0.361214 0.277118 0.495772
v 0.454438 0.201840 0.473776
v 0.404719 0.261786 0.478076
v 0.316881 0.126922 0.604505
v 0.225904 0.180121 0.633332
v 0.277599 0.104695 0.630637
v 0.407579 0.075176 0.570466
v 0.323069 0.078375 0.615218
v -0.294312 0.254944 0.569084
v -0.264850 0.199336 0.609348
v -0.247995 0.270708 0.582573
v -0.219454 0.224634 0.623588
v -0.424034 0.187124 0.513060
v -0.399137 0.121984 0.558972
v -0.463493 0.158317 0.489147
v -0.443252 0.095650 0.540455
v -0.373548 0.251056 0.518530
v -0.283010 0.280739 0.549495
v -0.361217 0.277117 0.495778
v -0.454360 0.201681 0.473720
v -0.404711 0.261752 0.478046
v -0.316755 0.126594 0.604225
v -0.225906 0.180187 0.633372
v -0.277636 0.104764 0.630690
v -0.407496 0.075171 0.570396
v -0.323078 0.078351 0.615222
v 0.047387 -0.069554 -0.685578
v -0.047420 -0.069677 -0.685647
v 0.046033 -0.126099 -0.671346
v -0.046143 -0.126518 -0.670895
v 0.055134 0.100053 -0.775974
v -0.054990 0.100654 -0.774257
v 0.057439 0.157968 -0.801376
v -0.057480 0.159155 -0.800044
v 0.100821 0.015207 -0.721709
v 0.092947 -0.098182 -0.674166
v 0.145821 -0.012186 -0.697966
v -0.100558 0.015766 -0.721151
v -0.092866 -0.098163 -0.674383
v -0.145913 -0.012678 -0.698002
v 0.114150 0.125169 -0.808553
v 0.153751 0.043355 -0.731437
v -0.114132 0.127991 -0.802689
v -0.153589 0.043493 -0.730666
v 0.288468 -0.243469 -0.567603
v 0.261903 -0.199661 -0.605579
v 0.242001 -0.258339 -0.579146
v 0.215512 -0.220448 -0.617507
v 0.416107 -0.181610 -0.512924
v 0.389017 -0.118994 -0.553370
v 0.454557 -0.156064 -0.490218
v 0.428186 -0.090831 -0.531797
v 0.364527 -0.235786 -0.517660
v 0.274604 -0.267550 -0.545809
v 0.349032 -0.262934 -0.492829
v 0.446560 -0.194567 -0.477735
v 0.392933 -0.245888 -0.477130
v 0.311151 -0.124188 -0.599942
v 0.220657 -0.176117 -0.624787
v 0.271325 -0.096977 -0.624485
v 0.395090 -0.069375 -0.563413
v 0.316377 -0.070475 -0.611428
v -0.288378 -0.243544 -0.567607
v -0.261768 -0.199400 -0.605550
v -0.241908 -0.258383 -0.579110
v -0.215452 -0.220287 -0.617645
v -0.416137 -0.181530 -0.512840
v -0.389056 -0.118947 -0.553498
v -0.454714 -0.155996 -0.490270
v -0.428472 -0.091329 -0.531897
v -0.364475 -0.235812 -0.517610
v -0.274534 -0.267738 -0.545808
v -0.348929 -0.263052 -0.492820
v -0.446498 -0.194587 -0.477641
v -0.392843 -0.245802 -0.477093
v -0.311313 -0.124871 -0.600109
v -0.220862 -0.176525 -0.624673
v -0.271585 -0.097142 -0.624526
v -0.394581 -0.069107 -0.563713
v -0.316511 -0.070398 -0.611432
v 0.305757 0.307752 -0.630983
v 0.296012 0.235610 -0.706420
v 0.266508 0.344055 -0.658535
v 0.255552 0.270623 -0.738721
v 0.424907 0.197923 -0.540404
v 0.415782 0.131073 -0.603639
v 0.463939 0.163270 -0.510569
v 0.453483 0.100111 -0.569236
v 0.369701 0.287400 -0.551118
v 0.292273 0.364020 -0.609484
v 0.354293 0.342985 -0.530614
v 0.448533 0.211900 -0.492334
v 0.392595 0.302370 -0.500993
v 0.346569 0.147366 -0.680781
v 0.270308 0.216545 -0.764734
v 0.304787 0.124557 -0.709305
v 0.414839 0.082154 -0.598161
v 0.339158 0.092419 -0.663827
v -0.306063 0.308174 -0.631050
v -0.295500 0.235306 -0.705795
v -0.266411 0.344529 -0.658527
v -0.256006 0.271202 -0.739396
v -0.424787 0.198005 -0.540397
v -0.415774 0.131062 -0.603589
v -0.464706 0.162770 -0.511213
v -0.453535 0.100212 -0.569268
v -0.369497 0.287281 -0.550876
v -0.292166 0.364019 -0.609843
v -0.354230 0.343365 -0.530352
v -0.448324 0.211812 -0.492090
v -0.392120 0.302532 -0.500677
v -0.346364 0.147352 -0.680716
v -0.270299 0.216619 -0.765011
v -0.304649 0.124511 -0.709431
v -0.414753 0.082239 -0.598292
v -0.339069 0.092342 -0.664161
v 0.696048 0.036289 -0.066632
v 0.691663 -0.037286 -0.066851
v 0.682092 0.035347 -0.122569
v 0.677555 -0.036462 -0.122650
v 0.703288 0.037144 0.091742
v 0.700957 -0.037675 0.091594
v 0.698187 0.036544 0.144107
v 0.696228 -0.036797 0.143857
v 0.696055 0.074356 0.013282
v 0.678926 0.071787 -0.094289
v 0.677825 0.111525 -0.012657
v 0.688709 0.074148 0.117492
v 0.676962 0.112267 0.039468
v 0.691149 -0.076505 0.013052
v 0.671639 -0.074195 -0.094731
v 0.672791 -0.114973 -0.013199
v 0.685196 -0.075151 0.116961
v 0.673426 -0.114962 0.038950
v -0.696054 0.036219 -0.066667
v -0.691760 -0.037226 -0.066814
v -0.682130 0.035298 -0.122593
v -0.677432 -0.036402 -0.122611
v -0.703274 0.037135 0.091732
v -0.700963 -0.037654 0.091602
v -0.698217 0.036543 0.144102
v -0.696231 -0.036778 0.143857
v -0.696052 0.074339 0.013275
v -0.678931 0.071764 -0.094292
v -0.677819 0.111502 -0.012633
v -0.688747 0.074190 0.117491
v -0.676946 0.112241 0.039475
v -0.691128 -0.076487 0.013106
v -0.671475 -0.074084 -0.094690
v -0.672707 -0.114986 -0.013258
v -0.685212 -0.075132 0.116934
v -0.673384 -0.114977 0.038951
v -0.175429 0.480891 0.044717
v -0.204436 0.458735 0.086665
v -0.169227 0.528224 -0.126775
v -0.199883 0.538220 -0.173207
v -0.156107 0.468124 0.084123
v -0.148646 0.551316 -0.180050
v -0.353246 0.392180 0.160247
v -0.395771 0.378989 0.150563
v -0.382455 0.370382 0.198104
v -0.352538 0.493540 -0.216976
v -0.386054 0.456035 -0.188396
v -0.378746 0.482412 -0.248350
v -0.476648 0.368913 -0.021843
v -0.478500 0.361719 0.026608
v -0.508398 0.341586 0.007238
v 0.175487 0.480958 0.044636
v 0.204590 0.459027 0.086852
v 0.169212 0.528189 -0.127032
v 0.200035 0.538210 -0.173309
v 0.156233 0.468459 0.084100
v 0.148763 0.551588 -0.180062
v 0.353434 0.392396 0.160224
v 0.395790 0.379017 0.150539
v 0.382412 0.370457 0.198091
v 0.352808 0.493675 -0.216882
v 0.385923 0.456307 -0.188332
v 0.379069 0.482621 -0.248235
v 0.476630 0.368926 -0.021994
v 0.478471 0.361672 0.026528
v 0.508516 0.341562 0.007188
v -0.187639 -0.595709 0.087368
v -0.213785 -0.574457 0.144651
v -0.230974 -0.785297 -0.081132
v -0.275793 -0.787003 -0.152849
v -0.160581 -0.585819 0.150176
v -0.192868 -0.799730 -0.149321
v -0.377716 -0.512117 0.215136
v -0.412458 -0.481482 0.192669
v -0.399283 -0.487354 0.249465
v -0.369422 -0.522227 -0.178698
v -0.387967 -0.466258 -0.150353
v -0.374889 -0.459233 -0.199667
v -0.468784 -0.395222 -0.005102
v -0.473452 -0.400125 0.044101
v -0.498881 -0.361498 0.019063
v 0.187493 -0.595769 0.087626
v 0.213746 -0.574378 0.144786
v 0.229031 -0.785720 -0.081021
v 0.275108 -0.787346 -0.152724
v 0.160487 -0.585796 0.150386
v 0.190454 -0.799711 -0.148757
v 0.377727 -0.512173 0.215304
v 0.412494 -0.481190 0.192791
v 0.399377 -0.486982 0.249663
v 0.369479 -0.522706 -0.178584
v 0.387888 -0.466485 -0.150262
v 0.374699 -0.459230 -0.199694
v 0.468200 -0.395254 -0.005774
v 0.473242 -0.399812 0.043510
v 0.499017 -0.361493 0.019053
v -0.035380 -0.638461 0.624106
v 0.034982 -0.638069 0.623813
v -0.234115 -0.567512 0.697566
v -0.237649 -0.481785 0.690145
v 0.000233 -0.636321 0.570363
v -0.287069 -0.527462 0.672958
v 0.233990 -0.567960 0.697555
v 0.237396 -0.482143 0.689921
v 0.287179 -0.527789 0.673143
v 0.096654 -0.233595 0.736997
v 0.143890 -0.266062 0.719132
v -0.096855 -0.233555 0.737423
v -0.144234 -0.265813 0.719822
v 0.145422 -0.203907 0.723036
v -0.145750 -0.203568 0.723674
v -0.025064 0.344961 0.456949
v 0.024860 0.344982 0.456423
v -0.169849 0.311879 0.537689
v -0.186531 0.298318 0.567227
v 0.000115 0.359311 0.410520
v -0.219058 0.306180 0.531160
v 0.169799 0.311826 0.537670
v 0.186553 0.298310 0.567258
v 0.219044 0.306121 0.531149
v 0.088640 0.202468 0.659328
v 0.131754 0.225223 0.648075
v -0.088666 0.202454 0.659366
v -0.131712 0.225203 0.648039
v 0.135688 0.178992 0.655272
v -0.135595 0.178940 0.655340
v -0.023872 -0.397205 -0.440996
v 0.023579 -0.397187 -0.440866
v -0.159208 -0.320503 -0.518021
v -0.178564 -0.292288 -0.558137
v 0.000392 -0.433898 -0.402619
v -0.206565 -0.308889 -0.514422
v 0.159213 -0.320234 -0.518408
v 0.178745 -0.292175 -0.558243
v 0.206391 -0.309285 -0.514091
v 0.088989 -0.212726 -0.655195
v 0.129691 -0.227952 -0.643733
v -0.089057 -0.212390 -0.655388
v -0.129741 -0.227795 -0.643939
v 0.133818 -0.185350 -0.650378
v -0.133882 -0.184945 -0.650213
v -0.034934 0.636955 -0.607877
v 0.034996 0.636851 -0.607868
v -0.207124 0.499244 -0.649657
v -0.217128 0.438042 -0.665981
v 0.000089 0.677544 -0.569765
v -0.242113 0.460660 -0.618864
v 0.207100 0.499246 -0.649745
v 0.217338 0.438128 -0.665894
v 0.242359 0.460593 -0.618914
v 0.114493 0.247568 -0.807176
v 0.164642 0.275676 -0.786045
v -0.114444 0.247669 -0.807272
v -0.164659 0.275401 -0.786110
v 0.173892 0.220487 -0.813851
v -0.173980 0.220479 -0.813890
v 0.549258 0.151373 -0.390836
v 0.526358 0.141880 -0.436967
v 0.630296 0.100098 -0.233341
v 0.651126 0.067460 -0.206600
v 0.513137 0.185929 -0.417205
v 0.643432 0.103686 -0.177693
v 0.538814 -0.151528 -0.383506
v 0.514884 -0.140284 -0.425780
v 0.624170 -0.103606 -0.232450
v 0.643877 -0.069776 -0.205597
v 0.507700 -0.179792 -0.410594
v 0.637002 -0.106974 -0.177470
v 0.474653 -0.019190 -0.519286
v 0.480495 0.026553 -0.527182
v 0.441389 0.005210 -0.551722
v 0.553412 0.157005 0.383171
v 0.528442 0.144182 0.425063
v 0.648250 0.105076 0.242094
v 0.675689 0.070161 0.219265
v 0.519714 0.187833 0.407972
v 0.662325 0.108985 0.193249
v 0.551312 -0.160076 0.379457
v 0.526884 -0.147285 0.422547
v 0.647685 -0.105539 0.240411
v 0.673864 -0.070253 0.218372
v 0.514265 -0.195910 0.404640
v 0.660254 -0.109769 0.191739
v 0.494438 -0.016859 0.528721
v 0.493747 0.025735 0.528601
v 0.456847 0.004802 0.556385
v -0.549188 0.151230 -0.390795
v -0.526322 0.141857 -0.437026
v -0.630287 0.100089 -0.233366
v -0.651142 0.067452 -0.206556
v -0.513107 0.185966 -0.417359
v -0.643413 0.103717 -0.177721
v -0.538798 -0.151466 -0.383495
v -0.514820 -0.140193 -0.425689
v -0.624152 -0.103741 -0.232321
v -0.644639 -0.069873 -0.205771
v -0.507753 -0.179739 -0.410604
v -0.636900 -0.107082 -0.177522
v -0.474090 -0.019207 -0.518925
v -0.480723 0.026470 -0.527213
v -0.440955 0.005412 -0.551951
v -0.553499 0.157089 0.383308
v -0.528279 0.144092 0.424997
v -0.648292 0.105135 0.242160
v -0.675699 0.070156 0.219264
v -0.519718 0.187974 0.408095
v -0.662313 0.108984 0.193257
v -0.551255 -0.160006 0.379358
v -0.526622 -0.147559 0.422532
v -0.647689 -0.105596 0.240345
v -0.673869 -0.070242 0.218370
v -0.514656 -0.195818 0.404870
v -0.660243 -0.109763 0.191719
v -0.494413 -0.017002 0.528732
v -0.493705 0.025623 0.528643
v -0.456877 0.004648 0.556402
v -0.023057 0.447377 0.165416
v 0.023174 0.446492 0.166492
v 0.000139 0.427647 0.215969
v -0.024221 0.630882 -0.298138
v 0.024039 0.631232 -0.298210
v 0.000029 0.665411 -0.351210
v -0.398912 0.313610 0.374121
v -0.374156 0.305638 0.422672
v -0.418133 0.294147 0.406547
v -0.376406 0.430006 -0.406734
v -0.363479 0.418841 -0.460654
v -0.394560 0.369926 -0.427957
v -0.616005 0.223446 0.015346
v -0.636757 0.186460 -0.011187
v -0.638083 0.187630 0.040418
v 0.398885 0.313550 0.374126
v 0.374134 0.305561 0.422671
v 0.418138 0.294113 0.406545
v 0.376917 0.430183 -0.406662
v 0.363515 0.418811 -0.460516
v 0.394473 0.370207 -0.427619
v 0.615990 0.223431 0.015337
v 0.636768 0.186413 -0.011199
v 0.638081 0.187647 0.040413
v -0.021487 -0.612150 0.291513
v 0.021717 -0.612092 0.291587
v 0.000135 -0.629906 0.353473
v -0.031630 -0.598208 -0.207882
v 0.031431 -0.598129 -0.207670
v -0.000205 -0.578608 -0.252155
v -0.399766 -0.426629 0.414414
v -0.380636 -0.426728 0.469049
v -0.412872 -0.377461 0.431432
v -0.370705 -0.326375 -0.355460
v -0.349237 -0.310679 -0.405330
v -0.394474 -0.289290 -0.393457
v -0.616630 -0.224495 0.015567
v -0.637872 -0.189421 -0.011652
v -0.637902 -0.190490 0.039790
v 0.399909 -0.426664 0.413871
v 0.380585 -0.426958 0.468577
v 0.412682 -0.377633 0.431276
v 0.370591 -0.326263 -0.355536
v 0.349378 -0.310554 -0.405426
v 0.394958 -0.288800 -0.394121
v 0.616656 -0.224533 0.015524
v 0.637868 -0.189397 -0.011713
v 0.637912 -0.190474 0.039800
v 0.239159 -0.026743 0.668424
v 0.239907 0.028157 0.663413
v 0.284743 0.002297 0.647918
v -0.239165 -0.026756 0.668429
v -0.239607 0.028252 0.662914
v -0.284682 0.002166 0.647897
v 0.237816 -0.013704 -0.668995
v 0.247064 0.042279 -0.696096
v 0.285124 0.012785 -0.659930
v -0.237758 -0.013780 -0.668516
v -0.247173 0.042198 -0.696372
v -0.285252 0.012456 -0.660018
f 1 647 644
f 1 644 643
f 1 643 645
f 1 645 646
f 1 646 647
f 2 649 652
f 6 672 670
f 12 702 699
f 11 696 695
f 8 679 681
f 4 662 659
f 4 659 658
f 4 658 660
f 4 660 661
f 4 661 662
f 5 666 665
f 3 654 657
f 7 673 677
f 9 685 686
f 10 692 688
f 12 701 698
f 6 669 668
f 2 650 648
f 8 682 678
f 11 697 693
f 6 671 669
f 12 700 701
f 11 694 697
f 8 680 682
f 2 651 650
f 10 690 689
f 5 663 664
f 3 655 653
f 7 676 674
f 9 687 684
f 10 691 690
f 5 667 663
f 3 656 655
f 7 675 676
f 9 683 687
f 6 668 672
f 2 648 649
f 8 678 679
f 11 693 696
f 12 698 702
f 10 688 691
f 5 665 667
f 3 657 656
f 7 677 675
f 9 686 683
f 5 664 666
f 3 653 654
f 7 674 673
f 9 684 685
f 10 689 692
f 6 670 671
f 12 699 700
f 11 695 694
f 8 681 680
f 2 652 651
f 35 837 838
f 18 735 736
f 19 742 741
f 40 868 867
f 42 880 879
f 34 832 831
f 33 827 828
f 25 778 780
f 36 844 846
f 20 749 747
f 32 819 820
f 23 765 767
f 24 773 771
f 37 850 849
f 41 876 875
f 34 833 834
f 33 826 825
f 25 779 777
f 36 845 843
f 20 748 750
f 17 729 727
f 14 711 709
f 13 706 703
f 15 718 715
f 16 724 721
f 18 737 733
f 35 839 835
f 42 882 878
f 40 870 866
f 19 744 740
f 30 807 805
f 27 789 787
f 22 762 758
f 28 797 793
f 29 802 799
f 32 821 817
f 23 766 763
f 24 774 770
f 37 852 848
f 41 874 872
f 35 838 836
f 18 736 734
f 19 741 739
f 40 867 865
f 42 879 877
f 34 831 829
f 33 828 824
f 25 780 776
f 36 846 842
f 20 747 745
f 32 820 818
f 23 767 764
f 24 771 769
f 37 849 847
f 41 875 871
f 34 834 830
f 33 825 823
f 25 777 775
f 36 843 841
f 20 750 746
f 14 714 710
f 13 707 704
f 15 719 716
f 16 725 722
f 17 732 728
f 21 755 752
f 31 814 811
f 26 784 781
f 38 857 853
f 39 862 860
f 27 792 788
f 22 759 757
f 28 796 794
f 29 803 800
f 30 810 806
f 31 815 812
f 26 785 782
f 38 856 854
f 39 863 859
f 21 754 751
f 14 712 714
f 13 705 707
f 15 717 719
f 16 723 725
f 17 730 732
f 21 753 755
f 31 816 814
f 26 786 784
f 38 858 857
f 39 861 862
f 27 791 792
f 22 761 759
f 28 795 796
f 29 801 803
f 30 808 810
f 31 813 815
f 26 783 785
f 38 855 856
f 39 864 863
f 21 756 754
f 14 709 712
f 13 703 705
f 15 715 717
f 16 721 723
f 17 727 730
f 21 751 753
f 31 812 816
f 26 782 786
f 38 854 858
f 39 859 861
f 27 787 791
f 22 758 761
f 28 793 795
f 29 799 801
f 30 805 808
f 31 811 813
f 26 781 783
f 38 853 855
f 39 860 864
f 21 752 756
f 17 728 731
f 14 710 713
f 13 704 708
f 15 716 720
f 16 722 726
f 18 734 738
f 35 836 840
f 42 877 881
f 40 865 869
f 19 739 743
f 30 806 809
f 27 788 790
f 22 757 760
f 28 794 798
f 29 800 804
f 32 818 822
f 23 764 768
f 24 769 772
f 37 847 851
f 41 871 873
f 35 835 837
f 18 733 735
f 19 740 742
f 40 866 868
f 42 878 880
f 34 830 832
f 33 823 827
f 25 775 778
f 36 841 844
f 20 746 749
f 32 817 819
f 23 763 765
f 24 770 773
f 37 848 850
f 41 872 876
f 34 829 833
f 33 824 826
f 25 776 779
f 36 842 845
f 20 745 748
f 17 731 729
f 14 713 711
f 13 708 706
f 15 720 718
f 16 726 724
f 18 738 737
f 35 840 839
f 42 881 882
f 40 869 870
f 19 743 744
f 30 809 807
f 27 790 789
f 22 760 762
f 28 798 797
f 29 804 802
f 32 822 821
f 23 768 766
f 24 772 774
f 37 851 852
f 41 873 874
f 107 1269 1270
f 103 1245 1246
f 104 1252 1251
f 110 1288 1287
f 113 1306 1305
f 118 1336 1335
f 154 1551 1552
f 141 1473 1474
f 162 1599 1600
f 121 1354 1353
f 142 1479 1480
f 129 1401 1402
f 130 1408 1407
f 144 1492 1491
f 146 1504 1503
f 151 1533 1534
f 131 1414 1413
f 136 1444 1443
f 161 1594 1593
f 126 1383 1384
f 116 1323 1324
f 108 1275 1276
f 106 1263 1264
f 112 1299 1300
f 115 1317 1318
f 119 1341 1342
f 156 1564 1563
f 139 1462 1461
f 160 1588 1587
f 120 1347 1348
f 149 1521 1522
f 132 1420 1419
f 128 1395 1396
f 145 1497 1498
f 148 1515 1516
f 155 1557 1558
f 133 1425 1426
f 134 1431 1432
f 157 1570 1569
f 124 1372 1371
f 109 1282 1281
f 105 1258 1257
f 111 1294 1293
f 114 1312 1311
f 117 1330 1329
f 125 1378 1377
f 152 1540 1539
f 137 1449 1450
f 158 1575 1576
f 123 1365 1366
f 143 1486 1485
f 127 1390 1389
f 135 1437 1438
f 147 1510 1509
f 150 1528 1527
f 153 1546 1545
f 140 1468 1467
f 138 1455 1456
f 159 1581 1582
f 122 1359 1360
f 107 1272 1271
f 103 1248 1247
f 104 1253 1254
f 110 1289 1290
f 113 1307 1308
f 118 1337 1338
f 154 1554 1553
f 141 1476 1475
f 162 1602 1601
f 121 1355 1356
f 142 1482 1481
f 129 1404 1403
f 130 1409 1410
f 144 1493 1494
f 146 1505 1506
f 151 1536 1535
f 131 1415 1416
f 136 1445 1446
f 161 1595 1596
f 126 1386 1385
f 47 909 907
f 44 891 889
f 43 886 883
f 45 898 895
f 46 904 901
f 49 922 919
f 72 1060 1057
f 102 1240 1237
f 96 1204 1201
f 79 1102 1099
f 62 999 997
f 59 981 979
f 58 976 973
f 60 988 985
f 61 994 991
f 66 1024 1021
f 54 952 949
f 73 1066 1063
f 85 1138 1135
f 92 1179 1177
f 101 1233 1231
f 69 1041 1039
f 50 927 925
f 82 1119 1117
f 97 1209 1207
f 71 1053 1051
f 100 1228 1225
f 94 1192 1189
f 80 1108 1105
f 51 933 931
f 90 1167 1165
f 63 1005 1003
f 55 957 955
f 76 1083 1081
f 87 1150 1147
f 91 1174 1171
f 67 1029 1027
f 56 963 961
f 75 1077 1075
f 83 1126 1123
f 68 1036 1033
f 48 915 913
f 78 1095 1093
f 93 1185 1183
f 98 1216 1213
f 88 1155 1153
f 65 1018 1015
f 57 970 967
f 77 1090 1087
f 86 1143 1141
f 64 1012 1009
f 53 945 943
f 74 1071 1069
f 84 1131 1129
f 89 1162 1159
f 70 1047 1045
f 99 1221 1219
f 95 1197 1195
f 81 1114 1111
f 52 940 937
f 109 1284 1280
f 105 1260 1256
f 111 1296 1292
f 114 1314 1310
f 117 1332 1328
f 125 1380 1376
f 152 1542 1538
f 137 1451 1447
f 158 1577 1573
f 123 1367 1363
f 143 1488 1484
f 127 1392 1388
f 135 1439 1435
f 147 1512 1508
f 150 1530 1526
f 153 1548 1544
f 140 1470 1466
f 138 1457 1453
f 159 1583 1579
f 122 1361 1357
f 107 1270 1268
f 103 1246 1244
f 104 1251 1249
f 110 1287 1285
f 113 1305 1303
f 118 1335 1333
f 154 1552 1550
f 141 1474 1472
f 162 1600 1598
f 121 1353 1351
f 142 1480 1478
f 129 1402 1400
f 130 1407 1405
f 144 1491 1489
f 146 1503 1501
f 151 1534 1532
f 131 1413 1411
f 136 1443 1441
f 161 1593 1591
f 126 1384 1382
f 116 1324 1322
f 108 1276 1274
f 106 1264 1262
f 112 1300 1298
f 115 1318 1316
f 119 1342 1340
f 156 1563 1561
f 139 1461 1459
f 160 1587 1585
f 120 1348 1346
f 149 1522 1520
f 132 1419 1417
f 128 1396 1394
f 145 1498 1496
f 148 1516 1514
f 155 1558 1556
f 133 1426 1424
f 134 1432 1430
f 157 1569 1567
f 124 1371 1369
f 109 1281 1279
f 105 1257 1255
f 111 1293 1291
f 114 1311 1309
f 117 1329 1327
f 125 1377 1375
f 152 1539 1537
f 137 1450 1448
f 158 1576 1574
f 123 1366 1364
f 143 1485 1483
f 127 1389 1387
f 135 1438 1436
f 147 1509 1507
f 150 1527 1525
f 153 1545 1543
f 140 1467 1465
f 138 1456 1454
f 159 1582 1580
f 122 1360 1358
f 107 1271 1267
f 103 1247 1243
f 104 1254 1250
f 110 1290 1286
f 113 1308 1304
f 118 1338 1334
f 154 1553 1549
f 141 1475 1471
f 162 1601 1597
f 121 1356 1352
f 142 1481 1477
f 129 1403 1399
f 130 1410 1406
f 144 1494 1490
f 146 1506 1502
f 151 1535 1531
f 131 1416 1412
f 136 1446 1442
f 161 1596 1592
f 126 1385 1381
f 44 894 890
f 43 887 884
f 45 899 896
f 46 905 902
f 47 912 908
f 52 941 938
f 70 1050 1046
f 99 1224 1220
f 95 1200 1196
f 81 1115 1112
f 59 984 980
f 58 977 974
f 60 989 986
f 61 995 992
f 62 1002 998
f 65 1019 1016
f 57 971 968
f 77 1091 1088
f 86 1146 1142
f 88 1158 1154
f 98 1217 1214
f 68 1037 1034
f 48 918 914
f 78 1098 1094
f 93 1188 1184
f 69 1044 1040
f 101 1236 1232
f 97 1212 1208
f 82 1122 1118
f 50 930 926
f 89 1163 1160
f 64 1013 1010
f 53 948 944
f 74 1074 1070
f 84 1134 1130
f 90 1170 1166
f 63 1008 1004
f 55 960 956
f 76 1086 1082
f 87 1151 1148
f 72 1061 1058
f 49 923 920
f 79 1103 1100
f 96 1205 1202
f 102 1241 1238
f 91 1175 1172
f 67 1032 1028
f 56 966 962
f 75 1080 1076
f 83 1127 1124
f 66 1025 1022
f 54 953 950
f 73 1067 1064
f 85 1139 1136
f 92 1182 1178
f 71 1056 1052
f 100 1229 1226
f 94 1193 1190
f 80 1109 1106
f 51 936 932
f 116 1325 1321
f 108 1277 1273
f 106 1265 1261
f 112 1301 1297
f 115 1319 1315
f 119 1343 1339
f 156 1566 1562
f 139 1464 1460
f 160 1590 1586
f 120 1349 1345
f 149 1523 1519
f 132 1422 1418
f 128 1397 1393
f 145 1499 1495
f 148 1517 1513
f 155 1559 1555
f 133 1427 1423
f 134 1433 1429
f 157 1572 1568
f 124 1374 1370
f 44 892 894
f 43 885 887
f 45 897 899
f 46 903 905
f 47 910 912
f 52 939 941
f 70 1048 1050
f 99 1222 1224
f 95 1198 1200
f 81 1113 1115
f 59 982 984
f 58 975 977
f 60 987 989
f 61 993 995
f 62 1000 1002
f 65 1017 1019
f 57 969 971
f 77 1089 1091
f 86 1144 1146
f 88 1156 1158
f 98 1215 1217
f 68 1035 1037
f 48 916 918
f 78 1096 1098
f 93 1186 1188
f 69 1042 1044
f 101 1234 1236
f 97 1210 1212
f 82 1120 1122
f 50 928 930
f 89 1161 1163
f 64 1011 1013
f 53 946 948
f 74 1072 1074
f 84 1132 1134
f 90 1168 1170
f 63 1006 1008
f 55 958 960
f 76 1084 1086
f 87 1149 1151
f 72 1059 1061
f 49 921 923
f 79 1101 1103
f 96 1203 1205
f 102 1239 1241
f 91 1173 1175
f 67 1030 1032
f 56 964 966
f 75 1078 1080
f 83 1125 1127
f 66 1023 1025
f 54 951 953
f 73 1065 1067
f 85 1137 1139
f 92 1180 1182
f 71 1054 1056
f 100 1227 1229
f 94 1191 1193
f 80 1107 1109
f 51 934 936
f 116 1326 1325
f 108 1278 1277
f 106 1266 1265
f 112 1302 1301
f 115 1320 1319
f 119 1344 1343
f 156 1565 1566
f 139 1463 1464
f 160 1589 1590
f 120 1350 1349
f 149 1524 1523
f 132 1421 1422
f 128 1398 1397
f 145 1500 1499
f 148 1518 1517
f 155 1560 1559
f 133 1428 1427
f 134 1434 1433
f 157 1571 1572
f 124 1373 1374
f 44 889 892
f 43 883 885
f 45 895 897
f 46 901 903
f 47 907 910
f 52 937 939
f 70 1045 1048
f 99 1219 1222
f 95 1195 1198
f 81 1111 1113
f 59 979 982
f 58 973 975
f 60 985 987
f 61 991 993
f 62 997 1000
f 65 1015 1017
f 57 967 969
f 77 1087 1089
f 86 1141 1144
f 88 1153 1156
f 98 1213 1215
f 68 1033 1035
f 48 913 916
f 78 1093 1096
f 93 1183 1186
f 69 1039 1042
f 101 1231 1234
f 97 1207 1210
f 82 1117 1120
f 50 925 928
f 89 1159 1161
f 64 1009 1011
f 53 943 946
f 74 1069 1072
f 84 1129 1132
f 90 1165 1168
f 63 1003 1006
f 55 955 958
f 76 1081 1084
f 87 1147 1149
f 72 1057 1059
f 49 919 921
f 79 1099 1101
f 96 1201 1203
f 102 1237 1239
f 91 1171 1173
f 67 1027 1030
f 56 961 964
f 75 1075 1078
f 83 1123 1125
f 66 1021 1023
f 54 949 951
f 73 1063 1065
f 85 1135 1137
f 92 1177 1180
f 71 1051 1054
f 100 1225 1227
f 94 1189 1191
f 80 1105 1107
f 51 931 934
f 116 1322 1326
f 108 1274 1278
f 106 1262 1266
f 112 1298 1302
f 115 1316 1320
f 119 1340 1344
f 156 1561 1565
f 139 1459 1463
f 160 1585 1589
f 120 1346 1350
f 149 1520 1524
f 132 1417 1421
f 128 1394 1398
f 145 1496 1500
f 148 1514 1518
f 155 1556 1560
f 133 1424 1428
f 134 1430 1434
f 157 1567 1571
f 124 1369 1373
f 47 908 911
f 44 890 893
f 43 884 888
f 45 896 900
f 46 902 906
f 49 920 924
f 72 1058 1062
f 102 1238 1242
f 96 1202 1206
f 79 1100 1104
f 62 998 1001
f 59 980 983
f 58 974 978
f 60 986 990
f 61 992 996
f 66 1022 1026
f 54 950 954
f 73 1064 1068
f 85 1136 1140
f 92 1178 1181
f 101 1232 1235
f 69 1040 1043
f 50 926 929
f 82 1118 1121
f 97 1208 1211
f 71 1052 1055
f 100 1226 1230
f 94 1190 1194
f 80 1106 1110
f 51 932 935
f 90 1166 1169
f 63 1004 1007
f 55 956 959
f 76 1082 1085
f 87 1148 1152
f 91 1172 1176
f 67 1028 1031
f 56 962 965
f 75 1076 1079
f 83 1124 1128
f 68 1034 1038
f 48 914 917
f 78 1094 1097
f 93 1184 1187
f 98 1214 1218
f 88 1154 1157
f 65 1016 1020
f 57 968 972
f 77 1088 1092
f 86 1142 1145
f 64 1010 1014
f 53 944 947
f 74 1070 1073
f 84 1130 1133
f 89 1160 1164
f 70 1046 1049
f 99 1220 1223
f 95 1196 1199
f 81 1112 1116
f 52 938 942
f 109 1279 1283
f 105 1255 1259
f 111 1291 1295
f 114 1309 1313
f 117 1327 1331
f 125 1375 1379
f 152 1537 1541
f 137 1448 1452
f 158 1574 1578
f 123 1364 1368
f 143 1483 1487
f 127 1387 1391
f 135 1436 1440
f 147 1507 1511
f 150 1525 1529
f 153 1543 1547
f 140 1465 1469
f 138 1454 1458
f 159 1580 1584
f 122 1358 1362
f 107 1267 1269
f 103 1243 1245
f 104 1250 1252
f 110 1286 1288
f 113 1304 1306
f 118 1334 1336
f 154 1549 1551
f 141 1471 1473
f 162 1597 1599
f 121 1352 1354
f 142 1477 1479
f 129 1399 1401
f 130 1406 1408
f 144 1490 1492
f 146 1502 1504
f 151 1531 1533
f 131 1412 1414
f 136 1442 1444
f 161 1592 1594
f 126 1381 1383
f 116 1321 1323
f 108 1273 1275
f 106 1261 1263
f 112 1297 1299
f 115 1315 1317
f 119 1339 1341
f 156 1562 1564
f 139 1460 1462
f 160 1586 1588
f 120 1345 1347
f 149 1519 1521
f 132 1418 1420
f 128 1393 1395
f 145 1495 1497
f 148 1513 1515
f 155 1555 1557
f 133 1423 1425
f 134 1429 1431
f 157 1568 1570
f 124 1370 1372
f 109 1280 1282
f 105 1256 1258
f 111 1292 1294
f 114 1310 1312
f 117 1328 1330
f 125 1376 1378
f 152 1538 1540
f 137 1447 1449
f 158 1573 1575
f 123 1363 1365
f 143 1484 1486
f 127 1388 1390
f 135 1435 1437
f 147 1508 1510
f 150 1526 1528
f 153 1544 1546
f 140 1466 1468
f 138 1453 1455
f 159 1579 1581
f 122 1357 1359
f 107 1268 1272
f 103 1244 1248
f 104 1249 1253
f 110 1285 1289
f 113 1303 1307
f 118 1333 1337
f 154 1550 1554
f 141 1472 1476
f 162 1598 1602
f 121 1351 1355
f 142 1478 1482
f 129 1400 1404
f 130 1405 1409
f 144 1489 1493
f 146 1501 1505
f 151 1532 1536
f 131 1411 1415
f 136 1441 1445
f 161 1591 1595
f 126 1382 1386
f 47 911 909
f 44 893 891
f 43 888 886
f 45 900 898
f 46 906 904
f 49 924 922
f 72 1062 1060
f 102 1242 1240
f 96 1206 1204
f 79 1104 1102
f 62 1001 999
f 59 983 981
f 58 978 976
f 60 990 988
f 61 996 994
f 66 1026 1024
f 54 954 952
f 73 1068 1066
f 85 1140 1138
f 92 1181 1179
f 101 1235 1233
f 69 1043 1041
f 50 929 927
f 82 1121 1119
f 97 1211 1209
f 71 1055 1053
f 100 1230 1228
f 94 1194 1192
f 80 1110 1108
f 51 935 933
f 90 1169 1167
f 63 1007 1005
f 55 959 957
f 76 1085 1083
f 87 1152 1150
f 91 1176 1174
f 67 1031 1029
f 56 965 963
f 75 1079 1077
f 83 1128 1126
f 68 1038 1036
f 48 917 915
f 78 1097 1095
f 93 1187 1185
f 98 1218 1216
f 88 1157 1155
f 65 1020 1018
f 57 972 970
f 77 1092 1090
f 86 1145 1143
f 64 1014 1012
f 53 947 945
f 74 1073 1071
f 84 1133 1131
f 89 1164 1162
f 70 1049 1047
f 99 1223 1221
f 95 1199 1197
f 81 1116 1114
f 52 942 940
f 109 1283 1284
f 105 1259 1260
f 111 1295 1296
f 114 1313 1314
f 117 1331 1332
f 125 1379 1380
f 152 1541 1542
f 137 1452 1451
f 158 1578 1577
f 123 1368 1367
f 143 1487 1488
f 127 1391 1392
f 135 1440 1439
f 147 1511 1512
f 150 1529 1530
f 153 1547 1548
f 140 1469 1470
f 138 1458 1457
f 159 1584 1583
f 122 1362 1361
f 407 1609 1616
f 403 1605 1608
f 404 1611 1606
f 410 1614 1612
f 413 1617 1615
f 422 1631 1624
f 486 1688 1692
f 573 1775 1782
f 561 1763 1765
f 512 1719 1714
f 452 1654 1661
f 448 1650 1653
f 449 1656 1651
f 455 1659 1657
f 458 1662 1660
f 470 1672 1675
f 437 1646 1639
f 494 1706 1696
f 531 1735 1733
f 539 1741 1751
f 568 1770 1779
f 478 1680 1683
f 419 1621 1626
f 509 1711 1721
f 554 1756 1766
f 482 1684 1689
f 576 1780 1778
f 558 1767 1760
f 516 1722 1718
f 425 1627 1629
f 542 1744 1747
f 463 1668 1665
f 434 1636 1641
f 497 1699 1704
f 528 1730 1737
f 546 1748 1750
f 464 1666 1676
f 440 1642 1644
f 500 1705 1702
f 524 1736 1726
f 479 1691 1681
f 418 1623 1620
f 508 1713 1710
f 553 1764 1755
f 569 1781 1771
f 538 1749 1740
f 471 1677 1673
f 443 1645 1647
f 501 1703 1707
f 523 1725 1734
f 467 1674 1669
f 433 1638 1635
f 493 1695 1698
f 527 1732 1729
f 543 1752 1745
f 485 1690 1687
f 572 1777 1774
f 557 1759 1762
f 515 1717 1720
f 428 1630 1632
f 591 2191 2189
f 587 1885 1883
f 588 1901 1903
f 594 2279 2281
f 597 2315 2317
f 600 2171 2173
f 634 2160 2158
f 619 2016 2012
f 639 2214 2210
f 602 1919 1924
f 624 2137 2135
f 608 1978 1973
f 610 1991 1996
f 627 2225 2227
f 630 2302 2304
f 635 2178 2176
f 615 2153 2155
f 617 2009 2014
f 637 2207 2212
f 604 1926 1922
f 416 1857 1864
f 408 1803 1810
f 406 1786 1795
f 412 1822 1831
f 415 1840 1849
f 424 1876 1887
f 492 2182 2193
f 582 2312 2321
f 565 2276 2285
f 514 1898 1907
f 461 2091 2098
f 453 2037 2044
f 451 1952 1961
f 457 2056 2067
f 460 2074 2083
f 475 2128 2139
f 439 1966 1975
f 496 1988 1997
f 533 2222 2231
f 551 2293 2298
f 579 2185 2190
f 483 1879 1884
f 426 1893 1900
f 521 2271 2278
f 566 2307 2314
f 489 2163 2170
f 578 2150 2159
f 560 2006 2015
f 518 2204 2213
f 429 1911 1918
f 547 2131 2136
f 465 1969 1977
f 441 1983 1990
f 504 2217 2224
f 537 2290 2301
f 550 2168 2177
f 476 2145 2152
f 444 2001 2008
f 502 2199 2206
f 526 1916 1925
f 481 1808 1817
f 420 1789 1797
f 510 1825 1833
f 555 1843 1851
f 571 1862 1871
f 540 1933 1941
f 473 2110 2119
f 447 2020 2029
f 507 2236 2247
f 534 2257 2262
f 469 2042 2051
f 435 1947 1954
f 498 2059 2064
f 529 2077 2085
f 545 2096 2105
f 487 2113 2121
f 574 2023 2031
f 562 2239 2244
f 520 2254 2265
f 432 1930 1939
f 589 1818 1814
f 583 1798 1793
f 586 1834 1829
f 593 1852 1847
f 596 1872 1868
f 599 1942 1937
f 633 2120 2124
f 620 2030 2034
f 640 2248 2250
f 603 2263 2261
f 622 2052 2050
f 607 1955 1960
f 612 2065 2063
f 626 2086 2081
f 629 2106 2102
f 631 2122 2117
f 614 2032 2027
f 618 2245 2243
f 641 2266 2268
f 605 1940 1944
f 409 1813 1804
f 405 1792 1785
f 411 1828 1821
f 414 1846 1839
f 417 1867 1858
f 431 1936 1929
f 488 2123 2114
f 575 2033 2024
f 563 2249 2240
f 519 2260 2253
f 454 2049 2038
f 450 1959 1951
f 456 2062 2055
f 459 2080 2073
f 462 2101 2092
f 472 2116 2109
f 446 2026 2019
f 506 2242 2235
f 535 2267 2258
f 541 1943 1934
f 570 1869 1861
f 480 1815 1807
f 421 1799 1790
f 511 1835 1826
f 556 1853 1844
f 484 1889 1880
f 580 2195 2186
f 567 2319 2308
f 522 2283 2272
f 427 1905 1894
f 544 2103 2095
f 468 2046 2041
f 436 1957 1948
f 499 2069 2060
f 530 2087 2078
f 548 2141 2132
f 466 1979 1970
f 442 1993 1984
f 505 2229 2218
f 536 2296 2289
f 491 2188 2181
f 423 1882 1875
f 513 1902 1897
f 564 2280 2275
f 581 2316 2311
f 549 2172 2167
f 477 2157 2146
f 445 2011 2002
f 503 2209 2200
f 525 1923 1915
f 474 2134 2127
f 438 1972 1965
f 495 1995 1987
f 532 2226 2221
f 552 2303 2294
f 490 2175 2164
f 577 2154 2149
f 559 2013 2005
f 517 2211 2203
f 430 1921 1912
f 590 1865 1870
f 584 1811 1816
f 585 1796 1800
f 592 1832 1836
f 595 1850 1854
f 598 1888 1890
f 636 2194 2196
f 621 2322 2320
f 642 2286 2284
f 601 1908 1906
f 623 2099 2104
f 611 2045 2047
f 609 1962 1958
f 625 2068 2070
f 628 2084 2088
f 632 2140 2142
f 613 1976 1980
f 616 1998 1994
f 638 2232 2230
f 606 2299 2297
f 407 2330 2329
f 403 2324 2323
f 404 2325 2326
f 410 2332 2333
f 413 2335 2336
f 422 2344 2345
f 486 2410 2409
f 573 2497 2496
f 561 2486 2485
f 512 2434 2435
f 452 2375 2374
f 448 2369 2368
f 449 2370 2371
f 455 2377 2378
f 458 2380 2381
f 470 2393 2392
f 437 2359 2360
f 494 2415 2416
f 531 2455 2456
f 539 2461 2460
f 568 2489 2488
f 478 2399 2398
f 419 2341 2340
f 509 2431 2430
f 554 2476 2475
f 482 2405 2404
f 576 2500 2501
f 558 2481 2482
f 516 2439 2440
f 425 2348 2347
f 542 2465 2464
f 463 2383 2384
f 434 2356 2355
f 497 2420 2419
f 528 2452 2451
f 546 2471 2470
f 464 2386 2385
f 440 2363 2362
f 500 2422 2423
f 524 2445 2446
f 479 2400 2401
f 418 2338 2339
f 508 2428 2429
f 553 2473 2474
f 569 2490 2491
f 538 2458 2459
f 471 2394 2395
f 443 2366 2365
f 501 2425 2424
f 523 2444 2443
f 467 2389 2390
f 433 2353 2354
f 493 2414 2413
f 527 2449 2450
f 543 2466 2467
f 485 2407 2408
f 572 2494 2495
f 557 2480 2479
f 515 2438 2437
f 428 2351 2350
f 591 2510 2511
f 587 2504 2505
f 588 2508 2507
f 594 2514 2513
f 597 2517 2516
f 600 2520 2519
f 634 2554 2556
f 619 2539 2540
f 639 2560 2561
f 602 2523 2521
f 624 2543 2544
f 608 2527 2529
f 610 2532 2530
f 627 2547 2546
f 630 2550 2549
f 635 2552 2553
f 615 2535 2534
f 617 2538 2536
f 637 2558 2557
f 604 2524 2525
f 167 1607 647
f 164 1603 644
f 163 1604 643
f 165 1610 645
f 166 1613 646
f 169 1622 649
f 192 1686 672
f 222 1773 702
f 216 1761 696
f 199 1712 679
f 182 1652 662
f 179 1648 659
f 178 1649 658
f 180 1655 660
f 181 1658 661
f 186 1670 666
f 174 1637 654
f 193 1694 673
f 205 1731 685
f 212 1739 692
f 221 1768 701
f 189 1678 669
f 170 1619 650
f 202 1709 682
f 217 1754 697
f 191 1682 671
f 220 1776 700
f 214 1758 694
f 200 1716 680
f 171 1625 651
f 210 1742 690
f 183 1663 663
f 175 1634 655
f 196 1697 676
f 207 1728 687
f 211 1746 691
f 187 1664 667
f 176 1640 656
f 195 1700 675
f 203 1724 683
f 188 1679 668
f 168 1618 648
f 198 1708 678
f 213 1753 693
f 218 1769 698
f 208 1738 688
f 185 1671 665
f 177 1643 657
f 197 1701 677
f 206 1723 686
f 184 1667 664
f 173 1633 653
f 194 1693 674
f 204 1727 684
f 209 1743 689
f 190 1685 670
f 219 1772 699
f 215 1757 695
f 201 1715 681
f 172 1628 652
f 357 2187 837
f 255 1881 735
f 262 1899 742
f 388 2277 868
f 400 2313 880
f 352 2169 832
f 347 2156 827
f 298 2010 778
f 364 2208 844
f 269 1917 749
f 339 2133 819
f 285 1971 765
f 293 1989 773
f 370 2223 850
f 396 2300 876
f 353 2174 833
f 346 2151 826
f 299 2007 779
f 365 2205 845
f 268 1920 748
f 249 1855 729
f 231 1801 711
f 226 1784 706
f 238 1820 718
f 244 1838 724
f 257 1874 737
f 359 2180 839
f 402 2310 882
f 390 2274 870
f 264 1896 744
f 327 2089 807
f 309 2035 789
f 282 1950 762
f 317 2054 797
f 322 2072 802
f 341 2126 821
f 286 1964 766
f 294 1986 774
f 372 2220 852
f 394 2291 874
f 358 2183 838
f 256 1877 736
f 261 1891 741
f 387 2269 867
f 399 2305 879
f 351 2161 831
f 348 2148 828
f 300 2004 780
f 366 2202 846
f 267 1909 747
f 340 2129 820
f 287 1967 767
f 291 1981 771
f 369 2215 849
f 395 2288 875
f 354 2166 834
f 345 2143 825
f 297 1999 777
f 363 2197 843
f 270 1914 750
f 234 1806 714
f 227 1787 707
f 239 1823 719
f 245 1841 725
f 252 1860 732
f 275 1931 755
f 334 2108 814
f 304 2018 784
f 377 2234 857
f 382 2255 862
f 312 2040 792
f 279 1945 759
f 316 2057 796
f 323 2075 803
f 330 2094 810
f 335 2111 815
f 305 2021 785
f 376 2237 856
f 383 2252 863
f 274 1928 754
f 232 1812 712
f 225 1791 705
f 237 1827 717
f 243 1845 723
f 250 1866 730
f 273 1935 753
f 336 2118 816
f 306 2028 786
f 378 2246 858
f 381 2259 861
f 311 2048 791
f 281 1953 761
f 315 2061 795
f 321 2079 801
f 328 2100 808
f 333 2115 813
f 303 2025 783
f 375 2241 855
f 384 2264 864
f 276 1938 756
f 229 1802 709
f 223 1783 703
f 235 1819 715
f 241 1837 721
f 247 1856 727
f 271 1927 751
f 332 2112 812
f 302 2022 782
f 374 2238 854
f 379 2251 859
f 307 2036 787
f 278 1949 758
f 313 2053 793
f 319 2071 799
f 325 2090 805
f 331 2107 811
f 301 2017 781
f 373 2233 853
f 380 2256 860
f 272 1932 752
f 248 1859 728
f 230 1805 710
f 224 1788 704
f 236 1824 716
f 242 1842 722
f 254 1878 734
f 356 2184 836
f 397 2306 877
f 385 2270 865
f 259 1892 739
f 326 2093 806
f 308 2039 788
f 277 1946 757
f 314 2058 794
f 320 2076 800
f 338 2130 818
f 284 1968 764
f 289 1982 769
f 367 2216 847
f 391 2287 871
f 355 2179 835
f 253 1873 733
f 260 1895 740
f 386 2273 866
f 398 2309 878
f 350 2165 830
f 343 2144 823
f 295 2000 775
f 361 2198 841
f 266 1913 746
f 337 2125 817
f 283 1963 763
f 290 1985 770
f 368 2219 848
f 392 2292 872
f 349 2162 829
f 344 2147 824
f 296 2003 776
f 362 2201 842
f 265 1910 745
f 251 1863 731
f 233 1809 713
f 228 1794 708
f 240 1830 720
f 246 1848 726
f 258 1886 738
f 360 2192 840
f 401 2318 881
f 389 2282 869
f 263 1904 743
f 329 2097 809
f 310 2043 790
f 280 1956 760
f 318 2066 798
f 324 2082 804
f 342 2138 822
f 288 1974 768
f 292 1992 772
f 371 2228 851
f 393 2295 873
f 409 2331 1269
f 405 2327 1245
f 411 2328 1252
f 414 2334 1288
f 417 2337 1306
f 431 2346 1336
f 488 2412 1551
f 575 2499 1473
f 563 2487 1599
f 519 2436 1354
f 454 2376 1479
f 450 2372 1401
f 456 2373 1408
f 459 2379 1492
f 462 2382 1504
f 472 2396 1533
f 446 2361 1414
f 506 2418 1444
f 535 2457 1594
f 541 2463 1383
f 570 2492 1323
f 480 2402 1275
f 421 2343 1263
f 511 2433 1299
f 556 2478 1317
f 484 2406 1341
f 580 2502 1564
f 567 2484 1462
f 522 2442 1588
f 427 2349 1347
f 544 2468 1521
f 468 2387 1420
f 436 2358 1395
f 499 2421 1497
f 530 2454 1515
f 548 2472 1557
f 466 2388 1425
f 442 2364 1431
f 505 2426 1570
f 536 2448 1372
f 491 2403 1282
f 423 2342 1258
f 513 2432 1294
f 564 2477 1312
f 581 2493 1330
f 549 2462 1378
f 477 2397 1540
f 445 2367 1449
f 503 2427 1575
f 525 2447 1365
f 474 2391 1486
f 438 2357 1390
f 495 2417 1437
f 532 2453 1510
f 552 2469 1528
f 490 2411 1546
f 577 2498 1468
f 559 2483 1455
f 517 2441 1581
f 430 2352 1359
f 590 2509 1272
f 584 2503 1248
f 585 2506 1253
f 592 2512 1289
f 595 2515 1307
f 598 2518 1337
f 636 2555 1554
f 621 2541 1476
f 642 2562 1602
f 601 2522 1355
f 623 2542 1482
f 611 2528 1404
f 609 2531 1409
f 625 2545 1493
f 628 2548 1505
f 632 2551 1536
f 613 2533 1415
f 616 2537 1445
f 638 2559 1595
f 606 2526 1386
f 407 1616 909
f 403 1608 891
f 404 1606 886
f 410 1612 898
f 413 1615 904
f 422 1624 922
f 486 1692 1060
f 573 1782 1240
f 561 1765 1204
f 512 1714 1102
f 452 1661 999
f 448 1653 981
f 449 1651 976
f 455 1657 988
f 458 1660 994
f 470 1675 1024
f 437 1639 952
f 494 1696 1066
f 531 1733 1138
f 539 1751 1179
f 568 1779 1233
f 478 1683 1041
f 419 1626 927
f 509 1721 1119
f 554 1766 1209
f 482 1689 1053
f 576 1778 1228
f 558 1760 1192
f 516 1718 1108
f 425 1629 933
f 542 1747 1167
f 463 1665 1005
f 434 1641 957
f 497 1704 1083
f 528 1737 1150
f 546 1750 1174
f 464 1676 1029
f 440 1644 963
f 500 1702 1077
f 524 1726 1126
f 479 1681 1036
f 418 1620 915
f 508 1710 1095
f 553 1755 1185
f 569 1771 1216
f 538 1740 1155
f 471 1673 1018
f 443 1647 970
f 501 1707 1090
f 523 1734 1143
f 467 1669 1012
f 433 1635 945
f 493 1698 1071
f 527 1729 1131
f 543 1745 1162
f 485 1687 1047
f 572 1774 1221
f 557 1762 1197
f 515 1720 1114
f 428 1632 940
f 591 2189 1284
f 587 1883 1260
f 588 1903 1296
f 594 2281 1314
f 597 2317 1332
f 600 2173 1380
f 634 2158 1542
f 619 2012 1451
f 639 2210 1577
f 602 1924 1367
f 624 2135 1488
f 608 1973 1392
f 610 1996 1439
f 627 2227 1512
f 630 2304 1530
f 635 2176 1548
f 615 2155 1470
f 617 2014 1457
f 637 2212 1583
f 604 1922 1361
f 416 1864 1270
f 408 1810 1246
f 406 1795 1251
f 412 1831 1287
f 415 1849 1305
f 424 1887 1335
f 492 2193 1552
f 582 2321 1474
f 565 2285 1600
f 514 1907 1353
f 461 2098 1480
f 453 2044 1402
f 451 1961 1407
f 457 2067 1491
f 460 2083 1503
f 475 2139 1534
f 439 1975 1413
f 496 1997 1443
f 533 2231 1593
f 551 2298 1384
f 579 2190 1324
f 483 1884 1276
f 426 1900 1264
f 521 2278 1300
f 566 2314 1318
f 489 2170 1342
f 578 2159 1563
f 560 2015 1461
f 518 2213 1587
f 429 1918 1348
f 547 2136 1522
f 465 1977 1419
f 441 1990 1396
f 504 2224 1498
f 537 2301 1516
f 550 2177 1558
f 476 2152 1426
f 444 2008 1432
f 502 2206 1569
f 526 1925 1371
f 481 1817 1281
f 420 1797 1257
f 510 1833 1293
f 555 1851 1311
f 571 1871 1329
f 540 1941 1377
f 473 2119 1539
f 447 2029 1450
f 507 2247 1576
f 534 2262 1366
f 469 2051 1485
f 435 1954 1389
f 498 2064 1438
f 529 2085 1509
f 545 2105 1527
f 487 2121 1545
f 574 2031 1467
f 562 2244 1456
f 520 2265 1582
f 432 1939 1360
f 589 1814 1271
f 583 1793 1247
f 586 1829 1254
f 593 1847 1290
f 596 1868 1308
f 599 1937 1338
f 633 2124 1553
f 620 2034 1475
f 640 2250 1601
f 603 2261 1356
f 622 2050 1481
f 607 1960 1403
f 612 2063 1410
f 626 2081 1494
f 629 2102 1506
f 631 2117 1535
f 614 2027 1416
f 618 2243 1446
f 641 2268 1596
f 605 1944 1385
f 409 1804 894
f 405 1785 887
f 411 1821 899
f 414 1839 905
f 417 1858 912
f 431 1929 941
f 488 2114 1050
f 575 2024 1224
f 563 2240 1200
f 519 2253 1115
f 454 2038 984
f 450 1951 977
f 456 2055 989
f 459 2073 995
f 462 2092 1002
f 472 2109 1019
f 446 2019 971
f 506 2235 1091
f 535 2258 1146
f 541 1934 1158
f 570 1861 1217
f 480 1807 1037
f 421 1790 918
f 511 1826 1098
f 556 1844 1188
f 484 1880 1044
f 580 2186 1236
f 567 2308 1212
f 522 2272 1122
f 427 1894 930
f 544 2095 1163
f 468 2041 1013
f 436 1948 948
f 499 2060 1074
f 530 2078 1134
f 548 2132 1170
f 466 1970 1008
f 442 1984 960
f 505 2218 1086
f 536 2289 1151
f 491 2181 1061
f 423 1875 923
f 513 1897 1103
f 564 2275 1205
f 581 2311 1241
f 549 2167 1175
f 477 2146 1032
f 445 2002 966
f 503 2200 1080
f 525 1915 1127
f 474 2127 1025
f 438 1965 953
f 495 1987 1067
f 532 2221 1139
f 552 2294 1182
f 490 2164 1056
f 577 2149 1229
f 559 2005 1193
f 517 2203 1109
f 430 1912 936
f 590 1870 1325
f 584 1816 1277
f 585 1800 1265
f 592 1836 1301
f 595 1854 1319
f 598 1890 1343
f 636 2196 1566
f 621 2320 1464
f 642 2284 1590
f 601 1906 1349
f 623 2104 1523
f 611 2047 1422
f 609 1958 1397
f 625 2070 1499
f 628 2088 1517
f 632 2142 1559
f 613 1980 1427
f 616 1994 1433
f 638 2230 1572
f 606 2297 1374
f 407 2329 892
f 403 2323 885
f 404 2326 897
f 410 2333 903
f 413 2336 910
f 422 2345 939
f 486 2409 1048
f 573 2496 1222
f 561 2485 1198
f 512 2435 1113
f 452 2374 982
f 448 2368 975
f 449 2371 987
f 455 2378 993
f 458 2381 1000
f 470 2392 1017
f 437 2360 969
f 494 2416 1089
f 531 2456 1144
f 539 2460 1156
f 568 2488 1215
f 478 2398 1035
f 419 2340 916
f 509 2430 1096
f 554 2475 1186
f 482 2404 1042
f 576 2501 1234
f 558 2482 1210
f 516 2440 1120
f 425 2347 928
f 542 2464 1161
f 463 2384 1011
f 434 2355 946
f 497 2419 1072
f 528 2451 1132
f 546 2470 1168
f 464 2385 1006
f 440 2362 958
f 500 2423 1084
f 524 2446 1149
f 479 2401 1059
f 418 2339 921
f 508 2429 1101
f 553 2474 1203
f 569 2491 1239
f 538 2459 1173
f 471 2395 1030
f 443 2365 964
f 501 2424 1078
f 523 2443 1125
f 467 2390 1023
f 433 2354 951
f 493 2413 1065
f 527 2450 1137
f 543 2467 1180
f 485 2408 1054
f 572 2495 1227
f 557 2479 1191
f 515 2437 1107
f 428 2350 934
f 591 2511 1326
f 587 2505 1278
f 588 2507 1266
f 594 2513 1302
f 597 2516 1320
f 600 2519 1344
f 634 2556 1565
f 619 2540 1463
f 639 2561 1589
f 602 2521 1350
f 624 2544 1524
f 608 2529 1421
f 610 2530 1398
f 627 2546 1500
f 630 2549 1518
f 635 2553 1560
f 615 2534 1428
f 617 2536 1434
f 637 2557 1571
f 604 2525 1373
f 164 1609 889
f 163 1605 883
f 165 1611 895
f 166 1614 901
f 167 1617 907
f 172 1631 937
f 190 1688 1045
f 219 1775 1219
f 215 1763 1195
f 201 1719 1111
f 179 1654 979
f 178 1650 973
f 180 1656 985
f 181 1659 991
f 182 1662 997
f 185 1672 1015
f 177 1646 967
f 197 1706 1087
f 206 1735 1141
f 208 1741 1153
f 218 1770 1213
f 188 1680 1033
f 168 1621 913
f 198 1711 1093
f 213 1756 1183
f 189 1684 1039
f 221 1780 1231
f 217 1767 1207
f 202 1722 1117
f 170 1627 925
f 209 1744 1159
f 184 1668 1009
f 173 1636 943
f 194 1699 1069
f 204 1730 1129
f 210 1748 1165
f 183 1666 1003
f 175 1642 955
f 196 1705 1081
f 207 1736 1147
f 192 1691 1057
f 169 1623 919
f 199 1713 1099
f 216 1764 1201
f 222 1781 1237
f 211 1749 1171
f 187 1677 1027
f 176 1645 961
f 195 1703 1075
f 203 1725 1123
f 186 1674 1021
f 174 1638 949
f 193 1695 1063
f 205 1732 1135
f 212 1752 1177
f 191 1690 1051
f 220 1777 1225
f 214 1759 1189
f 200 1717 1105
f 171 1630 931
f 358 2191 1322
f 256 1885 1274
f 261 1901 1262
f 387 2279 1298
f 399 2315 1316
f 351 2171 1340
f 348 2160 1561
f 300 2016 1459
f 366 2214 1585
f 267 1919 1346
f 340 2137 1520
f 287 1978 1417
f 291 1991 1394
f 369 2225 1496
f 395 2302 1514
f 354 2178 1556
f 345 2153 1424
f 297 2009 1430
f 363 2207 1567
f 270 1926 1369
f 247 1857 908
f 229 1803 890
f 223 1786 884
f 235 1822 896
f 241 1840 902
f 253 1876 920
f 355 2182 1058
f 398 2312 1238
f 386 2276 1202
f 260 1898 1100
f 325 2091 998
f 307 2037 980
f 278 1952 974
f 313 2056 986
f 319 2074 992
f 337 2128 1022
f 283 1966 950
f 290 1988 1064
f 368 2222 1136
f 392 2293 1178
f 356 2185 1232
f 254 1879 1040
f 259 1893 926
f 385 2271 1118
f 397 2307 1208
f 349 2163 1052
f 344 2150 1226
f 296 2006 1190
f 362 2204 1106
f 265 1911 932
f 338 2131 1166
f 284 1969 1004
f 289 1983 956
f 367 2217 1082
f 391 2290 1148
f 350 2168 1172
f 343 2145 1028
f 295 2001 962
f 361 2199 1076
f 266 1916 1124
f 230 1808 1034
f 224 1789 914
f 236 1825 1094
f 242 1843 1184
f 248 1862 1214
f 272 1933 1154
f 331 2110 1016
f 301 2020 968
f 373 2236 1088
f 380 2257 1142
f 308 2042 1010
f 277 1947 944
f 314 2059 1070
f 320 2077 1130
f 326 2096 1160
f 332 2113 1046
f 302 2023 1220
f 374 2239 1196
f 379 2254 1112
f 271 1930 938
f 234 1818 1279
f 227 1798 1255
f 239 1834 1291
f 245 1852 1309
f 252 1872 1327
f 275 1942 1375
f 334 2120 1537
f 304 2030 1448
f 377 2248 1574
f 382 2263 1364
f 312 2052 1483
f 279 1955 1387
f 316 2065 1436
f 323 2086 1507
f 330 2106 1525
f 335 2122 1543
f 305 2032 1465
f 376 2245 1454
f 383 2266 1580
f 274 1940 1358
f 232 1813 1267
f 225 1792 1243
f 237 1828 1250
f 243 1846 1286
f 250 1867 1304
f 273 1936 1334
f 336 2123 1549
f 306 2033 1471
f 378 2249 1597
f 381 2260 1352
f 311 2049 1477
f 281 1959 1399
f 315 2062 1406
f 321 2080 1490
f 328 2101 1502
f 333 2116 1531
f 303 2026 1412
f 375 2242 1442
f 384 2267 1592
f 276 1943 1381
f 251 1869 1321
f 233 1815 1273
f 228 1799 1261
f 240 1835 1297
f 246 1853 1315
f 258 1889 1339
f 360 2195 1562
f 401 2319 1460
f 389 2283 1586
f 263 1905 1345
f 329 2103 1519
f 310 2046 1418
f 280 1957 1393
f 318 2069 1495
f 324 2087 1513
f 342 2141 1555
f 288 1979 1423
f 292 1993 1429
f 371 2229 1568
f 393 2296 1370
f 357 2188 1280
f 255 1882 1256
f 262 1902 1292
f 388 2280 1310
f 400 2316 1328
f 352 2172 1376
f 347 2157 1538
f 298 2011 1447
f 364 2209 1573
f 269 1923 1363
f 339 2134 1484
f 285 1972 1388
f 293 1995 1435
f 370 2226 1508
f 396 2303 1526
f 353 2175 1544
f 346 2154 1466
f 299 2013 1453
f 365 2211 1579
f 268 1921 1357
f 249 1865 1268
f 231 1811 1244
f 226 1796 1249
f 238 1832 1285
f 244 1850 1303
f 257 1888 1333
f 359 2194 1550
f 402 2322 1472
f 390 2286 1598
f 264 1908 1351
f 327 2099 1478
f 309 2045 1400
f 282 1962 1405
f 317 2068 1489
f 322 2084 1501
f 341 2140 1532
f 286 1976 1411
f 294 1998 1441
f 372 2232 1591
f 394 2299 1382
f 416 2330 911
f 408 2324 893
f 406 2325 888
f 412 2332 900
f 415 2335 906
f 424 2344 924
f 492 2410 1062
f 582 2497 1242
f 565 2486 1206
f 514 2434 1104
f 461 2375 1001
f 453 2369 983
f 451 2370 978
f 457 2377 990
f 460 2380 996
f 475 2393 1026
f 439 2359 954
f 496 2415 1068
f 533 2455 1140
f 551 2461 1181
f 579 2489 1235
f 483 2399 1043
f 426 2341 929
f 521 2431 1121
f 566 2476 1211
f 489 2405 1055
f 578 2500 1230
f 560 2481 1194
f 518 2439 1110
f 429 2348 935
f 547 2465 1169
f 465 2383 1007
f 441 2356 959
f 504 2420 1085
f 537 2452 1152
f 550 2471 1176
f 476 2386 1031
f 444 2363 965
f 502 2422 1079
f 526 2445 1128
f 481 2400 1038
f 420 2338 917
f 510 2428 1097
f 555 2473 1187
f 571 2490 1218
f 540 2458 1157
f 473 2394 1020
f 447 2366 972
f 507 2425 1092
f 534 2444 1145
f 469 2389 1014
f 435 2353 947
f 498 2414 1073
f 529 2449 1133
f 545 2466 1164
f 487 2407 1049
f 574 2494 1223
f 562 2480 1199
f 520 2438 1116
f 432 2351 942
f 589 2510 1283
f 583 2504 1259
f 586 2508 1295
f 593 2514 1313
f 596 2517 1331
f 599 2520 1379
f 633 2554 1541
f 620 2539 1452
f 640 2560 1578
f 603 2523 1368
f 622 2543 1487
f 607 2527 1391
f 612 2532 1440
f 626 2547 1511
f 629 2550 1529
f 631 2552 1547
f 614 2535 1469
f 618 2538 1458
f 641 2558 1584
f 605 2524 1362
f 164 1607 1609
f 163 1603 1605
f 165 1604 1611
f 166 1610 1614
f 167 1613 1617
f 172 1622 1631
f 190 1686 1688
f 219 1773 1775
f 215 1761 1763
f 201 1712 1719
f 179 1652 1654
f 178 1648 1650
f 180 1649 1656
f 181 1655 1659
f 182 1658 1662
f 185 1670 1672
f 177 1637 1646
f 197 1694 1706
f 206 1731 1735
f 208 1739 1741
f 218 1768 1770
f 188 1678 1680
f 168 1619 1621
f 198 1709 1711
f 213 1754 1756
f 189 1682 1684
f 221 1776 1780
f 217 1758 1767
f 202 1716 1722
f 170 1625 1627
f 209 1742 1744
f 184 1663 1668
f 173 1634 1636
f 194 1697 1699
f 204 1728 1730
f 210 1746 1748
f 183 1664 1666
f 175 1640 1642
f 196 1700 1705
f 207 1724 1736
f 192 1679 1691
f 169 1618 1623
f 199 1708 1713
f 216 1753 1764
f 222 1769 1781
f 211 1738 1749
f 187 1671 1677
f 176 1643 1645
f 195 1701 1703
f 203 1723 1725
f 186 1667 1674
f 174 1633 1638
f 193 1693 1695
f 205 1727 1732
f 212 1743 1752
f 191 1685 1690
f 220 1772 1777
f 214 1757 1759
f 200 1715 1717
f 171 1628 1630
f 358 2187 2191
f 256 1881 1885
f 261 1899 1901
f 387 2277 2279
f 399 2313 2315
f 351 2169 2171
f 348 2156 2160
f 300 2010 2016
f 366 2208 2214
f 267 1917 1919
f 340 2133 2137
f 287 1971 1978
f 291 1989 1991
f 369 2223 2225
f 395 2300 2302
f 354 2174 2178
f 345 2151 2153
f 297 2007 2009
f 363 2205 2207
f 270 1920 1926
f 247 1855 1857
f 229 1801 1803
f 223 1784 1786
f 235 1820 1822
f 241 1838 1840
f 253 1874 1876
f 355 2180 2182
f 398 2310 2312
f 386 2274 2276
f 260 1896 1898
f 325 2089 2091
f 307 2035 2037
f 278 1950 1952
f 313 2054 2056
f 319 2072 2074
f 337 2126 2128
f 283 1964 1966
f 290 1986 1988
f 368 2220 2222
f 392 2291 2293
f 356 2183 2185
f 254 1877 1879
f 259 1891 1893
f 385 2269 2271
f 397 2305 2307
f 349 2161 2163
f 344 2148 2150
f 296 2004 2006
f 362 2202 2204
f 265 1909 1911
f 338 2129 2131
f 284 1967 1969
f 289 1981 1983
f 367 2215 2217
f 391 2288 2290
f 350 2166 2168
f 343 2143 2145
f 295 1999 2001
f 361 2197 2199
f 266 1914 1916
f 230 1806 1808
f 224 1787 1789
f 236 1823 1825
f 242 1841 1843
f 248 1860 1862
f 272 1931 1933
f 331 2108 2110
f 301 2018 2020
f 373 2234 2236
f 380 2255 2257
f 308 2040 2042
f 277 1945 1947
f 314 2057 2059
f 320 2075 2077
f 326 2094 2096
f 332 2111 2113
f 302 2021 2023
f 374 2237 2239
f 379 2252 2254
f 271 1928 1930
f 234 1812 1818
f 227 1791 1798
f 239 1827 1834
f 245 1845 1852
f 252 1866 1872
f 275 1935 1942
f 334 2118 2120
f 304 2028 2030
f 377 2246 2248
f 382 2259 2263
f 312 2048 2052
f 279 1953 1955
f 316 2061 2065
f 323 2079 2086
f 330 2100 2106
f 335 2115 2122
f 305 2025 2032
f 376 2241 2245
f 383 2264 2266
f 274 1938 1940
f 232 1802 1813
f 225 1783 1792
f 237 1819 1828
f 243 1837 1846
f 250 1856 1867
f 273 1927 1936
f 336 2112 2123
f 306 2022 2033
f 378 2238 2249
f 381 2251 2260
f 311 2036 2049
f 281 1949 1959
f 315 2053 2062
f 321 2071 2080
f 328 2090 2101
f 333 2107 2116
f 303 2017 2026
f 375 2233 2242
f 384 2256 2267
f 276 1932 1943
f 251 1859 1869
f 233 1805 1815
f 228 1788 1799
f 240 1824 1835
f 246 1842 1853
f 258 1878 1889
f 360 2184 2195
f 401 2306 2319
f 389 2270 2283
f 263 1892 1905
f 329 2093 2103
f 310 2039 2046
f 280 1946 1957
f 318 2058 2069
f 324 2076 2087
f 342 2130 2141
f 288 1968 1979
f 292 1982 1993
f 371 2216 2229
f 393 2287 2296
f 357 2179 2188
f 255 1873 1882
f 262 1895 1902
f 388 2273 2280
f 400 2309 2316
f 352 2165 2172
f 347 2144 2157
f 298 2000 2011
f 364 2198 2209
f 269 1913 1923
f 339 2125 2134
f 285 1963 1972
f 293 1985 1995
f 370 2219 2226
f 396 2292 2303
f 353 2162 2175
f 346 2147 2154
f 299 2003 2013
f 365 2201 2211
f 268 1910 1921
f 249 1863 1865
f 231 1809 1811
f 226 1794 1796
f 238 1830 1832
f 244 1848 1850
f 257 1886 1888
f 359 2192 2194
f 402 2318 2322
f 390 2282 2286
f 264 1904 1908
f 327 2097 2099
f 309 2043 2045
f 282 1956 1962
f 317 2066 2068
f 322 2082 2084
f 341 2138 2140
f 286 1974 1976
f 294 1992 1998
f 372 2228 2232
f 394 2295 2299
f 416 2331 2330
f 408 2327 2324
f 406 2328 2325
f 412 2334 2332
f 415 2337 2335
f 424 2346 2344
f 492 2412 2410
f 582 2499 2497
f 565 2487 2486
f 514 2436 2434
f 461 2376 2375
f 453 2372 2369
f 451 2373 2370
f 457 2379 2377
f 460 2382 2380
f 475 2396 2393
f 439 2361 2359
f 496 2418 2415
f 533 2457 2455
f 551 2463 2461
f 579 2492 2489
f 483 2402 2399
f 426 2343 2341
f 521 2433 2431
f 566 2478 2476
f 489 2406 2405
f 578 2502 2500
f 560 2484 2481
f 518 2442 2439
f 429 2349 2348
f 547 2468 2465
f 465 2387 2383
f 441 2358 2356
f 504 2421 2420
f 537 2454 2452
f 550 2472 2471
f 476 2388 2386
f 444 2364 2363
f 502 2426 2422
f 526 2448 2445
f 481 2403 2400
f 420 2342 2338
f 510 2432 2428
f 555 2477 2473
f 571 2493 2490
f 540 2462 2458
f 473 2397 2394
f 447 2367 2366
f 507 2427 2425
f 534 2447 2444
f 469 2391 2389
f 435 2357 2353
f 498 2417 2414
f 529 2453 2449
f 545 2469 2466
f 487 2411 2407
f 574 2498 2494
f 562 2483 2480
f 520 2441 2438
f 432 2352 2351
f 589 2509 2510
f 583 2503 2504
f 586 2506 2508
f 593 2512 2514
f 596 2515 2517
f 599 2518 2520
f 633 2555 2554
f 620 2541 2539
f 640 2562 2560
f 603 2522 2523
f 622 2542 2543
f 607 2528 2527
f 612 2531 2532
f 626 2545 2547
f 629 2548 2550
f 631 2551 2552
f 614 2533 2535
f 618 2537 2538
f 641 2559 2558
f 605 2526 2524
f 164 644 1607
f 163 643 1603
f 165 645 1604
f 166 646 1610
f 167 647 1613
f 172 652 1622
f 190 670 1686
f 219 699 1773
f 215 695 1761
f 201 681 1712
f 179 659 1652
f 178 658 1648
f 180 660 1649
f 181 661 1655
f 182 662 1658
f 185 665 1670
f 177 657 1637
f 197 677 1694
f 206 686 1731
f 208 688 1739
f 218 698 1768
f 188 668 1678
f 168 648 1619
f 198 678 1709
f 213 693 1754
f 189 669 1682
f 221 701 1776
f 217 697 1758
f 202 682 1716
f 170 650 1625
f 209 689 1742
f 184 664 1663
f 173 653 1634
f 194 674 1697
f 204 684 1728
f 210 690 1746
f 183 663 1664
f 175 655 1640
f 196 676 1700
f 207 687 1724
f 192 672 1679
f 169 649 1618
f 199 679 1708
f 216 696 1753
f 222 702 1769
f 211 691 1738
f 187 667 1671
f 176 656 1643
f 195 675 1701
f 203 683 1723
f 186 666 1667
f 174 654 1633
f 193 673 1693
f 205 685 1727
f 212 692 1743
f 191 671 1685
f 220 700 1772
f 214 694 1757
f 200 680 1715
f 171 651 1628
f 358 838 2187
f 256 736 1881
f 261 741 1899
f 387 867 2277
f 399 879 2313
f 351 831 2169
f 348 828 2156
f 300 780 2010
f 366 846 2208
f 267 747 1917
f 340 820 2133
f 287 767 1971
f 291 771 1989
f 369 849 2223
f 395 875 2300
f 354 834 2174
f 345 825 2151
f 297 777 2007
f 363 843 2205
f 270 750 1920
f 247 727 1855
f 229 709 1801
f 223 703 1784
f 235 715 1820
f 241 721 1838
f 253 733 1874
f 355 835 2180
f 398 878 2310
f 386 866 2274
f 260 740 1896
f 325 805 2089
f 307 787 2035
f 278 758 1950
f 313 793 2054
f 319 799 2072
f 337 817 2126
f 283 763 1964
f 290 770 1986
f 368 848 2220
f 392 872 2291
f 356 836 2183
f 254 734 1877
f 259 739 1891
f 385 865 2269
f 397 877 2305
f 349 829 2161
f 344 824 2148
f 296 776 2004
f 362 842 2202
f 265 745 1909
f 338 818 2129
f 284 764 1967
f 289 769 1981
f 367 847 2215
f 391 871 2288
f 350 830 2166
f 343 823 2143
f 295 775 1999
f 361 841 2197
f 266 746 1914
f 230 710 1806
f 224 704 1787
f 236 716 1823
f 242 722 1841
f 248 728 1860
f 272 752 1931
f 331 811 2108
f 301 781 2018
f 373 853 2234
f 380 860 2255
f 308 788 2040
f 277 757 1945
f 314 794 2057
f 320 800 2075
f 326 806 2094
f 332 812 2111
f 302 782 2021
f 374 854 2237
f 379 859 2252
f 271 751 1928
f 234 714 1812
f 227 707 1791
f 239 719 1827
f 245 725 1845
f 252 732 1866
f 275 755 1935
f 334 814 2118
f 304 784 2028
f 377 857 2246
f 382 862 2259
f 312 792 2048
f 279 759 1953
f 316 796 2061
f 323 803 2079
f 330 810 2100
f 335 815 2115
f 305 785 2025
f 376 856 2241
f 383 863 2264
f 274 754 1938
f 232 712 1802
f 225 705 1783
f 237 717 1819
f 243 723 1837
f 250 730 1856
f 273 753 1927
f 336 816 2112
f 306 786 2022
f 378 858 2238
f 381 861 2251
f 311 791 2036
f 281 761 1949
f 315 795 2053
f 321 801 2071
f 328 808 2090
f 333 813 2107
f 303 783 2017
f 375 855 2233
f 384 864 2256
f 276 756 1932
f 251 731 1859
f 233 713 1805
f 228 708 1788
f 240 720 1824
f 246 726 1842
f 258 738 1878
f 360 840 2184
f 401 881 2306
f 389 869 2270
f 263 743 1892
f 329 809 2093
f 310 790 2039
f 280 760 1946
f 318 798 2058
f 324 804 2076
f 342 822 2130
f 288 768 1968
f 292 772 1982
f 371 851 2216
f 393 873 2287
f 357 837 2179
f 255 735 1873
f 262 742 1895
f 388 868 2273
f 400 880 2309
f 352 832 2165
f 347 827 2144
f 298 778 2000
f 364 844 2198
f 269 749 1913
f 339 819 2125
f 285 765 1963
f 293 773 1985
f 370 850 2219
f 396 876 2292
f 353 833 2162
f 346 826 2147
f 299 779 2003
f 365 845 2201
f 268 748 1910
f 249 729 1863
f 231 711 1809
f 226 706 1794
f 238 718 1830
f 244 724 1848
f 257 737 1886
f 359 839 2192
f 402 882 2318
f 390 870 2282
f 264 744 1904
f 327 807 2097
f 309 789 2043
f 282 762 1956
f 317 797 2066
f 322 802 2082
f 341 821 2138
f 286 766 1974
f 294 774 1992
f 372 852 2228
f 394 874 2295
f 416 1270 2331
f 408 1246 2327
f 406 1251 2328
f 412 1287 2334
f 415 1305 2337
f 424 1335 2346
f 492 1552 2412
f 582 1474 2499
f 565 1600 2487
f 514 1353 2436
f 461 1480 2376
f 453 1402 2372
f 451 1407 2373
f 457 1491 2379
f 460 1503 2382
f 475 1534 2396
f 439 1413 2361
f 496 1443 2418
f 533 1593 2457
f 551 1384 2463
f 579 1324 2492
f 483 1276 2402
f 426 1264 2343
f 521 1300 2433
f 566 1318 2478
f 489 1342 2406
f 578 1563 2502
f 560 1461 2484
f 518 1587 2442
f 429 1348 2349
f 547 1522 2468
f 465 1419 2387
f 441 1396 2358
f 504 1498 2421
f 537 1516 2454
f 550 1558 2472
f 476 1426 2388
f 444 1432 2364
f 502 1569 2426
f 526 1371 2448
f 481 1281 2403
f 420 1257 2342
f 510 1293 2432
f 555 1311 2477
f 571 1329 2493
f 540 1377 2462
f 473 1539 2397
f 447 1450 2367
f 507 1576 2427
f 534 1366 2447
f 469 1485 2391
f 435 1389 2357
f 498 1438 2417
f 529 1509 2453
f 545 1527 2469
f 487 1545 2411
f 574 1467 2498
f 562 1456 2483
f 520 1582 2441
f 432 1360 2352
f 589 1271 2509
f 583 1247 2503
f 586 1254 2506
f 593 1290 2512
f 596 1308 2515
f 599 1338 2518
f 633 1553 2555
f 620 1475 2541
f 640 1601 2562
f 603 1356 2522
f 622 1481 2542
f 607 1403 2528
f 612 1410 2531
f 626 1494 2545
f 629 1506 2548
f 631 1535 2551
f 614 1416 2533
f 618 1446 2537
f 641 1596 2559
f 605 1385 2526
f 167 907 1616
f 164 889 1608
f 163 883 1606
f 165 895 1612
f 166 901 1615
f 169 919 1624
f 192 1057 1692
f 222 1237 1782
f 216 1201 1765
f 199 1099 1714
f 182 997 1661
f 179 979 1653
f 178 973 1651
f 180 985 1657
f 181 991 1660
f 186 1021 1675
f 174 949 1639
f 193 1063 1696
f 205 1135 1733
f 212 1177 1751
f 221 1231 1779
f 189 1039 1683
f 170 925 1626
f 202 1117 1721
f 217 1207 1766
f 191 1051 1689
f 220 1225 1778
f 214 1189 1760
f 200 1105 1718
f 171 931 1629
f 210 1165 1747
f 183 1003 1665
f 175 955 1641
f 196 1081 1704
f 207 1147 1737
f 211 1171 1750
f 187 1027 1676
f 176 961 1644
f 195 1075 1702
f 203 1123 1726
f 188 1033 1681
f 168 913 1620
f 198 1093 1710
f 213 1183 1755
f 218 1213 1771
f 208 1153 1740
f 185 1015 1673
f 177 967 1647
f 197 1087 1707
f 206 1141 1734
f 184 1009 1669
f 173 943 1635
f 194 1069 1698
f 204 1129 1729
f 209 1159 1745
f 190 1045 1687
f 219 1219 1774
f 215 1195 1762
f 201 1111 1720
f 172 937 1632
f 357 1280 2189
f 255 1256 1883
f 262 1292 1903
f 388 1310 2281
f 400 1328 2317
f 352 1376 2173
f 347 1538 2158
f 298 1447 2012
f 364 1573 2210
f 269 1363 1924
f 339 1484 2135
f 285 1388 1973
f 293 1435 1996
f 370 1508 2227
f 396 1526 2304
f 353 1544 2176
f 346 1466 2155
f 299 1453 2014
f 365 1579 2212
f 268 1357 1922
f 249 1268 1864
f 231 1244 1810
f 226 1249 1795
f 238 1285 1831
f 244 1303 1849
f 257 1333 1887
f 359 1550 2193
f 402 1472 2321
f 390 1598 2285
f 264 1351 1907
f 327 1478 2098
f 309 1400 2044
f 282 1405 1961
f 317 1489 2067
f 322 1501 2083
f 341 1532 2139
f 286 1411 1975
f 294 1441 1997
f 372 1591 2231
f 394 1382 2298
f 358 1322 2190
f 256 1274 1884
f 261 1262 1900
f 387 1298 2278
f 399 1316 2314
f 351 1340 2170
f 348 1561 2159
f 300 1459 2015
f 366 1585 2213
f 267 1346 1918
f 340 1520 2136
f 287 1417 1977
f 291 1394 1990
f 369 1496 2224
f 395 1514 2301
f 354 1556 2177
f 345 1424 2152
f 297 1430 2008
f 363 1567 2206
f 270 1369 1925
f 234 1279 1817
f 227 1255 1797
f 239 1291 1833
f 245 1309 1851
f 252 1327 1871
f 275 1375 1941
f 334 1537 2119
f 304 1448 2029
f 377 1574 2247
f 382 1364 2262
f 312 1483 2051
f 279 1387 1954
f 316 1436 2064
f 323 1507 2085
f 330 1525 2105
f 335 1543 2121
f 305 1465 2031
f 376 1454 2244
f 383 1580 2265
f 274 1358 1939
f 232 1267 1814
f 225 1243 1793
f 237 1250 1829
f 243 1286 1847
f 250 1304 1868
f 273 1334 1937
f 336 1549 2124
f 306 1471 2034
f 378 1597 2250
f 381 1352 2261
f 311 1477 2050
f 281 1399 1960
f 315 1406 2063
f 321 1490 2081
f 328 1502 2102
f 333 1531 2117
f 303 1412 2027
f 375 1442 2243
f 384 1592 2268
f 276 1381 1944
f 229 890 1804
f 223 884 1785
f 235 896 1821
f 241 902 1839
f 247 908 1858
f 271 938 1929
f 332 1046 2114
f 302 1220 2024
f 374 1196 2240
f 379 1112 2253
f 307 980 2038
f 278 974 1951
f 313 986 2055
f 319 992 2073
f 325 998 2092
f 331 1016 2109
f 301 968 2019
f 373 1088 2235
f 380 1142 2258
f 272 1154 1934
f 248 1214 1861
f 230 1034 1807
f 224 914 1790
f 236 1094 1826
f 242 1184 1844
f 254 1040 1880
f 356 1232 2186
f 397 1208 2308
f 385 1118 2272
f 259 926 1894
f 326 1160 2095
f 308 1010 2041
f 277 944 1948
f 314 1070 2060
f 320 1130 2078
f 338 1166 2132
f 284 1004 1970
f 289 956 1984
f 367 1082 2218
f 391 1148 2289
f 355 1058 2181
f 253 920 1875
f 260 1100 1897
f 386 1202 2275
f 398 1238 2311
f 350 1172 2167
f 343 1028 2146
f 295 962 2002
f 361 1076 2200
f 266 1124 1915
f 337 1022 2127
f 283 950 1965
f 290 1064 1987
f 368 1136 2221
f 392 1178 2294
f 349 1052 2164
f 344 1226 2149
f 296 1190 2005
f 362 1106 2203
f 265 932 1912
f 251 1321 1870
f 233 1273 1816
f 228 1261 1800
f 240 1297 1836
f 246 1315 1854
f 258 1339 1890
f 360 1562 2196
f 401 1460 2320
f 389 1586 2284
f 263 1345 1906
f 329 1519 2104
f 310 1418 2047
f 280 1393 1958
f 318 1495 2070
f 324 1513 2088
f 342 1555 2142
f 288 1423 1980
f 292 1429 1994
f 371 1568 2230
f 393 1370 2297
f 409 894 2329
f 405 887 2323
f 411 899 2326
f 414 905 2333
f 417 912 2336
f 431 941 2345
f 488 1050 2409
f 575 1224 2496
f 563 1200 2485
f 519 1115 2435
f 454 984 2374
f 450 977 2368
f 456 989 2371
f 459 995 2378
f 462 1002 2381
f 472 1019 2392
f 446 971 2360
f 506 1091 2416
f 535 1146 2456
f 541 1158 2460
f 570 1217 2488
f 480 1037 2398
f 421 918 2340
f 511 1098 2430
f 556 1188 2475
f 484 1044 2404
f 580 1236 2501
f 567 1212 2482
f 522 1122 2440
f 427 930 2347
f 544 1163 2464
f 468 1013 2384
f 436 948 2355
f 499 1074 2419
f 530 1134 2451
f 548 1170 2470
f 466 1008 2385
f 442 960 2362
f 505 1086 2423
f 536 1151 2446
f 491 1061 2401
f 423 923 2339
f 513 1103 2429
f 564 1205 2474
f 581 1241 2491
f 549 1175 2459
f 477 1032 2395
f 445 966 2365
f 503 1080 2424
f 525 1127 2443
f 474 1025 2390
f 438 953 2354
f 495 1067 2413
f 532 1139 2450
f 552 1182 2467
f 490 1056 2408
f 577 1229 2495
f 559 1193 2479
f 517 1109 2437
f 430 936 2350
f 590 1325 2511
f 584 1277 2505
f 585 1265 2507
f 592 1301 2513
f 595 1319 2516
f 598 1343 2519
f 636 1566 2556
f 621 1464 2540
f 642 1590 2561
f 601 1349 2521
f 623 1523 2544
f 611 1422 2529
f 609 1397 2530
f 625 1499 2546
f 628 1517 2549
f 632 1559 2553
f 613 1427 2534
f 616 1433 2536
f 638 1572 2557
f 606 1374 2525
f 407 892 1609
f 403 885 1605
f 404 897 1611
f 410 903 1614
f 413 910 1617
f 422 939 1631
f 486 1048 1688
f 573 1222 1775
f 561 1198 1763
f 512 1113 1719
f 452 982 1654
f 448 975 1650
f 449 987 1656
f 455 993 1659
f 458 1000 1662
f 470 1017 1672
f 437 969 1646
f 494 1089 1706
f 531 1144 1735
f 539 1156 1741
f 568 1215 1770
f 478 1035 1680
f 419 916 1621
f 509 1096 1711
f 554 1186 1756
f 482 1042 1684
f 576 1234 1780
f 558 1210 1767
f 516 1120 1722
f 425 928 1627
f 542 1161 1744
f 463 1011 1668
f 434 946 1636
f 497 1072 1699
f 528 1132 1730
f 546 1168 1748
f 464 1006 1666
f 440 958 1642
f 500 1084 1705
f 524 1149 1736
f 479 1059 1691
f 418 921 1623
f 508 1101 1713
f 553 1203 1764
f 569 1239 1781
f 538 1173 1749
f 471 1030 1677
f 443 964 1645
f 501 1078 1703
f 523 1125 1725
f 467 1023 1674
f 433 951 1638
f 493 1065 1695
f 527 1137 1732
f 543 1180 1752
f 485 1054 1690
f 572 1227 1777
f 557 1191 1759
f 515 1107 1717
f 428 934 1630
f 591 1326 2191
f 587 1278 1885
f 588 1266 1901
f 594 1302 2279
f 597 1320 2315
f 600 1344 2171
f 634 1565 2160
f 619 1463 2016
f 639 1589 2214
f 602 1350 1919
f 624 1524 2137
f 608 1421 1978
f 610 1398 1991
f 627 1500 2225
f 630 1518 2302
f 635 1560 2178
f 615 1428 2153
f 617 1434 2009
f 637 1571 2207
f 604 1373 1926
f 416 911 1857
f 408 893 1803
f 406 888 1786
f 412 900 1822
f 415 906 1840
f 424 924 1876
f 492 1062 2182
f 582 1242 2312
f 565 1206 2276
f 514 1104 1898
f 461 1001 2091
f 453 983 2037
f 451 978 1952
f 457 990 2056
f 460 996 2074
f 475 1026 2128
f 439 954 1966
f 496 1068 1988
f 533 1140 2222
f 551 1181 2293
f 579 1235 2185
f 483 1043 1879
f 426 929 1893
f 521 1121 2271
f 566 1211 2307
f 489 1055 2163
f 578 1230 2150
f 560 1194 2006
f 518 1110 2204
f 429 935 1911
f 547 1169 2131
f 465 1007 1969
f 441 959 1983
f 504 1085 2217
f 537 1152 2290
f 550 1176 2168
f 476 1031 2145
f 444 965 2001
f 502 1079 2199
f 526 1128 1916
f 481 1038 1808
f 420 917 1789
f 510 1097 1825
f 555 1187 1843
f 571 1218 1862
f 540 1157 1933
f 473 1020 2110
f 447 972 2020
f 507 1092 2236
f 534 1145 2257
f 469 1014 2042
f 435 947 1947
f 498 1073 2059
f 529 1133 2077
f 545 1164 2096
f 487 1049 2113
f 574 1223 2023
f 562 1199 2239
f 520 1116 2254
f 432 942 1930
f 589 1283 1818
f 583 1259 1798
f 586 1295 1834
f 593 1313 1852
f 596 1331 1872
f 599 1379 1942
f 633 1541 2120
f 620 1452 2030
f 640 1578 2248
f 603 1368 2263
f 622 1487 2052
f 607 1391 1955
f 612 1440 2065
f 626 1511 2086
f 629 1529 2106
f 631 1547 2122
f 614 1469 2032
f 618 1458 2245
f 641 1584 2266
f 605 1362 1940
f 409 1269 1813
f 405 1245 1792
f 411 1252 1828
f 414 1288 1846
f 417 1306 1867
f 431 1336 1936
f 488 1551 2123
f 575 1473 2033
f 563 1599 2249
f 519 1354 2260
f 454 1479 2049
f 450 1401 1959
f 456 1408 2062
f 459 1492 2080
f 462 1504 2101
f 472 1533 2116
f 446 1414 2026
f 506 1444 2242
f 535 1594 2267
f 541 1383 1943
f 570 1323 1869
f 480 1275 1815
f 421 1263 1799
f 511 1299 1835
f 556 1317 1853
f 484 1341 1889
f 580 1564 2195
f 567 1462 2319
f 522 1588 2283
f 427 1347 1905
f 544 1521 2103
f 468 1420 2046
f 436 1395 1957
f 499 1497 2069
f 530 1515 2087
f 548 1557 2141
f 466 1425 1979
f 442 1431 1993
f 505 1570 2229
f 536 1372 2296
f 491 1282 2188
f 423 1258 1882
f 513 1294 1902
f 564 1312 2280
f 581 1330 2316
f 549 1378 2172
f 477 1540 2157
f 445 1449 2011
f 503 1575 2209
f 525 1365 1923
f 474 1486 2134
f 438 1390 1972
f 495 1437 1995
f 532 1510 2226
f 552 1528 2303
f 490 1546 2175
f 577 1468 2154
f 559 1455 2013
f 517 1581 2211
f 430 1359 1921
f 590 1272 1865
f 584 1248 1811
f 585 1253 1796
f 592 1289 1832
f 595 1307 1850
f 598 1337 1888
f 636 1554 2194
f 621 1476 2322
f 642 1602 2286
f 601 1355 1908
f 623 1482 2099
f 611 1404 2045
f 609 1409 1962
f 625 1493 2068
f 628 1505 2084
f 632 1536 2140
f 613 1415 1976
f 616 1445 1998
f 638 1595 2232
f 606 1386 2299
f 407 909 2330
f 403 891 2324
f 404 886 2325
f 410 898 2332
f 413 904 2335
f 422 922 2344
f 486 1060 2410
f 573 1240 2497
f 561 1204 2486
f 512 1102 2434
f 452 999 2375
f 448 981 2369
f 449 976 2370
f 455 988 2377
f 458 994 2380
f 470 1024 2393
f 437 952 2359
f 494 1066 2415
f 531 1138 2455
f 539 1179 2461
f 568 1233 2489
f 478 1041 2399
f 419 927 2341
f 509 1119 2431
f 554 1209 2476
f 482 1053 2405
f 576 1228 2500
f 558 1192 2481
f 516 1108 2439
f 425 933 2348
f 542 1167 2465
f 463 1005 2383
f 434 957 2356
f 497 1083 2420
f 528 1150 2452
f 546 1174 2471
f 464 1029 2386
f 440 963 2363
f 500 1077 2422
f 524 1126 2445
f 479 1036 2400
f 418 915 2338
f 508 1095 2428
f 553 1185 2473
f 569 1216 2490
f 538 1155 2458
f 471 1018 2394
f 443 970 2366
f 501 1090 2425
f 523 1143 2444
f 467 1012 2389
f 433 945 2353
f 493 1071 2414
f 527 1131 2449
f 543 1162 2466
f 485 1047 2407
f 572 1221 2494
f 557 1197 2480
f 515 1114 2438
f 428 940 2351
f 591 1284 2510
f 587 1260 2504
f 588 1296 2508
f 594 1314 2514
f 597 1332 2517
f 600 1380 2520
f 634 1542 2554
f 619 1451 2539
f 639 1577 2560
f 602 1367 2523
f 624 1488 2543
f 608 1392 2527
f 610 1439 2532
f 627 1512 2547
f 630 1530 2550
f 635 1548 2552
f 615 1470 2535
f 617 1457 2538
f 637 1583 2558
f 604 1361 2524
f 167 1616 1607
f 164 1608 1603
f 163 1606 1604
f 165 1612 1610
f 166 1615 1613
f 169 1624 1622
f 192 1692 1686
f 222 1782 1773
f 216 1765 1761
f 199 1714 1712
f 182 1661 1652
f 179 1653 1648
f 178 1651 1649
f 180 1657 1655
f 181 1660 1658
f 186 1675 1670
f 174 1639 1637
f 193 1696 1694
f 205 1733 1731
f 212 1751 1739
f 221 1779 1768
f 189 1683 1678
f 170 1626 1619
f 202 1721 1709
f 217 1766 1754
f 191 1689 1682
f 220 1778 1776
f 214 1760 1758
f 200 1718 1716
f 171 1629 1625
f 210 1747 1742
f 183 1665 1663
f 175 1641 1634
f 196 1704 1697
f 207 1737 1728
f 211 1750 1746
f 187 1676 1664
f 176 1644 1640
f 195 1702 1700
f 203 1726 1724
f 188 1681 1679
f 168 1620 1618
f 198 1710 1708
f 213 1755 1753
f 218 1771 1769
f 208 1740 1738
f 185 1673 1671
f 177 1647 1643
f 197 1707 1701
f 206 1734 1723
f 184 1669 1667
f 173 1635 1633
f 194 1698 1693
f 204 1729 1727
f 209 1745 1743
f 190 1687 1685
f 219 1774 1772
f 215 1762 1757
f 201 1720 1715
f 172 1632 1628
f 357 2189 2187
f 255 1883 1881
f 262 1903 1899
f 388 2281 2277
f 400 2317 2313
f 352 2173 2169
f 347 2158 2156
f 298 2012 2010
f 364 2210 2208
f 269 1924 1917
f 339 2135 2133
f 285 1973 1971
f 293 1996 1989
f 370 2227 2223
f 396 2304 2300
f 353 2176 2174
f 346 2155 2151
f 299 2014 2007
f 365 2212 2205
f 268 1922 1920
f 249 1864 1855
f 231 1810 1801
f 226 1795 1784
f 238 1831 1820
f 244 1849 1838
f 257 1887 1874
f 359 2193 2180
f 402 2321 2310
f 390 2285 2274
f 264 1907 1896
f 327 2098 2089
f 309 2044 2035
f 282 1961 1950
f 317 2067 2054
f 322 2083 2072
f 341 2139 2126
f 286 1975 1964
f 294 1997 1986
f 372 2231 2220
f 394 2298 2291
f 358 2190 2183
f 256 1884 1877
f 261 1900 1891
f 387 2278 2269
f 399 2314 2305
f 351 2170 2161
f 348 2159 2148
f 300 2015 2004
f 366 2213 2202
f 267 1918 1909
f 340 2136 2129
f 287 1977 1967
f 291 1990 1981
f 369 2224 2215
f 395 2301 2288
f 354 2177 2166
f 345 2152 2143
f 297 2008 1999
f 363 2206 2197
f 270 1925 1914
f 234 1817 1806
f 227 1797 1787
f 239 1833 1823
f 245 1851 1841
f 252 1871 1860
f 275 1941 1931
f 334 2119 2108
f 304 2029 2018
f 377 2247 2234
f 382 2262 2255
f 312 2051 2040
f 279 1954 1945
f 316 2064 2057
f 323 2085 2075
f 330 2105 2094
f 335 2121 2111
f 305 2031 2021
f 376 2244 2237
f 383 2265 2252
f 274 1939 1928
f 232 1814 1812
f 225 1793 1791
f 237 1829 1827
f 243 1847 1845
f 250 1868 1866
f 273 1937 1935
f 336 2124 2118
f 306 2034 2028
f 378 2250 2246
f 381 2261 2259
f 311 2050 2048
f 281 1960 1953
f 315 2063 2061
f 321 2081 2079
f 328 2102 2100
f 333 2117 2115
f 303 2027 2025
f 375 2243 2241
f 384 2268 2264
f 276 1944 1938
f 229 1804 1802
f 223 1785 1783
f 235 1821 1819
f 241 1839 1837
f 247 1858 1856
f 271 1929 1927
f 332 2114 2112
f 302 2024 2022
f 374 2240 2238
f 379 2253 2251
f 307 2038 2036
f 278 1951 1949
f 313 2055 2053
f 319 2073 2071
f 325 2092 2090
f 331 2109 2107
f 301 2019 2017
f 373 2235 2233
f 380 2258 2256
f 272 1934 1932
f 248 1861 1859
f 230 1807 1805
f 224 1790 1788
f 236 1826 1824
f 242 1844 1842
f 254 1880 1878
f 356 2186 2184
f 397 2308 2306
f 385 2272 2270
f 259 1894 1892
f 326 2095 2093
f 308 2041 2039
f 277 1948 1946
f 314 2060 2058
f 320 2078 2076
f 338 2132 2130
f 284 1970 1968
f 289 1984 1982
f 367 2218 2216
f 391 2289 2287
f 355 2181 2179
f 253 1875 1873
f 260 1897 1895
f 386 2275 2273
f 398 2311 2309
f 350 2167 2165
f 343 2146 2144
f 295 2002 2000
f 361 2200 2198
f 266 1915 1913
f 337 2127 2125
f 283 1965 1963
f 290 1987 1985
f 368 2221 2219
f 392 2294 2292
f 349 2164 2162
f 344 2149 2147
f 296 2005 2003
f 362 2203 2201
f 265 1912 1910
f 251 1870 1863
f 233 1816 1809
f 228 1800 1794
f 240 1836 1830
f 246 1854 1848
f 258 1890 1886
f 360 2196 2192
f 401 2320 2318
f 389 2284 2282
f 263 1906 1904
f 329 2104 2097
f 310 2047 2043
f 280 1958 1956
f 318 2070 2066
f 324 2088 2082
f 342 2142 2138
f 288 1980 1974
f 292 1994 1992
f 371 2230 2228
f 393 2297 2295
f 409 2329 2331
f 405 2323 2327
f 411 2326 2328
f 414 2333 2334
f 417 2336 2337
f 431 2345 2346
f 488 2409 2412
f 575 2496 2499
f 563 2485 2487
f 519 2435 2436
f 454 2374 2376
f 450 2368 2372
f 456 2371 2373
f 459 2378 2379
f 462 2381 2382
f 472 2392 2396
f 446 2360 2361
f 506 2416 2418
f 535 2456 2457
f 541 2460 2463
f 570 2488 2492
f 480 2398 2402
f 421 2340 2343
f 511 2430 2433
f 556 2475 2478
f 484 2404 2406
f 580 2501 2502
f 567 2482 2484
f 522 2440 2442
f 427 2347 2349
f 544 2464 2468
f 468 2384 2387
f 436 2355 2358
f 499 2419 2421
f 530 2451 2454
f 548 2470 2472
f 466 2385 2388
f 442 2362 2364
f 505 2423 2426
f 536 2446 2448
f 491 2401 2403
f 423 2339 2342
f 513 2429 2432
f 564 2474 2477
f 581 2491 2493
f 549 2459 2462
f 477 2395 2397
f 445 2365 2367
f 503 2424 2427
f 525 2443 2447
f 474 2390 2391
f 438 2354 2357
f 495 2413 2417
f 532 2450 2453
f 552 2467 2469
f 490 2408 2411
f 577 2495 2498
f 559 2479 2483
f 517 2437 2441
f 430 2350 2352
f 590 2511 2509
f 584 2505 2503
f 585 2507 2506
f 592 2513 2512
f 595 2516 2515
f 598 2519 2518
f 636 2556 2555
f 621 2540 2541
f 642 2561 2562
f 601 2521 2522
f 623 2544 2542
f 611 2529 2528
f 609 2530 2531
f 625 2546 2545
f 628 2549 2548
f 632 2553 2551
f 613 2534 2533
f 616 2536 2537
f 638 2557 2559
f 606 2525 2526
f 1607 644 647
f 1603 643 644
f 1604 645 643
f 1610 646 645
f 1613 647 646
f 1622 652 649
f 1686 670 672
f 1773 699 702
f 1761 695 696
f 1712 681 679
f 1652 659 662
f 1648 658 659
f 1649 660 658
f 1655 661 660
f 1658 662 661
f 1670 665 666
f 1637 657 654
f 1694 677 673
f 1731 686 685
f 1739 688 692
f 1768 698 701
f 1678 668 669
f 1619 648 650
f 1709 678 682
f 1754 693 697
f 1682 669 671
f 1776 701 700
f 1758 697 694
f 1716 682 680
f 1625 650 651
f 1742 689 690
f 1663 664 663
f 1634 653 655
f 1697 674 676
f 1728 684 687
f 1746 690 691
f 1664 663 667
f 1640 655 656
f 1700 676 675
f 1724 687 683
f 1679 672 668
f 1618 649 648
f 1708 679 678
f 1753 696 693
f 1769 702 698
f 1738 691 688
f 1671 667 665
f 1643 656 657
f 1701 675 677
f 1723 683 686
f 1667 666 664
f 1633 654 653
f 1693 673 674
f 1727 685 684
f 1743 692 689
f 1685 671 670
f 1772 700 699
f 1757 694 695
f 1715 680 681
f 1628 651 652
f 2187 838 837
f 1881 736 735
f 1899 741 742
f 2277 867 868
f 2313 879 880
f 2169 831 832
f 2156 828 827
f 2010 780 778
f 2208 846 844
f 1917 747 749
f 2133 820 819
f 1971 767 765
f 1989 771 773
f 2223 849 850
f 2300 875 876
f 2174 834 833
f 2151 825 826
f 2007 777 779
f 2205 843 845
f 1920 750 748
f 1855 727 729
f 1801 709 711
f 1784 703 706
f 1820 715 718
f 1838 721 724
f 1874 733 737
f 2180 835 839
f 2310 878 882
f 2274 866 870
f 1896 740 744
f 2089 805 807
f 2035 787 789
f 1950 758 762
f 2054 793 797
f 2072 799 802
f 2126 817 821
f 1964 763 766
f 1986 770 774
f 2220 848 852
f 2291 872 874
f 2183 836 838
f 1877 734 736
f 1891 739 741
f 2269 865 867
f 2305 877 879
f 2161 829 831
f 2148 824 828
f 2004 776 780
f 2202 842 846
f 1909 745 747
f 2129 818 820
f 1967 764 767
f 1981 769 771
f 2215 847 849
f 2288 871 875
f 2166 830 834
f 2143 823 825
f 1999 775 777
f 2197 841 843
f 1914 746 750
f 1806 710 714
f 1787 704 707
f 1823 716 719
f 1841 722 725
f 1860 728 732
f 1931 752 755
f 2108 811 814
f 2018 781 784
f 2234 853 857
f 2255 860 862
f 2040 788 792
f 1945 757 759
f 2057 794 796
f 2075 800 803
f 2094 806 810
f 2111 812 815
f 2021 782 785
f 2237 854 856
f 2252 859 863
f 1928 751 754
f 1812 714 712
f 1791 707 705
f 1827 719 717
f 1845 725 723
f 1866 732 730
f 1935 755 753
f 2118 814 816
f 2028 784 786
f 2246 857 858
f 2259 862 861
f 2048 792 791
f 1953 759 761
f 2061 796 795
f 2079 803 801
f 2100 810 808
f 2115 815 813
f 2025 785 783
f 2241 856 855
f 2264 863 864
f 1938 754 756
f 1802 712 709
f 1783 705 703
f 1819 717 715
f 1837 723 721
f 1856 730 727
f 1927 753 751
f 2112 816 812
f 2022 786 782
f 2238 858 854
f 2251 861 859
f 2036 791 787
f 1949 761 758
f 2053 795 793
f 2071 801 799
f 2090 808 805
f 2107 813 811
f 2017 783 781
f 2233 855 853
f 2256 864 860
f 1932 756 752
f 1859 731 728
f 1805 713 710
f 1788 708 704
f 1824 720 716
f 1842 726 722
f 1878 738 734
f 2184 840 836
f 2306 881 877
f 2270 869 865
f 1892 743 739
f 2093 809 806
f 2039 790 788
f 1946 760 757
f 2058 798 794
f 2076 804 800
f 2130 822 818
f 1968 768 764
f 1982 772 769
f 2216 851 847
f 2287 873 871
f 2179 837 835
f 1873 735 733
f 1895 742 740
f 2273 868 866
f 2309 880 878
f 2165 832 830
f 2144 827 823
f 2000 778 775
f 2198 844 841
f 1913 749 746
f 2125 819 817
f 1963 765 763
f 1985 773 770
f 2219 850 848
f 2292 876 872
f 2162 833 829
f 2147 826 824
f 2003 779 776
f 2201 845 842
f 1910 748 745
f 1863 729 731
f 1809 711 713
f 1794 706 708
f 1830 718 720
f 1848 724 726
f 1886 737 738
f 2192 839 840
f 2318 882 881
f 2282 870 869
f 1904 744 743
f 2097 807 809
f 2043 789 790
f 1956 762 760
f 2066 797 798
f 2082 802 804
f 2138 821 822
f 1974 766 768
f 1992 774 772
f 2228 852 851
f 2295 874 873
f 2331 1270 1269
f 2327 1246 1245
f 2328 1251 1252
f 2334 1287 1288
f 2337 1305 1306
f 2346 1335 1336
f 2412 1552 1551
f 2499 1474 1473
f 2487 1600 1599
f 2436 1353 1354
f 2376 1480 1479
f 2372 1402 1401
f 2373 1407 1408
f 2379 1491 1492
f 2382 1503 1504
f 2396 1534 1533
f 2361 1413 1414
f 2418 1443 1444
f 2457 1593 1594
f 2463 1384 1383
f 2492 1324 1323
f 2402 1276 1275
f 2343 1264 1263
f 2433 1300 1299
f 2478 1318 1317
f 2406 1342 1341
f 2502 1563 1564
f 2484 1461 1462
f 2442 1587 1588
f 2349 1348 1347
f 2468 1522 1521
f 2387 1419 1420
f 2358 1396 1395
f 2421 1498 1497
f 2454 1516 1515
f 2472 1558 1557
f 2388 1426 1425
f 2364 1432 1431
f 2426 1569 1570
f 2448 1371 1372
f 2403 1281 1282
f 2342 1257 1258
f 2432 1293 1294
f 2477 1311 1312
f 2493 1329 1330
f 2462 1377 1378
f 2397 1539 1540
f 2367 1450 1449
f 2427 1576 1575
f 2447 1366 1365
f 2391 1485 1486
f 2357 1389 1390
f 2417 1438 1437
f 2453 1509 1510
f 2469 1527 1528
f 2411 1545 1546
f 2498 1467 1468
f 2483 1456 1455
f 2441 1582 1581
f 2352 1360 1359
f 2509 1271 1272
f 2503 1247 1248
f 2506 1254 1253
f 2512 1290 1289
f 2515 1308 1307
f 2518 1338 1337
f 2555 1553 1554
f 2541 1475 1476
f 2562 1601 1602
f 2522 1356 1355
f 2542 1481 1482
f 2528 1403 1404
f 2531 1410 1409
f 2545 1494 1493
f 2548 1506 1505
f 2551 1535 1536
f 2533 1416 1415
f 2537 1446 1445
f 2559 1596 1595
f 2526 1385 1386
f 1616 907 909
f 1608 889 891
f 1606 883 886
f 1612 895 898
f 1615 901 904
f 1624 919 922
f 1692 1057 1060
f 1782 1237 1240
f 1765 1201 1204
f 1714 1099 1102
f 1661 997 999
f 1653 979 981
f 1651 973 976
f 1657 985 988
f 1660 991 994
f 1675 1021 1024
f 1639 949 952
f 1696 1063 1066
f 1733 1135 1138
f 1751 1177 1179
f 1779 1231 1233
f 1683 1039 1041
f 1626 925 927
f 1721 1117 1119
f 1766 1207 1209
f 1689 1051 1053
f 1778 1225 1228
f 1760 1189 1192
f 1718 1105 1108
f 1629 931 933
f 1747 1165 1167
f 1665 1003 1005
f 1641 955 957
f 1704 1081 1083
f 1737 1147 1150
f 1750 1171 1174
f 1676 1027 1029
f 1644 961 963
f 1702 1075 1077
f 1726 1123 1126
f 1681 1033 1036
f 1620 913 915
f 1710 1093 1095
f 1755 1183 1185
f 1771 1213 1216
f 1740 1153 1155
f 1673 1015 1018
f 1647 967 970
f 1707 1087 1090
f 1734 1141 1143
f 1669 1009 1012
f 1635 943 945
f 1698 1069 1071
f 1729 1129 1131
f 1745 1159 1162
f 1687 1045 1047
f 1774 1219 1221
f 1762 1195 1197
f 1720 1111 1114
f 1632 937 940
f 2189 1280 1284
f 1883 1256 1260
f 1903 1292 1296
f 2281 1310 1314
f 2317 1328 1332
f 2173 1376 1380
f 2158 1538 1542
f 2012 1447 1451
f 2210 1573 1577
f 1924 1363 1367
f 2135 1484 1488
f 1973 1388 1392
f 1996 1435 1439
f 2227 1508 1512
f 2304 1526 1530
f 2176 1544 1548
f 2155 1466 1470
f 2014 1453 1457
f 2212 1579 1583
f 1922 1357 1361
f 1864 1268 1270
f 1810 1244 1246
f 1795 1249 1251
f 1831 1285 1287
f 1849 1303 1305
f 1887 1333 1335
f 2193 1550 1552
f 2321 1472 1474
f 2285 1598 1600
f 1907 1351 1353
f 2098 1478 1480
f 2044 1400 1402
f 1961 1405 1407
f 2067 1489 1491
f 2083 1501 1503
f 2139 1532 1534
f 1975 1411 1413
f 1997 1441 1443
f 2231 1591 1593
f 2298 1382 1384
f 2190 1322 1324
f 1884 1274 1276
f 1900 1262 1264
f 2278 1298 1300
f 2314 1316 1318
f 2170 1340 1342
f 2159 1561 1563
f 2015 1459 1461
f 2213 1585 1587
f 1918 1346 1348
f 2136 1520 1522
f 1977 1417 1419
f 1990 1394 1396
f 2224 1496 1498
f 2301 1514 1516
f 2177 1556 1558
f 2152 1424 1426
f 2008 1430 1432
f 2206 1567 1569
f 1925 1369 1371
f 1817 1279 1281
f 1797 1255 1257
f 1833 1291 1293
f 1851 1309 1311
f 1871 1327 1329
f 1941 1375 1377
f 2119 1537 1539
f 2029 1448 1450
f 2247 1574 1576
f 2262 1364 1366
f 2051 1483 1485
f 1954 1387 1389
f 2064 1436 1438
f 2085 1507 1509
f 2105 1525 1527
f 2121 1543 1545
f 2031 1465 1467
f 2244 1454 1456
f 2265 1580 1582
f 1939 1358 1360
f 1814 1267 1271
f 1793 1243 1247
f 1829 1250 1254
f 1847 1286 1290
f 1868 1304 1308
f 1937 1334 1338
f 2124 1549 1553
f 2034 1471 1475
f 2250 1597 1601
f 2261 1352 1356
f 2050 1477 1481
f 1960 1399 1403
f 2063 1406 1410
f 2081 1490 1494
f 2102 1502 1506
f 2117 1531 1535
f 2027 1412 1416
f 2243 1442 1446
f 2268 1592 1596
f 1944 1381 1385
f 1804 890 894
f 1785 884 887
f 1821 896 899
f 1839 902 905
f 1858 908 912
f 1929 938 941
f 2114 1046 1050
f 2024 1220 1224
f 2240 1196 1200
f 2253 1112 1115
f 2038 980 984
f 1951 974 977
f 2055 986 989
f 2073 992 995
f 2092 998 1002
f 2109 1016 1019
f 2019 968 971
f 2235 1088 1091
f 2258 1142 1146
f 1934 1154 1158
f 1861 1214 1217
f 1807 1034 1037
f 1790 914 918
f 1826 1094 1098
f 1844 1184 1188
f 1880 1040 1044
f 2186 1232 1236
f 2308 1208 1212
f 2272 1118 1122
f 1894 926 930
f 2095 1160 1163
f 2041 1010 1013
f 1948 944 948
f 2060 1070 1074
f 2078 1130 1134
f 2132 1166 1170
f 1970 1004 1008
f 1984 956 960
f 2218 1082 1086
f 2289 1148 1151
f 2181 1058 1061
f 1875 920 923
f 1897 1100 1103
f 2275 1202 1205
f 2311 1238 1241
f 2167 1172 1175
f 2146 1028 1032
f 2002 962 966
f 2200 1076 1080
f 1915 1124 1127
f 2127 1022 1025
f 1965 950 953
f 1987 1064 1067
f 2221 1136 1139
f 2294 1178 1182
f 2164 1052 1056
f 2149 1226 1229
f 2005 1190 1193
f 2203 1106 1109
f 1912 932 936
f 1870 1321 1325
f 1816 1273 1277
f 1800 1261 1265
f 1836 1297 1301
f 1854 1315 1319
f 1890 1339 1343
f 2196 1562 1566
f 2320 1460 1464
f 2284 1586 1590
f 1906 1345 1349
f 2104 1519 1523
f 2047 1418 1422
f 1958 1393 1397
f 2070 1495 1499
f 2088 1513 1517
f 2142 1555 1559
f 1980 1423 1427
f 1994 1429 1433
f 2230 1568 1572
f 2297 1370 1374
f 2329 894 892
f 2323 887 885
f 2326 899 897
f 2333 905 903
f 2336 912 910
f 2345 941 939
f 2409 1050 1048
f 2496 1224 1222
f 2485 1200 1198
f 2435 1115 1113
f 2374 984 982
f 2368 977 975
f 2371 989 987
f 2378 995 993
f 2381 1002 1000
f 2392 1019 1017
f 2360 971 969
f 2416 1091 1089
f 2456 1146 1144
f 2460 1158 1156
f 2488 1217 1215
f 2398 1037 1035
f 2340 918 916
f 2430 1098 1096
f 2475 1188 1186
f 2404 1044 1042
f 2501 1236 1234
f 2482 1212 1210
f 2440 1122 1120
f 2347 930 928
f 2464 1163 1161
f 2384 1013 1011
f 2355 948 946
f 2419 1074 1072
f 2451 1134 1132
f 2470 1170 1168
f 2385 1008 1006
f 2362 960 958
f 2423 1086 1084
f 2446 1151 1149
f 2401 1061 1059
f 2339 923 921
f 2429 1103 1101
f 2474 1205 1203
f 2491 1241 1239
f 2459 1175 1173
f 2395 1032 1030
f 2365 966 964
f 2424 1080 1078
f 2443 1127 1125
f 2390 1025 1023
f 2354 953 951
f 2413 1067 1065
f 2450 1139 1137
f 2467 1182 1180
f 2408 1056 1054
f 2495 1229 1227
f 2479 1193 1191
f 2437 1109 1107
f 2350 936 934
f 2511 1325 1326
f 2505 1277 1278
f 2507 1265 1266
f 2513 1301 1302
f 2516 1319 1320
f 2519 1343 1344
f 2556 1566 1565
f 2540 1464 1463
f 2561 1590 1589
f 2521 1349 1350
f 2544 1523 1524
f 2529 1422 1421
f 2530 1397 1398
f 2546 1499 1500
f 2549 1517 1518
f 2553 1559 1560
f 2534 1427 1428
f 2536 1433 1434
f 2557 1572 1571
f 2525 1374 1373
f 1609 892 889
f 1605 885 883
f 1611 897 895
f 1614 903 901
f 1617 910 907
f 1631 939 937
f 1688 1048 1045
f 1775 1222 1219
f 1763 1198 1195
f 1719 1113 1111
f 1654 982 979
f 1650 975 973
f 1656 987 985
f 1659 993 991
f 1662 1000 997
f 1672 1017 1015
f 1646 969 967
f 1706 1089 1087
f 1735 1144 1141
f 1741 1156 1153
f 1770 1215 1213
f 1680 1035 1033
f 1621 916 913
f 1711 1096 1093
f 1756 1186 1183
f 1684 1042 1039
f 1780 1234 1231
f 1767 1210 1207
f 1722 1120 1117
f 1627 928 925
f 1744 1161 1159
f 1668 1011 1009
f 1636 946 943
f 1699 1072 1069
f 1730 1132 1129
f 1748 1168 1165
f 1666 1006 1003
f 1642 958 955
f 1705 1084 1081
f 1736 1149 1147
f 1691 1059 1057
f 1623 921 919
f 1713 1101 1099
f 1764 1203 1201
f 1781 1239 1237
f 1749 1173 1171
f 1677 1030 1027
f 1645 964 961
f 1703 1078 1075
f 1725 1125 1123
f 1674 1023 1021
f 1638 951 949
f 1695 1065 1063
f 1732 1137 1135
f 1752 1180 1177
f 1690 1054 1051
f 1777 1227 1225
f 1759 1191 1189
f 1717 1107 1105
f 1630 934 931
f 2191 1326 1322
f 1885 1278 1274
f 1901 1266 1262
f 2279 1302 1298
f 2315 1320 1316
f 2171 1344 1340
f 2160 1565 1561
f 2016 1463 1459
f 2214 1589 1585
f 1919 1350 1346
f 2137 1524 1520
f 1978 1421 1417
f 1991 1398 1394
f 2225 1500 1496
f 2302 1518 1514
f 2178 1560 1556
f 2153 1428 1424
f 2009 1434 1430
f 2207 1571 1567
f 1926 1373 1369
f 1857 911 908
f 1803 893 890
f 1786 888 884
f 1822 900 896
f 1840 906 902
f 1876 924 920
f 2182 1062 1058
f 2312 1242 1238
f 2276 1206 1202
f 1898 1104 1100
f 2091 1001 998
f 2037 983 980
f 1952 978 974
f 2056 990 986
f 2074 996 992
f 2128 1026 1022
f 1966 954 950
f 1988 1068 1064
f 2222 1140 1136
f 2293 1181 1178
f 2185 1235 1232
f 1879 1043 1040
f 1893 929 926
f 2271 1121 1118
f 2307 1211 1208
f 2163 1055 1052
f 2150 1230 1226
f 2006 1194 1190
f 2204 1110 1106
f 1911 935 932
f 2131 1169 1166
f 1969 1007 1004
f 1983 959 956
f 2217 1085 1082
f 2290 1152 1148
f 2168 1176 1172
f 2145 1031 1028
f 2001 965 962
f 2199 1079 1076
f 1916 1128 1124
f 1808 1038 1034
f 1789 917 914
f 1825 1097 1094
f 1843 1187 1184
f 1862 1218 1214
f 1933 1157 1154
f 2110 1020 1016
f 2020 972 968
f 2236 1092 1088
f 2257 1145 1142
f 2042 1014 1010
f 1947 947 944
f 2059 1073 1070
f 2077 1133 1130
f 2096 1164 1160
f 2113 1049 1046
f 2023 1223 1220
f 2239 1199 1196
f 2254 1116 1112
f 1930 942 938
f 1818 1283 1279
f 1798 1259 1255
f 1834 1295 1291
f 1852 1313 1309
f 1872 1331 1327
f 1942 1379 1375
f 2120 1541 1537
f 2030 1452 1448
f 2248 1578 1574
f 2263 1368 1364
f 2052 1487 1483
f 1955 1391 1387
f 2065 1440 1436
f 2086 1511 1507
f 2106 1529 1525
f 2122 1547 1543
f 2032 1469 1465
f 2245 1458 1454
f 2266 1584 1580
f 1940 1362 1358
f 1813 1269 1267
f 1792 1245 1243
f 1828 1252 1250
f 1846 1288 1286
f 1867 1306 1304
f 1936 1336 1334
f 2123 1551 1549
f 2033 1473 1471
f 2249 1599 1597
f 2260 1354 1352
f 2049 1479 1477
f 1959 1401 1399
f 2062 1408 1406
f 2080 1492 1490
f 2101 1504 1502
f 2116 1533 1531
f 2026 1414 1412
f 2242 1444 1442
f 2267 1594 1592
f 1943 1383 1381
f 1869 1323 1321
f 1815 1275 1273
f 1799 1263 1261
f 1835 1299 1297
f 1853 1317 1315
f 1889 1341 1339
f 2195 1564 1562
f 2319 1462 1460
f 2283 1588 1586
f 1905 1347 1345
f 2103 1521 1519
f 2046 1420 1418
f 1957 1395 1393
f 2069 1497 1495
f 2087 1515 1513
f 2141 1557 1555
f 1979 1425 1423
f 1993 1431 1429
f 2229 1570 1568
f 2296 1372 1370
f 2188 1282 1280
f 1882 1258 1256
f 1902 1294 1292
f 2280 1312 1310
f 2316 1330 1328
f 2172 1378 1376
f 2157 1540 1538
f 2011 1449 1447
f 2209 1575 1573
f 1923 1365 1363
f 2134 1486 1484
f 1972 1390 1388
f 1995 1437 1435
f 2226 1510 1508
f 2303 1528 1526
f 2175 1546 1544
f 2154 1468 1466
f 2013 1455 1453
f 2211 1581 1579
f 1921 1359 1357
f 1865 1272 1268
f 1811 1248 1244
f 1796 1253 1249
f 1832 1289 1285
f 1850 1307 1303
f 1888 1337 1333
f 2194 1554 1550
f 2322 1476 1472
f 2286 1602 1598
f 1908 1355 1351
f 2099 1482 1478
f 2045 1404 1400
f 1962 1409 1405
f 2068 1493 1489
f 2084 1505 1501
f 2140 1536 1532
f 1976 1415 1411
f 1998 1445 1441
f 2232 1595 1591
f 2299 1386 1382
f 2330 909 911
f 2324 891 893
f 2325 886 888
f 2332 898 900
f 2335 904 906
f 2344 922 924
f 2410 1060 1062
f 2497 1240 1242
f 2486 1204 1206
f 2434 1102 1104
f 2375 999 1001
f 2369 981 983
f 2370 976 978
f 2377 988 990
f 2380 994 996
f 2393 1024 1026
f 2359 952 954
f 2415 1066 1068
f 2455 1138 1140
f 2461 1179 1181
f 2489 1233 1235
f 2399 1041 1043
f 2341 927 929
f 2431 1119 1121
f 2476 1209 1211
f 2405 1053 1055
f 2500 1228 1230
f 2481 1192 1194
f 2439 1108 1110
f 2348 933 935
f 2465 1167 1169
f 2383 1005 1007
f 2356 957 959
f 2420 1083 1085
f 2452 1150 1152
f 2471 1174 1176
f 2386 1029 1031
f 2363 963 965
f 2422 1077 1079
f 2445 1126 1128
f 2400 1036 1038
f 2338 915 917
f 2428 1095 1097
f 2473 1185 1187
f 2490 1216 1218
f 2458 1155 1157
f 2394 1018 1020
f 2366 970 972
f 2425 1090 1092
f 2444 1143 1145
f 2389 1012 1014
f 2353 945 947
f 2414 1071 1073
f 2449 1131 1133
f 2466 1162 1164
f 2407 1047 1049
f 2494 1221 1223
f 2480 1197 1199
f 2438 1114 1116
f 2351 940 942
f 2510 1284 1283
f 2504 1260 1259
f 2508 1296 1295
f 2514 1314 1313
f 2517 1332 1331
f 2520 1380 1379
f 2554 1542 1541
f 2539 1451 1452
f 2560 1577 1578
f 2523 1367 1368
f 2543 1488 1487
f 2527 1392 1391
f 2532 1439 1440
f 2547 1512 1511
f 2550 1530 1529
f 2552 1548 1547
f 2535 1470 1469
f 2538 1457 1458
f 2558 1583 1584
f 2524 1361 1362
f 1607 1616 1609
f 1603 1608 1605
f 1604 1606 1611
f 1610 1612 1614
f 1613 1615 1617
f 1622 1624 1631
f 1686 1692 1688
f 1773 1782 1775
f 1761 1765 1763
f 1712 1714 1719
f 1652 1661 1654
f 1648 1653 1650
f 1649 1651 1656
f 1655 1657 1659
f 1658 1660 1662
f 1670 1675 1672
f 1637 1639 1646
f 1694 1696 1706
f 1731 1733 1735
f 1739 1751 1741
f 1768 1779 1770
f 1678 1683 1680
f 1619 1626 1621
f 1709 1721 1711
f 1754 1766 1756
f 1682 1689 1684
f 1776 1778 1780
f 1758 1760 1767
f 1716 1718 1722
f 1625 1629 1627
f 1742 1747 1744
f 1663 1665 1668
f 1634 1641 1636
f 1697 1704 1699
f 1728 1737 1730
f 1746 1750 1748
f 1664 1676 1666
f 1640 1644 1642
f 1700 1702 1705
f 1724 1726 1736
f 1679 1681 1691
f 1618 1620 1623
f 1708 1710 1713
f 1753 1755 1764
f 1769 1771 1781
f 1738 1740 1749
f 1671 1673 1677
f 1643 1647 1645
f 1701 1707 1703
f 1723 1734 1725
f 1667 1669 1674
f 1633 1635 1638
f 1693 1698 1695
f 1727 1729 1732
f 1743 1745 1752
f 1685 1687 1690
f 1772 1774 1777
f 1757 1762 1759
f 1715 1720 1717
f 1628 1632 1630
f 2187 2189 2191
f 1881 1883 1885
f 1899 1903 1901
f 2277 2281 2279
f 2313 2317 2315
f 2169 2173 2171
f 2156 2158 2160
f 2010 2012 2016
f 2208 2210 2214
f 1917 1924 1919
f 2133 2135 2137
f 1971 1973 1978
f 1989 1996 1991
f 2223 2227 2225
f 2300 2304 2302
f 2174 2176 2178
f 2151 2155 2153
f 2007 2014 2009
f 2205 2212 2207
f 1920 1922 1926
f 1855 1864 1857
f 1801 1810 1803
f 1784 1795 1786
f 1820 1831 1822
f 1838 1849 1840
f 1874 1887 1876
f 2180 2193 2182
f 2310 2321 2312
f 2274 2285 2276
f 1896 1907 1898
f 2089 2098 2091
f 2035 2044 2037
f 1950 1961 1952
f 2054 2067 2056
f 2072 2083 2074
f 2126 2139 2128
f 1964 1975 1966
f 1986 1997 1988
f 2220 2231 2222
f 2291 2298 2293
f 2183 2190 2185
f 1877 1884 1879
f 1891 1900 1893
f 2269 2278 2271
f 2305 2314 2307
f 2161 2170 2163
f 2148 2159 2150
f 2004 2015 2006
f 2202 2213 2204
f 1909 1918 1911
f 2129 2136 2131
f 1967 1977 1969
f 1981 1990 1983
f 2215 2224 2217
f 2288 2301 2290
f 2166 2177 2168
f 2143 2152 2145
f 1999 2008 2001
f 2197 2206 2199
f 1914 1925 1916
f 1806 1817 1808
f 1787 1797 1789
f 1823 1833 1825
f 1841 1851 1843
f 1860 1871 1862
f 1931 1941 1933
f 2108 2119 2110
f 2018 2029 2020
f 2234 2247 2236
f 2255 2262 2257
f 2040 2051 2042
f 1945 1954 1947
f 2057 2064 2059
f 2075 2085 2077
f 2094 2105 2096
f 2111 2121 2113
f 2021 2031 2023
f 2237 2244 2239
f 2252 2265 2254
f 1928 1939 1930
f 1812 1814 1818
f 1791 1793 1798
f 1827 1829 1834
f 1845 1847 1852
f 1866 1868 1872
f 1935 1937 1942
f 2118 2124 2120
f 2028 2034 2030
f 2246 2250 2248
f 2259 2261 2263
f 2048 2050 2052
f 1953 1960 1955
f 2061 2063 2065
f 2079 2081 2086
f 2100 2102 2106
f 2115 2117 2122
f 2025 2027 2032
f 2241 2243 2245
f 2264 2268 2266
f 1938 1944 1940
f 1802 1804 1813
f 1783 1785 1792
f 1819 1821 1828
f 1837 1839 1846
f 1856 1858 1867
f 1927 1929 1936
f 2112 2114 2123
f 2022 2024 2033
f 2238 2240 2249
f 2251 2253 2260
f 2036 2038 2049
f 1949 1951 1959
f 2053 2055 2062
f 2071 2073 2080
f 2090 2092 2101
f 2107 2109 2116
f 2017 2019 2026
f 2233 2235 2242
f 2256 2258 2267
f 1932 1934 1943
f 1859 1861 1869
f 1805 1807 1815
f 1788 1790 1799
f 1824 1826 1835
f 1842 1844 1853
f 1878 1880 1889
f 2184 2186 2195
f 2306 2308 2319
f 2270 2272 2283
f 1892 1894 1905
f 2093 2095 2103
f 2039 2041 2046
f 1946 1948 1957
f 2058 2060 2069
f 2076 2078 2087
f 2130 2132 2141
f 1968 1970 1979
f 1982 1984 1993
f 2216 2218 2229
f 2287 2289 2296
f 2179 2181 2188
f 1873 1875 1882
f 1895 1897 1902
f 2273 2275 2280
f 2309 2311 2316
f 2165 2167 2172
f 2144 2146 2157
f 2000 2002 2011
f 2198 2200 2209
f 1913 1915 1923
f 2125 2127 2134
f 1963 1965 1972
f 1985 1987 1995
f 2219 2221 2226
f 2292 2294 2303
f 2162 2164 2175
f 2147 2149 2154
f 2003 2005 2013
f 2201 2203 2211
f 1910 1912 1921
f 1863 1870 1865
f 1809 1816 1811
f 1794 1800 1796
f 1830 1836 1832
f 1848 1854 1850
f 1886 1890 1888
f 2192 2196 2194
f 2318 2320 2322
f 2282 2284 2286
f 1904 1906 1908
f 2097 2104 2099
f 2043 2047 2045
f 1956 1958 1962
f 2066 2070 2068
f 2082 2088 2084
f 2138 2142 2140
f 1974 1980 1976
f 1992 1994 1998
f 2228 2230 2232
f 2295 2297 2299
f 2331 2329 2330
f 2327 2323 2324
f 2328 2326 2325
f 2334 2333 2332
f 2337 2336 2335
f 2346 2345 2344
f 2412 2409 2410
f 2499 2496 2497
f 2487 2485 2486
f 2436 2435 2434
f 2376 2374 2375
f 2372 2368 2369
f 2373 2371 2370
f 2379 2378 2377
f 2382 2381 2380
f 2396 2392 2393
f 2361 2360 2359
f 2418 2416 2415
f 2457 2456 2455
f 2463 2460 2461
f 2492 2488 2489
f 2402 2398 2399
f 2343 2340 2341
f 2433 2430 2431
f 2478 2475 2476
f 2406 2404 2405
f 2502 2501 2500
f 2484 2482 2481
f 2442 2440 2439
f 2349 2347 2348
f 2468 2464 2465
f 2387 2384 2383
f 2358 2355 2356
f 2421 2419 2420
f 2454 2451 2452
f 2472 2470 2471
f 2388 2385 2386
f 2364 2362 2363
f 2426 2423 2422
f 2448 2446 2445
f 2403 2401 2400
f 2342 2339 2338
f 2432 2429 2428
f 2477 2474 2473
f 2493 2491 2490
f 2462 2459 2458
f 2397 2395 2394
f 2367 2365 2366
f 2427 2424 2425
f 2447 2443 2444
f 2391 2390 2389
f 2357 2354 2353
f 2417 2413 2414
f 2453 2450 2449
f 2469 2467 2466
f 2411 2408 2407
f 2498 2495 2494
f 2483 2479 2480
f 2441 2437 2438
f 2352 2350 2351
f 2509 2511 2510
f 2503 2505 2504
f 2506 2507 2508
f 2512 2513 2514
f 2515 2516 2517
f 2518 2519 2520
f 2555 2556 2554
f 2541 2540 2539
f 2562 2561 2560
f 2522 2521 2523
f 2542 2544 2543
f 2528 2529 2527
f 2531 2530 2532
f 2545 2546 2547
f 2548 2549 2550
f 2551 2553 2552
f 2533 2534 2535
f 2537 2536 2538
f 2559 2557 2558
f 2526 2525 2524